AGB_diff,NDVI_diff,LFMC_diff,VPD_diff,Sc_diff,Rd_diff,y_true,y_pred
0.0,0.03113093645484949,0.0,0.0,0.0,0.0,-0.152944249062703,0.03304719552397728
16.75,0.1158917391304346,4.420000162011902,-0.01899999999999991,-3.431980515339458,0.0,-0.0001224059956305007,0.027402363717556
32.0,0.08522760869565216,-3.729013623919485,-0.02500000000000002,-2.146446609406734,0.0,0.0483553039817095,0.03722613677382469
68.75,0.1948619565217391,-7.195907483512599,-0.02999999999999992,0.8535533905932695,0.0,-0.001257754089430199,0.04261765256524086
-15.25,0.1729830434782609,-15.9343774198438,-0.05200000000000005,-2.85355339059327,0.0,-0.001675041828448801,0.10073620080947876
-51.25,0.1687430434782608,-21.5917536759394,-0.05399999999999994,-4.078427124746192,0.0,-0.0510956558227761,0.023143991827964783
-47.2,-0.04565710144927532,8.415677491020517,0.7786666666666662,2.614213562373099,0.0,1.198518432837651,0.34622013568878174
4.428571428571431,-0.002753177257525108,-17.2948130508664,0.03769230769230791,-0.7142857142857224,-5.69082641601571,0.05016064650416019,0.025178447365760803
-69.00000000000003,-0.04147642140468233,2.692217773889894,0.06461538461538496,-0.916316223196155,7.791877746581974,0.1647499318498282,-0.0032328367233276367
27.85714285714283,-0.029984280936455,0.0,0.02615384615384619,-0.5815811159807751,-3.244644165039062,-0.05758995282899515,-0.03193022310733795
15.71428571428572,0.06742591973244139,-12.84069558732111,0.02846153846153809,-2.581581115980775,-16.72735595703125,-0.01730071949583978,0.043244123458862305
37.85714285714286,0.07794698996655514,-27.90058601476269,0.06461538461538496,2.212183053462645,-9.733932495117188,0.2443124070490548,0.1841396987438202
0.1428571428571388,0.03061003344481605,-14.55928543273788,0.04615384615384599,3.1284992766588,-6.489288330078125,0.0402822231514629,0.22767183184623718
38.28571428571428,-0.0907165551839465,-23.4212062293675,0.04076923076923111,4.128499276658811,-6.489288330078196,0.0310361751091377,0.06910431385040283
49.28571428571433,-0.02063528428093653,-76.19968867692161,0.07000000000000006,5.685569981889053,-23.21664428710942,0.1012593261091377,0.14006881415843964
19.57142857142858,-0.03607341137123754,-28.97357683598952,0.06307692307692303,3.448876517675838,-22.8174133300781,0.054316482983015,0.20796328783035278
10.00000000000001,-0.01860016722408031,-2.888523129144403,-0.0384615384615381,0.1775200981598992,0.0,-0.006742326645729879,0.010068655014038086
-35.28571428571428,0.0,0.0,0.0,-0.9163162231961479,8.641143798828118,1.859832288175767e-10,-0.005963131785392761
-48.28571428571431,-0.1204889632107023,1.332453963690611,0.02923076923076895,-1.783611624891222,20.32041931152343,-0.3206403846550631,-0.03571627289056778
-11.85714285714286,0.02277408026755851,3.051508360484604,-0.01000000000000001,-1.27135641951595,0.0,-0.004629095312913223,0.031330227851867676
5.142857142857148,-0.06614448160535108,-9.069864929858596,-0.02923076923077006,0.5469181606780182,-8.68603515625,0.111846293216026,-0.007529266178607941
-40.42857142857144,-0.09270150501672242,-42.73150974621669,-0.03923076923076918,-0.01435786619833834,-17.71628046035767,-0.2083658095516221,-0.04422307759523392
-26.42857142857143,-0.234176755852843,-57.0150053099165,-0.033076923076923,-1.842784990944512,0.0,0.223557922269424,-0.16517212986946106
5.333333333333343,-0.02492892976588629,-13.37573879492641,-0.02615384615384708,-1.216969008862097,-4.592596530914307,0.04823598402526591,0.010973222553730011
0.9761904761904758,-0.06849147157190633,-11.48638461450395,-0.04230769230769216,-0.5050762722760993,-12.80072212219238,0.1964873876061486,-0.052833668887615204
-53.52380952380951,-0.1874158862876254,-46.11984364541848,0.01461538461538514,-3.614842297401498,-25.29011344909668,-0.275544279374383,-0.15412026643753052
-85.54761904761904,-0.27662508361204,-36.8447207125491,0.01461538461538514,-5.160769254261837,-5.79589319229126,-0.5620761291154504,-0.3511434495449066
27.42857142857143,-0.1270921404682275,-23.50211190284361,-0.06384615384615389,1.891805812445597,0.0,0.0401769756359773,0.04724800959229469
67.14285714285714,0.02832391304347825,-12.59486867219579,-0.01076923076923109,1.093836321356051,-4.325197219848633,0.1083707704883936,0.06614366918802261
50.57142857142857,0.1139100334448162,-1.854940472860207,-0.02384615384615407,1.099579467835397,-12.42806720733643,0.04771721867897039,0.005321092903614044
-77.5142857142857,-0.2275244147157191,-85.63825476051065,-0.1107692307692301,-0.4363450839612,0.0,0.0591485554323114,-0.20295241475105286
-85.17142857142856,-0.1315301003344482,-65.31083990153573,0.04384615384615387,0.9563739447262627,0.0,0.07777694119398937,0.047951411455869675
-29.42857142857139,-0.01407257525083616,-0.2664892267083019,0.1046153846153841,-1.567223249782451,-17.32708740234375,-0.008608796067125835,-0.06595402956008911
-7.571428571428498,-0.06114080267558542,0.6117209960719947,0.09692307692307711,-0.4530818393219675,-6.808204650878906,-0.116697662546153,-0.027243010699748993
-115.0,-0.06668678929765892,4.495811266990984,-0.06307692307692303,2.320377241017042,0.0,-0.232121793224869,0.1952347755432129
70.28571428571429,0.113555016722408,35.87714513422259,0.006923076923077032,2.64075448203408,-30.06753730773926,0.07539145576159151,0.15827645361423492
-116.1142857142857,-0.121854347826087,-35.6728432678217,-0.01384615384615406,-0.1558812606490108,-31.7686653137207,-0.1122597839052653,0.06278784573078156
-151.4857142857143,-0.4582862876254182,-5.393670806316706,0.007692307692307887,-4.209311480222979,-16.52726745605469,-0.752109633333171,-0.2585141360759735
-86.71428571428568,-0.194308026755853,21.83664008266769,0.01384615384615295,-2.059173366053301,0.0,-0.08604568118168959,-0.10444636642932892
26.57142857142861,-0.07374665551839443,3.5010976568758,-0.0353846153846149,-1.153009687409348,10.52657699584961,-0.254977191245142,-0.08638951927423477
57.0,-0.03984063545150518,-0.3757836023514898,0.1238461538461531,-1.153009687409366,-16.15317535400391,0.05066240806567845,-0.051887452602386475
72.14285714285714,0.1269061872909698,32.17835597357191,0.0738461538461539,2.487744794624732,-30.9181022644043,0.01626234638366342,0.15591071546077728
50.42857142857143,0.05008528428093639,32.29288799468878,0.02923076923077006,1.783611624891225,-38.51461791992188,0.07732706071279571,0.22097700834274292
-90.38095238095237,-0.1725444816053511,-6.219619652914005,0.0838461538461539,-2.109475708248731,0.0,-0.107573530914482,-0.17009836435317993
26.0,-0.04427608695652197,16.80382917009899,0.104615384615385,2.389703151622548,-9.203567504882812,0.001923332667198352,0.16829979419708252
27.85714285714286,-0.005905518394648812,67.4023586984418,0.1246153846153841,-1.532560294479694,-35.17092514038086,-0.448677222750178,-0.004106372594833374
-86.7142857142857,-0.120889966555184,49.09596424368239,0.09999999999999987,-3.759101214140671,-36.02148818969727,-0.6133051215314493,-0.11095738410949707
-59.99999999999999,-0.05624481605351184,-8.856718652784792,0.1576923076923069,-2.877447946247273,0.0,0.1021136183219729,0.03636136278510094
-86.45238095238096,-0.1025031772575251,7.969636124926012,0.1438461538461531,-3.911119697732346,0.0,-0.134484674914482,-0.0560440793633461
-93.80952380952377,-0.1546387959866222,-19.43970834341582,0.1230769230769231,-2.193159485052576,-2.472442150115967,0.04686948585476558,0.03368249163031578
-7.0,-0.03350769230769257,71.8094552115457,0.134615384615385,1.759101214140671,-23.80797576904297,-0.06912781085924824,0.13363492488861084
-87.5714285714286,0.07541304347826094,66.00932989793269,0.2038461538461531,-4.232488142567071,0.0,0.1780807222319392,-0.1700526475906372
-160.1428571428572,-0.2205322742474917,36.4044645118415,0.0769230769230771,-5.97128426760333,-36.87205123901367,-0.682175875073713,-0.19285647571086884
-160.2857142857143,-0.254177591973244,12.93485524845531,0.165384615384615,-3.355040196319791,0.0,-0.09632840740518145,-0.03942600637674332
-116.2857142857142,-0.2254536789297659,22.57964473835578,0.09615384615384603,-4.271356419515953,-3.228185176849365,-0.5899130088949236,-0.25549453496932983
-107.0,-0.04671304347826088,-17.17548596555611,0.1676923076923069,-2.724438258837921,-6.369033813476562,-0.1864672470042582,0.15598483383655548
-7.57142857142858,0.1253747491638796,-3.526974150142621,0.1800000000000002,0.867295401695074,-5.315094947814941,-0.09406962740409158,0.0801260843873024
-32.85714285714283,-0.1953623745819398,14.608887264396,0.1723076923076921,-5.434518651477521,0.0,-0.1140423490050101,-0.2996126413345337
-90.42857142857147,-0.2510672240802676,6.857353446930006,0.1353846153846161,-3.699927848087384,0.0,-0.3429036087736934,-0.18007072806358337
-188.1428571428572,-0.2284459866220737,7.854444854814574,0.1884615384615389,-3.887600490799478,0.0,-0.1718369886863615,0.033994778990745544
-163.8571428571429,-0.1745396321070233,-5.098391499324606,0.1538461538461531,-3.153009687409352,0.0,-0.1337491552604493,0.06777698546648026
-38.0,-0.02415618729096991,26.360121554248,0.113846153846153,-4.232488142567092,0.0,0.008163008140868122,-0.14117059111595154
-114.5714285714286,-0.06084046822742484,2.070843892698292,0.146153846153847,-3.281508964068159,0.0,-0.06357671553708644,0.074016273021698
-94.14285714285718,-0.1142749163879601,79.98183895168721,0.03461538461538494,-4.281508964068159,-9.00388240814209,-0.4881670668855935,-0.3687991201877594
-48.71428571428568,0.01844598662207353,30.7964996850562,0.09846153846153793,-3.271356419515961,-13.33705234527588,-0.4655495116079588,-0.03223809599876404
-151.1428571428572,-0.2906046822742476,53.35364469275899,-0.002307692307692122,-0.08368377680384143,0.0,-0.2607643774983748,-0.07768039405345917
-78.71428571428568,-0.04411705685618728,-12.89451115547431,0.214615384615384,-1.891805812445607,-0.9609559178352356,0.03331277029938867,0.09807039052248001
-25.42857142857142,0.05850016722408036,-34.87580849077878,0.2061538461538461,-0.4877447946247173,0.0,0.0680609593471655,0.15101191401481628
-46.28571428571423,0.08274866220735777,11.2097827544541,0.1561538461538461,-1.606091526731326,-12.13401508331299,-0.1087915082570139,0.12139031291007996
10.14285714285714,0.04459046822742441,-20.79436714445259,0.1492307692307688,-1.138651821211013,0.0,0.05452039713573364,0.1573575884103775
-28.28571428571429,0.003321571906354737,65.59126270043902,0.0869230769230771,-2.355040196319798,-17.08454704284668,-0.261906659604061,-0.06351963430643082
-107.8571428571428,-0.06723127090300995,89.73151900141241,0.02615384615384597,-4.695722526441259,-21.70775985717773,-0.417674617061072,-0.40975284576416016
-173.2857142857143,-0.1108672240802675,64.30072343587551,0.004615384615384022,-5.197825187264311,-20.16668891906738,-0.5216106397285881,-0.2720838785171509
-148.0,-0.09120919732441468,51.99943950973919,0.02153846153846106,-4.852937535496732,-20.16668891906738,-0.5238411100024233,-0.33956876397132874
-129.0,-0.2128366220735787,38.81588555037541,0.007692307692306999,-2.522407749927478,0.0,-0.03334539474729575,-0.05847200006246567
-133.5714285714286,-0.23673127090301,48.2797716528711,0.01230769230769191,-0.5469181606780325,0.0,-0.07681726174729578,-0.07624970376491547
-60.42857142857143,0.03616672240802676,-17.66464752308551,0.25923076923077,0.4978973391769408,-0.7720201015472412,0.08275887878637431,0.21330174803733826
-56.85714285714286,0.07213394648829452,-31.07884038353922,0.221538461538461,-1.748948669588486,0.0,0.2123481938372046,0.18700718879699707
-169.2857142857143,-0.05312257525083597,-29.383711619237,0.1892307692307691,-2.926468767748361,0.0,0.2475986735817739,0.30028241872787476
-179.5714285714286,-0.2027489966555183,62.9032661814999,0.1184615384615391,-4.424366106925298,0.0,0.2975014593862743,-0.1729036569595337
-51.00000000000006,0.08087023411371252,23.29468948621701,0.1900000000000002,1.024510410750537,-1.626307725906372,0.3752492572643114,0.1474124789237976
-124.7142857142857,-0.09662073578595332,92.8066861000295,0.015384615384616,-4.079478455157712,-18.14920043945312,-0.5866323295101621,-0.1386478841304779
-23.57142857142858,-0.01459999999999995,77.42595621020699,0.033076923076923,-1.36939806251813,-20.83204078674316,-0.3962532800705973,-0.11292703449726105
-96.00000000000003,-0.04495016722408018,61.38116828830641,-0.01307692307692299,-4.30601937481871,-24.59025001525879,-0.4639056167285882,-0.40308642387390137
-0.857142857142847,-0.09411153846153852,59.95000756228721,-0.02153846153846106,-3.793764169443421,-29.0138111114502,-0.380696905774652,-0.20392408967018127
-59.0,-0.1732745819397993,-1.518726928209702,-0.04769230769230814,-0.3693980625181368,-26.79667282104492,-0.3371871351368443,-0.2463788241147995
-49.57142857142857,-0.2353250836120401,52.5027359431202,-0.134615384615385,-0.7979694910895603,-28.97656548023224,-0.3721023156095339,-0.22127485275268555
-35.28571428571431,-0.03640551839464889,-3.130439654341004,0.004615384615385132,-1.665264892784627,0.0,0.0198823608320749,-0.028034687042236328
-35.71428571428569,-0.02307692307692299,0.811036027711296,0.0007692307692299671,-3.438723973123633,0.0,0.03640219805718414,-0.06524138152599335
-125.0,-0.1327359531772575,51.36371433045042,0.006153846153845954,-1.285714285714292,0.0,0.248359886996894,0.030231483280658722
-105.7142857142857,-0.1224359531772576,56.72117200405361,0.01153846153846105,0.3102246964648323,0.0,0.3782951322860207,-0.061700768768787384
-67.28571428571428,0.05195668896321071,-24.65052967545031,0.275384615384616,0.2713564195159499,-0.3941485583782196,0.3398613666223207,0.22415131330490112
-146.8571428571428,-0.1811464882943143,42.82564209981901,0.1907692307692301,-3.044815499854963,0.0,0.1959621834093659,0.05872946232557297
-123.7142857142858,-0.06427090301003335,19.3895793812118,0.218461538461538,-3.29586683026649,0.0,0.3004584784657703,0.12045243382453918
-52.42857142857143,-0.0614996655518395,-11.21363768557399,0.23,0.4877447946247315,-1.099338173866272,0.4581437869975593,0.11120820045471191
-28.71428571428572,-0.04676287625418052,44.8597975078705,0.1984615384615391,-1.655112348232414,-0.2052127867937088,0.3491345184764857,0.03206826373934746
-210.2857142857143,-0.1768399665551839,76.05533275306489,0.1284615384615391,-3.508049883729154,0.0,0.1481775534093659,0.07031076401472092
35.57142857142857,0.1438787625418061,15.78046387046371,0.08846153846153904,-0.6306019374818739,-4.755978107452393,0.01623089374712169,0.025537613779306412
-35.28571428571428,-0.1553351170568563,26.16736763949218,-0.07692307692307687,0.2020305089104397,-32.07452011108398,-0.5300318484190469,-0.056428685784339905
18.0,-0.05642591973244138,54.491979942925,0.0007692307692310774,0.5714285714285765,-5.799201488494873,-0.05428708326594917,-0.03213644027709961
-45.57142857142856,-0.1233112040133779,56.43644629003681,-0.0007692307692310774,-0.2265409196609909,-2.203397393226623,0.350402103905398,-0.1853378415107727
6.285714285714278,0.05845969899665548,12.86978569923829,-0.02615384615384597,-2.4733869284264,0.0,0.01770842703743525,0.0649639219045639
-71.28571428571425,-0.09054782608695655,24.53283597692879,0.00461538461538491,0.1572150090554807,0.0,0.4711250094083654,-0.04251468926668167
-130.7142857142857,-0.1233735785953179,33.3648652230045,0.1792307692307691,-1.783611624891236,0.0,0.24010295169729,0.15373016893863678
-122.5714285714285,-0.1635637123745821,18.0428417676317,0.1915384615384619,-1.985642133801658,0.0,0.3463994089135872,0.1588989794254303
-90.85714285714289,-0.09172374581939813,-2.920120751407097,0.2223076923076921,-2.724438258837917,0.0,0.1358543804811551,-0.04635962098836899
-23.42857142857144,-0.09665317725752509,-4.918015417713207,0.23,-0.1183467321065983,-0.5723685622215271,0.3536131764764857,-0.10675034672021866
-79.99999999999996,-0.1059911371237459,-12.76962219495158,0.2053846153846159,-1.867295401695063,-0.5723685622215271,0.3245536467244041,0.02930295094847679
-204.1428571428572,-0.0712411371237458,54.22112274726481,0.129230769230769,-2.532560294479687,0.0,0.3014021096726739,0.08291785418987274
-120.1428571428572,0.02048996655518398,-34.52378225432648,0.1530769230769229,3.448876517675849,-0.9395242929458618,0.2643417330847475,0.29494592547416687
-54.14285714285714,0.02688929765886294,-24.18464708022141,0.1569230769230769,0.2366934642131966,-0.01627700589597225,0.0488587455493007,0.21749518811702728
-58.57142857142857,-0.08107341137123747,5.667146328796306,0.06769230769230683,-0.5714285714285694,-4.625286102294922,0.1575611410537135,-0.06745494157075882
-7.571428571428569,0.01573712374581959,-57.0734823226949,0.09384615384615391,3.177520098159885,-1.306680083274841,0.181872209465833,0.2856043577194214
50.85714285714282,0.01438879598662202,-42.2280352759411,0.04000000000000004,0.6897753035351712,-2.040991544723511,0.2236941885366011,0.11885488033294678
48.5714285714286,-0.07224999999999993,53.84793797964289,-0.01384615384615406,1.985642133801669,-5.330475807189941,0.09851251978067621,0.04403141140937805
41.71428571428571,-0.04543879598662204,-15.1886847973455,-0.015384615384616,0.2857142857142776,-0.6914483308792108,0.5150982084650985,0.05213455483317375
-82.42857142857144,-0.3305831103678928,41.3814230302243,-0.1492307692307691,-3.153009687409352,-9.991454124450687,-0.4961835804549439,-0.22839494049549103
-46.28571428571421,-0.1296767558528427,6.294558036711209,0.00923076923076982,0.1183467321065983,0.0,0.09522463740836537,0.04263575002551079
-25.71428571428569,-0.04976605351170549,-15.7122582159793,0.160769230769231,-4.434518651477525,0.0,-0.06775083344976601,-0.01745099574327469
-34.71428571428571,-0.02491020066889638,-20.6163234065955,0.203846153846154,-2.759101214140667,0.0,0.0939666979387869,0.13544687628746033
-42.28571428571429,0.04570535117056862,-45.90901667820911,0.2069230769230772,-1.724438258837928,0.0,0.3184538337016944,0.15459001064300537
-220.8571428571428,-0.1002036789297658,-16.4955632264773,0.125384615384615,-3.1284992766588,0.0,0.1639679376960859,0.169550821185112
-48.57142857142857,0.07021404682274246,-101.7812025078197,0.184615384615384,2.591733660532988,-0.07452090084552765,0.3315928655835523,0.20826607942581177
-68.71428571428568,-0.03036872909699007,-15.64256048200259,0.1084615384615391,-0.2510513304115136,0.0,0.181654678135382,0.06671142578125
-24.42857142857143,0.006971571906354557,-38.8094334867546,0.135384615384615,0.4632343838741946,0.0,0.2346302327828046,0.18929937481880188
5.285714285714306,0.1703045150501671,-98.3252422481731,0.136153846153847,0.7387961250362665,0.0,-0.0808164571637704,0.12623468041419983
69.14285714285712,0.08334866220735782,-83.58670778850811,0.06307692307692303,2.236693464213204,-2.77530312538147,0.2118389146569032,0.1338309943675995
90.42857142857139,0.202070735785953,-78.8626300694004,0.08538461538461584,3.67541743733684,0.0,-0.02533704816377041,0.13485488295555115
76.28571428571428,0.1057812709030101,-33.10716371468328,-0.003846153846154055,4.473386928426404,-3.142458915710449,0.2809623563314449,0.13653992116451263
-144.0000000000001,-0.001667224080267538,-5.430959551532695,0.176923076923077,-6.650907026586289,0.0,-0.29178605882424,-0.08063476532697678
-88.7142857142857,0.08877357859531776,-15.3635313627572,0.1892307692307691,-6.852937535496743,0.0,-0.2711521118168345,-0.004218332469463348
110.0,0.2263695652173913,-94.7068169410352,0.2284615384615389,-1.926468767748361,0.0,0.01120208105075993,0.10443456470966339
151.1428571428571,0.1940637123745818,-19.3370862915388,0.163846153846154,0.1081941875543961,0.0,0.1312193248750631,0.009447164833545685
76.85714285714286,0.1647978260869565,-103.9496864297349,0.170769230769231,0.4632343838741804,0.0,-0.1588687859492401,0.11697962880134583
111.1428571428572,0.1518015050167224,-22.66743546296108,0.168461538461538,1.083683776803845,0.0,-0.1068796776579945,0.09169745445251465
206.0000000000001,0.2218976588628762,-90.43379459488641,0.09846153846153793,1.783611624891215,0.0,-0.163924891952287,0.08534745126962662
-84.57142857142861,0.08695618729096966,-17.49663676633479,0.08307692307692305,-2.059173366053315,0.0,0.1291241932067576,0.12081512063741684
-31.1428571428571,0.1254836120401338,-23.86400494803442,0.1230769230769231,-0.02451041075054405,0.0,0.3977189443938014,0.12119293212890625
82.14285714285717,0.1895568561872909,-36.93294855098921,0.1300000000000001,3.163162231961572,0.0,0.3243422552179835,0.14399291574954987
62.99999999999997,0.2320777591973245,-116.238161999811,0.1815384615384621,2.01015254455222,0.0,0.2292984868803175,0.09246443957090378
62.85714285714282,0.2523640468227425,-46.93178898904868,0.1384615384615391,4.079478455157727,0.0,0.2038305462615988,0.2341206669807434
112.8571428571428,0.1820117056856188,-49.02052245149069,-0.04538461538461491,-0.6060915267313192,0.0,0.2072167407878397,0.03616965934634209
98.99999999999999,0.1981817725752507,-16.5609215516653,-0.03461538461538516,0.08368377680385208,0.0,-0.006109006212160317,0.059635646641254425
107.2857142857143,0.2703178929765886,-13.50081532353649,0.006153846153845954,0.1918779643582411,0.0,0.257611081166949,0.1197318285703659
38.14285714285714,0.1699436454849499,-9.951845499478608,-0.1692307692307689,-1.842784990944523,0.0,-0.1225560157273903,-0.06529564410448074
60.42857142857144,0.1932219063545151,-11.0551097704532,-0.200769230769231,-0.4530818393219675,0.0,0.05907702528973097,-0.04478359967470169
12.85714285714289,0.1404894648829431,-77.01250128681768,0.09384615384615391,-3.212183053462653,0.0,0.005499959954832656,0.07684281468391418
92.5714285714286,0.1767647157190635,-79.5166917264807,0.04000000000000004,-6.483539472978599,0.0,-0.2554779976828212,-0.18284544348716736
57.99999999999999,0.2224347826086958,-76.87922761411359,-0.0538461538461541,-2.404061017820879,0.0,0.06065527634308776,0.06889794766902924
80.42857142857143,0.249121906354515,-95.800947729157,-0.04538461538461602,-1.832632446392317,0.0,0.08692418197734808,0.08861037343740463
116.0,0.1415058528428094,-97.48682212509999,-0.0384615384615381,-0.3448876517675785,0.0,0.05363428795483266,-0.07675636559724808
117.0,0.2683994983277593,-29.94769453430709,0.1330769230769229,-1.49789733917693,0.0,0.1559838912307628,0.1446743905544281
28.85714285714285,0.08557642140468225,-75.1890632941614,-0.02076923076923087,0.191877964358234,0.0,0.03916124578783975,0.1232265830039978
39.5714285714286,0.09772324414715705,-58.47534478730051,0.2138461538461529,3.079478455157719,0.0,-0.03414870186945879,0.22109445929527283
50.28571428571428,0.1355603678929767,-108.5440314461279,0.1984615384615389,2.532560294479701,0.0,-0.1797965868685745,0.12205079197883606
44.71428571428569,0.1777396321070235,-110.423794730531,0.181538461538461,3.591733660532988,0.0,0.00432636291189642,0.16658523678779602
35.14285714285714,0.2125317725752508,-8.076954172305207,-0.1546153846153848,-1.330529785569251,0.0,-0.154669855710269,0.016361147165298462
109.0,0.2550628762541807,-5.204639645234295,-0.1969230769230772,-0.724438258837921,0.0,0.2439392775494677,-0.07028055936098099
115.5714285714286,0.2503869565217391,-70.1259473339954,0.03461538461538383,-1.03466295530276,0.0,0.004270404062318989,0.0880146473646164
80.57142857142858,0.2782921404682274,-96.9155989145035,0.06692307692307686,-0.4040610178208901,0.0,0.06507558792432577,0.1026046872138977
43.28571428571432,0.2712050167224081,-105.1798605874231,-0.01769230769230812,-1.926468767748371,0.0,0.1487117147988537,0.21377792954444885
1.428571428571431,0.274708026755853,-108.1469844487313,-0.005384615384616209,-1.714285714285722,0.0,0.1394202526140418,0.24231502413749695
-11.28571428571428,0.2204971571906354,-60.87530895095313,0.01000000000000001,-1.80812203564177,0.0,0.08720024291748307,0.16536477208137512
-53.5714285714286,0.123393143812709,-62.58933289281512,0.2369230769230759,1.177520098159889,0.0,0.2426289706342086,0.153621643781662
33.57142857142858,0.2199755852842809,-82.5221125615536,0.1830769230769229,1.581581115980775,0.0,-0.1361345336012567,0.237812340259552
53.28571428571429,0.1503909698996656,-77.53601629254348,0.1723076923076918,1.344887651767586,0.0,-0.2888666979078698,0.1197676956653595
56.71428571428572,0.2417525083612041,-122.9520136332927,0.1830769230769229,2.891805812445604,0.0,0.005026828432428021,0.17206993699073792
120.0,0.1272389632107023,-16.6692416375338,0.08307692307692305,5.5427128390319,-0.2201306521892548,0.3121367685376564,0.05455484613776207
138.5714285714286,0.1237882943143812,-33.2461420425609,0.1192307692307699,-1.557070705230238,0.0,0.08730456368830486,0.00974271446466446
-22.4285714285714,-0.2119053511705686,1.8687278658509,-0.01000000000000001,-1.783611624891222,4.89955997467041,0.02381488998822529,-0.18048080801963806
11.42857142857146,-0.07811722408026756,-58.20385312467891,0.0353846153846149,-0.320377241017038,-9.29167747497559,0.08926227928254549,-0.05894403159618378
45.14285714285715,0.1862244147157193,-22.41182455702901,-0.1638461538461542,-0.2612038749637371,0.0,0.1372373386709627,0.034361958503723145
105.7142857142857,0.2774724080267558,-100.9039481385143,-0.06307692307692303,-1.295866830266501,0.0,0.004275277255640419,0.030130568891763687
75.14285714285717,0.06699381270903015,-109.6946961434081,-0.05230769230769305,-1.60609152673133,0.0,0.1935411492225962,-0.03422476351261139
-9.285714285714292,0.05952525083612037,-112.6618200047163,-0.04307692307692301,-2.67541743733684,0.0,0.238783957661422,0.025956567376852036
-14.14285714285711,0.1342777591973244,-84.93861603478241,0.03923076923076896,-4.187672642712108,0.0,0.05442320221732816,-0.07662975788116455
-36.28571428571431,0.06992591973244144,-33.54955501613621,0.0507692307692309,-3.330529785569244,0.0,-0.0302341869027446,0.12344667315483093
36.71428571428571,0.2652729096989968,-122.8323027864116,0.213846153846154,2.877447946247283,0.0,0.247403328031683,0.18365058302879333
181.8571428571429,0.1858371237458195,-118.4057331953855,0.17923076923077,1.80812203564178,0.0,-0.1276464048710758,0.039565376937389374
180.1428571428572,0.2424668896321071,-133.6519548024175,0.18923076923077,3.17752009815991,0.0,0.177240716205215,0.05649089813232422
147.8571428571429,0.1068175585284281,-114.5318902079846,0.154615384615385,1.034662955302757,0.0,-0.2707864230352953,0.007078677415847778
151.8571428571428,0.1056613712374581,-125.7269390110269,0.1415384615384609,3.30601937481871,0.0,-0.02388884993803631,-0.009671814739704132
0.0,-0.009024247491638882,-2.791962365230006,-0.008461538461538964,0.0,-0.8180828094482493,0.05580933311158978,-0.03690019249916077
26.28571428571428,-0.03922474916387964,-9.563995640358797,0.008461538461538964,1.06932591060551,0.0,0.1308702535783903,0.0722762793302536
19.57142857142858,0.1082573578595318,15.2209737305418,0.01000000000000112,-1.414213562373089,0.0,0.1782022156828342,0.029089078307151794
35.14285714285715,0.09158879598662206,-25.49855042878471,0.01692307692307704,-0.9898474554477801,0.0,0.04591593116933101,0.15702353417873383
-4.857142857142861,0.06996688963210684,-46.470596586958,0.0007692307692308553,-2.936621312300577,0.0,0.1253238766028961,0.15209145843982697
146.4285714285715,0.3080324414715722,-73.2898525705007,-0.0715384615384611,-0.4285714285714306,0.0,-0.1973363362626021,0.03549722582101822
100.5714285714285,0.2382242474916388,-77.66812436487261,-0.07307692307692304,-0.16736755360769,0.0,-0.1680714999767526,0.04758147522807121
71.85714285714289,0.1224931438127089,-106.4145288264073,-0.06230769230769195,-1.84278499094453,0.0,-0.1002804755456588,0.011614874005317688
9.285714285714292,0.1338346153846153,-109.3853146324236,-0.01384615384615406,-3.103988865908281,0.0,-0.1289509926273308,0.0354696661233902
-41.28571428571432,0.3718832775919733,-131.3866164437029,0.2623076923076921,-2.212183053462645,0.0,0.07336895203168298,0.2707705795764923
39.85714285714283,0.1726603678929767,-91.35303757099742,-0.08461538461538387,-0.4632343838741804,0.0,0.2173843976831231,0.022029787302017212
75.0,0.2852518394648829,-132.529146152443,0.2146153846153849,0.4040610178208937,0.0,0.1734358240619637,0.11313751339912415
176.4285714285714,0.2852518394648829,-127.3827405531087,0.193846153846154,1.453081839321989,0.0,0.1734358240619637,0.09221891313791275
200.5714285714286,0.2852518394648829,-118.0627651798162,0.193846153846154,2.261203874963755,0.0,0.1734358240619637,0.05646494776010513
135.7142857142857,0.1565001672240803,-17.34239409875119,0.15923076923077,2.355040196319798,0.0,0.0764262583309206,0.08843319118022919
-0.5714285714285978,-0.002395986622073631,-0.03681070313520252,0.01153846153846194,-0.4877447946247315,6.548157691955563,-0.2183567957908556,0.012571759521961212
-52.42857142857139,-0.02431120401337794,0.2695562760558943,0.01923076923076894,0.9163162231961692,-7.64307975769043,0.02277506649839489,0.031143389642238617
-16.14285714285715,-0.02503494983277588,-42.0762974342834,0.0223076923076917,-0.4285714285714306,0.0,0.1473772921702158,0.10064475238323212
8.85714285714285,-0.01292374581939792,-36.018620452809,0.01076923076923064,-1.295866830266501,0.0,0.1923149915413989,0.09010610729455948
49.42857142857143,0.1431553511705687,-17.23293241832899,-0.0530769230769228,-2.03466295530276,0.0,0.05079333480030201,0.06739568710327148
85.57142857142857,0.2380237458193982,-19.82955872037719,-0.08538461538461606,-2.640754482034069,0.0,0.1050380053074969,0.037571344524621964
84.85714285714286,0.1602821070234115,-38.57621656940869,-0.1161538461538463,-2.724438258837932,0.0,-0.0496184283849484,-0.01155051589012146
152.7142857142857,0.2112011705685617,-43.1341978771123,-0.03846153846153921,1.497897339176927,0.0,0.08176259204079811,0.04126614332199097
86.57142857142856,0.1543620401337793,-67.96259341564149,-0.03307692307692212,-1.153009687409348,0.0,-0.1042220633006381,0.030492126941680908
142.9999999999999,0.2484899665551837,-56.27082174222129,-0.09461538461538388,-0.881653267893391,0.0,-0.1139678259801899,0.07223241776227951
127.5714285714285,0.2601488294314382,-74.26966090331,-0.08846153846153815,-1.606091526731323,0.0,-0.0790860829801899,0.10412295907735825
130.1428571428571,0.259305518394649,-36.94707423801759,-0.1623076923076918,0.2612038749637478,0.0,-0.08666709689433641,0.08458932489156723
144.1428571428571,0.2218334448160533,-61.37904820725969,-0.161538461538461,0.4387239731236292,0.0,-0.04690161785397451,-0.011425182223320007
98.71428571428574,0.2592498327759198,-40.07792127484309,-0.223076923076923,2.699927848087381,0.0,0.05485837678733219,0.13026978075504303
68.57142857142861,0.1840122073578596,-26.26235198974609,0.181538461538461,1.487744794624724,0.0,0.1834693858819355,0.21452614665031433
134.1428571428572,0.213117391304348,-23.97892138648442,0.2123076923076921,1.083683776803838,0.0,0.3072051351713908,0.10394281893968582
162.1428571428571,0.07798996655518398,-40.0702353442931,-0.3,4.246846008765402,0.0,-0.05161824600114817,-0.002335183322429657
20.4285714285714,-0.04435919732441473,-0.1678215956785039,0.01615384615384596,-1.069325910605507,0.0,-0.1630159714480908,-0.01745513081550598
33.0,0.02241705685618745,-46.2620393789101,0.04384615384615387,1.49789733917693,0.0,0.1023174452940346,0.22581681609153748
35.71428571428571,0.07115752508361195,-15.02813367186711,-0.03769230769230836,-0.8672954016950669,0.0,-0.006002455260864459,0.1040114164352417
1.142857142857153,0.02240434782608702,-16.65353653647689,-0.04692307692307707,-0.9163162231961479,0.0,-0.05725328438618271,0.08676691353321075
115.4285714285714,0.2368528428093644,-35.04447041585598,-0.1784615384615382,-1.950979178498912,0.0,-0.2998301766607366,0.01790204644203186
115.4285714285714,0.238355016722408,-20.05471791872159,-0.213846153846154,-0.9408266339466991,0.0,-0.03359110447767688,-0.08119600266218185
122.4285714285715,0.1254650501672241,-26.5242394445619,-0.196153846153847,-1.901958356997827,0.0,-0.09932034945628987,-0.09241107851266861
37.99999999999996,0.08553662207357848,4.990114447456889,-0.180769230769231,0.8081220356417695,0.0,-0.1416959654424382,0.06556856632232666
73.71428571428572,0.2340764214046823,-22.96966995116061,-0.1330769230769231,0.8571428571428505,0.0,-0.129116395341322,0.07676497101783752
147.8571428571428,0.1035267558528428,-4.146943758639196,-0.3100000000000001,-0.3448876517675821,0.0,-0.1137847726224612,-0.1655881702899933
184.0,0.2667976588628763,-46.3099192079805,-0.401538461538461,0.2020305089104397,0.0,-0.3154090599652672,0.041638102382421494
126.5714285714285,0.1866369565217392,-48.4582767489922,-0.405384615384615,0.5714285714285694,0.0,-0.1040705314562899,-0.04339241236448288
161.4285714285714,0.1336464882943142,-5.026200323020106,-0.3961538461538459,2.389703151622548,0.0,0.04347906659849488,-0.08492542058229446
148.1428571428571,0.07279030100334416,-0.443463271793604,-0.025384615384616,3.079478455157719,-0.8071838021278381,-0.09889838379085564,0.013944454491138458
166.0,0.121488963210702,4.178111298302298,-0.006923076923077032,3.961131723051118,-0.2537379860877991,-0.2764170109298134,0.10990609973669052
37.71428571428572,-0.04154464882943132,-23.63281340043139,-0.1023076923076922,0.4877447946247173,0.0,0.05383238119328138,0.0891164243221283
33.28571428571429,-0.02880418060200673,-44.15124989846731,-0.1169230769230771,-0.8672954016950705,0.0,-0.02914817304760975,0.04967963695526123
52.14285714285715,-0.03945351170568578,-30.93094365730879,-0.101538461538462,-0.2857142857142883,0.0,0.03356441597246718,0.04628419503569603
16.99999999999999,0.01433996655518399,-45.33493569918151,-0.128461538461538,2.093836321356051,0.0,0.09982560870871271,0.16925999522209167
48.14285714285714,-0.02010602006688977,0.6663539836860082,-0.1107692307692298,2.926468767748361,0.0,0.4155371792951422,0.10999326407909393
66.42857142857142,0.09413645484949829,7.030105986130806,-0.104615384615385,2.0693259106055,0.0,0.01596372993737138,0.14565595984458923
74.85714285714286,0.1659787625418061,-38.1014769649732,-0.1223076923076918,-0.09383632135606135,0.0,0.1505229132765638,0.0019500404596328735
105.1428571428572,0.199310033444816,24.0068408295551,-0.1161538461538469,0.3448876517675785,0.0,-0.1810448257677852,0.05793186277151108
108.4285714285714,0.1702312709030099,-9.148396387922105,-0.136923076923078,1.236693464213189,0.0,-0.08606507676778524,-0.02847929298877716
91.42857142857139,0.04025551839464903,3.773482172900202,-0.02000000000000002,5.197825187264307,-14.21417617797852,-0.1857267354079346,0.07255782932043076
158.2857142857143,0.2246500000000001,-17.87386097861021,0.1384615384615389,0.1775200981598886,-1.19695258140564,-0.3870279879519039,0.07241933792829514
44.85714285714286,0.02186688963210703,-48.00076921991341,0.07230769230769196,-0.2612038749637513,0.0,-0.05122766378418664,0.11798400431871414
27.85714285714285,0.01390953177257515,-44.33217215735282,-0.03000000000000003,-0.8672954016950811,0.0,0.3926804024300053,0.06849119067192078
41.57142857142857,0.03227341137123729,-40.16978447056069,-0.02692307692307616,-0.4877447946247386,0.0,0.2727523010943435,0.11840389668941498
30.85714285714286,0.003490133779264215,-36.45537965180522,-0.07846153846153903,0.3203772410170416,0.0,0.3894325576124216,0.13601508736610413
-0.2857142857142883,0.04213394648829438,-41.88000586137092,-0.05923076923076898,-0.6306019374818668,0.0,0.5260628437923027,0.06650877743959427
2.428571428571431,0.04218695652173932,-26.4825866885116,-0.0900000000000003,1.901958356997817,0.0,0.4664256968883768,0.21369589865207672
32.00000000000001,0.08094732441471575,-14.67670463949129,-0.0838461538461539,-0.1673675536076757,0.0,0.3413690758218169,0.07790255546569824
-30.57142857142856,-0.1718361204013379,38.1284786210576,0.07615384615384602,1.46323438387418,0.0,-0.3624460482065024,0.03352022543549538
-66.85714285714283,-0.1302324414715719,63.8219971676742,0.0746153846153852,-0.2265409196609909,0.0,-0.3975340583743081,-0.08518240600824356
-21.85714285714286,-0.132343311036789,57.2115767336097,0.01923076923076894,1.142857142857146,0.0,-0.3434885172968988,0.007632546126842499
79.42857142857143,0.05158026755852863,-0.0619436487434939,-0.207692307692307,3.532560294479698,-6.419270515441895,-0.167250174696725,0.042020123451948166
120.8571428571429,0.02349849498327772,4.221426664065405,-0.228461538461538,4.389703151622548,-6.454053401947021,-0.3050049787154404,0.04284602403640747
152.4285714285714,0.1672801003344485,-36.88137443228679,0.121538461538462,1.404061017820887,-4.288125514984131,-0.01935268451428451,0.00315963476896286
23.28571428571428,-0.02112307692307691,-34.12505292593171,0.07384615384615412,-0.5224077499274955,0.0,0.09886680697868219,0.10739602893590927
-26.0,0.02426839464882935,-27.48128901304538,0.04999999999999982,3.557070705230228,0.0,0.2108436796165414,0.2868650555610657
38.71428571428572,0.01793160535117055,-19.7217853961774,0.04923076923077008,2.271356419515943,0.0,0.2685152108883768,0.19527661800384521
69.28571428571428,0.0365478260869565,-20.23339466328299,0.05538461538461581,1.128499276658808,0.0,0.2850994847835286,0.1724548041820526
49.85714285714286,-0.08528795986622084,-2.420673933564302,0.193076923076922,3.616244071283539,0.0,-0.1868842392916037,0.060544684529304504
18.71428571428572,-0.06034130434782614,-6.019785841279401,0.1907692307692301,2.616244071283539,0.0,0.07071156535057355,0.16515183448791504
50.42857142857143,-0.07771020066889611,-5.7087328933154,0.1838461538461531,2.212183053462638,0.0,-0.1641605640238615,0.006717607378959656
9.57142857142857,-0.1500526755852842,-4.203327704592297,0.1953846153846159,2.665264892784631,0.0,0.005515042414822036,0.0340086929500103
-73.71428571428568,-0.2400041806020066,2.340577546356798,0.1700000000000002,0.02451041075053695,0.0,-0.1746490392212895,-0.16416645050048828
-83.99999999999996,-0.250308695652174,2.6148820960004,0.166923076923077,0.3693980625181297,0.0,-0.1636308362875737,-0.16735950112342834
-49.71428571428574,-0.1969535117056856,10.0501406101845,0.0869230769230771,-0.2612038749637406,-1.08636736869812,-0.4910048893115067,-0.13036061823368073
-23.71428571428572,-0.1989418060200668,15.82910400753519,0.09846153846153904,-1.069325910605514,-1.032933473587036,-0.4821739253743081,-0.15554118156433105
-22.85714285714289,-0.1289921404682276,61.05974730195689,-0.01615384615384619,0.7979694910895603,-3.831313133239746,-0.4694582963258171,-0.1082492396235466
83.7142857142857,-0.1272103678929766,49.08561489722369,-0.03230769230769215,0.04902082150109877,-3.85152530670166,-0.671072143284732,-0.13359403610229492
18.28571428571428,0.01932591973244158,19.39095562297079,0.008461538461538964,8.158956910315439,-21.19439506530762,0.1476264139667008,0.29043838381767273
5.714285714285712,-0.01237240802675577,-22.9745279398649,0.1000000000000001,-0.7734590803390304,0.0,0.040722255439785,0.07757420092821121
10.28571428571428,-0.1187767558528429,-1.69534332916129,0.2423076923076919,2.320377241017042,0.0,-0.1045306856494265,-0.014866508543491364
10.71428571428571,-0.09215635451505022,-7.242195918559105,0.2538461538461541,1.783611624891222,0.0,-0.1461435528819,-0.0036735162138938904
3.285714285714292,-0.1256730769230771,-5.387057105283702,0.246923076923077,1.522407749927481,0.0,-0.122365554594739,-0.0065634846687316895
-34.57142857142856,-0.1932610367892976,-2.268791716854508,0.2530769230769241,0.9754895892494595,0.0,-0.2769490583992097,-0.15473181009292603
5.142857142857139,-0.1838698996655519,-2.4709629213353,0.2592307692307689,2.06932591060551,0.0,-0.3508430019200175,-0.0887007936835289
-17.8571428571428,-0.1763993311036789,-0.4235516045271055,0.244615384615384,-0.4040610178208901,0.0,-0.3089744888122366,-0.14542332291603088
34.99999999999999,-0.1632521739130435,5.664751591535307,0.1815384615384619,-1.261203874963741,-3.280104637145996,-0.2300948659491494,0.007319219410419464
16.42857142857142,-0.1645015050167224,11.51212204458629,0.193846153846154,-0.6551123482324215,-3.069896459579468,-0.08451938007956028,-0.028875932097434998
-8.142857142857167,-0.120685618729097,47.0830552746487,0.153846153846154,-0.4632343838741804,-6.662749767303467,-0.6136096603815324,-0.014909811317920685
-42.71428571428569,-0.1313245819397995,57.4627509749785,0.1369230769230769,-0.7142857142857224,-6.697532653808594,-0.6519274544617358,-0.05310133099555969
-82.85714285714283,-0.1395471571906356,58.48361152761561,0.135384615384615,-1.285714285714281,-6.368108749389648,-0.5735963932908283,-0.06675497442483902
83.14285714285712,0.03684899665551844,-10.7275887091475,0.0,4.379550607070342,-8.52242374420166,-0.4119901347474584,0.14893430471420288
28.42857142857142,0.003826086956521979,-8.2531091435485,-0.003076923076922977,4.246846008765409,-17.36147689819336,0.1489626633266209,0.06488794833421707
171.4285714285714,0.2637227424749162,-96.19192058638882,0.1899999999999999,3.581581115980779,-13.93240165710449,0.1486258514051849,0.05410505086183548
85.71428571428571,0.02935769230769236,8.595795773196713,0.09461538461538388,2.783611624891236,-11.56757164001465,0.2785724850631473,0.07255425304174423
-6.0,-0.2360640468227423,-8.685647706198509,0.3038461538461541,2.379550607070339,0.0,-0.3415242474859204,-0.07748183608055115
-61.99999999999994,-0.2565943143812709,-5.403330179254809,0.3130769230769239,1.404061017820879,0.0,-0.6642768948776412,-0.13921800255775452
-51.28571428571426,-0.2105242474916388,-7.102763606656197,0.3069230769230771,1.783611624891222,0.0,-0.3765879245002258,-0.09236134588718414
-11.57142857142857,-0.1588951505016722,-0.376786414365796,0.295384615384616,0.03466295530275687,0.0,-0.3649687272094038,-0.06357818841934204
-29.28571428571431,-0.08375551839464879,32.31985294898369,0.236923076923077,1.295866830266498,-2.018855571746826,-0.4028369571796563,0.1570637822151184
-46.42857142857143,-0.1358025083612041,32.84571513332571,0.233846153846154,-0.748948669588458,-11.03847885131836,0.1003859528135901,0.024833552539348602
-153.4285714285714,-0.2669416387959866,33.30749856738429,0.03769230769230703,3.044815499854959,-10.36421871185303,0.1737595104685299,0.03857400640845299
-82.5714285714286,-0.2474284280936455,55.47068061823458,-0.006153846153845954,3.97128426760332,-15.3772668838501,-0.03349769488292026,0.028262857347726822
-50.28571428571428,-0.2818501672240803,71.28955180393099,-0.09923076923076901,6.301814053172578,-30.27215003967285,0.07551802621697898,0.0822511538863182
-53.14285714285708,-0.2851934782608695,81.65933833741569,-0.1138461538461539,3.852937535496729,-28.17461585998535,0.05428318896670078,0.05269110947847366
45.57142857142861,-0.1960070234113712,93.50111671785702,-0.1369230769230769,1.748948669588469,-26.57494735717773,0.0108545551177413,0.016085423529148102
14.0,-0.1595551839464884,-9.349545372639398,0.2930769230769241,2.985642133801662,0.0,-0.05254653272521459,0.0449301041662693
-68.4285714285714,-0.1772294314381272,-1.366983620095397,0.331538461538462,1.84278499094453,0.0,-0.3063579209871661,-0.02273400127887726
-66.42857142857142,-0.1112784280936457,-2.232431166077205,0.3100000000000003,-0.4387239731236399,0.0,-0.2530528991095699,-0.04258953779935837
-71.0,-0.08061688963210722,-1.127672879131495,0.3199999999999998,-1.093836321356061,0.0,-0.02337769606526741,0.0009262114763259888
-67.85714285714282,-0.09474464882943134,-7.505614323814299,0.2923076923076919,-1.43872397312364,-0.3874994814395905,-0.223044750120273,0.024918191134929657
-45.28571428571431,-0.1092779264214048,-10.05442866408529,0.2792307692307701,0.84278499094453,-1.808647274971008,-0.3661464051796563,0.07814057171344757
-57.28571428571431,-0.06048779264214077,-6.311894945674496,0.3100000000000009,1.330529785569258,-3.474184036254883,-0.1667650579491604,0.0971560999751091
-10.85714285714285,-0.09890953177257522,-17.17606594328861,0.3069230769230771,0.0,-10.37367343902588,0.183637516913947,0.06893990188837051
-42.42857142857143,-0.06378812709030102,-9.907711769260914,0.2892307692307701,-0.02451041075054761,-9.708868026733398,0.2622678275067797,0.04193679243326187
-48.0,-0.06853979933110355,-15.16609662861242,0.291538461538462,0.02451041075055116,-13.55453395843506,0.08131400584242182,0.1561364233493805
-91.85714285714283,-0.3312287625418059,87.30780688713669,0.01769230769230701,4.601886205085201,-17.45454025268555,0.1728656853266209,0.03904920071363449
27.42857142857147,-0.3248341137123745,75.17572067699811,-0.02769230769230702,6.065120588959367,-17.17534828186035,0.2418943502444034,0.05104723945260048
-75.42857142857147,-0.3499433110367894,39.12552183655741,-0.04384615384615387,5.281508964068159,-17.26841163635254,0.09420925685409981,0.019462712109088898
-151.5714285714286,-0.3542520066889634,54.7056778051451,-0.03692307692307706,5.34068233012146,-19.32619285583496,0.02277732925284243,0.10841529071331024
-123.0,-0.233702341137124,49.22331110220659,0.02384615384615407,4.138651821211031,-13.77759838104248,0.2118952929124873,0.035774875432252884
-71.5714285714286,-0.2407275919732442,82.5654300978798,-0.03153846153846196,3.153009687409352,-29.1668815612793,0.1420814702311478,0.014373190701007843
54.0,-0.1559188963210704,110.4255832689131,-0.09307692307692306,7.410008240726977,-37.65082168579102,0.1987711864983949,0.22551244497299194
46.85714285714288,-0.2199456521739128,117.9755182536206,-0.1199999999999999,5.030457633656638,-37.63839340209961,0.119539477458013,0.11137251555919647
32.57142857142858,-0.1770003344481605,128.6876928102114,-0.1438461538461542,2.06932591060551,-25.38895797729492,0.04561408180142401,0.08287952095270157
5.142857142857224,-0.1308628762541807,125.2508941030082,-0.1561538461538459,0.428571428571427,-20.6043586730957,-0.06433748608751272,-0.07162774354219437
15.28571428571428,-0.1891665551839465,0.4309004922494921,0.30076923076923,1.153009687409348,0.0,-0.2091487171998868,-0.10796632617712021
-66.99999999999996,-0.2203682274247492,0.2173195819695053,0.329230769230769,2.67541743733684,0.0,-0.2654214119125942,-0.054400913417339325
-55.71428571428569,-0.1706941471571908,-6.313654932646003,0.3146153846153852,-0.1183467321065876,-0.3288236856460571,-0.1966377590652674,-0.09295900911092758
-1.428571428571431,-0.192684949832776,-7.430863825145096,0.3092307692307699,-0.4530818393219818,-1.59843897819519,-0.1062317429729634,-0.13539919257164001
-39.71428571428574,-0.1561909698996657,-7.961431925785107,0.3200000000000001,0.6897753035351819,-3.112443447113037,-0.0139397905453979,-0.0373128280043602
-37.42857142857143,-0.1313346153846154,-10.56975011492109,0.3569230769230771,0.3939084732686808,-5.442785739898682,0.08121372294203649,0.06935816258192062
-23.14285714285715,-0.1239334448160535,-49.9414897523064,0.3684615384615391,-0.3795506070703389,-11.92185878753662,0.02028744984242181,0.10453446954488754
-46.99999999999999,-0.1088200668896321,-9.951770217605286,0.293076923076923,-0.5570707052302311,-4.929512500762939,0.04230168378585675,0.041329365223646164
5.285714285714278,-0.0744401337792644,-46.29685683500119,0.318461538461539,0.8326324463923207,-11.1055212020874,0.1311396765885907,0.11729459464550018
-7.857142857142861,-0.2144702341137122,21.80064035226648,0.2715384615384611,0.6551123482324215,-17.36147689819336,0.1999856656535244,-0.02828812599182129
12.57142857142861,-0.1819717391304347,34.6576032220418,-0.05230769230769194,4.103988865908253,-19.43382835388184,0.2020242049995732,0.04404265433549881
45.5714285714286,-0.1891909698996658,17.05426295634761,-0.04692307692307707,4.532560294479683,-19.64909744262695,0.2921037860618157,0.04519868642091751
13.0,-0.1670851170568564,14.95462183491141,-0.06230769230769306,3.818274580193979,-19.86436653137207,0.2845924640239672,0.05932890623807907
56.1428571428572,0.1448448160535116,-42.6630023375657,0.03153846153846107,-0.83263244639231,-21.58659934997559,-0.03565244596486294,0.01909622550010681
10.28571428571431,-0.1059035117056856,54.82305507333601,-0.08076923076923093,2.640754482034072,-13.19901084899902,0.2948794139459381,0.05784238129854202
-111.0,-0.1692652173913043,71.61657664339668,-0.1046153846153839,2.438723973123633,-30.17355537414551,0.2249670450319555,0.08690402656793594
56.85714285714279,-0.1517085284280936,86.58215116736712,-0.1499999999999999,1.822479901840101,-22.99665832519531,0.3325889461844842,0.05676579475402832
64.42857142857139,-0.1124523411371235,95.28690828666082,-0.1676923076923078,1.87744794624728,-35.15483474731445,0.0741058694580059,0.06388161331415176
77.42857142857139,-0.06844598662207357,93.61992227903231,-0.167692307692308,2.295866830266501,-39.74275588989258,-0.006925038068052614,0.1560039520263672
-34.57142857142857,-0.1867458193979932,2.750484414244198,0.3415384615384611,1.059173366053301,0.0,-0.1295134493741854,-0.07071683555841446
-68.1428571428571,-0.1982451505016721,2.459475213840804,0.3530769230769228,0.7142857142857082,0.0,-0.03328379178532315,-0.13151541352272034
-10.0,-0.1501899665551841,-2.354690975445507,0.3369230769230771,-1.793764169443428,-1.178022623062134,-0.01393333325278434,-0.06454510241746902
-63.00000000000003,-0.09285953177257522,-4.159517585024204,0.3438461538461539,1.546918160678029,-2.750702857971191,-0.03523359704170381,0.030731800943613052
-58.71428571428568,-0.06726789297658875,-45.55970182629568,0.4084615384615391,1.438723973123629,-7.049646377563477,0.2243909279728574,0.23737183213233948
-12.57142857142856,-0.1807827759197325,14.88101921889559,0.333076923076923,1.03466295530275,0.0,-0.1103811769754798,0.024088583886623383
26.71428571428571,-0.03880886287625418,-48.12867959394569,0.3992307692307702,0.7979694910895532,-10.28918266296387,0.12315011961812,0.23589587211608887
-15.71428571428571,-0.178794314381271,2.9359012694227,0.354615384615385,-1.665264892784631,-17.54760551452637,0.218831359033781,-0.01676318794488907
1.0,-0.1859152173913045,93.59619285253939,0.06538461538461515,1.522407749927478,-19.97200202941895,0.03799826817960472,-0.013319984078407288
-64.85714285714279,-0.2016765886287626,13.7284243040651,-0.03000000000000003,2.295866830266505,-21.94235992431641,-0.1065490270475604,-0.02916693687438965
50.28571428571426,0.08886003344481597,-87.8065262940946,0.089230769230769,-1.428571428571431,-22.21088218688965,-0.06366343196486296,0.006945423781871796
43.28571428571429,0.1623523411371237,-99.6992142860776,0.06384615384615389,-0.7142857142857082,-22.83516502380371,-0.1204774129401415,-0.008913673460483551
44.28571428571428,0.07056806020066875,-98.3498600898849,-0.05000000000000004,-2.936621312300581,-23.0911750793457,0.07077482841372212,-0.031009569764137268
167.1428571428572,0.1301468227424747,-96.3064230794052,0.01076923076923086,0.1428571428571388,-23.45944595336914,-0.2521520863098636,-0.08387627452611923
71.0,-0.1682510033444816,47.55099102127072,-0.1484615384615389,1.177520098159892,-32.38358306884766,0.1810982170965322,-0.02233528345823288
-5.714285714285694,-0.1198013377926421,68.8415004821336,-0.1984615384615389,-3.212183053462649,-24.01773834228516,-0.01536909483561899,-0.19207565486431122
16.28571428571429,-0.1939190635451505,73.8381706083663,-0.196923076923077,1.557070705230238,-29.59496688842773,0.1649302914193773,0.008599802851676941
-26.0,0.009190133779264031,-44.48269363309281,0.3576923076923069,1.699927848087381,-4.416239261627197,-0.01757338737625047,0.30844590067863464
16.0,0.0233444816053513,33.3620168163536,0.248461538461539,3.30601937481871,0.0,0.4323927931793705,0.2644115388393402
35.28571428571429,-0.0410466555183947,34.771054483406,0.2676923076923081,0.7142857142857117,0.0,0.5100040327555257,0.1529870331287384
-75.42857142857139,-0.07316103678929764,15.80108207250819,0.2969230769230771,0.4285714285714306,0.0,0.3593778125911041,0.1533338576555252
-84.99999999999999,-0.08197056856187279,-0.07702537344088967,0.4546153846153851,-3.901958356997817,-20.40254211425781,0.2524448614138235,0.013508372008800507
-83.00000000000004,-0.1477760869565217,-6.5257142605345,0.40923076923077,-3.640754482034069,-20.29490661621094,0.1785043883089907,0.03644510358572006
-30.99999999999999,-0.2429670568561875,1.373696018557993,0.2761538461538471,-0.5570707052302311,-20.07963752746582,0.07499795933270578,-0.08827003091573715
-9.571428571428584,-0.2429670568561875,14.54723479661179,0.27,0.3795506070703389,-20.18727111816406,0.07499795933270578,-0.0009122937917709351
-77.14285714285714,-0.2309658862876253,92.47882029130741,0.05307692307692413,1.699927848087381,-22.18677139282227,-0.04561267072366387,-0.032811008393764496
-103.2857142857143,-0.2347217391304348,79.45914768265001,0.01461538461538514,0.5959389821791206,-22.30897521972656,-0.1697797036984504,-0.08385615795850754
-99.42857142857146,-0.1946779264214048,53.86801713254211,-0.006923076923077032,0.4387239731236399,-22.43118095397949,-0.1711329946984504,-0.12389913201332092
-60.28571428571429,-0.1761958193979932,3.01787946346721,0.03153846153846196,0.6407544820340902,-22.55338668823242,-0.1765195811219149,-0.06544967740774155
45.28571428571428,0.1992847826086956,-100.6044495239454,0.05923076923076898,-3.793764169443417,-23.79996490478516,-0.1716260988177665,-0.03995758295059204
130.4285714285714,0.2466264214046824,-105.6861598935677,0.03769230769230791,-2.961131723051121,-24.50875663757324,-0.1837252905048847,-0.09647505730390549
179.8571428571428,0.2812566889632109,-106.0530970482476,0.08000000000000007,-0.7489486695884722,-24.70801162719727,-0.3102238121669121,-0.04659845679998398
99.00000000000004,0.1688354515050167,-101.7611970012535,-0.02076923076923087,-1.64075448203408,-25.2175464630127,-0.2845635453125353,-0.1277923882007599
100.5714285714286,0.1758384615384615,-94.93482328421321,-0.04307692307692301,-0.9408266339467026,-26.63512802124023,-0.3029717264686624,-0.07941342145204544
75.2857142857143,-0.1297245819397992,22.5628133335579,-0.153846153846154,1.759101214140678,-34.95815658569336,-0.008471108803109584,0.07636328041553497
62.85714285714282,-0.1494535117056855,21.44240406414349,-0.192307692307693,-0.2612038749637478,-26.80635261535645,-0.01997422145905452,-0.10233542323112488
5.285714285714292,-0.04809983277591956,-2.713994289073597,0.357692307692308,-0.2612038749637478,0.0,-0.007976928967249275,0.14003773033618927
-57.57142857142863,-0.08063913043478288,3.820127933718993,0.339230769230769,1.0,0.0,0.1696867154342451,0.07898373156785965
29.71428571428571,-0.05468277591973225,34.8120824918937,0.2746153846153849,1.80812203564177,0.0,0.5693538605037805,0.206834077835083
-55.57142857142858,-0.0320541806020066,28.0368986297744,0.4992307692307689,-2.759101214140681,-20.61781120300293,0.2683760182014516,0.2938021123409271
-47.85714285714288,-0.09814999999999985,18.4040550448823,0.2938461538461541,0.4632343838741804,0.0,0.5659966833638198,0.13200643658638
-90.00000000000003,-0.08837274247491644,-3.060097923116501,0.4653846153846151,-2.783611624891222,-23.16441345214844,0.165152947679701,0.14995843172073364
-49.85714285714285,-0.1279008361204014,-6.993879992526701,0.418461538461538,-2.748948669588462,-23.04220771789551,0.140685782679701,0.04153033345937729
-71.28571428571426,-0.2265645484949832,18.59280192531529,0.2792307692307689,-0.05917336605329737,-22.67559242248535,-0.02857010400818355,-0.033111631870269775
-70.57142857142857,-0.1969573578595316,77.19669345519532,0.147692307692308,0.1183467321065912,-22.92000198364258,0.01616885083842678,-0.026378579437732697
-41.00000000000001,-0.1985981605351169,85.94982428086051,0.02923076923076917,0.0,-24.55852699279785,-0.29771956912746,-0.18564145267009735
-74.57142857142857,-0.1552647157190635,60.4728020747382,-0.005384615384615099,-1.759101214140671,-24.42175102233887,-0.3012205952762687,-0.13697567582130432
-116.1428571428572,-0.1895630434782608,14.2429768795799,-0.01692307692307704,-1.04481549985497,-24.69530296325684,-0.04003992723202354,-0.03305713087320328
-9.714285714285722,0.1552468227424749,-71.6110653867238,-0.01769230769230812,-3.546918160678025,-24.25771522521973,-0.0507946427898312,0.014544039964675903
43.71428571428567,0.2225443143812709,-92.50197763223369,-0.04461538461538406,-3.557070705230235,-25.0510139465332,-0.06801557358679733,-0.07036436349153519
76.71428571428568,0.1487202341137125,-117.7046963247742,-0.06769230769230794,-2.675417437336829,-25.84431457519531,-0.1719650593710713,-0.12798810005187988
80.14285714285718,0.1940710702341139,-97.44578335049151,0.02769230769230702,0.83263244639231,-27.34391784667969,-0.2921044916194373,0.0035488083958625793
73.99999999999997,0.0935321070234113,-112.8837884990377,-0.124615384615385,-0.02451041075053695,-27.43091201782227,-0.2584298800663107,-0.08926286548376083
152.5714285714286,0.1451903010033445,-75.29708869189531,-0.01923076923077005,2.985642133801662,-28.05270957946777,-0.3714630404470826,-0.05808303505182266
66.28571428571429,-0.2003894648829431,24.48608829088089,-0.170769230769231,3.473386928426397,-37.96081161499023,-0.0430860116500754,0.08719012886285782
-101.5714285714286,-0.1261769230769234,-4.239790270240803,0.321538461538462,-0.1775200981598886,0.0,0.2231640112971909,-0.028694376349449158
-30.28571428571428,-0.1138332775919734,38.21642505967552,0.3138461538461541,1.153009687409352,0.0,0.4527475699154024,0.06293903291225433
34.85714285714288,-0.07275802675585274,48.86622662529919,0.2246153846153851,1.118346732106591,0.0,0.2065932237174973,0.15353530645370483
-88.57142857142854,-0.1022085284280936,35.4068125663289,0.508461538461539,-1.285714285714288,-23.28661727905273,0.2522371174841012,0.24870282411575317
-46.14285714285718,-0.1701449832775919,2.382241321090902,0.4430769230769229,-1.463234383874187,-25.65273284912109,0.4092266218077375,0.04701752960681915
-67.0,-0.1654065217391306,74.95505524348641,0.079230769230769,0.2857142857142811,-24.83207893371582,-0.04553103603657294,-0.0818282961845398
-22.57142857142854,-0.1816882943143814,74.82542656266979,0.06153846153846088,0.1775200981598992,-25.10563087463379,0.001627166364479793,-0.09834961593151093
33.42857142857144,0.090280100334448,-110.5146251346715,0.02000000000000002,-0.1775200981598992,-28.22421073913574,-0.0529778841284041,0.03113172948360443
28.28571428571426,0.1151658862876254,-102.7628185940621,0.01769230769230701,1.842784990944523,-29.01750946044922,0.06843308369648071,0.03435902297496796
73.42857142857143,0.1187112040133779,-87.156512778482,-0.1438461538461531,0.9999999999999929,-26.84183883666992,0.1305371132372788,-0.07359953224658966
29.42857142857143,0.06032508361204025,-83.2131807082531,-0.04615384615384599,2.379550607070339,-29.81081008911133,-0.1236529354163034,0.08052430301904678
21.42857142857146,0.1167973244147157,-78.1762697360914,-0.0538461538461541,4.197825187264321,-30.6041088104248,-0.2542280621621315,0.0956685021519661
37.0,-0.0856765886287626,18.8917947897971,-0.2223076923076921,-0.3693980625181297,-27.43111801147461,-0.08009732600654242,-0.13030007481575012
21.42857142857144,-0.03248879598662202,-0.4854912266330018,0.08615384615384603,-0.8672954016950669,0.0,-0.1465171709809654,-0.015919089317321777
-57.71428571428575,-0.1263371237458193,8.950545537290097,0.436153846153847,-0.6999278480873876,-25.51595687866211,0.4048600839587161,0.17247864603996277
-70.42857142857143,-0.1350093645484952,65.7173721510391,0.1784615384615391,-0.5367656161258303,-25.24240493774414,0.09553299547104233,-0.08701860159635544
-24.8571428571429,-0.1197122073578595,62.85891790949522,0.1569230769230769,-0.4040610178208794,-25.37918090820312,0.3092312702440695,-0.13951942324638367
-68.57142857142853,-0.1287483277591974,76.11199551519769,0.06538461538461515,1.153009687409348,-27.1746940612793,0.07488829311589151,0.06393393129110336
67.42857142857142,0.06391906354515053,-57.88825395321399,-0.07923076923076988,-1.236693464213189,-28.59745407104492,0.3878419861515063,-0.03580977022647858
29.71428571428571,-0.08016304347826086,-70.72479715847189,-0.0869230769230771,1.522407749927481,-29.47525978088379,0.01088208608775371,0.04968825727701187
32.0,-0.1153856187290971,-78.02993088309918,-0.1084615384615388,4.281508964068159,-30.35306739807129,-0.05531005293056318,0.02902359887957573
9.714285714285737,-0.1223655518394648,-71.4402992882533,-0.121538461538462,3.961131723051132,-31.23087501525879,0.01853743610873382,0.08812559396028519
92.00000000000001,0.1320811036789297,-39.56056507059068,-0.033076923076923,2.43872397312364,-32.19070816040039,-0.1035944672548435,0.018753550946712494
11.71428571428574,-0.04503411371237453,-78.94394907653728,-0.1246153846153839,2.48353947297861,-32.10868453979492,-0.04956116093951479,0.0772043839097023
-18.85714285714286,-0.2098655518394648,56.8539542118004,-0.1861538461538461,2.695722526441237,-35.17219924926758,0.0002615933499245937,0.09895165264606476
-35.71428571428569,-0.04573377926421418,-7.959898900259205,0.4092307692307691,-0.4040610178208901,-28.23411750793457,0.07541977112993901,0.12328825891017914
-35.1428571428572,-0.0541008361204014,12.40410695637699,0.3907692307692301,-0.3592455179659275,-28.08277130126953,-0.1344256675439324,0.17889845371246338
-63.57142857142858,-0.1317317725752509,3.965882300911701,0.313076923076923,-1.783611624891218,-27.78007888793945,0.2093932466939907,0.07622464746236801
-59.8571428571428,-0.1922712374581941,7.606767975744802,0.2623076923076921,-1.724438258837932,-27.62873268127441,0.2803107167292866,-0.041956909000873566
-114.7142857142857,-0.2578011705685619,19.63473993656241,0.2384615384615381,-1.06932591060551,-27.47738647460938,0.1493365840927802,-0.011714719235897064
-85.0,-0.1629869565217392,49.72028225103548,0.195384615384615,-0.1183467321065983,-27.32604026794434,0.06303843355303579,-0.024985864758491516
-115.2857142857142,-0.1255887959866222,61.46209865491589,0.170769230769231,-2.581581115980782,-30.12269401550293,0.3403236571735193,0.09827809780836105
-96.14285714285712,-0.1518839464882943,59.27475667451989,0.1261538461538469,-3.163162231961557,-29.79086112976074,0.4150054514391952,-0.12855744361877441
-3.714285714285708,-0.1119458193979935,48.52449572680568,-0.0838461538461539,7.075273133511597,-29.29311180114746,0.2724793929817459,0.1572055220603943
26.14285714285714,0.00153745819397999,-50.94644062560062,-0.1361538461538461,2.842784990944534,-30.38827705383301,0.3338308934750355,0.08658647537231445
62.71428571428574,-0.09163110367892968,-37.08539527160261,-0.04692307692307596,3.818274580193997,-33.86429977416992,0.1759323932259274,0.030383478850126266
-21.71428571428572,-0.05452357859531776,-40.26162890327112,-0.1830769230769229,2.508049883729147,-31.3505916595459,0.152366986061338,0.07981570810079575
-23.71428571428571,0.1299867892976589,-20.22249995777221,-0.05461538461538407,2.961131723051121,-34.74210739135742,-0.02232913820951699,0.16558341681957245
53.14285714285715,0.1724309364548496,-6.213218151355591,-0.05923076923076986,4.399855696174761,-35.61991500854492,0.03244746393319348,0.04390515759587288
-67.8571428571429,-0.2310660535117056,68.960304186277,-0.2030769230769232,1.606091526731333,-36.98590850830078,0.0634959793327152,-0.007472306489944458
-51.42857142857139,-0.2079071906354514,68.960304186277,-0.225384615384616,-0.09383632135604714,-33.80097961425781,-0.0799412563703461,-0.18829268217086792
-4.714285714285722,0.14017491638796,-70.66665519322949,0.02153846153846106,-2.236693464213197,0.0,0.4189046257282036,0.12657245993614197
10.71428571428572,0.1214518394648829,-72.11850241153199,0.01384615384615406,-3.591733660532991,0.0,0.2215843567051464,0.06456156075000763
37.57142857142856,0.1769013377926422,-59.36162937105421,-0.003076923076922977,-2.852937535496743,0.0,0.3195426416443895,0.14803805947303772
97.57142857142856,0.1771633779264213,-38.5623888572682,-0.02000000000000002,-3.650907026586289,0.0,0.0830509442689969,0.002229742705821991
-62.4285714285714,0.01016053511705695,-9.0934123787371,0.3661538461538461,-2.616244071283532,-30.62044525146484,0.0729327779274781,0.15399675071239471
-49.57142857142851,-0.01289498327759175,-4.50527193047489,0.352307692307692,-3.222335598014869,-30.45452690124512,0.0527869171067948,0.03929978981614113
-89.85714285714279,-0.02957692307692306,0.5431336156589026,0.333846153846153,-5.005947222906087,-30.28861045837402,-0.0764114503826322,-0.17283987998962402
-104.8571428571428,-0.01982341137123711,0.1568234427909942,0.349230769230769,-2.118346732106598,-33.12897491455078,0.1074661488295671,0.15948981046676636
6.714285714285722,-0.1709446488294315,15.9688242815285,0.253076923076923,-0.8672954016950598,-29.62494468688965,-0.05169835406038104,-0.019528821110725403
-168.5714285714286,-0.1832334448160534,3.105987815139102,0.273076923076923,-2.487744794624732,-32.76800155639648,0.3159671168295671,0.22258180379867554
-174.2857142857143,-0.2181600334448162,3.966511274733207,0.242307692307693,-2.202030508910429,-32.58751678466797,0.07356642415200254,0.17957733571529388
-196.2857142857143,-0.164028762541806,5.10183099459519,0.223076923076923,-1.748948669588469,-32.40702819824219,0.1381606355934403,0.32048436999320984
-120.4285714285714,-0.1427546822742478,5.116073649379288,0.2023076923076921,-1.261203874963741,-32.22654342651367,0.3057570362583629,0.2518232762813568
-131.5714285714286,-0.136360702341137,17.68031298854311,0.160769230769231,-0.463234383874191,-32.04605484008789,0.4039028137820589,0.19126707315444946
20.5714285714286,-0.1235769230769229,-70.23642824094588,-0.08769230769230796,3.640754482034083,-32.31290817260742,0.000316713963076698,0.06452405452728271
-15.42857142857143,-0.1573722408026756,-58.30097041033,-0.109999999999999,3.581581115980782,-33.27522277832031,-0.01655467880745326,0.06125447154045105
-54.85714285714286,-0.2361693979933111,-12.1032913844989,-0.124615384615385,2.557070705230238,-35.19985580444336,-0.009452894022140224,-0.0377732589840889
-17.71428571428569,-0.08699715719063561,-13.5508405488396,-0.09230769230769287,3.793764169443438,-37.12448883056641,0.04812073589290231,0.12654361128807068
44.0,-0.04626856187290951,-35.76269216810371,-0.2123076923076919,4.020305089104419,-36.19738006591797,-0.1248500744240957,0.11247272789478302
35.71428571428572,0.282201839464883,-65.69951494580049,-0.04230769230769305,-1.0,0.0,0.926191296824472,0.1512957215309143
16.0,0.2674051839464883,-28.86602501791501,-0.07615384615384602,-3.759101214140678,0.0,0.9530463457755475,0.12461124360561371
35.0,0.2436316053511705,-31.80001939371439,-0.089230769230769,-1.926468767748361,0.0,0.8624827950295896,0.15907332301139832
30.42857142857142,0.2538434782608696,-34.33564598857402,-0.07000000000000006,-2.06932591060551,0.0,0.9173816166159571,0.24838104844093323
-99.85714285714289,-0.02259130434782619,-1.838409793390198,0.2807692307692311,-1.926468767748368,-35.41331100463867,0.4103839436002613,0.10142423212528229
-122.7142857142858,-0.06761872909699007,0.5086215153540934,0.276923076923077,-1.271356419515946,-35.21825408935547,0.06629494815200254,0.20624233782291412
-128.8571428571429,-0.05391538461538459,1.585070013704296,0.2946153846153849,0.1775200981598886,-37.84899139404297,0.07447641169289851,0.3075621724128723
-123.8571428571429,-0.09184364548494983,3.473574497942991,0.28,-0.8571428571428577,-34.82814025878906,0.1304174255934403,0.26071858406066895
-152.1428571428571,-0.08412341137123769,2.768793283701399,0.2861538461538462,-3.901958356997827,-34.63307952880859,0.2915891112583629,0.06959822028875351
-101.4285714285714,-0.07190117056856182,1.660582714442299,0.312307692307692,-1.083683776803838,-37.63936233520508,0.1859384070887992,0.17503872513771057
-45.14285714285712,-0.06494297658862846,-15.08007775302811,0.274615384615384,-1.438723973123629,-31.68508148193359,0.2290975747820589,0.12844088673591614
-83.99999999999997,-0.05437792642140449,-1.436298109024705,0.2653846153846149,-3.877447946247283,-34.43802261352539,0.08108431078205891,0.00893738865852356
-59.0,0.01316454849498339,-106.9197076522552,0.2407692307692311,0.09383632135605069,-31.50459289550781,-0.03011136929551039,0.11619196832180023
-38.71428571428569,0.005417391304347818,-103.8226618834767,0.208461538461538,1.46323438387417,-32.01008224487305,0.2125563528072156,0.1731300950050354
-52.99999999999994,-0.01948695652173893,-5.367626806792501,0.2176923076923079,-0.6551123482324215,-34.24296569824219,0.1444850519397458,0.07803387939929962
-180.5714285714286,-0.0828429765886286,6.783982410458705,0.2307692307692311,-3.153009687409348,-37.42973709106445,0.1095576215516356,0.34227806329727173
-48.42857142857143,0.05951906354515069,-116.9942497738474,0.18923076923077,-0.5469181606780325,-33.05690765380859,0.127047768900621,0.172444149851799
-68.28571428571433,0.01654916387959882,-60.95095965476391,0.186923076923077,0.0,-34.04790878295898,0.1632352897044896,0.14751052856445312
-47.71428571428568,0.05037424749163877,-120.3167254993214,0.1623076923076929,0.3347351072153799,-34.10373306274414,0.2989071185759042,0.18251025676727295
-84.42857142857137,-0.2447107023411372,2.282990586030508,-0.134615384615385,4.912110901550026,-34.59420394897461,-0.09431805419278433,0.019667208194732666
-76.85714285714283,-0.1842021739130435,-36.0520633284888,-0.1692307692307691,5.281508964068163,-36.85687255859375,-0.082491186099379,0.08192328363656998
-51.57142857142857,-0.1859102006688962,-18.085926453159,-0.16923076923077,3.793764169443438,-37.98820495605469,-0.0981670754240957,0.0226927287876606
-109.8571428571428,-0.2028503344481608,0.5876037439618926,-0.1692307692307689,2.128499276658808,-39.11953735351562,-0.1309683948543197,-0.03173254430294037
-201.2857142857143,-0.1654635451505019,15.02954889366239,0.1499999999999999,-4.852937535496732,-37.22010803222656,0.307873644393833,0.060340769588947296
-147.2857142857143,-0.1227327759197328,14.05906080474911,0.1515384615384621,-4.508049883729161,-37.01047897338867,0.3385426948166376,-0.007943108677864075
-206.8571428571429,-0.1706575250836119,11.7746544944624,0.1646153846153839,-4.389703151622552,-39.58293533325195,0.3121346079881353,0.10809949040412903
-116.1428571428571,0.0623908026755855,4.453033088270999,0.1592307692307691,-2.261203874963744,-36.59122467041016,0.5448940735579237,0.22836148738861084
-123.1428571428571,-0.01377307692307694,7.020301684744993,0.1499999999999999,-1.689775303535171,-39.35873794555664,0.5619065679978346,0.22700926661491394
-170.8571428571428,-0.03860668896321084,3.627772452150609,0.158461538461538,-2.10398886590826,-42.15539169311523,0.7027868248481386,0.2944924831390381
-8.428571428571473,0.0918110367892977,0.2547579602330927,0.170769230769231,2.414213562373099,-37.17832565307617,0.2065241073377933,0.22362478077411652
5.714285714285808,0.1139585284280936,3.783053865681097,0.153076923076922,0.02451041075054761,-39.13454055786133,0.2485130651044143,0.13110017776489258
-51.28571428571432,0.01490953177257537,3.844128254934702,0.1599999999999999,-1.153009687409359,-41.91662216186523,0.3138018616270301,0.18633483350276947
-83.14285714285711,0.009905518394648816,-0.8640450150236063,0.17923076923077,2.665264892784627,-38.39416885375977,0.2593895856162199,0.3063405156135559
-59.14285714285718,-0.02446086956521754,1.892292716209099,0.160769230769231,0.7734590803390198,-39.762451171875,0.2666795962734125,0.19908055663108826
-207.1428571428571,-0.1033871237458194,-0.4401755243285095,0.1876923076923069,-1.487744794624728,-44.72784805297852,0.494782052314401,0.19726505875587463
-103.7142857142858,-0.02385050167224068,-1.529233671094005,0.218461538461538,1.630601937481881,-39.61001205444336,0.1659505173288449,0.21151655912399292
-63.71428571428572,0.04890819397993307,0.8567603709128946,0.1707692307692301,-0.6306019374818597,-41.67785263061523,0.242564238006625,0.15323832631111145
-108.7142857142857,-0.06135668896321078,0.3742610922246996,0.170000000000001,2.153009687409348,-41.06280136108398,0.2409349858599804,0.2872716188430786
-5.428571428571431,0.01296739130434799,-1.920120554436494,0.2223076923076919,0.6897753035351712,-40.82585144042969,0.1130676414003611,0.15782293677330017
-31.99999999999999,-0.02630384615384607,-83.77071161504469,0.2807692307692311,-2.69992784808737,-40.25086975097656,0.1514887844031468,0.2288990020751953
-93.2857142857143,-0.0496247491638796,4.531133882605005,0.1315384615384609,1.285714285714288,-43.73143005371094,0.1715621588347292,0.285321444272995
-89.42857142857146,-0.08937892976588624,9.667407399442396,0.1638461538461531,2.60609152673133,-43.66349792480469,0.3346212042280695,0.3379595875740051
-8.714285714285722,0.02023294314381263,-66.34335098258231,0.2192307692307691,-0.6652648927846201,-43.25753402709961,0.204196508828065,0.20278234779834747
-53.71428571428577,-0.01885434782608686,-113.393567097193,0.278461538461539,-1.428571428571431,-41.3822021484375,0.2416966221142197,0.21019667387008667
-4.428571428571431,0.01966672240802692,2.645260020430996,0.175384615384615,-1.261203874963741,-44.96384811401367,0.09298676154026358,0.1596388965845108
14.57142857142857,0.02326387959866194,-119.0067873802674,0.2192307692307689,-1.655112348232411,-44.4733772277832,0.1395538132260749,0.12728983163833618
16.0,0.0561928093645484,-108.7693483531624,0.2530769230769241,1.295866830266501,-43.64486694335938,0.506217982520557,0.20972198247909546
-76.71428571428572,-0.0888775919732443,22.66551690749041,0.04461538461538495,4.828427124746188,-45.11628723144531,0.3289849148324021,0.2837410867214203
-62.99999999999999,-0.1270795986622073,-72.57939611156402,0.1338461538461539,1.522407749927478,-45.68921661376953,0.1513370742216482,0.20112594962120056
-3.857142857142861,-0.1031301003344481,46.99951815478599,0.03230769230769193,0.8672954016950598,-46.26419830322266,0.02993543406037236,0.04828870669007301
-10.57142857142857,-0.04302006688963211,-59.74294276045572,0.105384615384615,3.53256029447968,-46.90505981445312,0.3211279132840416,0.3067818880081177
18.71428571428571,0.02485618729097006,-25.2255977375539,-0.081538461538462,1.546918160678032,-48.12089920043945,0.200102998498282,0.1660749912261963
-55.57142857142854,-0.1101652173913044,-1.226059944467806,-0.1823076923076932,-1.379550607070342,-47.56454849243164,-0.3876340413255004,-0.08937785774469376
171.5714285714286,0.1011872909698998,34.5527332788097,-0.23,-0.6407544820340831,-30.28031539916992,0.1551111650925913,-0.18177179992198944
-212.5714285714286,-0.1405245819397992,13.4020826970736,0.04076923076923089,-2.187672642712101,-44.22116851806641,0.452511782314401,0.25029340386390686
-56.57142857142857,-0.1387570234113711,10.299516041223,-0.009230769230768932,-0.8672954016950705,-46.40006256103516,0.1928609031931105,-0.04044153541326523
-62.14285714285714,-0.06680869565217373,7.9300826025558,0.05692307692307597,0.2265409196609802,-46.50114822387695,0.3380437264240437,0.13015586137771606
-48.14285714285715,-0.07181672240802661,2.81783329266591,0.02307692307692388,1.236693464213189,-47.86942672729492,0.3864887725921728,0.1244041919708252
56.99999999999999,0.04786304347826109,6.670270760412691,0.08769230769230796,1.177520098159892,-47.88600540161133,0.2560938051984073,0.222381591796875
-17.28571428571431,0.05330685618729081,5.327331604427101,0.05307692307692302,2.926468767748361,-49.33879470825195,0.2908855246699865,0.3853631317615509
-0.142857142857153,0.08624581939799347,8.280591141470794,0.119230769230769,0.08368377680385208,-49.2708625793457,-0.007523154778182883,0.18323548138141632
-12.57142857142857,0.03578511705685616,7.700500442042497,0.0838461538461539,2.187672642712101,-52.27752685546875,0.1969520486699865,0.3350123167037964
-14.71428571428572,0.04323277591973229,3.404967193278708,0.063846153846153,3.163162231961561,-53.73031616210938,0.4737176397908353,0.33085551857948303
-48.85714285714286,0.08872224080267566,-81.449970856633,0.2123076923076921,-0.3448876517675892,-48.86489868164062,0.3425907071738908,0.22948110103607178
-23.57142857142858,0.04470785953177248,6.996736674445543,0.1392307692307699,0.1428571428571495,-53.74689483642578,0.09776420628905724,0.2187834233045578
-34.28571428571429,0.1222789297658863,-95.8435618461691,0.244615384615384,1.118346732106588,-51.46559906005859,0.5780066304722085,0.24422436952590942
-26.85714285714286,0.03202675585284276,3.96146241099089,0.1053846153846152,2.49789733917693,-55.2841911315918,0.1939877591018363,0.29464593529701233
-73.99999999999997,0.05384096989966558,-4.138389855549804,0.2053846153846151,0.6060915267313298,-53.42543792724609,0.1859855059656336,0.22878965735435486
-77.7142857142857,0.04631688963210701,8.335457392364901,0.1576923076923071,-0.8571428571428505,-55.21626281738281,-0.09262672320599119,0.22674670815467834
-6.285714285714278,0.2350026755852844,-88.53126859658911,0.3023076923076931,1.03466295530276,-50.55258178710938,0.5494777872664135,0.280482679605484
20.28571428571431,0.1724463210702343,-47.13736359675198,0.2615384615384611,1.926468767748361,-52.76594924926758,0.4057862116997307,0.24457204341888428
-20.28571428571428,-0.01315618729097012,27.78936651680971,0.213846153846154,2.2366934642132,-54.81029510498047,0.04487002093579651,0.32978612184524536
7.857142857142847,0.08314966555183956,14.93045532598327,0.2907692307692311,1.27135641951595,-51.76842498779297,0.4891507371621451,0.3352484405040741
-33.71428571428571,-0.05185585284280936,9.42820716277474,0.1099999999999999,1.03466295530275,-56.83806991577148,-0.2443907254045988,0.20950016379356384
-12.14285714285715,0.1667627090301004,-66.53779181337259,0.2538461538461541,-0.08368377680384143,-54.06629943847656,0.5371322151343044,0.13947997987270355
-22.71428571428571,-0.00868662207357862,7.010098317015704,0.167692307692308,-0.1428571428571388,-56.68562698364258,-0.09761178518900604,0.11371327191591263
-15.85714285714286,0.05876354515050186,-36.89147591940549,0.1899999999999999,3.153009687409341,-56.19515609741211,0.4171540046056605,0.35921674966812134
-24.28571428571429,0.10671872909699,-2.467435691538896,0.173076923076924,1.975489589249463,-55.36664962768555,0.6585542288997923,0.202167809009552
-12.00000000000001,-0.1241237458193983,51.5814427685106,0.0615384615384611,3.901958356997831,-58.15499496459961,0.1053087765333902,0.18084216117858887
-60.85714285714286,-0.117889966555184,8.106522587678597,0.06153846153846199,3.842784990944523,-57.58001327514648,0.3644445906399489,0.24830448627471924
-62.42857142857143,-0.2081583612040133,50.42369799114149,-0.03615384615384509,3.069325910605514,-58.39194488525391,-0.3323170374045988,0.04286818951368332
-67.28571428571428,-0.1632565217391306,24.69953891032149,-0.01230769230769302,4.246846008765413,-61.09372711181641,0.03534796453339029,0.16922277212142944
-49.00000000000001,-0.05639548494983293,39.61657722452439,-0.02461538461538493,1.783611624891218,-60.3497314453125,0.377039080639949,0.16777735948562622
-35.85714285714286,-0.1470971571906355,60.56464596787499,-0.1484615384615391,-0.3448876517675892,-61.49969482421875,-0.2886506265914163,-0.1538577377796173
-75.71428571428574,-0.135728260869565,37.01164562636541,-0.1415384615384621,0.6060915267313298,-62.56309509277344,0.2375322139192492,-0.05297774821519852
-55.42857142857142,-0.07574297658862872,6.000110612483113,-0.04538461538461602,0.2612038749637513,-65.88394927978516,0.1278346444503844,-0.04212172329425812
-31.99999999999999,0.009000334448160285,9.837548809451604,-0.02923076923076917,0.8571428571428612,-67.30415344238281,0.06580396343688721,0.01751060038805008
71.1428571428571,0.0909929765886287,-19.35223250328052,-0.03461538461538494,2.43872397312364,-65.88394927978516,0.1857808948124746,0.13662996888160706
12.71428571428572,0.0823667224080269,9.633503014588399,0.01384615384615406,1.975489589249459,-68.72435760498047,0.1419816887224766,0.21982111036777496
37.85714285714288,0.08959648829431444,4.55683845716419,-0.005384615384615987,1.783611624891229,-67.30415344238281,0.2178384758124746,0.16772887110710144
-55.71428571428571,0.04478645484949839,3.325228051046196,0.110769230769231,3.508049883729139,-63.05356979370117,0.4515210734485021,0.3473058044910431
8.142857142857153,0.04218093645484944,2.284241496446597,0.08461538461538387,1.689775303535168,-70.14456176757812,0.297108633025966,0.23236411809921265
-49.42857142857147,0.04244899665551827,-2.267109469317802,0.06307692307692303,0.7489486695884615,-68.72435760498047,0.2256348984448275,0.0939556136727333
-42.57142857142857,0.0468098662207358,-19.19049567180089,0.130769230769231,3.10398886590826,-64.6074447631836,0.7206229476426237,0.3333779275417328
-84.28571428571426,0.04512324414715707,-2.937615066880909,0.1107692307692301,1.20203050891045,-71.56476593017578,0.325792190025966,0.15603181719779968
-40.00000000000001,0.07141187290969919,-33.8333076297921,0.0769230769230771,-0.2265409196609909,-71.56476593017578,0.2237300230310658,0.09093748778104782
-87.71428571428577,-0.02850953177257531,-1.100652704586494,0.1899999999999999,2.06932591060551,-64.03246307373047,0.4580865093280918,0.21683675050735474
8.0,-0.01763160535117048,-18.36638731881249,0.158461538461538,3.508049883729139,-66.16131591796875,0.3354197544611386,0.2986992597579956
2.714285714285694,-0.0002247491638797117,1.221890152329109,0.106153846153846,2.581581115980775,-72.98497009277344,0.2236077260989523,0.19911925494670868
-14.99999999999999,-0.1168160535117055,20.57270952595042,0.08615384615384691,4.044815499854959,-67.71519470214844,0.3551604914611386,0.22944611310958862
-118.8571428571428,-0.2430765886287626,26.0145182637508,0.02230769230769192,4.30601937481871,-75.82537841796875,0.03259274886154007,0.10916377604007721
-149.8571428571428,-0.2797702341137125,10.8712482554071,0.003076923076924087,4.316171919370916,-70.82294464111328,0.2558161897157938,0.15826046466827393
-53.71428571428572,-0.1671704013377927,-37.0349772297149,-0.1115384615384609,1.059173366053297,-86.98723602294922,-0.1063317134468621,-0.22079044580459595
-138.2857142857143,-0.2684001672240804,10.88765354198379,-0.05923076923076898,1.034662955302757,-77.2455825805664,-0.1243211888741017,-0.20191393792629242
-31.42857142857142,-0.1643352842809364,7.283951736844088,0.08384615384615413,-3.020305089104429,-34.42574310302734,0.2437032345409455,-0.04542039334774017
97.99999999999999,0.02312943143812718,6.620531568388401,-0.106153846153846,-2.044815499854973,-30.84449768066406,0.03140982400709769,-0.08581974357366562
-2.714285714285694,0.01697541806020042,10.3217966379851,-0.138461538461538,-0.5815811159807822,-34.25787734985352,-0.02862346550000003,-0.09236034005880356
18.57142857142861,-0.05285635451505011,19.8261194699697,-0.1530769230769229,3.591733660533002,-38.23543930053711,0.2102679240461642,0.2616185247898102
0.8571428571427901,-0.1491724080267559,53.4756732088791,-0.140769230769231,3.84278499094453,-38.00698852539062,0.2972996638204676,0.17717847228050232
-24.5714285714286,-0.2557739130434783,64.63860642922,-0.139230769230769,2.187672642712108,-41.58823394775391,0.4346184711059416,0.028451796621084213
-118.7142857142857,-0.241788127090301,53.97366860713342,-0.1892307692307689,2.0693259106055,-18.66547584533691,0.4735750210114554,0.004890918731689453
-69.42857142857146,0.02305117056856198,8.947142977167104,-0.07230769230769307,-2.424366106925302,-75.82537841796875,0.08995267578123878,-0.15332582592964172
-6.857142857142861,0.01502073578595331,8.164759328807506,-0.09230769230769198,-1.21218305346266,-83.4016342163086,0.07458438525204925,-0.22411230206489563
-18.8571428571429,0.01478678929765875,6.574752567428206,-0.02000000000000002,-0.4040610178208794,-78.66578674316406,0.3077488547652409,-0.1629931628704071
-6.285714285714292,-0.07921605351170558,10.26834295347641,0.08153846153846112,1.901958356997834,-77.2455825805664,-0.06383544495462523,0.08864903450012207
-40.71428571428577,-0.1396638795986622,8.142989518005209,0.05923076923077009,0.4877447946247209,-85.90400695800781,-0.1504134450108802,-0.13042491674423218
-119.2857142857142,-0.092278093645485,4.7818782916967,0.1169230769230771,0.2020305089104504,-80.08599090576172,-0.008170623234759034,-0.04669565707445145
-73.71428571428571,-0.01827826086956541,7.565777946795095,0.09846153846153816,-2.281508964068173,-80.08599090576172,-0.04382189701377148,-0.05931117385625839
-99.57142857142853,-0.01345401337792662,-9.926906492197801,0.01923076923076894,-1.783611624891218,-93.48025512695312,-0.1586479847540926,-0.02470497041940689
-72.8571428571429,0.006283779264213862,6.566960412905601,0.01000000000000001,-1.320377241017038,-87.15518951416016,0.07217221651252759,-0.03548938035964966
-131.2857142857143,-0.07041688963210702,4.310529869963304,-0.005384615384615987,-1.153009687409348,-81.50619506835938,0.07929194867351785,-0.08103147894144058
-58.5714285714286,-0.07339765886287619,-53.09694504374932,-0.130769230769231,-2.591733660532988,-101.3945465087891,-0.2876034974972503,-0.26144224405288696
-53.85714285714282,-0.08141923076923085,-26.8847408569687,-0.09692307692307689,-2.261203874963755,-94.56243133544922,-0.2253651507540926,-0.18763196468353271
-13.42857142857139,0.01513812709030082,2.190254472685098,-0.105384615384615,-2.901958356997824,-88.40637969970703,-0.1651045254874724,-0.11670749634504318
-52.14285714285714,-0.01369799331103694,-0.5954118949843092,-0.1192307692307699,-4.010152544552209,-83.0864028930664,0.2444065240909129,-0.45803022384643555
-58.0,-0.01579949832775929,1.895839881445909,0.0769230769230771,-0.3203772410170416,-43.35577011108398,0.1613636822929512,0.09016373008489609
1.714285714285694,0.002670234113712588,3.571992541762512,0.0507692307692309,2.320377241017042,-46.54069900512695,0.3278457961968904,0.2734886705875397
12.0,0.03253862876254188,3.471691964056802,-0.0538461538461541,2.926468767748361,-13.49896812438965,0.4983878412506585,0.12757910788059235
-66.57142857142861,-0.09927876254180601,14.4854724037676,-0.112307692307692,-0.3592455179659311,-42.04513549804688,-0.0920770241320821,-0.09074949473142624
-2.0,-0.05720150501672228,18.83925364472319,-0.09923076923076901,5.459029062228051,-25.66010093688965,0.0211401309037125,0.2003178745508194
68.8571428571428,-0.04658612040133769,62.1203775998183,-0.1092307692307699,3.950979178498898,-46.1905632019043,0.1036060394521355,0.15209141373634338
76.71428571428572,-0.07156989966555194,58.69354274556188,-0.137692307692308,6.316171919370923,-20.0972785949707,0.34628465663522,0.17810651659965515
18.42857142857143,-0.1656954849498329,23.63912089224289,-0.1569230769230769,4.518202428281356,-15.56994152069092,0.5589987991048627,0.08807696402072906
-42.1428571428571,0.112709364548495,-54.5866935248004,-0.1499999999999999,-2.093836321356051,-101.5094709396362,-0.2947132876113923,-0.11886686086654663
57.14285714285721,0.1532018394648831,-56.52466409216129,-0.1692307692307702,-1.891805812445615,-109.5341004729271,-0.353280248919488,-0.18108730018138885
-75.00000000000003,0.08348193979933094,-22.71579333765081,-0.03461538461538494,-2.936621312300581,-94.57515823841095,0.3536784923177849,-0.058284349739551544
-62.57142857142863,0.0425127090301004,-63.3491263767082,-0.04769230769230814,-3.912110901550019,-102.1626979112625,0.1120881598037174,-0.1831112653017044
-45.14285714285712,0.08358779264214067,-63.9829960161277,-0.07230769230769307,-1.665264892784613,-110.8211146593094,0.05898156777940367,-0.1002177819609642
-6.285714285714278,0.09273678929765894,3.564980169069301,0.02230769230769192,-0.8672954016950634,-88.60505402088165,0.2303676548697842,-0.0561072900891304
-31.71428571428567,0.0567822742474916,3.102505370182996,0.003076923076922977,-0.8326324463923065,-95.67989444732666,0.06915002887420574,-0.040627866983413696
-89.0,-0.0105576923076921,-15.76358077489131,-0.007692307692306999,-3.212183053462649,-104.0115671157837,-0.2646117605444975,-0.04847758263349533
-65.71428571428568,0.01088862876254193,-45.01983194742638,-0.04769230769230792,-4.936621312300581,-111.599106669426,-0.2402704596659222,-0.30101943016052246
10.0,0.02608879598662217,-5.29950611741711,0.1976923076923078,2.414213562373099,-42.53066325187683,0.4885380096560284,0.2376403510570526
-8.285714285714292,0.03870167224080268,-1.405172335805489,0.168461538461538,1.379550607070339,-49.16638255119323,0.5333990613570255,0.24901749193668365
15.85714285714292,0.0374675585284282,-7.687999268856487,0.1676923076923069,0.8816532678933982,-45.3305594921112,0.5217390632091381,0.20668575167655945
72.71428571428568,0.09611722408026746,-3.592401445532587,0.1007692307692309,1.153009687409359,-47.76027363538741,0.4939607073570255,0.1541818231344223
42.57142857142853,0.084889297658863,-8.366461320690505,0.08230769230769197,2.21218305346266,-51.34151905775071,0.2777953784706411,0.2471192628145218
-75.28571428571428,-0.0515295986622073,2.978716280753304,0.002307692307692122,3.212183053462649,-35.80093449354172,0.5246091330703613,0.17393778264522552
-73.28571428571425,-0.0830391304347824,9.444735790855901,-0.03384615384615408,5.163162231961561,-30.22231090068817,0.2911094245297259,0.15041899681091309
-90.99999999999999,0.0160607023411371,17.61441250713089,-0.03538461538461513,4.054968044407168,-54.13342595100403,0.2873014893600742,0.2333446443080902
-35.71428571428574,-0.1171369565217389,14.35117340526369,-0.02307692307692299,1.27135641951595,-41.06899130344391,-0.04354087930201869,0.05762573331594467
2.0,-0.1404229096989966,45.4177513394495,-0.08384615384615302,-0.5714285714285694,-9.151189804077148,-0.3000537040720189,-0.18518319725990295
31.14285714285717,-0.06600702341137132,71.9779358240727,-0.08999999999999986,4.926468767748364,-58.409135222435,-0.02668348864297448,0.1792539358139038
69.14285714285721,-0.02684882943143829,-1.199004958420119,-0.08615384615384603,6.80391671399564,-56.95901572704315,0.09524849219897924,0.21686717867851257
-17.85714285714283,0.06239113712374567,-5.81370321224631,0.251538461538461,4.828427124746181,-33.92057037353516,0.2672538370046122,0.23923099040985107
-29.42857142857139,0.02839749163879612,-4.428000007869898,0.295384615384616,1.759101214140667,-41.29459571838378,0.1300620045481756,0.2442707121372223
-145.2857142857143,-0.1123979933110368,-9.737730900928199,0.312307692307692,0.4632343838741804,-49.22073388099671,0.1623983157113223,0.2214474081993103
-74.14285714285711,-0.0396526755852844,-5.097167368819001,0.2607692307692311,1.63060193748187,-41.62428903579712,0.1427745404112766,0.251981258392334
-8.142857142857196,-0.07057190635451505,-6.580356383962396,0.2569230769230779,-0.3693980625181297,-52.44609117507935,0.212801491532452,0.05576387420296669
-24.4285714285715,0.1041158862876256,-17.0634270077642,0.217692307692307,0.1530096874093516,-58.47161746025086,0.01472300620618372,0.17484767735004425
1.571428571428598,0.09450484949832783,-7.648496141901205,0.2023076923076921,-0.7489486695884686,-48.7618989944458,0.2253115925481756,0.1436035931110382
-46.0,0.05248662207357868,-34.7235417364425,0.203846153846154,-1.034662955302739,-55.90569972991943,0.2073008409393722,0.2171400487422943
73.57142857142858,0.1505530100334449,-57.2558621104193,0.1330769230769229,-0.3795506070703389,-61.36704754829407,0.3479085355796966,0.06162204220890999
-10.1428571428571,0.09756153846153826,-9.133572543821998,0.1084615384615382,3.10398886590826,-41.74556279182434,0.5202982358766508,0.2826123833656311
28.1428571428572,0.1879351170568563,-65.7211150343219,0.08000000000000007,1.66526489278462,-60.36617970466614,0.3106375670065055,0.2369440793991089
-92.00000000000004,0.02193729096989983,-1.501733405289087,0.0276923076923079,3.103988865908264,-38.49911642074584,0.5406395680295762,0.1908540278673172
-94.14285714285717,0.1324386287625418,-27.533519178549,0.05846153846153901,1.950979178498898,-59.49097371101379,0.47189980146801,0.2827814221382141
13.0,0.1139123745819397,-38.9293598341728,0.007692307692306999,1.177520098159896,-64.58643054962158,-0.04468271553770209,0.14265379309654236
-58.71428571428571,-0.08747658862876273,6.639693398241704,-0.01461538461538492,3.10398886590826,-56.7608630657196,0.03779489735863112,0.21959295868873596
-6.142857142857153,-0.05101270903010047,35.03697680066708,-0.01000000000000001,-0.3795506070703389,-62.14193797111511,-0.2458681246421439,-0.052744604647159576
17.28571428571428,-0.1335983277591973,89.7155200329917,-0.01923076923076894,0.9509791784989012,-55.68345499038696,-0.03676795375709618,-0.060516439378261566
-102.2857142857142,-0.2584911371237456,88.0620848123905,-0.06153846153846088,4.138651821211013,-47.85496187210084,-0.025264869059981,0.0912562757730484
-23.14285714285712,0.1068966555183946,-46.15750621903221,0.2376923076923081,0.8224799018401008,-46.56492519378662,0.06407515706389039,0.27681654691696167
-26.42857142857144,0.07943829431438121,-7.285396131734103,0.281538461538462,2.153009687409359,-46.58727598190308,0.1220763078766508,0.2949541509151459
13.71428571428571,0.2096192307692306,-26.94109625406058,0.299230769230769,-1.60609152673133,-61.90822219848633,-0.171645707829281,0.30673670768737793
3.142857142857139,0.08176739130434785,-13.61857339316761,0.2453846153846162,-1.557070705230242,-54.58919143676758,0.1749878447079755,0.13293248414993286
-0.8571428571428044,0.1404844481605351,-42.91859591457161,0.2430769230769221,-3.06932591060551,-63.81057405471802,-0.03494398753199002,0.08725490421056747
39.28571428571428,0.152239966555184,-45.35791633140751,0.218461538461538,-2.877447946247283,-68.25902271270752,0.05197972927772143,0.09629826247692108
-46.71428571428568,0.1206727424749166,-14.8088002378984,0.2015384615384619,-0.8081220356417695,-54.40427160263062,0.2391638216373056,0.15107572078704834
52.14285714285714,0.2936812709030103,-56.3698270208874,0.203846153846154,-1.320377241017042,-69.72520971298218,-0.1324755606864097,0.12264645099639893
12.42857142857146,0.1123453177257523,-19.2168660598573,0.1530769230769231,0.16736755360769,-62.68301963806152,0.5671316330050963,0.1116124838590622
61.71428571428568,0.2429595317725752,-45.81910003683141,0.1469230769230769,-0.2265409196609909,-75.72961235046387,0.2256303431945353,0.03109804168343544
-47.1428571428572,0.1876846153846156,-58.779856778438,0.105384615384615,1.557070705230235,-69.79477548599243,0.5405563015442736,0.2625405490398407
-48.14285714285718,-0.005272073578595271,4.6672311125661,0.03846153846153899,2.675417437336844,-62.54413843154907,0.4728966948350941,0.300333172082901
48.14285714285714,0.2590453177257527,-31.6378042508087,0.0869230769230771,3.222335598014858,-77.13870143890381,0.3091221443135903,0.26316866278648376
-60.0,-0.1198978260869564,13.8336220536943,0.0130769230769221,3.355040196319791,-58.24541759490967,0.4396858035770424,0.16876879334449768
-68.99999999999997,-0.1815290969899664,72.803106835388,-0.01692307692307704,3.399855696174757,-58.80960035324097,0.1732930913234211,0.1355472356081009
-145.8571428571429,-0.2839311036789297,97.0050554216979,-0.04230769230769194,2.236693464213189,-58.60786008834839,0.0316543792228727,0.12250274419784546
-70.28571428571428,-0.3510752508361207,90.8107510198646,-0.04076923076923089,2.961131723051125,-63.65319061279297,-0.05235084035658089,0.047784388065338135
-24.0,0.1935046822742477,-46.4552419434205,0.181538461538461,-0.4285714285714377,-67.67347049713135,0.02838461565631456,0.13752113282680511
10.85714285714285,0.3298486622073579,-59.0249870688655,0.2323076923076921,-1.261203874963741,-74.05553817749023,-0.3329055687148913,0.20884475111961365
-76.5714285714286,0.2059193979933112,-63.12989327813591,0.2223076923076921,-1.66526489278462,-75.22467231750488,0.01629787765631457,0.1841886043548584
62.14285714285717,0.3354150501672242,-52.36818610041341,0.253076923076923,-0.1183467321066018,-81.79732608795166,-0.3094745003032676,0.08362702280282974
52.28571428571431,0.3256384615384614,-62.7152131345766,0.266923076923077,-1.665264892784634,-91.16321563720705,-0.1546701869535333,0.026390884071588516
10.28571428571429,0.2000401337792642,-91.7077280908826,0.2692307692307689,-4.971284267603338,-92.91088676452637,0.1435562767179505,-0.04164830595254898
-15.99999999999999,0.1650814381270903,-106.8882653669006,0.253076923076923,-5.946773856852786,-91.27471733093256,0.05673280800030178,-0.10506297647953033
41.71428571428571,0.3010015050167224,-61.06036940326528,0.3053846153846149,-0.522407749927492,-99.18184375762941,-0.04531471526444686,0.22303402423858643
-15.85714285714286,0.2021314381270903,-100.4428420506012,0.2507692307692311,-5.114141410460469,-99.30577373504643,-0.1891567319996982,-0.019663237035274506
-46.28571428571432,0.2618563545150502,-117.6989710479033,0.325384615384616,-6.054968044407168,-100.776237487793,-0.1008701225047691,0.1728573590517044
-7.0,0.06756304347826103,-3.457997362412598,0.2738461538461541,2.389703151622552,-66.84580135345459,-0.01611925235901279,0.2511191964149475
-53.42857142857144,0.002590969899665563,-5.649073592618009,0.247692307692307,1.842784990944519,-67.6610689163208,0.0928661583088333,0.21095570921897888
-8.0,0.02967374581939786,-7.519834752190903,0.2130769230769229,1.43872397312364,-63.45171737670898,0.0141630904596273,0.22644276916980743
-53.14285714285711,-0.003929765886287462,-11.97203508219019,0.17923076923077,0.9856421338016617,-63.50107002258301,0.1985399308877098,0.18168294429779053
-5.571428571428598,0.06656856187290983,-13.49600327132441,0.1807692307692301,1.0,-76.32655429840088,0.2879844880082461,0.11087193340063095
-50.42857142857149,0.03211387959866241,-11.74694877236099,0.177692307692308,1.950979178498908,-72.11719512939453,0.3602817759379129,0.3026549816131592
-7.142857142857153,0.000646655518394712,-9.58646518688839,0.1376923076923071,3.842784990944512,-73.80960655212402,0.3606841989467895,0.20115122199058533
-34.57142857142857,0.01688946488294307,-10.2010713151288,0.09615384615384581,2.46323438387418,-77.25629901885986,0.4170858825882107,0.0924287959933281
-27.71428571428569,0.0662307692307691,-11.48078663621951,0.05384615384615299,2.034662955302743,-74.7518663406372,0.353445665987885,0.23098379373550415
-45.85714285714283,0.08396571906354511,-15.58656510828321,0.07000000000000006,4.73459080339013,-77.28988933563232,0.4286929359379129,0.20379698276519775
47.57142857142857,0.1186596989966554,-24.38918648812358,0.05076923076923001,5.291661508620383,-80.53323554992676,0.1620041874910922,0.214243084192276
85.42857142857146,-0.06581053511705681,-0.08302457901228877,0.01230769230769302,4.330529785569261,-84.108229637146,-0.1725567534098619,0.004286855459213257
-25.42857142857143,-0.2220550167224081,72.2459128281822,-0.04384615384615409,2.187672642712108,-87.3969841003418,-0.2075314988937485,-0.1084994301199913
16.0,0.08743812709030108,-71.3843932355159,0.168461538461538,-0.8918058124456003,-87.79472827911377,0.3932003796263746,0.06300488114356995
31.85714285714288,0.1826698996655519,-98.1384154974986,0.178461538461538,-1.424366106925298,-103.5998630523682,0.3051064754979604,0.03567549213767052
32.85714285714289,0.1859110367892977,-7.033494618876503,0.04692307692307707,0.118346732106609,-94.46414184570312,0.2697181625599248,-0.020214922726154327
73.99999999999997,0.1868670568561871,-30.30235296821709,0.01923076923076894,0.571428571428573,-94.15812778472903,0.2165735588755293,0.0033731460571289062
85.71428571428572,0.09378695652173896,-55.5199636246777,-0.001538461538461044,1.512255205375276,-93.02144813537592,-0.06640336612447068,0.025509923696517944
81.85714285714283,-0.04910819397993305,-7.734956751179396,-0.03384615384615408,0.3550401963197842,-93.03009510040283,-0.1606600104994426,-0.17967182397842407
12.42857142857142,-0.2113207357859533,74.7819170688742,-0.06999999999999984,1.689775303535161,-94.19117546081542,-0.0183695747342546,-0.1499316692352295
-72.42857142857146,-0.2113207357859533,16.23355670190949,-0.079230769230769,1.916316223196151,-92.17735958099361,-0.0183695747342546,-0.1853834092617035
-42.85714285714286,-0.1525299331103679,27.45644789749301,-0.089230769230769,2.50804988372915,-99.90753269195562,-0.06429357489749699,-0.05901540070772171
-91.57142857142857,-0.01333829431438138,14.07652476738481,-0.07076923076923003,-4.281508964068163,-19.02007579803468,-0.687913996138719,-0.30726245045661926
-59.42857142857139,-0.005095150501672752,11.58663139357441,-0.06923076923076898,-4.281508964068149,-25.21631717681884,-0.6862957016277629,-0.26902610063552856
-17.1428571428571,0.1301978260869565,-70.90003631038489,0.089230769230769,0.6652648927846272,-91.38288784027098,0.1444235504052419,0.07356850057840347
12.28571428571428,0.1747628762541805,-60.36843849422679,0.04076923076923089,1.606091526731319,-93.19989204406743,0.09466455114551331,0.17346273362636566
48.71428571428575,0.1758528428093648,-7.879417476568406,0.01692307692307682,-1.320377241017031,-94.82599353790287,0.02380439291838876,-0.10724829137325287
36.4285714285714,0.07951204013377922,-50.65816566367099,0.00230769230769301,4.685569981889053,-93.80870056152345,0.007524614389313011,0.20768697559833527
76.14285714285714,0.009036622073578582,-53.75331999337781,-0.01923076923076894,2.606091526731326,-91.63068771362305,-0.0201466837342546,0.10729637742042542
52.71428571428567,0.0451290969899667,-62.8656023716227,-0.04692307692307596,2.295866830266501,-90.17130279541013,-0.03567784165205962,0.09416636824607849
2.285714285714278,-0.1721921404682273,-9.986699844345878,-0.08846153846153793,4.424366106925302,-89.24500179290767,0.04908622941273472,-0.05388326197862625
-55.42857142857143,-0.1106693979933109,0.07204654212591777,-0.140769230769231,0.3305297855692508,-87.65677070617672,-0.168162007578509,-0.34100696444511414
-87.99999999999999,-0.02677525083612031,15.76111100203511,-0.132307692307692,-0.4040610178208865,-31.61485862731934,-0.6262695947123669,0.004654020071029663
23.14285714285717,0.07819214046822742,1.540982658636509,0.05538461538461603,-0.9754895892494488,-77.14324951171875,-0.3170114779343215,-0.06476511806249619
1.0,0.09618177257525085,-0.7511247856997016,0.08461538461538498,-3.295866830266498,-77.83885192871094,-0.2767492267937794,-0.11351568251848221
-65.85714285714282,0.1202302675585283,-11.84626718593711,0.2253846153846151,-4.936621312300577,-84.06601715087886,-0.414310632612911,-0.014396324753761292
23.0,0.2496663879598663,-65.21319419937599,0.048461538461539,0.6897753035351784,-88.42947387695311,-0.04398113296531431,0.16369836032390594
67.71428571428575,0.2174100334448162,-95.2209524375091,0.003846153846154055,0.5815811159807787,-86.6570358276367,0.02890284549189512,-0.030041925609111786
85.28571428571426,0.223039966555184,-87.8111681990262,-0.04230769230769194,4.601886205085194,-85.4853363037109,0.07687307903468571,-0.03984231501817703
144.5714285714286,0.04551739130434784,-90.2847168100094,-0.08230769230769197,0.9264687677483607,-86.40197944641118,-0.08994454708616895,-0.14564254879951477
12.28571428571428,-0.06400451505016713,-2.184529734592388,-0.1361538461538461,6.493692017530808,-79.80562400817871,0.3755216060862206,0.04047577083110809
-29.14285714285713,-0.177930769230769,7.344010342951208,-0.1800000000000002,4.222335598014869,-78.83728981018066,0.09768853585490159,-0.07438977807760239
-4.285714285714306,0.09210301003344468,-58.9300076903219,-0.2146153846153851,-1.497897339176937,-64.56048011779785,-0.4753489310494461,-0.05869612097740173
91.85714285714285,0.1130814381270903,-49.695402070282,-0.05769230769230704,-0.2265409196609767,-84.33648681640626,-0.2020525770861689,-0.13776108622550964
194.2857142857142,0.1193053511705687,20.0221327705728,-0.1184615384615388,6.459029062228073,-76.05503845214844,0.2888289254484133,0.11910442262887955
100.4285714285715,-0.01055752508361196,30.60553868465848,-0.1569230769230772,7.863090080048938,-74.04055213928223,0.6328096546476573,0.20073971152305603
65.14285714285715,-0.1089165551839466,35.3387608062493,-0.1584615384615391,2.306019374818703,-80.97686958312988,0.1651139780397025,0.009918391704559326
96.00000000000004,0.03590250836120401,31.36885115583888,-0.1099999999999999,6.873242624601151,-71.93369674682617,0.4077272523912939,0.1920885443687439
52.57142857142861,-0.05627675585284286,43.15596624765649,-0.133076923076924,6.50804988372915,-66.71222686767578,0.5781641523987022,0.24971941113471985
17.1428571428571,0.02752374581939809,66.40762422595859,-0.03692307692307684,1.43872397312364,-69.02096176147461,0.07577464105683121,0.05052347108721733
7.428571428571431,-0.06136438127090305,69.6416502475449,-0.06076923076923113,4.103988865908271,-63.76792144775391,0.17472611697129,0.1215926855802536
26.4285714285714,0.08588344481605337,-54.16857138417309,-0.0769230769230771,-3.581581115980789,-100.0889434814453,-0.1409955838269234,-0.10408075898885727
-28.5,-0.07647296195652176,69.38536802553378,1.001875,0.375,0.0,-0.0132823200325678,0.4409947991371155
-9.125,-0.09972635869565216,59.73430443576869,0.998125,2.112436867076447,0.0,0.7246345899153838,0.5187617540359497
-32.875,-0.108583695652174,40.83678966438418,0.998125,2.465990257669731,0.0,0.8027591682018194,0.502428412437439
-0.125,-0.0925297554347827,17.17217849664139,0.9912499999999999,0.832106781186539,0.0,0.2004936327168946,0.43036985397338867
-38.0,-0.04038206521739129,16.0608947802252,0.9993749999999998,1.383883476483177,0.0,0.3987958052290266,0.5620431900024414
-71.375,0.1157539402173912,-33.33831958606581,1.006875,1.685660171779816,0.0,0.5860536569120768,0.62220299243927
-38.25,0.0574653532608696,1.000534293034605,1.000625,1.051776695296638,0.0,0.4201888290112754,0.4845529794692993
-19.125,0.02599375000000004,51.91400075447319,0.9987499999999999,1.957106781186546,0.0,0.4361065128431166,0.6045499444007874
14.25,-0.01859347826086949,26.8212351853696,0.998125,1.405330085889901,0.0,0.4774453998914952,0.5473379492759705
-4.75,-0.06845516304347832,16.93263661339262,0.9974999999999999,2.121320343559645,0.0,0.8055176830429731,0.5691561698913574
66.375,0.03101711956521735,-29.46706850806629,0.999375,1.280330085889901,0.0,0.5102272854339127,0.5478137135505676
-5.5,-0.05726970108695639,20.4337814395038,0.9993749999999998,1.780330085889908,0.0,0.8531270478022204,0.5959641933441162
-14.625,0.006590353260869597,-30.03389719788609,1.01,1.737436867076461,0.0,0.6147827398980665,0.5519319176673889
-55.125,0.005674184782608616,-7.201924584822905,1.00125,0.75,0.0,0.5197519407086053,0.3962860405445099
-42.5,0.02092758152173901,-18.10722359201051,0.9993749999999999,-0.2714466094067305,0.0,0.3743270644078387,0.4540767967700958
-35.875,-0.001308559782608743,5.715001337914686,0.99875,0.8017766952966312,0.0,0.5741697708958863,0.4445011019706726
36.625,-0.01962567934782611,33.53732753951101,0.9974999999999999,2.664213562373106,0.0,0.5218977974390172,0.6314314603805542
-10.125,-0.05305203804347824,47.13822256086161,0.9993749999999998,2.612436867076458,0.0,0.9807548501079952,0.5175100564956665
-63.0,-0.03751317934782611,-36.6688514937664,1.006875,2.560660171779823,0.0,0.5404000069045808,0.5718668103218079
-52.5,-0.0233296195652174,-28.57243102922462,1.005,2.590990257669741,0.0,0.6777227132619289,0.5685742497444153
-70.875,-0.05583410326086952,-20.99272243236322,0.998125,0.008883476483191544,0.0,0.5597562421329488,0.4579608738422394
-34.375,-0.04961086956521749,-47.22876531072291,0.9975,0.457106781186539,0.0,0.2547604214078387,0.5105836987495422
-157.5,-0.06717880434782608,45.07832004715661,0.994375,0.5088834764832058,0.0,0.541362603968778,0.5601343512535095
47.5,0.06101888586956528,-52.65716996233388,0.998125,0.25,0.0,0.4733814398952043,0.5503956079483032
-67.125,-0.1025851902173913,48.26384551292961,0.995,2.508883476483188,0.0,0.4316934558755224,0.5990197658538818
-56.625,-0.09313355978260857,47.5376258121982,1.01875,0.4785533905932766,0.0,0.261872359025369,0.4671611785888672
51.625,-0.03839646739130431,-9.155773028850803,1.019375,0.9482233047033759,0.0,0.4763630111494174,0.4141080975532532
-149.625,-0.2312811141304348,87.72787348607639,0.9856250000000001,0.08210678118655323,0.0,0.2385469245192579,0.46479886770248413
-76.0,-0.1607570652173914,96.4128362523794,0.9868750000000001,1.207106781186553,0.0,0.4883682496934058,0.4425048232078552
71.625,-0.0728816576086957,-19.1786936838177,0.9956250000000001,1.435660171779809,0.0,0.6885481257495566,0.5018130540847778
-79.625,-0.1352372282608696,9.646576427898708,0.9950000000000001,1.258883476483206,0.0,0.7288834712106546,0.4515435993671417
-41.375,-0.2163161684782609,82.86404805064491,0.988125,2.819543648263004,0.0,0.5909505527863036,0.4483410716056824
-21.375,-0.1343585597826087,70.28836311530532,-0.002499999999999947,1.70710678118656,0.0,0.4902763382106546,0.01562085747718811
-56.875,-0.1254766304347826,74.2936282988043,-0.02124999999999999,1.487436867076458,0.0,0.05163602964627079,0.06801830232143402
-50.125,-0.1974262228260871,83.9346923907258,0.9831249999999999,1.978553390593273,0.0,0.5542086572453874,0.44402194023132324
-119.875,-0.1845256793478262,80.89627864531299,0.9831249999999999,-0.6464466094067234,0.0,0.6267330893278019,0.420615017414093
-190.875,-0.1899460597826087,78.0086128893283,0.9824999999999999,1.133883476483206,0.0,0.8053046578562753,0.5261627435684204
-108.625,-0.2386638586956522,86.03919384115541,0.98,0.02144660940672338,0.0,0.2950327988663748,0.3452897369861603
-66.25,-0.09297038043478262,90.4076104416959,0.98125,1.530330085889915,0.0,0.4799975026164027,0.5165231227874756
-114.375,-0.1778445652173914,88.46260275535349,0.97625,3.039213562373103,0.0,0.6391092147977788,0.5213096141815186
-138.75,-0.205064266304348,65.47388282733671,-0.02875000000000005,-0.6249999999999858,0.0,0.1829113632328453,-0.052860163152217865
-134.5,-0.1888307065217392,67.1611498897652,-0.03125,0.2714466094067305,0.0,0.1014433138751323,0.0552673377096653
-106.625,-0.1233741847826086,42.90291729105581,-0.03000000000000003,1.258883476483181,0.0,-0.07342307297927622,0.10420939326286316
-114.375,-0.2012002717391305,68.1445162369991,-0.03000000000000003,0.9785533905932837,0.0,-0.2084765362468239,-0.04808089882135391
-71.375,-0.1831927989130436,74.59343484007348,-0.03187499999999999,2.237436867076458,0.0,0.04507708087513231,0.022764921188354492
96.0,0.04281875000000002,37.8667245603192,-0.010625,2.487436867076458,0.0,-0.0568907170882485,0.16573816537857056
123.5,-0.02551127717391311,9.129911390054502,1.015,2.185660171779823,0.0,0.4156368491320971,0.49559909105300903
11.875,-0.03052472826086955,2.884178658419103,1.01625,1.603553390593266,0.0,0.6225249392173986,0.5227163434028625
112.875,0.004999320652174011,35.45036200231809,0.98625,3.465990257669727,0.0,0.447159390783117,0.572970449924469
-75.5,-0.09878423913043483,-2.804964613853599,0.04812499999999997,-0.09466991411007797,0.0,0.08043578071143181,-0.07975884526968002
-59.75,-0.1323123641304348,-1.085373110629291,0.04374999999999996,-0.6035533905932695,0.0,-0.01627254427396679,-0.1092023029923439
0.125,-0.07397459239130444,-12.34813572045249,0.01937500000000003,0.6767766952966383,0.0,0.1054230370313057,0.049651987850666046
97.0,-0.05011114130434779,-8.803751846046708,0.01187499999999997,2.332106781186557,0.0,0.2225757317152163,0.07519987970590591
54.125,-0.0833740489130434,2.727326314179379,-0.03375000000000006,2.112436867076461,0.0,-0.1386787391693122,0.024544894695281982
91.625,-0.05280516304347821,-1.147049500872299,-0.04000000000000004,1.237436867076458,0.0,-0.1357347361496298,-0.013094469904899597
72.625,-0.05006711956521742,-10.44833053972852,-0.05000000000000004,2.039213562373089,0.0,-0.06237382711458433,0.10108328610658646
-57.625,0.02972690217391311,-1.678775940995507,0.9581250000000001,-0.1464466094067163,0.0,0.5951061690613108,0.36253178119659424
135.5,0.0151141304347826,-19.18693269915988,0.9162499999999999,-1.051776695296631,0.0,0.696101660213149,0.35221022367477417
125.375,0.0244370923913042,1.751396395222315,0.9412499999999998,3.642766952966365,0.0,0.5642086487398921,0.4820556938648224
147.75,0.05744551630434791,14.60905928722511,0.9499999999999998,5.880203820042823,0.0,0.4687737743992654,0.6094784736633301
13.625,0.0174805706521739,-28.7111140974242,0.916875,1.892766952966365,0.0,0.2858419743847381,0.587094247341156
13.875,-0.05859470108695664,-50.57806479628599,-0.08437499999999998,-2.444543648263,0.0,0.2440041329135464,0.12035536766052246
-47.125,-0.08850353260869565,-57.68703297613771,-0.083125,1.383883476483188,0.0,0.3830440006941065,0.09081851691007614
-60.625,-0.1028260869565218,-44.25587246600571,-0.08437499999999998,-0.5303300858899149,0.0,0.2566844955596759,0.018733210861682892
5.75,-0.0588729619565217,-42.93578264621109,-0.07750000000000001,3.267766952966365,0.0,0.177610478300225,0.27116748690605164
-99.125,-0.09396345108695664,-43.3320919839278,-0.08437499999999998,0.7588834764831844,0.0,0.1433561051423606,0.05718962848186493
1.5,-0.07907975543478274,-19.46786402876671,-0.06562500000000004,4.423097038856277,0.0,0.263635931739892,0.11634460836648941
65.875,-0.09186358695652169,-46.8774005757397,-0.09375,1.228553390593277,0.0,0.1235566357438657,0.010531619191169739
165.75,0.005807744565217376,-0.4229627378383043,-0.05874999999999997,4.974873734152919,0.0,0.01296343976250372,0.02287706732749939
112.625,-0.01710801630434794,-0.7485304219229079,-0.05125000000000002,4.04809703885628,0.0,0.2007373904482088,0.03256753087043762
77.125,-0.07364918478260879,-22.5101074727105,0.9193749999999998,4.539213562373089,0.0,0.5962091284894241,0.48276954889297485
137.0,0.0005740489130434123,10.4660635059999,0.92875,4.901650429449539,0.0,0.4908906504632332,0.5534529089927673
102.375,0.01805774456521742,18.4689552156822,0.9356250000000002,3.871320343559638,0.0,0.6735852563222758,0.5587301254272461
-64.0,-0.0962697010869566,-50.26355182233681,0.916875,0.9571067811865461,0.0,0.5007224795360127,0.40292707085609436
23.375,0.00662826086956525,-58.26832813087759,0.9249999999999999,3.944543648263011,0.0,0.374576354328463,0.5714483857154846
6.375,-0.05243478260869566,-39.0334364073432,0.915625,0.7500000000000142,0.0,0.2247216632030918,0.4613732695579529
-26.5,-0.06100557065217388,-30.7716650584405,0.9025,0.4571067811865461,0.0,0.6554505480743448,0.4759681522846222
-6.5,-0.1286142663043478,-38.26227422369169,0.9056249999999998,3.642766952966362,0.0,0.4349374702705125,0.4840783178806305
20.5,-0.1094470108695653,-1.639800279029288,0.9124999999999999,2.444543648263,0.0,0.09394935919761155,0.37310513854026794
103.5,-0.06684225543478262,-25.37115811030458,0.9206249999999998,2.164213562373089,0.0,0.4924284308344141,0.4644398093223572
53.375,0.01252595108695648,-2.315083209469179,0.9268749999999999,1.853553390593284,0.0,0.534911617494018,0.4371001124382019
-60.125,-0.02791317934782622,-20.51652418127722,0.9037499999999998,0.8017766952966454,0.0,0.2629225115424866,0.49029430747032166
-88.0,-0.04078179347826083,-30.95811321605629,-0.08687500000000004,1.487436867076461,0.0,0.4469145622895522,0.1913064867258072
-8.875,-0.0646135869565217,-22.19107986487012,-0.1075,3.423097038856266,0.0,0.2771783664075356,0.2141304612159729
-21.0,-0.07233668478260857,-25.62676163261671,-0.0993750000000001,2.030330085889915,0.0,0.2461839230785642,0.14797508716583252
36.375,-0.0807751358695653,-16.93180713517731,0.9118750000000001,2.151650429449553,0.0,0.3221918293997418,0.46841487288475037
67.25,-0.0233790760869565,-11.37642187219402,-0.08499999999999996,-1.164213562373085,0.0,-0.07621201596892407,0.021241262555122375
-40.75,-0.08244864130434781,-25.34840440343189,-0.09812500000000002,-0.1464466094067234,0.0,-0.04307769667937572,-0.03747445344924927
88.125,-0.03591861413043479,-14.94139372173058,-0.09687500000000004,-1.883883476483184,0.0,-0.2711413005405318,-0.07080050557851791
33.0,-0.07519918478260873,-9.695048572398093,-0.1112500000000001,0.7285533905932766,0.0,0.1431424114075356,-0.07612166553735733
90.625,-0.06855081521739131,-4.940615280943916,-0.104375,0.6464466094067305,0.0,0.04566660867901601,-0.10587936639785767
96.625,-0.03917581521739127,5.397389262960786,-0.1106250000000001,2.862436867076458,0.0,0.1520075182252937,0.13366417586803436
37.125,-0.08778491847826086,64.8653754664856,-0.100625,0.375,0.0,-0.1440540525107772,-0.052843496203422546
-34.0,-0.1416351902173912,-72.99873267225291,-0.08750000000000002,-0.02144660940672338,0.0,0.4725363142895522,-0.014552511274814606
-56.375,-0.0652548913043478,-60.95855183755489,-0.1006250000000001,-1.353553390593277,0.0,-0.09747887043454323,0.0451396107673645
59.75,-0.09526752717391296,-26.7231019661545,-0.09750000000000003,0.2196699141100993,0.0,-0.1375929844146329,0.012102551758289337
-11.5,-0.01185108695652182,-11.98549285210251,-0.09312500000000001,1.215990257669738,0.0,0.03753095216333685,0.06734522432088852
91.625,-0.1113657608695652,-11.05936881677241,-0.1112500000000001,1.22855339059327,0.0,-0.07706608656301439,-0.06629671901464462
35.625,-0.124890625,3.867144729901185,-0.1112500000000001,1.051776695296642,0.0,-0.1146022859593006,-0.049394749104976654
68.625,-0.07709701086956522,-0.8329086480680985,-0.1062500000000001,-2.103553390593255,0.0,-0.3220166747177493,-0.14303630590438843
13.125,-0.1931020380434783,64.54810472029402,-0.1025,0.4053300858899078,0.0,-0.2316506814317211,-0.16885113716125488
-72.75,-0.1980144021739131,46.54253581925082,-0.101875,0.6856601717798227,0.0,-0.6712813998304843,-0.11048853397369385
8.75,-0.0679504076086957,49.0911064991011,-0.09687500000000004,-1.353553390593277,0.0,-0.4524688614146329,-0.06482948362827301
-45.375,-0.1148671195652174,-83.8340141848266,0.9018750000000001,0.7803300858899078,0.0,0.3561342837826731,0.3086947798728943
48.375,-0.008779755434782599,-49.79906926827439,0.9168750000000001,3.207106781186539,0.0,0.5086725904299527,0.5728526711463928
161.0,-0.07266413043478259,-5.439756740416982,0.8962499999999999,0.9053300858899078,0.0,-0.1142967484146329,0.1567564755678177
43.625,-0.03098029891304349,-27.09637148125282,0.8887499999999999,-1.914213562373085,0.0,-0.07063144763039386,0.43255937099456787
132.5,0.0234254076086956,12.24954991172848,0.9006249999999999,2.289213562373096,0.0,0.1392767991633369,0.4280382990837097
103.125,-0.0634936141304348,-0.8388487179734057,-0.11875,1.508883476483181,0.0,0.2753529789054322,0.004943177103996277
-92.0,-0.1701660326086956,57.91569414570219,-0.115,-0.75,0.0,-0.02132704763762722,-0.08708373457193375
172.375,0.0297448369565218,19.07521734241089,-0.09062499999999996,1.103553390593277,0.0,0.2721196964800277,0.011798001825809479
99.5,0.04936630434782607,-99.44128711099619,0.8956249999999999,-0.0517766952966241,0.0,0.3375499894943235,0.17764627933502197
42.875,-0.09052853260869564,-63.37813829995659,0.8906249999999999,0.7803300858899078,0.0,-0.02152480218516639,0.2780572175979614
81.25,0.04679021739130429,-79.43926082804671,0.9031249999999998,0.375,0.0,0.9738296896075697,0.4333396852016449
163.0,0.1060847826086956,-56.9007006124931,0.903125,3.444543648263007,0.0,0.8826193452047456,0.43977785110473633
139.625,0.08131385869565211,-32.00497171624798,0.8937499999999999,1.957106781186546,0.0,0.073130620553155,0.4348068833351135
91.875,0.01700203804347833,-31.97563925029698,0.8806249999999999,-1.332106781186546,0.0,0.1701592111107635,0.3937849700450897
62.125,-0.004137500000000016,-19.22823264920589,0.8775,3.36243686707645,0.0,0.6723617140016175,0.33464527130126953
82.0,-0.01851345108695662,-8.148540532902786,0.8781249999999999,1.832106781186543,0.0,0.5624518055266586,0.2688837945461273
130.875,0.002098369565217417,28.93749658101879,0.8962499999999999,-0.1338834764831844,0.0,-0.04542898066017598,0.2534210681915283
-36.375,-0.1284625,12.81852812410079,-0.11875,0.0,0.0,0.0710758927422866,-0.13425031304359436
-60.125,-0.2443422554347827,65.14305295677042,-0.11875,-2.017766952966383,0.0,-0.4447910541677731,-0.1714268922805786
109.75,0.1936809782608696,-77.15594928843021,0.9037499999999999,0.1767766952966454,0.0,0.7246413136759339,0.48291105031967163
36.625,0.09075013586956526,-96.09223147632049,0.8937499999999999,-0.2803300858899149,0.0,0.6513486907826731,0.24239346385002136
93.125,0.1536438858695652,-71.82937811542949,0.8937499999999999,2.185660171779826,0.0,0.430823589265679,0.34390491247177124
-44.0,-0.05220407608695654,-54.29712471917398,0.8837499999999999,-0.875,0.0,-0.290020042940685,0.42159879207611084
30.125,0.1139783967391304,-65.58949097315092,-0.115,-0.1767766952966383,0.0,-0.1371311681311371,0.10191524028778076
105.375,0.1556092391304348,-63.46160189478691,-0.10625,1.008883476483192,0.0,0.2036246178539794,-0.025527358055114746
139.375,0.02944904891304334,-90.6046125759278,-0.12875,2.289213562373099,0.0,0.03310587055893383,-0.03064396232366562
50.5,0.1781941576086957,-87.98767067556152,-0.1012500000000001,-2.517766952966365,0.0,0.1434382235550531,0.013969242572784424
63.25,0.02768097826086957,-54.1237836804012,-0.1337499999999999,0.0732233047033759,0.0,-0.1660714832209758,0.05703718587756157
168.75,0.1326137228260869,-42.53556132273299,0.09624999999999995,0.3106601717798299,0.0,0.2323099962440305,0.01645398885011673
120.0,0.03265543478260857,-47.7950570793449,0.07187499999999991,0.375,0.0,0.1055175024893972,0.1188955307006836
122.5,0.1607559782608696,-51.63632792432711,0.1575,0.6035533905932802,0.0,-0.1894492795914478,0.10415820777416229
156.0,0.1836563858695652,-46.00571523021111,0.1537500000000001,-0.125,0.0,-0.05528702120449597,0.05830278992652893
110.375,0.1182195652173912,-52.38061974589171,0.1537499999999998,0.1982233047033617,0.0,0.3773761590022432,0.09886795282363892
85.875,0.1469082880434784,-52.39585403252021,0.1681250000000001,0.1464466094067305,0.0,0.4333207817909771,0.035214297473430634
56.875,0.1408788969861661,-50.1656734344086,0.1625,0.5821067811865497,0.0,0.7538792029413725,0.11161856353282928
142.625,0.1901114130434784,-72.38663788756772,0.219375,0.4482233047033688,0.0,0.2866360558747166,0.0921967476606369
139.875,0.193839266304348,-46.86832219801811,0.224375,1.33210678118655,0.0,0.4747110490274427,0.07918225228786469
162.25,0.2100103013833993,-24.98584854243978,0.306875,-0.8838834764831809,-3.359084606170654,0.6736776144102241,0.08564023673534393
-15.75,0.1149966032608696,-18.5635157784977,0.295,-0.7803300858899114,-2.740985631942749,0.7392402989158539,0.18423858284950256
46.75,0.1481540760869566,-74.56491689963602,0.293125,-4.474873734152908,-2.227208852767944,0.7059298253010868,0.09299924224615097
-17.0,0.2357679347826087,-41.675649375123,0.3506250000000001,-1.530330085889918,-3.243911266326904,0.258849032396979,0.28338637948036194
4.875,0.2393722826086956,-82.39744430948788,0.3387499999999999,-2.935660171779819,-4.013504981994629,0.313374830396979,0.23429307341575623
-19.0,0.2999782855731226,-52.49123848581139,0.31875,-1.0,0.0,0.2825073055073016,0.391578733921051
-2.875,0.2679119565217392,-39.77830947785429,0.3037500000000001,-1.862436867076447,-5.030207633972168,0.2825717012171897,0.38786131143569946
50.625,0.2269172554347826,-9.901549149283099,0.308125,-0.3624368670764575,0.0,-0.01923586273253039,0.19992688298225403
32.875,0.2093547554347827,-12.26034852669268,0.355625,1.590990257669731,-4.996762275695801,0.4624668274671496,0.2896444499492645
44.5,0.3450153532608696,-63.32297673333251,0.355625,0.5946699141100957,-6.431706428527832,0.5017271688975291,0.25915807485580444
33.0,0.2972235054347827,-51.908765549956,0.363125,-1.164213562373092,-6.097037792205811,0.6195073722171897,0.30561789870262146
88.375,0.287009918478261,-27.7986338188653,0.3243750000000001,-0.9874368670764575,-4.378663539886475,0.616167620859406,0.20675146579742432
29.5,0.275592527173913,-45.36453447898579,0.3087500000000001,-2.444543648262997,-6.931676864624023,0.524144512063913,0.3098222613334656
68.375,0.3317847826086957,-35.52575447372111,0.2825000000000001,-1.85355339059327,-4.888452529907227,0.3634864765774594,0.2968454957008362
-21.875,0.1705407608695653,-13.78475596382479,0.18,-0.5732233047033723,0.0,-0.04632084583412943,0.10141277313232422
11.0,0.2092400815217391,-19.3525517303536,0.179375,-0.7285533905932802,0.0,0.171473835520347,0.1366412192583084
29.375,0.1506698369565219,-7.317872572080091,0.26625,-0.3535533905932837,0.0,-0.09118554700869419,0.10087285190820694
-20.25,0.1007224184782609,-9.989108573933805,0.1649999999999999,0.6856601717798192,0.0,-0.08388133247647223,0.13211855292320251
-16.75,-0.09748682065217396,12.9189744260713,0.1368749999999999,-2.633883476483177,0.0,-0.0128977221238607,-0.007517367601394653
92.375,0.1342172554347826,-19.2577129794429,0.2212500000000001,-2.039213562373096,0.0,-0.2411165038966067,0.08065224438905716
-54.17857142857139,-0.008182744565217392,17.77609078108171,0.1681250000000001,-1.407342556822194,0.0,-0.0712146327232065,0.050158776342868805
-56.125,-0.00834809782608692,0.03963218682159209,0.165,-1.030330085889915,0.0,-0.0368374000541952,0.03386915847659111
88.5,0.1235123641304348,-19.98547642472431,0.25625,-1.935660171779819,0.0,-0.2842783028966067,0.08482380211353302
70.0,0.168875679347826,-25.3549980371094,0.21125,-1.228553390593273,0.0,-0.4230397113001285,0.15340249240398407
42.75,0.1585677989130435,-18.6971026323809,0.223125,-0.8321067811865426,0.0,-0.1566528786417769,0.10628844797611237
50.125,0.1219934782608696,-30.6268315839001,0.1762499999999999,0.1035533905932695,0.0,-0.2682630075094581,0.17014455795288086
5.75,0.01294320652173919,-0.4594252872566074,0.1656250000000001,-0.6035533905932695,0.0,-0.1012558592393274,0.038977645337581635
75.625,0.05018274456521743,-1.516780841817791,0.225,-0.9267766952966312,0.0,-0.06328694520055372,0.06348475813865662
4.0,0.02152350543478254,9.9489380476479,0.1431249999999999,0.219669914110078,-0.1312464326620102,-0.140055249714901,0.14310038089752197
17.875,0.02421752717391301,34.78011761458148,0.1775,-0.9571067811865461,-0.1532944142818451,-0.1136304250976436,0.09876881539821625
7.625,0.0854703804347825,6.159508513010891,0.155,0.155330085889922,-0.1973903477191925,0.1667961334751409,0.13560809195041656
45.75,0.00305421195652178,45.2150770169646,0.09812500000000002,0.9267766952966277,-1.480912804603577,0.3744401079837252,4.827976226806641e-06
27.5,0.0557639945652173,-4.227563166687901,0.161875,-0.8321067811865461,0.0,-0.4244603428359041,0.047634925693273544
39.625,0.03950883152173912,-18.1185425433862,0.155625,0.7071067811865426,0.0,0.001357468362125136,0.18504124879837036
-9.5,0.02937608695652172,0.590804920437094,0.10625,-1.237436867076447,-2.604869365692139,0.01468057523180388,-0.0004660859704017639
-26.0,0.05000122282608699,-0.2722840614106019,0.13625,-0.5428932188134397,-0.2194383293390274,0.1954297134037937,0.03203887492418289
37.625,0.1430748641304349,14.01050792413371,0.2068749999999999,1.47855339059327,-3.72882604598999,0.1814979203403436,0.1754244863986969
41.0,0.09970149456521749,-0.3977365763239078,0.1587500000000001,-0.1767766952966241,-5.783700942993164,0.01018116043790981,0.02552713453769684
-44.25,-0.03619822134387357,79.043367863112,0.2318749999999999,2.133883476483184,-6.51095724105835,0.1636985043404616,0.1406897008419037
5.875,0.06051417366600798,8.848958153296195,0.20625,0.7285533905932766,-0.263534277677536,0.1916326035077479,0.17023815214633942
73.125,0.1356164402173913,-5.435573634085202,0.193125,2.465990257669731,-4.10347843170166,0.1017388373824031,0.07688984274864197
45.25,0.1784948369565219,-17.21836354030739,0.20625,-1.362436867076461,0.0,0.7399862292392191,0.053518593311309814
-40.0,0.1783838874680307,-4.2294777509846,0.01823529411764713,-1.322166104067961,-71.32176971435547,-0.0975508907910896,-0.060364916920661926
-58.33333333333343,-0.02162297140199954,-3.093531566005097,-0.001176470588235334,-0.1301747639170898,0.0,0.0465848518015355,-0.00984693318605423
95.4444444444444,-0.006610189490816043,-10.79724175285439,-0.01588235294117657,-1.05392015269317,0.0,0.027890384660435,-0.011226117610931396
65.22222222222234,0.0184474424552431,-2.369447502256293,0.01999999999999991,-0.4714045207910296,0.0,0.3917451564654574,-0.011865265667438507
50.88888888888877,-0.02475115089514068,1.572591654664592,0.01411764705882346,-1.230118645762822,0.0,0.05798902298258618,-0.011237584054470062
50.3333333333334,0.03674961636828633,-6.395601043109309,0.02411764705882369,-0.1111111111111107,0.0,0.3150605531421977,0.020630240440368652
84.11111111111111,-0.01612212276214842,-13.9206864627767,-0.02117647058823513,-0.1571348402636801,0.0,-0.141754202520489,-0.01477864384651184
-33.7777777777778,0.02552519181585655,-3.660779010854995,0.02294117647058824,-0.4253807916384709,0.0,0.0584551020009586,0.0021088942885398865
-37.66666666666671,0.0004354219948848881,-12.05526930341709,-0.0152941176470589,0.4714045207910367,0.0,0.0465342892104794,0.1065925881266594
80.0,-0.04650741687979532,-13.05815087550999,-0.003529411764705781,-0.8428651597363306,0.0,0.1843278651229995,-0.014899536967277527
7.7777777777778,-0.04107135549872121,-7.33735997141541,-0.008235294117647007,-1.092047458305128,0.0,0.5041248922881107,-0.030901432037353516
-38.0,0.03930383631713563,9.407315225990814,0.04647058823529415,0.4714045207910296,0.0,0.493252189058442,0.157197043299675
22.88888888888891,0.07697634271099729,7.703688503570589,0.04588235294117649,0.1571348402636801,0.0,0.6425416547763855,0.0864739641547203
18.2222222222222,0.0729763427109974,-1.667830800649298,0.03176470588235292,-0.693626743013251,0.0,-0.1036234008439638,0.022649697959423065
39.7777777777778,-0.004658056265984478,-8.195750506198493,0.01352941176470579,-0.5174282499435989,0.0,-0.0208828184513131,0.02563072368502617
-91.0,0.03962864450127879,-0.9112838423107092,0.08823529411764708,-0.3142696805273495,0.0,0.0087417143126986,0.05386628210544586
-103.5555555555555,-0.02726035805626592,2.78987681060309,0.08941176470588241,-0.3984207152918806,0.0,-0.2394270230771874,0.06189720332622528
-54.55555555555549,-0.05226445012787717,-10.217076472435,0.02235294117647058,0.5443883262901927,0.0,0.05342453472629138,0.08074682950973511
-25.55555555555549,-0.01164948849104841,-3.965933089715193,0.02647058823529425,0.2682459513747943,0.0,-0.1602190230705637,0.0674663633108139
-66.33333333333336,-0.03085716112531967,-5.5501530119042,0.02000000000000002,1.165031263804266,0.0,-0.0729071106081784,0.07141956686973572
-60.7777777777778,-0.08011892583120206,-0.290802660237901,-0.06941176470588228,1.046023729152569,-79.00194549560547,-0.611449192610107,-0.176576167345047
27.88888888888889,-0.1044393861892583,-2.576762645244401,-0.07117647058823551,1.249182298568812,-76.26529693603516,-0.7145419260320642,-0.057824231684207916
-38.66666666666671,-0.07500294117647077,-2.412280536626994,-0.08529411764705896,-0.2031585694162494,-82.48041534423828,-0.7132852908271853,-0.3659585118293762
24.33333333333329,-0.1079838874680308,-2.074480044261705,-0.09411764705882375,-0.5285954792089811,-84.21965026855469,-0.5530941823088282,-0.30917665362358093
0.1111111111110858,-0.07577276214833772,-4.251705872417205,-0.1335294117647058,-1.739650472165817,-74.09542846679688,-0.6670753020103957,-0.19834387302398682
-84.11111111111111,-0.1811182864450126,24.64371970394771,-0.06588235294117606,-0.09204745830512806,-80.07549285888672,-0.6831271140865123,-0.1828884482383728
6.111111111111086,-0.1835396419437341,14.16675815055362,-0.1023529411764704,-0.7396504721658168,-91.51054382324219,-0.7856667608840059,-0.2069183588027954
-56.0,-0.1591612531969309,-0.8926652903823964,-0.09529411764705831,1.119007534651708,-85.9588851928711,-0.7338758918702548,-0.26737189292907715
-20.88888888888891,-0.1125462915601022,2.691278363929001,-0.1447058823529416,-0.758714124971803,-100.6781005859375,-0.5049113143144465,-0.3178228735923767
11.7777777777778,-0.1366248081841432,1.698392849126691,-0.08705882352941197,0.4983645971376198,-78.47146606445312,-0.4725714833777657,-0.2979549765586853
89.0,-0.05736662404092063,3.068428965631398,-0.07235294117647062,-0.758714124971803,-75.2656478881836,-0.4221976844563637,-0.17837297916412354
74.88888888888891,0.2887291560102301,-4.030664407350514,-0.06705882352941173,0.1301747639171005,-84.8760757446289,-0.2396164974399883,-0.15561805665493011
94.66666666666671,0.2996241687979541,-7.046038888207704,-0.0829411764705883,0.2952060277213775,-83.92719268798828,-0.1745080714399883,-0.19420263171195984
-34.66666666666671,0.1724136828644501,-3.919712518505904,-0.02058823529411802,-0.6936267430132546,-66.93633270263672,-0.4578730466213223,-0.07932504266500473
40.33333333333329,0.1276202046035805,-17.81715125007919,-0.04117647058823515,-1.119007534651722,-66.53765869140625,-0.2256296800069749,-0.03282476216554642
18.55555555555549,0.05825562659846539,-7.173976810667597,-0.07470588235294073,-0.2412858750282076,-72.42365264892578,-0.2701158643827847,-0.0981815978884697
-40.22222222222231,-0.01873529411764707,-2.909234446776011,-0.09058823529411775,-1.099943881845729,-78.23388671875,-0.5205631961955388,-0.19738522171974182
-68.66666666666657,0.004079795396419561,-3.3627415017868,-0.1205882352941181,-0.1571348402636801,-83.96834564208984,-0.3164010888391171,-0.20716887712478638
38.7777777777778,0.1229690537084399,-45.32603669209298,-0.05588235294117638,-1.628539361054699,-59.85430526733398,-0.2650532221587741,0.009912215173244476
26.66666666666657,0.1470808184143222,-7.991528678370599,-0.07117647058823529,-1.831697930470948,-65.74030303955078,-0.2368762380069749,-0.10235283523797989
-49.44444444444451,0.08310115089514047,-6.735823620139996,-0.0352941176470587,0.1571348402636801,-53.24672317504883,-0.2750430491587741,0.08063622564077377
28.66666666666671,0.03017953964194364,-10.26312864058259,-0.05705882352941127,0.2222222222222214,-59.49351501464844,-0.336124983645316,0.04488399624824524
-33.11111111111109,0.01431862938851425,-5.6541114531353,-0.05941176470588183,-0.4332772151790678,-52.92381286621094,-0.423634172645316,-0.03936336189508438
72.33333333333329,-0.05949990118577075,-7.132542540419806,-0.08529411764705863,0.3602934096799189,-58.77192687988281,0.0208078887096524,-0.0286257341504097
125.6666666666667,0.1563810334805859,-11.4235814645465,-0.05941176470588183,0.536491902749578,0.0,-0.0626382136758028,-0.05721437186002731
-22.0,-0.03786557971014481,-2.6293533262685,0.01944444444444504,0.2656854249492326,6.83668136596679,0.1845650188427383,0.03295878693461418
-3.899999999999999,0.01020507246376812,-7.988608413629407,0.01555555555555599,-0.05857864376269006,12.40108489990235,0.06111825352628186,0.05779314786195755
2.6,0.01845567632850242,-20.75491750865709,-0.003888888888887942,-0.5656854249492405,17.19152450561524,0.05541131776409675,0.09794966131448746
6.333333333333329,-0.02902217391304346,0.0,0.01466666666666705,-0.0190636528059791,6.811775684356689,0.03501160575160467,-0.0005950555205345154
13.55555555555556,-0.0741033333333333,3.774364092339894,0.04400000000000004,-0.7126903958192408,9.333876609802243,-0.2879063574795093,-0.0006730332970619202
-143.2222222222222,-0.1891739130434782,5.583848765605694,0.008000000000000007,-0.60157928470813,-8.58989524841309,0.1605795515923861,-0.0399295836687088
-153.0,-0.1983628985507246,5.093985470110312,0.06066666666666709,-1.563451979096161,18.2127103805542,0.003843284241268494,0.04531991109251976
-34.44444444444441,-0.1576092753623187,8.015365360414094,-0.04600000000000004,0.8698252360829102,-8.257686614990234,-0.06631389636686891,-0.10404372960329056
-42.0,-0.09692565217391308,2.167204989490699,-0.02733333333333299,0.4444444444444393,-9.044937133789062,-0.2088372276509234,-0.1021554246544838
-17.0,-0.05995543478260867,-9.576416752923592,0.03055555555555611,-0.2828427124746078,7.002784729003913,0.04227643111491819,0.03577828034758568
