AGB_diff,NDVI_diff,LFMC_diff,VPD_diff,Sc_diff,Rd_diff
0.0027804069686681032,0.04069719463586807,-0.047278717160224915,-0.03885170444846153,-0.03462684154510498,0.026458902284502983
0.016763124614953995,0.03891974687576294,0.0020047046709805727,-0.06681958585977554,-0.07898550480604172,0.03274967521429062
0.016039405018091202,0.04672124236822128,-0.052901577204465866,-0.06683381646871567,-0.0257098488509655,0.03263739123940468
-0.0011315281735733151,0.055611882358789444,-0.045296430587768555,-0.0665091723203659,-0.0016515256138518453,0.023015040904283524
0.009047644212841988,0.04582696408033371,0.029101965948939323,-0.06109821796417236,-0.037692997604608536,0.03071468509733677
0.019255083054304123,0.0425032377243042,0.05506110191345215,-0.08560893684625626,-0.1205030158162117,0.026651501655578613
0.028705643489956856,0.006779169198125601,0.018096035346388817,0.12173371016979218,0.08883854001760483,-0.0030900761485099792
0.002326585818082094,0.020043959841132164,0.035755056887865067,-0.0408896803855896,-0.05806473270058632,-0.019777776673436165
0.009682033210992813,0.020954903215169907,-0.03130248934030533,-0.041626956313848495,-0.05277078226208687,0.004028642550110817
-0.0028732542414218187,0.028421344235539436,-0.04237758368253708,-0.042437899857759476,-0.03940248489379883,-0.01183971669524908
0.009387546218931675,0.05351858213543892,0.024387270212173462,-0.053591564297676086,-0.042955826967954636,-0.03328691050410271
0.002850706223398447,0.060087744146585464,0.04345936328172684,-0.02461916394531727,0.05853639170527458,-0.03475477918982506
0.010693778283894062,0.04288351908326149,0.02503902092576027,-0.012990882620215416,0.11827735602855682,-0.04138804227113724
-0.004880591295659542,-0.04697975516319275,0.029939090833067894,-0.027926480397582054,0.09035071730613708,-0.05416885018348694
-0.009118184447288513,0.024387691169977188,-0.027635425329208374,-0.03195878863334656,0.13607366383075714,-0.03651629015803337
0.002503257244825363,0.026389293372631073,0.04405052587389946,-0.020450474694371223,0.10966053605079651,-0.03276924043893814
0.005728700663894415,0.02406061626970768,-0.050610899925231934,-0.06032179296016693,-0.011275137774646282,0.014685400761663914
-0.0022297219838947058,0.0284611526876688,-0.04773368313908577,-0.03924740478396416,-0.053838323801755905,0.024756912142038345
0.01721877232193947,-0.053006626665592194,-0.037144895642995834,-0.03398517891764641,-0.029311692342162132,0.01535626407712698
0.007557450328022242,0.031041542068123817,-0.008033383637666702,-0.056711096316576004,-0.055390823632478714,0.02899860218167305
0.00923964660614729,0.02461298368871212,-0.021281680092215538,-0.07087727636098862,0.0005975313251838088,-0.03259068354964256
0.0038733319379389286,-0.04926646500825882,0.05114554613828659,-0.07386142015457153,-0.046014077961444855,-0.012870177626609802
-0.0065480368211865425,-0.16929428279399872,0.024436725303530693,-0.06249942630529404,-0.04646711051464081,0.016620684415102005
-0.0015091639943420887,0.021885178983211517,0.02747229114174843,-0.06778500229120255,-0.05586506798863411,0.0039097219705581665
0.0003230644215364009,-0.006715856958180666,0.011616160161793232,-0.07608064264059067,-0.05262986570596695,-0.014503620564937592
0.006665762979537249,-0.11602328717708588,0.03654680773615837,-0.06100429967045784,-0.07959213107824326,-0.026498185470700264
0.0008107490139082074,-0.12229999899864197,0.06724505871534348,-0.06777715682983398,-0.2707602083683014,-0.04616379365324974
-0.01323351263999939,-0.06900084018707275,0.03259074315428734,-0.0739184319972992,0.06560905277729034,0.020364830270409584
-0.002711160574108362,0.040390584617853165,0.02298760786652565,-0.075661800801754,0.0171068012714386,-0.021125417202711105
0.0007671500206924975,0.05097642540931702,-0.053632982075214386,-0.06822837144136429,0.013631479814648628,-0.023977577686309814
0.00569872185587883,-0.1718176156282425,-0.009259863756597042,-0.07924909889698029,-0.04551590234041214,0.014325949363410473
0.009173925034701824,-0.07283937931060791,0.0426335446536541,-0.023308463394641876,-0.005842383485287428,0.010860803537070751
-0.0031613968312740326,0.014912840910255909,-0.04676634445786476,-0.02187299355864525,-0.06808670610189438,-0.02581561729311943
0.003577515250071883,0.032036371529102325,-0.033956460654735565,-0.025599787011742592,-0.047600649297237396,-0.04297330975532532
0.05683174729347229,0.026802534237504005,0.004792917985469103,-0.07554315775632858,0.078803151845932,0.020777441561222076
-0.023933330550789833,0.019790565595030785,0.03257070109248161,-0.06247900053858757,0.12389475852251053,-0.01640337146818638
0.0745835229754448,-0.022685308009386063,0.0394764319062233,-0.07282201945781708,-0.035641077905893326,-0.007925491780042648
0.06675846129655838,-0.1023068055510521,-0.05643502250313759,-0.0637291893362999,-0.1755603849887848,-0.015043061226606369
0.010710219852626324,-0.1327821910381317,-0.00295909377746284,-0.04300190880894661,-0.03815360367298126,0.01787235401570797
-0.01655794121325016,-0.04660777002573013,-0.0013671864289790392,-0.06882087141275406,-0.060125015676021576,0.024223988875746727
-0.011648177169263363,0.020314080640673637,-0.04556196182966232,-0.014699829742312431,-0.06282032281160355,-0.022307440638542175
-0.02849494479596615,0.025591712445020676,0.004503906238824129,-0.023397326469421387,0.09161049127578735,0.0009398599504493177
-0.00050166598521173,0.05924127623438835,0.008279835805296898,-0.045988909900188446,0.0759485512971878,0.045418523252010345
0.02191108651459217,-0.1366509199142456,-0.07805031538009644,-0.027333252131938934,-0.02904362417757511,0.0004894618759863079
-0.008347163908183575,0.03343629091978073,0.02445773035287857,-0.02777983248233795,0.08659477531909943,-0.022927334532141685
-0.0004579864616971463,0.006797390058636665,-0.04543406143784523,-0.012563567608594894,-0.05768349766731262,0.017433593049645424
0.02024521678686142,-0.031085310503840446,-0.01641727052628994,-0.02852175012230873,-0.1702473759651184,0.031201209872961044
0.005767228081822395,0.021551866084337234,-0.033179912716150284,-0.0039262836799025536,-0.044232506304979324,0.005544826854020357
0.013445921242237091,-0.03015492670238018,0.012860408052802086,-0.02498861774802208,-0.10980165749788284,-0.005206970032304525
0.023078501224517822,-0.06852812319993973,0.043997928500175476,-0.01760421320796013,-0.023857908323407173,-0.010677040554583073
0.006853893864899874,0.014155160635709763,-0.026243776082992554,0.0018922863528132439,0.08279215544462204,-0.02968273125588894
-0.006570581346750259,0.03164009749889374,-0.08750957250595093,0.035871364176273346,-0.23431386053562164,0.005672674160450697
0.11040735244750977,-0.1118994951248169,-0.0031233439221978188,-0.046069879084825516,-0.27886858582496643,0.05186118930578232
0.10859961807727814,-0.1554538607597351,0.004834653344005346,0.004917722195386887,-0.06825783103704453,-0.02186805009841919
0.0925670936703682,-0.16575969755649567,0.010488699190318584,-0.04400316998362541,-0.22017507255077362,-0.014397292397916317
0.040910765528678894,0.024480383843183517,0.022840173915028572,0.04222970828413963,-0.034260477870702744,-0.026000766083598137
0.006225678604096174,0.04718957841396332,-0.05064323544502258,0.00516852829605341,0.004748902749270201,-0.017720423638820648
0.005739420186728239,-0.12981070578098297,-0.0033666356466710567,0.027120549231767654,-0.2821609377861023,-0.0010020637419074774
0.011600936762988567,-0.16719931364059448,0.010325334966182709,-0.028030237182974815,-0.09562721848487854,0.006089285481721163
0.15789373219013214,-0.16551658511161804,0.021671351045370102,0.028349433094263077,-0.08266154676675797,-0.011526620015501976
0.17053362727165222,-0.10044324398040771,-0.07149282842874527,0.0052386983297765255,-0.02366546355187893,0.0003328331804368645
0.0047216699458658695,0.00015324793639592826,-0.033559560775756836,0.004744935780763626,-0.20999476313591003,0.007606785278767347
0.05282175540924072,0.01817132718861103,-0.022956814616918564,-0.005605051759630442,-0.06057384982705116,0.007322758436203003
0.02439131960272789,-0.036479316651821136,-0.03578925132751465,-0.07785695046186447,-0.2841893434524536,-0.04174096882343292
0.022337432950735092,0.032979097217321396,-0.006766315083950758,-0.03525513783097267,-0.09684878587722778,-0.03352060168981552
0.09675025194883347,-0.16100353002548218,-0.023676373064517975,-0.058507345616817474,-0.03980978578329086,0.02129305526614189
0.008913882076740265,0.029336920008063316,0.0066782222129404545,0.01622939482331276,-0.042577777057886124,-0.0077836052514612675
0.001338489237241447,0.04649920016527176,0.04441341385245323,0.012253453023731709,-0.04888748377561569,0.012529605068266392
0.04075169935822487,0.04383724927902222,0.01674330048263073,0.022190306335687637,-0.05993151292204857,-0.026068679988384247
0.0076547302305698395,0.06537747383117676,0.05086196959018707,-0.016893694177269936,-0.0411384254693985,0.006338485982269049
-0.006714286282658577,0.01609468087553978,-0.046562559902668,-0.03924952819943428,-0.048215147107839584,-0.02173805981874466
0.011468147858977318,-0.0006472097593359649,-0.06256817281246185,-0.0871763527393341,-0.3038664162158966,-0.04973307251930237
0.12233392149209976,-0.0256610456854105,-0.021876556798815727,-0.0745585709810257,-0.31448644399642944,-0.04070043936371803
0.08497191965579987,-0.04627910628914833,-0.054829396307468414,-0.08794168382883072,-0.2981833219528198,-0.02246454544365406
0.1148594319820404,-0.147353857755661,-0.0283641554415226,-0.051878124475479126,-0.034302860498428345,0.009988083504140377
0.08194561302661896,-0.14077062904834747,-0.01806691475212574,-0.04864846169948578,-0.04780484363436699,0.013227627612650394
0.0059552439488470554,0.061731114983558655,0.021226506680250168,0.022768469527363777,0.00988760869950056,0.004459458868950605
0.010464336723089218,0.04777535796165466,0.05333876237273216,0.01097822841256857,-0.036892153322696686,0.014069394208490849
0.13618049025535583,0.026871614158153534,0.03928400203585625,0.01797374151647091,-0.016047758981585503,0.008747019805014133
0.15373201668262482,-0.12748441100120544,-0.02252279222011566,-0.02662021294236183,-0.23453286290168762,-0.0012605570955201983
0.0207503791898489,0.051327504217624664,-0.003927369602024555,0.019717127084732056,0.0036566087510436773,-0.026881907135248184
0.10580568760633469,-0.02237633429467678,-0.02719145640730858,-0.07920572906732559,-0.1719377636909485,-0.02952740527689457
0.005626296624541283,0.011437730863690376,-0.05062505602836609,-0.0620359405875206,-0.06513096392154694,-0.03947252780199051
0.014434900134801865,-0.01719518192112446,-0.07259060442447662,-0.11200559139251709,-0.2718038558959961,-0.02908332645893097
-0.0027001642156392336,-0.03956662863492966,-0.045487675815820694,-0.07123218476772308,-0.11422517150640488,-0.0164974182844162
-0.003211882896721363,-0.11451670527458191,-0.0801532045006752,-0.08043128252029419,-0.05270858854055405,-0.0001932894519995898
-0.0029438678175210953,-0.14184211194515228,-0.020296737551689148,-0.07581038028001785,-0.07865641266107559,0.01540939137339592
-0.002451888984069228,0.016452277079224586,-0.05522571876645088,-0.04323996603488922,-0.05369284376502037,0.02735324390232563
0.0013275640085339546,0.02083910070359707,-0.03858765959739685,-0.05029028654098511,-0.11165955662727356,0.029261501505970955
0.11684692651033401,-0.01496706623584032,-0.05679208040237427,-0.05112993344664574,-0.06414854526519775,0.021842751652002335
0.028703998774290085,-0.05659937858581543,-0.06252927333116531,-0.050103653222322464,-0.01624564453959465,0.009916135109961033
0.012052339501678944,0.05525778979063034,0.02615666389465332,0.04504166170954704,0.004210460465401411,-0.001337770838290453
0.12818704545497894,-0.09844404458999634,-0.013590672053396702,0.011641292832791805,-0.044576868414878845,-0.0030667304527014494
0.09128207713365555,0.006710444111377001,0.015561375766992569,0.01411568745970726,-0.09912292659282684,0.013326375745236874
0.01057753898203373,0.026530319824814796,-0.012832381762564182,0.005384121555835009,0.008649070747196674,-0.005679878871887922
-0.009252316318452358,0.011503168381750584,-0.0030820639804005623,0.02900385856628418,-0.07813400030136108,-0.002806552918627858
0.14584918320178986,-0.056427959352731705,-0.004522069822996855,-0.026067983359098434,-0.07448760420084,0.0031019554007798433
0.00429174629971385,0.03461601212620735,0.004659806378185749,-0.044162265956401825,-0.04128134623169899,-0.01837136782705784
-0.011352905072271824,-0.0498771071434021,0.017649158835411072,-0.08542250841856003,-0.011893115937709808,-0.0003683426766656339
0.004790597129613161,0.013710659928619862,-0.031094824895262718,-0.06069685518741608,0.005366538185626268,-0.04698272421956062
-0.013738815672695637,-0.05899583548307419,-0.05282148718833923,-0.06263512372970581,-0.06272786855697632,-0.012997948564589024
-0.0018423479050397873,0.05561346560716629,0.003320279298350215,-0.05285216122865677,-0.0472688302397728,0.022208470851182938
0.008444675244390965,-0.052658382803201675,-0.020275691524147987,-0.053093429654836655,-0.031984079629182816,0.02428204007446766
0.13369375467300415,-0.024005820974707603,-0.007940355688333511,0.0008651919779367745,-0.03201982006430626,-0.004664566367864609
0.12753497064113617,-0.03597453236579895,0.022409187629818916,0.012154122814536095,-0.048647236078977585,0.0028430421371012926
0.02297998033463955,-0.06458727270364761,-0.07239467650651932,0.005495135206729174,-0.02989223226904869,0.009269255213439465
-0.0025447725784033537,-0.06935429573059082,-0.0746549516916275,0.00398139888420701,-0.04638226330280304,-0.0005656632129102945
0.007137469481676817,-0.055719103664159775,0.004138002172112465,0.017621008679270744,-0.03784672170877457,0.006698925048112869
0.13426078855991364,-0.014925580471754074,-0.06304406374692917,-0.0198842603713274,-0.037672799080610275,-0.0009732958278618753
0.08550295233726501,0.04276635870337486,0.026366092264652252,-0.0013181581161916256,0.07721588015556335,-0.02286059595644474
0.01623234525322914,0.051642388105392456,0.04940261319279671,0.0027131938841193914,0.009184787981212139,0.0010464651277288795
-0.000225710216909647,-0.03392705321311951,0.01238148845732212,-0.04764712229371071,-0.047927167266607285,-0.03791109099984169
0.02153075486421585,0.052783042192459106,0.03881097584962845,-0.02756849303841591,0.11494173109531403,-0.00035413395380601287
-0.00494646281003952,0.05121823027729988,0.03804902359843254,-0.033647362142801285,0.0007067110273055732,-0.011104690842330456
0.005109977442771196,0.01054347213357687,-0.02682061493396759,-0.07235933840274811,0.0909729152917862,-0.04199439287185669
-0.0020225888583809137,0.020705826580524445,0.0067079695872962475,-0.06115144118666649,-0.0061718374490737915,0.006264861673116684
0.004224330186843872,-0.13471031188964844,0.003640990238636732,-0.07157772034406662,-0.08246345818042755,-0.03137652203440666
0.03514859825372696,-0.04513205587863922,0.017704971134662628,-0.042814940214157104,-0.02844127081334591,0.022302519530057907
0.024884719401597977,0.016355743631720543,0.02207333594560623,0.03681004419922829,-0.2066160887479782,0.003256190335378051
-0.004588367883116007,0.01845058798789978,0.044597458094358444,0.010983558371663094,-0.029066000133752823,0.007267845328897238
-0.0015644861850887537,0.05178575590252876,0.04158315062522888,0.015836596488952637,-0.0488700345158577,0.012953759171068668
0.1631767749786377,-0.04696665704250336,0.0223408080637455,-0.00468107545748353,-0.06303277611732483,0.015943551436066628
0.04027021303772926,0.051875367760658264,-0.03544539213180542,-0.0006200452335178852,0.06935866177082062,-0.0026331699918955564
0.016000455245375633,0.02327422983944416,0.0011670850217342377,-0.014890738762915134,-0.050113607197999954,0.0058136070147156715
0.005930074956268072,0.033789489418268204,0.04017428308725357,0.0024507015477865934,0.00718395970761776,0.015902932733297348
0.010346688330173492,0.02347826026380062,0.0034224074333906174,-0.0060308887623250484,-0.0028338241390883923,0.01398406457155943
-0.02670571766793728,0.05185294151306152,0.00742443697527051,-0.026762623339891434,0.06067065894603729,-0.016516651958227158
-0.06814976036548615,0.05487741157412529,0.0012652263976633549,-0.028132585808634758,0.07412908971309662,0.016997545957565308
-0.03899281844496727,0.04296005144715309,0.04081563279032707,-0.06229685619473457,0.07612461596727371,-0.006906859576702118
0.07721194624900818,0.024102352559566498,-0.05783996731042862,0.03271811455488205,-0.2512083947658539,0.0089207598939538
0.012699284590780735,0.04932676628232002,0.022312600165605545,0.03410034254193306,-0.21900072693824768,0.013573267497122288
-0.061218757182359695,0.046762630343437195,0.03318032994866371,0.008416552096605301,-0.02221650443971157,0.014353236183524132
-0.11252470314502716,0.05561888590455055,0.038318827748298645,-0.013092280365526676,-0.0505361407995224,0.006505533587187529
-0.022309571504592896,0.03108946979045868,-0.013136358000338078,0.008672061376273632,0.022985922172665596,0.003893041517585516
-0.06958906352519989,0.03051934391260147,0.03260743245482445,-0.006903619039803743,0.023263344541192055,-0.0030361348763108253
-0.07556895911693573,0.044175755232572556,0.014753172174096107,-0.03446658328175545,0.048400379717350006,0.002896619262173772
0.01245250552892685,0.041129883378744125,0.03667149320244789,-0.030164333060383797,-0.03402600437402725,0.011886309832334518
0.0070029208436608315,0.03352893143892288,0.043841779232025146,-0.015299797989428043,-0.043156497180461884,0.012410336174070835
-0.058577150106430054,0.0415675975382328,0.022540662437677383,-0.024379365146160126,0.07539558410644531,0.0026094093918800354
-0.02043306641280651,0.0387650765478611,-0.03363356366753578,-0.017822686582803726,0.04006771370768547,-0.0017523972783237696
-0.024411998689174652,0.09785601496696472,0.03535928204655647,-0.02812272682785988,0.06831646710634232,-3.3422064007027075e-05
-0.07673383504152298,0.04406370595097542,0.04712146148085594,-0.07178527861833572,-0.029729178175330162,0.03595942631363869
-0.04362058639526367,0.06378377228975296,0.015773514285683632,-0.0674217939376831,-0.02811821922659874,0.03537105768918991
-0.0764445960521698,0.13270843029022217,0.014827749691903591,-0.04277998208999634,-0.018006715923547745,0.02396654337644577
0.00984846893697977,0.006861454341560602,-0.016528185456991196,-0.13113334774971008,-0.0397820845246315,0.02028096467256546
-0.009522235952317715,0.043433595448732376,-0.003955004271119833,-0.13425074517726898,-0.04780484735965729,0.022158563137054443
0.02017873153090477,0.03232381120324135,0.03496460244059563,-0.0416867733001709,-0.0747254341840744,0.02032748982310295
-0.048916131258010864,0.031848661601543427,0.00959127489477396,-0.06557930260896683,-0.22593988478183746,0.030689509585499763
-0.006713414564728737,0.041658151894807816,0.014152387157082558,-0.0717480406165123,-0.02403288707137108,0.029796727001667023
-0.050091758370399475,0.08699531853199005,0.01509239710867405,-0.06626622378826141,-0.026867982000112534,0.04588065296411514
-0.08394087105989456,0.019890498369932175,-0.015594837255775928,-0.07489369809627533,-0.03504355251789093,0.025024376809597015
-0.09078822284936905,0.12280858308076859,0.0664314329624176,-0.02791917696595192,-0.026330744847655296,0.012670722790062428
0.010939040221273899,0.053610797971487045,0.02269708551466465,-0.0678049623966217,-0.005503295920789242,0.02148611843585968
-0.010461173951625824,0.042708151042461395,0.022270232439041138,0.0009563358034938574,0.07046157866716385,0.011291335336863995
-0.029643138870596886,0.02397017925977707,-0.03106791153550148,0.005628328304737806,0.06308095902204514,0.0062144142575562
-0.011795181781053543,0.05414552241563797,-0.03127041459083557,0.004302392713725567,0.06604065001010895,-0.0006227793055586517
0.017539337277412415,0.06223543733358383,-0.02383996918797493,-0.0952838584780693,-0.0547984279692173,0.02567240223288536
-0.06174299865961075,0.09799337387084961,-0.04025226831436157,-0.13447289168834686,-0.04240439832210541,0.02279679849743843
-0.09329480677843094,0.09225251525640488,0.04239116981625557,-0.05229073017835617,-0.027637047693133354,0.03932022675871849
-0.061479076743125916,0.1369606852531433,-0.00945710577070713,-0.03790220618247986,-0.03371872380375862,0.023364953696727753
0.01165759563446045,0.16327978670597076,-0.015971573069691658,-0.053431034088134766,-0.016365142539143562,0.041838157922029495
0.03310510888695717,0.16680140793323517,-0.0114439120516181,-0.03632792457938194,-0.03169079124927521,0.03910093754529953
0.020501045510172844,0.054297298192977905,0.04740339145064354,-0.03552835434675217,-0.03054439090192318,0.021434003487229347
0.01674584485590458,0.044508762657642365,0.008322679437696934,-0.009569874033331871,0.01078331470489502,0.004251512233167887
0.039874523878097534,0.06945076584815979,0.020728683099150658,-0.018515238538384438,0.04089277610182762,0.0002237877924926579
-0.01024283654987812,0.034323763102293015,-0.014050781726837158,-0.006103709805756807,0.031235862523317337,0.0017401636578142643
-0.015113434754312038,0.0686531737446785,-0.035131800919771194,-0.008262893185019493,0.08112072199583054,-0.0019659865647554398
-0.09636733680963516,0.016084948554635048,-0.0073520406149327755,-0.03648819401860237,0.09890346229076385,0.0011946212034672499
-0.10011173784732819,0.026436060667037964,0.05194687470793724,-0.026559950783848763,-0.03929278254508972,0.010050999000668526
-0.006368170492351055,-0.14170964062213898,-0.04501757398247719,-0.05968309938907623,-0.02759370766580105,0.014734202064573765
-0.003684787778183818,-0.049859460443258286,0.05065920576453209,-0.056476742029190063,-0.04806484654545784,-0.036353699862957
0.0009236139012500644,0.05596103519201279,0.03583630546927452,-0.13062003254890442,-0.03965041786432266,0.02410970628261566
-0.07474401593208313,0.12228348851203918,-0.028370806947350502,-0.08184155821800232,-0.027385452762246132,0.03503188118338585
-0.04338480159640312,0.03922174498438835,-0.0253943782299757,-0.0737210139632225,-0.039967820048332214,0.02386447601020336
0.00878570694476366,0.04511333629488945,-0.035941388458013535,-0.07174388319253922,-0.028962774202227592,0.02584029547870159
0.028054704889655113,0.0370144359767437,0.04110489785671234,-0.0607391819357872,-0.23294325172901154,0.02701057679951191
0.008639926090836525,0.061145130544900894,0.06338340044021606,-0.025242643430829048,-0.08036930859088898,0.017310773953795433
0.007886083796620369,0.08578361570835114,-0.03744521364569664,-0.02066815085709095,0.06246950849890709,0.007045349106192589
-0.0835975855588913,0.04643764719367027,-0.0308771263808012,-0.004598195198923349,0.0356987863779068,-0.002077555749565363
-0.08875524252653122,0.035121943801641464,-0.03949520364403725,-0.00015215686289593577,0.07136134058237076,-0.00016916853201109916
-0.09495143592357635,0.050747521221637726,-0.01714377850294113,-0.028503799811005592,0.012555955909192562,-0.0034275592770427465
-0.1245727464556694,0.035267408937215805,-0.04564983397722244,-0.03533465042710304,0.08226142823696136,-0.006800423841923475
-0.0007032105349935591,0.006631418131291866,-0.04546314477920532,-0.050307001918554306,-0.05007197707891464,0.01785668171942234
-0.008611266501247883,0.035124775022268295,-0.03236781433224678,-0.03265536576509476,0.01104544848203659,0.014280113391578197
-0.004605481401085854,0.03320396691560745,-0.007506079040467739,-0.04349123686552048,-0.05966348573565483,0.0272834450006485
0.030896196141839027,0.04453400894999504,0.05237945541739464,-0.04335898905992508,-0.036316078156232834,0.023731892928481102
0.01270194910466671,0.05153689906001091,0.05181536078453064,-0.038167163729667664,-0.03547103330492973,0.02421507053077221
-0.11332529783248901,0.0876479521393776,0.03548097237944603,-0.06669630855321884,-0.03274209052324295,0.040295831859111786
-0.03883389011025429,0.05575986206531525,0.022267209365963936,-0.08530259132385254,-0.034582700580358505,0.044405654072761536
-0.025990350171923637,0.03023730032145977,-0.006989337038248777,-0.06699801236391068,-0.03704526647925377,0.035630349069833755
0.018933378159999847,0.026413680985569954,0.001304764999076724,-0.06339840590953827,-0.059781625866889954,0.024196112528443336
0.022682474926114082,0.10572690516710281,3.507111614453606e-05,0.04675391688942909,-0.011648503132164478,0.024450572207570076
0.0005300063639879227,0.014353240840137005,-0.018798647448420525,-0.04416168853640556,-0.040762681514024734,0.02800433151423931
-0.05058421567082405,0.0947648286819458,-0.03139299899339676,0.0005724075599573553,0.004090722184628248,0.010529715567827225
-0.09073755145072937,0.0916304662823677,-0.023729052394628525,0.0015582127962261438,0.022639499977231026,0.0030555531848222017
-0.11555130779743195,0.06339867413043976,-0.042760781943798065,0.014469138346612453,0.04278117045760155,0.010260086506605148
-0.08876080065965652,0.029449205845594406,0.01739688031375408,0.002094818977639079,0.041169919073581696,0.001298128510825336
0.0003011653898283839,0.02988593466579914,-0.04068823531270027,-0.03587492182850838,-0.04484007880091667,0.018327530473470688
0.013652699999511242,0.037089865654706955,-0.045671019703149796,-0.041956253349781036,0.004895367193967104,-0.01973254233598709
0.013476504944264889,0.021929671987891197,0.04821807146072388,-0.04197995737195015,-0.049351029098033905,0.02256644330918789
0.003692448837682605,0.015271008014678955,0.05273568257689476,-0.03867359831929207,-0.05708737671375275,0.029331780970096588
-0.005911969114094973,0.03750021755695343,0.03167396038770676,-0.06646977365016937,-0.045498814433813095,0.031265899538993835
-0.0629769116640091,0.03774264082312584,0.03723529726266861,-0.06025771424174309,-0.02748396061360836,0.027851607650518417
-0.05659346655011177,0.018358338624238968,0.042252007871866226,-0.0967138335108757,-0.021314719691872597,0.023881837725639343
-0.11100234091281891,0.03677557408809662,0.035763274878263474,-0.0689290463924408,0.03848349675536156,0.024390125647187233
-0.06527537852525711,0.02989082597196102,0.05167171731591225,-0.06024029105901718,-0.04158804193139076,0.033263131976127625
-0.09748649597167969,0.11725466698408127,0.04627597704529762,-0.08502598851919174,-0.03403059020638466,0.040408674627542496
-0.0911162868142128,0.09317970275878906,0.05622956529259682,-0.0511493943631649,-0.026449065655469894,0.03562667593359947
-0.09261412918567657,0.12631088495254517,0.045219723135232925,-0.08618912845849991,-0.017170127481222153,0.02616683766245842
-0.07539631426334381,0.03833450749516487,0.022329723462462425,-0.09930521249771118,0.0011880372185260057,0.018558794632554054
-0.05994921177625656,0.11398431658744812,0.024173637852072716,-0.13297753036022186,0.07797814905643463,0.02419518306851387
-0.01193762943148613,0.0687464252114296,0.03703376650810242,0.0012271944433450699,0.03154381737112999,0.002127533545717597
-0.08457785844802856,0.03987954184412956,0.035442281514406204,0.015823427587747574,0.0036470885388553143,0.007943307980895042
-0.10369621962308884,0.030120374634861946,0.01673431135714054,-0.13188974559307098,0.07874429225921631,0.02037847228348255
-0.005127984099090099,0.016997773200273514,-0.04665027931332588,-0.0366377979516983,-0.05355421453714371,0.02474718540906906
0.008289497345685959,0.04358351603150368,0.03841524198651314,-0.01648070476949215,0.05909579619765282,0.010048266500234604
0.014573470689356327,0.04924139007925987,0.030971387401223183,-0.06256390362977982,-0.0429719015955925,0.029924822971224785
0.006414419040083885,0.039235543459653854,0.030016710981726646,-0.05712255463004112,-0.04635367542505264,0.029740311205387115
-0.05219096690416336,0.06985287368297577,0.04258466511964798,-0.1220700666308403,-0.027069153264164925,0.023929456248879433
-0.073892742395401,0.03176547959446907,0.02473234385251999,-0.12693685293197632,-0.04218343272805214,0.019858818501234055
-0.07907567918300629,0.016371488571166992,0.03186272829771042,-0.13373838365077972,-0.038504183292388916,0.025515897199511528
0.006172744557261467,0.0535786971449852,0.012017747387290001,-0.1003943383693695,3.374559310032055e-05,0.01558056939393282
-0.009988788515329361,0.05140271037817001,0.04177943617105484,-0.10630419105291367,0.0016349834622815251,0.019661445170640945
-0.096657395362854,0.031248649582266808,-0.03861985355615616,-0.11769241839647293,-0.049583498388528824,0.020559288561344147
-0.08715879917144775,0.1215982586145401,0.028461100533604622,-0.11382579803466797,-0.019810469821095467,0.026913423091173172
-0.07685090601444244,0.047061655670404434,0.03240155056118965,-0.14785030484199524,-0.010490724816918373,0.024534473195672035
-0.0887986496090889,0.02185586467385292,-0.05274248123168945,-0.1226000115275383,0.05798093602061272,0.011577039025723934
-0.10145409405231476,0.04618397727608681,-0.05256444588303566,-0.058134790509939194,0.08071264624595642,0.013416129164397717
-0.07129456102848053,0.03235642984509468,0.01787542924284935,-0.05832528695464134,0.09149710088968277,0.012011943385004997
0.008054825477302074,0.018457308411598206,0.051572997123003006,-0.0927496999502182,-0.005881159566342831,0.021860379725694656
0.01601680926978588,0.01254851371049881,0.050148751586675644,-0.0944606214761734,-0.05152539908885956,0.03211545571684837
-0.002737497678026557,0.03220905363559723,0.0557810515165329,-0.11807261407375336,-0.04315555468201637,0.03498641029000282
0.009061692282557487,0.04848351702094078,0.03430965915322304,-0.08934413641691208,0.06894978135824203,0.012339076958596706
-0.011776085011661053,0.03984379395842552,-0.04079163447022438,-0.07723729312419891,0.10625922679901123,0.008234861306846142
-0.0045971497893333435,0.04423072561621666,0.011644385755062103,-0.07858618348836899,0.08043242990970612,0.007374712266027927
-0.01771990954875946,0.030272062867879868,0.03926568478345871,-0.13116472959518433,-0.029768066480755806,0.025280047208070755
-0.028492597863078117,0.05603878200054169,0.01632341369986534,-0.09565411508083344,-0.00017181075236294419,0.026020290330052376
-0.05520222336053848,0.01634024642407894,-0.01894833706319332,-0.07967821508646011,0.014007385820150375,0.016422493383288383
-0.07238257676362991,0.04456797242164612,0.004147959407418966,-0.08340511471033096,0.13645566999912262,-0.040694043040275574
-0.09025005996227264,0.05890851095318794,0.043246980756521225,-0.020557951182127,-0.01066248957067728,0.008869082666933537
-0.001463093445636332,0.04249691590666771,0.04320896416902542,-0.025183049961924553,-0.04135582596063614,0.01544393040239811
-0.0024951475206762552,0.007743425201624632,0.04864043369889259,-0.05255477502942085,-0.04813283309340477,0.032519903033971786
-0.0019375834381207824,0.054571833461523056,0.0502004511654377,-0.05935899168252945,-0.04121194779872894,0.031303972005844116
0.009897522628307343,0.011815061792731285,0.046047914773225784,-0.04819129779934883,0.0024617903400212526,0.031213903799653053
-0.002984995488077402,0.0483647957444191,0.05209043622016907,-0.09309417009353638,-0.05082497373223305,0.030092453584074974
0.01376072596758604,0.059753987938165665,0.019837411120533943,-0.06112281605601311,0.07009025663137436,0.02750842086970806
0.012553009204566479,0.05170891061425209,0.0031626566778868437,-0.05520358681678772,-0.04480041563510895,0.02502160333096981
0.005409569013863802,-0.09999161213636398,0.01659979484975338,-0.041505392640829086,0.06722964346408844,0.0029129758477211
-0.004602586384862661,-0.04958665370941162,-0.03756066784262657,-0.0293250922113657,-0.05768957361578941,0.015002838335931301
0.0007655758527107537,-0.04806780070066452,-0.01934865675866604,-0.03667355328798294,0.010742581449449062,0.02163500152528286
-0.011007243767380714,0.043969735503196716,-0.038564544171094894,-0.11583633720874786,0.10234520584344864,-0.021751949563622475
-0.07437275350093842,0.04195650666952133,0.01276277657598257,-0.08841664344072342,0.11236394941806793,-0.04628398269414902
-0.1158251166343689,0.033585794270038605,0.035427168011665344,-0.0256518442183733,0.032631754875183105,-0.03977831080555916
0.0037860290613025427,0.01837288774549961,0.060032278299331665,-0.03822608292102814,-0.03787867724895477,0.013507804833352566
0.017826223745942116,0.042001210153102875,0.03510156646370888,-0.013098596595227718,0.11154826730489731,0.010621228255331516
-0.0035219304263591766,0.03531835600733757,0.01518756989389658,-0.014296389184892178,0.06792230904102325,0.010798785835504532
-0.007601994555443525,0.06589685380458832,0.04052107408642769,-0.02344067394733429,0.01127661019563675,0.007223524618893862
-0.010887252166867256,-0.03852450102567673,-0.06488578021526337,-0.008654356934130192,0.10583849251270294,-0.0009213004377670586
-0.0011058860691264272,0.034735891968011856,-0.05134627968072891,0.004173805471509695,0.09823708236217499,-0.005003104452043772
-0.012629612348973751,-0.03987211361527443,-0.06803733855485916,-0.012987956404685974,0.05466654524207115,-0.0016952094156295061
-0.0024991719983518124,-0.06927478313446045,-0.07184211909770966,0.0014394924510270357,0.09115488827228546,-0.0022429449018090963
0.0022174357436597347,-0.17917412519454956,-0.02853466011583805,-0.004336487967520952,-0.03420870751142502,-0.007403131574392319
0.02020985446870327,-0.17704306542873383,-0.037686537951231,-0.01474998239427805,-0.014302363619208336,-0.03158921003341675
0.02205037698149681,-0.15179070830345154,0.010721899569034576,-0.03577650338411331,-0.04762500151991844,-0.011808603070676327
-0.008860724978148937,-0.13947764039039612,-0.009772657416760921,-0.03427885100245476,-0.045460544526576996,-0.0028478221502155066
0.0002969813358504325,-0.06167293339967728,-0.030854523181915283,-0.06549488753080368,-0.014543646946549416,-0.021765273064374924
-0.0138638224452734,-0.04051784798502922,-0.03679003566503525,-0.08109694719314575,-0.04448108747601509,0.0002905366418417543
0.006162768695503473,0.03984152525663376,0.03172958269715309,-0.05216524004936218,0.20478467643260956,-0.025375407189130783
0.0012990627437829971,0.01965317502617836,0.025140466168522835,-0.02031867206096649,-0.05227552726864815,0.020207736641168594
-0.004968728870153427,-0.07131503522396088,-0.08310548216104507,0.0023641164880245924,0.0644582062959671,-0.007135732565075159
0.0072027272544801235,-0.06706628948450089,-0.06470587104558945,-0.0028176368214190006,0.04458644241094589,-0.0036430442705750465
-0.003105863695964217,-0.05564776062965393,-0.08265708386898041,-0.0025348099879920483,0.049747731536626816,0.0037663509137928486
-0.009116822853684425,-0.1499212235212326,-0.0705118253827095,-0.00012273249740246683,-0.006256087217479944,-0.003960245754569769
0.005866838153451681,-0.13449575006961823,-0.08470939099788666,-0.004393953830003738,0.05400612950325012,-0.007744720205664635
-0.01051704678684473,-0.12378387898206711,-0.06198049336671829,0.004733997397124767,-0.04098661616444588,0.001953674713149667
-0.005184581037610769,-0.07507304847240448,0.019482186064124107,0.02960158698260784,-0.04825044795870781,0.0009585479274392128
-0.006195662077516317,-0.05359034240245819,0.0021340695675462484,0.02424088679254055,-0.057702455669641495,-0.020532596856355667
-0.0011517505627125502,-0.03502284735441208,-0.002647495362907648,0.021599670872092247,-0.05472211167216301,-0.026833225041627884
0.018450399860739708,-0.04327552765607834,-0.017191799357533455,0.003916692920029163,-0.0654098391532898,-0.03345928713679314
0.02136431448161602,-0.030881624668836594,-0.03558941185474396,-0.006396469194442034,-0.05640541762113571,-0.04430686682462692
-0.022105475887656212,0.04750050976872444,0.0012031731894239783,-0.04050108790397644,0.10008671134710312,-0.020114760845899582
-0.022694429382681847,0.03133387118577957,-0.045289039611816406,-0.049365200102329254,0.09401840716600418,-0.02890070155262947
-0.10924872756004333,0.08436408638954163,-0.04047095775604248,0.008732268586754799,0.053810764104127884,-0.028542758896946907
-0.08635327965021133,0.03836456313729286,0.029293950647115707,-0.05259566009044647,0.10229582339525223,-0.04625292867422104
0.0037858234718441963,-0.1771979033946991,-0.059140853583812714,0.019829915836453438,0.058490537106990814,-0.0071172770112752914
-0.0029005061369389296,-0.18957817554473877,-0.07947111874818802,0.02434503845870495,0.030404159799218178,-0.0071745566092431545
0.007844170555472374,-0.18005533516407013,-0.06407716125249863,0.017871076241135597,0.042191606014966965,-0.0034090362023562193
-0.004353913012892008,-0.08294019848108292,-0.07577932626008987,0.039332423359155655,-0.03571193292737007,0.012006872333586216
-0.0034958780743181705,-0.038923535495996475,0.04011557623744011,0.024270759895443916,0.052588265389204025,-0.002327501541003585
0.0350240133702755,-0.03642251342535019,-0.0038192507345229387,0.022906804457306862,-0.06326650828123093,-0.01345690805464983
0.06714439392089844,-0.18225638568401337,0.020927097648382187,-0.036300960928201675,0.11659269779920578,-0.030398083850741386
0.00696514081209898,-0.11744627356529236,-0.008600627072155476,-0.06420105695724487,0.13994546234607697,-0.013556892983615398
0.006366538815200329,-0.12323812395334244,0.01747184805572033,-0.1019650399684906,0.20013394951820374,-0.0023030817974358797
0.004167514853179455,-0.10466134548187256,0.0026893913745880127,-0.08532997220754623,0.14453302323818207,0.005832082126289606
0.0019274362130090594,-0.09961957484483719,0.028457989916205406,-0.07296586036682129,0.08838189393281937,-0.017369799315929413
-0.0071834600530564785,-0.08900593221187592,-0.06474575400352478,0.037122465670108795,0.09128862619400024,-0.00738202128559351
0.006728449836373329,-0.12231515347957611,-0.08357782661914825,0.03440501540899277,0.05713745579123497,0.0020228070206940174
-0.01221216470003128,-0.057924043387174606,-0.06779507547616959,0.05290115252137184,-0.03942364081740379,-0.005937596317380667
0.0010925822425633669,-0.05209129676222801,-0.07104343920946121,0.052747584879398346,-0.03224552422761917,0.015192961320281029
-0.006905411835759878,-0.05536836385726929,-0.038782231509685516,0.05844224616885185,-0.032273657619953156,0.012532212771475315
0.01857295073568821,-0.052115652710199356,-0.024276090785861015,0.05242174118757248,-0.0077460166066884995,0.006126577500253916
-0.0001508926070528105,0.025255009531974792,-0.06628548353910446,0.053137462586164474,0.028062516823410988,-0.03066430613398552
-0.004243715666234493,-0.053143203258514404,0.024764597415924072,0.05721460282802582,-0.03644607216119766,-0.002071561524644494
-0.015486281365156174,0.015009223483502865,-0.0453127920627594,0.06297069787979126,-0.035180315375328064,-0.027865534648299217
0.03626307472586632,0.01590230129659176,0.007733888924121857,0.06501998752355576,-0.036298222839832306,-0.0163525752723217
0.015387918800115585,-0.12393706291913986,0.003990170080214739,-0.0663299560546875,0.1506900191307068,-0.028025241568684578
-0.02147185616195202,-0.11581369489431381,0.003380772890523076,-0.07185858488082886,0.19968439638614655,-0.030147135257720947
-0.001423500245437026,-0.15617069602012634,0.016064027324318886,-0.08468355983495712,0.16995389759540558,-0.010062485933303833
0.07098519057035446,-0.11928924173116684,0.009619118645787239,-0.0810510590672493,0.15502755343914032,-0.009646473452448845
0.08396804332733154,-0.13829505443572998,-0.016903601586818695,-0.06397238373756409,0.12126829475164413,-0.03756377846002579
0.0030046761967241764,-0.12126610428094864,0.007340396288782358,-0.0818837583065033,0.13257072865962982,-0.012666093185544014
-0.010474208742380142,-0.04299513250589371,0.013094685040414333,-0.08466198295354843,0.2430223971605301,0.021741649135947227
8.340520435012877e-05,-0.10165175795555115,0.025257911533117294,-0.08852418512105942,0.161477729678154,0.028944356366991997
-0.0007348257931880653,-0.06097798049449921,0.015361366793513298,-0.05173499882221222,0.09545483440160751,0.00274097197689116
-0.00993509590625763,-0.04639042168855667,-0.002541591180488467,-0.08597511798143387,-0.0020768125541508198,-0.010493758134543896
-0.002998173236846924,-0.13959749042987823,-0.0696273073554039,0.017397267743945122,0.010302197188138962,-0.006213031709194183
-0.003897301387041807,-0.20801089704036713,-0.07889646291732788,0.03952408209443092,0.11760976910591125,-0.0035953472834080458
-0.00041635031811892986,-0.12594333291053772,-0.07762247323989868,0.042922426015138626,-0.02020426280796528,0.002844475442543626
-0.010716991499066353,-0.16554716229438782,-0.04616401344537735,0.04372231289744377,-0.03503859043121338,-0.0089280866086483
-0.015891754999756813,-0.09486265480518341,-0.05257413163781166,0.05546433478593826,-0.012973192147910595,0.0006592812133021653
-0.0032180151902139187,-0.06562541425228119,-0.02754632756114006,0.10315605998039246,-0.01050327718257904,-0.010772833600640297
-0.008220070041716099,-0.05144341289997101,0.030498020350933075,0.09979094564914703,-0.04285643994808197,-0.006099809892475605
0.03406873717904091,-0.052581626921892166,-0.034449998289346695,0.06330420076847076,-0.04083580523729324,-0.012044068425893784
-0.008756982162594795,-0.041904155164957047,0.02736608311533928,0.06301697343587875,-0.0032106388825923204,-0.002081924118101597
-0.009233905002474785,-0.1567833125591278,0.012095858342945576,0.04805697500705719,-0.003236477030441165,0.0022333073429763317
0.0043931929394602776,-0.10908430069684982,0.0033596777357161045,-0.07018996775150299,0.1339540034532547,-0.0038503645919263363
-0.008092043921351433,-0.1083248034119606,0.025667691603302956,-0.08385763317346573,0.1479913890361786,-0.013970955274999142
-0.008485488593578339,-0.056278619915246964,0.033466942608356476,-0.1097039207816124,0.12308916449546814,-0.005624441895633936
-0.003555762115865946,0.029760725796222687,0.04069053754210472,-0.05860147625207901,-0.036915749311447144,-0.039555374532938004
0.0018689553253352642,-0.039857156574726105,-0.02249753475189209,-0.07152774930000305,0.1384771764278412,-0.027200695127248764
0.030842581763863564,-0.02503942884504795,0.0012827969621866941,-0.10549991577863693,0.097085140645504,0.005462676286697388
-0.005429671611636877,-0.033608485013246536,0.015867456793785095,-0.07598715275526047,0.090472012758255,-0.021821709349751472
-0.00240539712831378,-0.02781016379594803,-0.013592163100838661,-0.08045091480016708,0.09490205347537994,0.00808114092797041
-0.013304675929248333,0.0048336461186409,0.004554298240691423,-0.05869403854012489,0.08912499248981476,0.04662446677684784
-0.005132234655320644,-0.15443487465381622,-0.022977570071816444,0.04256200045347214,-0.01499769277870655,-0.0015215593157336116
-0.006007809657603502,-0.1938621997833252,-0.051063597202301025,0.06967225670814514,-0.01918833516538143,-0.009645069018006325
-0.0049217394553124905,-0.07569794356822968,-0.07163634151220322,0.051304176449775696,-0.040970008820295334,-0.0012026502517983317
0.0031902934424579144,-0.06301196664571762,-0.09198778122663498,0.04742704704403877,0.04590747132897377,0.004370571579784155
0.010598680004477501,0.0020261399913579226,0.03699783235788345,0.06830479204654694,0.04901943728327751,-0.014732188545167446
0.0017414585454389453,-0.11940449476242065,0.02805297076702118,0.04296017810702324,-0.010240712203085423,-0.0017910255119204521
0.0012515891576185822,0.02630165033042431,0.033780939877033234,0.11195173859596252,-0.002265895949676633,-0.013703401200473309
-0.0072295814752578735,-0.12230570614337921,0.002774507738649845,0.07607966661453247,-0.04855691269040108,-0.001393132726661861
-0.0026119688991457224,-0.10210686177015305,0.0005640177987515926,-0.03856530413031578,0.06415140628814697,-0.022024596109986305
-0.0008246193756349385,-0.1245352029800415,0.01149941235780716,-0.07504188269376755,0.08659534156322479,-0.009630158543586731
-0.005356456618756056,0.04793320223689079,0.005508945789188147,-0.041978973895311356,-0.0468316413462162,-0.03811463341116905
0.0005268896347843111,0.02510649338364601,-0.004452201072126627,-0.0328180156648159,-0.04863978549838066,-0.03140722215175629
0.0036897442769259214,0.04035162553191185,-0.024242371320724487,-0.0824749767780304,-0.027226395905017853,-0.026264257729053497
-0.08233525604009628,0.019403673708438873,-0.008217161521315575,-0.05780678242444992,0.0018770763417705894,-0.042258355766534805
-0.01549345999956131,-0.04563117399811745,-0.005495791789144278,-0.07268236577510834,0.03320439159870148,-0.001697260420769453
0.0024904257152229548,-0.031512726098299026,-0.019630419090390205,-0.0983135923743248,-0.10999447852373123,-0.018982870504260063
-0.008494080044329166,-0.09952642023563385,0.03167014196515083,-0.08116696029901505,0.08587978780269623,-0.007035992108285427
0.02313520759344101,0.03624990954995155,0.02583165094256401,0.08335622400045395,0.05900873616337776,-0.004920923616737127
-0.011153542436659336,0.037085242569446564,0.02634476125240326,0.0024953389074653387,0.12615779042243958,0.0006166770472191274
-0.00234455824829638,0.02188207395374775,0.013997994363307953,0.031191222369670868,-0.006539188325405121,0.010931524448096752
0.0064961593598127365,-0.010045085102319717,0.011467714793980122,0.051294464617967606,0.0044359625317156315,0.004527533892542124
0.005569899454712868,-0.062931589782238,-0.06099865585565567,0.2033369541168213,-0.13780350983142853,-0.01653003692626953
0.00782822072505951,-0.06331054866313934,-0.06820512562990189,0.18159835040569305,-0.0906362384557724,-0.009408979676663876
-0.013378043659031391,-0.1464027762413025,-0.04677692428231239,0.060505885630846024,-0.04204932972788811,0.014674138277769089
-0.0011104400036856532,-0.1501675248146057,0.007390710990875959,0.06301514804363251,-0.015407795086503029,0.00990716740489006
0.0017090163892135024,-0.13483846187591553,-0.0013417239533737302,-0.03816848620772362,0.08258850127458572,-0.030033191666007042
0.02645954117178917,-0.10115332156419754,-0.0209822840988636,-0.059569504112005234,-0.008312766440212727,-0.005454928148537874
0.04174867644906044,-0.12334343791007996,-0.01648722216486931,-0.07594664394855499,-0.005311180837452412,-0.031832750886678696
-0.00018603744683787227,-0.09499739110469818,0.005547093227505684,-0.04713263362646103,0.00011342647485435009,-0.01165922824293375
0.017982807010412216,0.045933399349451065,-0.01985953189432621,-0.038842663168907166,-0.082586869597435,-0.049858130514621735
-0.10692647099494934,0.07940977811813354,-0.028936590999364853,-0.059883806854486465,-0.016434939578175545,-0.05150473490357399
-0.07911160588264465,0.09290032088756561,-0.04117538407444954,-0.03755290061235428,-0.033587951213121414,-0.03322794288396835
-0.05950108543038368,0.018695659935474396,-0.008513171225786209,-0.08353885263204575,-0.04888787493109703,-0.028817184269428253
-0.06775806844234467,0.03356550261378288,0.026112189516425133,-0.09158597886562347,-0.034833308309316635,-0.030070804059505463
-0.02261248603463173,-0.028963899239897728,0.03742988035082817,-0.08180078119039536,0.07968612760305405,0.0074674091301858425
-0.015553212724626064,-0.02623758651316166,0.020210901275277138,-0.09390050917863846,-0.05703812092542648,-0.013684882782399654
-0.003766438225284219,0.029538562521338463,-0.0614781491458416,0.11033370345830917,-0.042294200509786606,0.02043091133236885
-0.0019929474219679832,-0.055682238191366196,0.012632551603019238,0.04803621768951416,-0.00759970024228096,-0.0021952027454972267
-0.005774267017841339,0.02567560225725174,0.012579523026943207,0.042208220809698105,0.04964905604720116,-0.0002742050855886191
0.014192032627761364,0.013073788955807686,0.0073406691662967205,0.2483838051557541,-0.06216428056359291,-0.012484146282076836
0.0030344328843057156,-0.03966909274458885,0.02154674381017685,0.07325806468725204,-0.009780650958418846,-0.004184855613857508
0.02952355332672596,-0.04498768225312233,-0.06141738221049309,0.19531863927841187,-0.04069182649254799,-0.006366264540702105
0.0077354623936116695,-0.06761506199836731,-0.06225427985191345,0.11816832423210144,-0.038889944553375244,-0.0010745433392003179
-0.0034966319799423218,-0.16524666547775269,0.02618085779249668,0.06465045362710953,-0.043260738253593445,0.0022761241998523474
0.015550692565739155,-0.09658373892307281,-0.013514844700694084,0.0005174680263735354,-0.0055745989084243774,-0.011609773151576519
-0.015378747135400772,-0.08858907222747803,-0.024647468701004982,-0.0672423467040062,-0.059719670563936234,-0.014900286681950092
0.0015906415646895766,-0.03196714073419571,-0.06521237641572952,-0.06514619290828705,-0.0496758334338665,-0.011721855960786343
0.09210029244422913,-0.08596377074718475,0.0011190554359927773,-0.0814872533082962,-0.037276387214660645,-0.00670607527717948
0.024499647319316864,0.029351472854614258,0.048367202281951904,-0.06462441384792328,-0.06851343810558319,-0.04032149910926819
0.005293714813888073,0.049842994660139084,0.005958167836070061,-0.08785904198884964,-0.07709953188896179,-0.04507995396852493
-0.05588662624359131,0.012304523028433323,-0.018260838463902473,-0.09232364594936371,-0.029256876558065414,-0.030025016516447067
-0.04144234210252762,0.04058977589011192,-0.005487998016178608,-0.05747566372156143,0.0014110103948041797,-0.01681613177061081
-0.019216574728488922,0.04263164848089218,-0.03145107626914978,-0.12113949656486511,-0.024158744141459465,-0.021389076486229897
-0.124893419444561,0.024638008326292038,-0.018089786171913147,-0.08704101294279099,0.09288977086544037,-0.02835681661963463
-0.0027274945750832558,-0.10639157891273499,0.014735991135239601,-0.08732319623231888,0.13488991558551788,0.04884941503405571
0.037470605224370956,-0.06874054670333862,-0.08209983259439468,0.03444889187812805,-0.03896773234009743,0.006423999555408955
-0.014427429996430874,-0.06488081812858582,0.012941507622599602,0.036174383014440536,0.005760818254202604,0.00879118125885725
-0.003793164389207959,0.012704544700682163,0.005789760500192642,0.01746537536382675,0.03353257104754448,0.0030001054983586073
0.02708786353468895,-0.03514521196484566,0.012791159562766552,0.26766425371170044,-0.09438899904489517,-0.014142368920147419
-0.010922119952738285,-0.09058964252471924,-0.035097673535346985,0.1683495193719864,-0.0637264996767044,0.0004245484306011349
-0.009103436954319477,-0.06454026699066162,-0.019650602713227272,-0.04443018510937691,-0.0009995985310524702,-0.030377523973584175
-0.002586288843303919,-0.0881396234035492,-0.008067531511187553,-0.029652398079633713,-0.03097098506987095,-0.022800752893090248
0.01952681504189968,0.0526416189968586,-0.014808641746640205,-0.050941552966833115,-0.03196199983358383,-0.021903933957219124
-0.006516179069876671,0.029132628813385963,-0.04809790104627609,-0.06124338135123253,0.06034332886338234,-0.02409561350941658
-0.012106800451874733,0.023799872025847435,-0.020581332966685295,-0.12459374964237213,0.007846963591873646,-0.03523794561624527
0.004596949089318514,0.0476829819381237,-0.0002664856147021055,-0.08563846349716187,0.06473910063505173,-0.0344577431678772
-0.005727287847548723,0.035889752209186554,-0.012223848141729832,-0.06912276148796082,0.0796666368842125,-0.018274381756782532
-0.0002986931649502367,-0.04501746967434883,0.01262130681425333,-0.11114663630723953,-0.07132828235626221,0.0020995023660361767
-0.015025724656879902,0.028392834588885307,-0.04166056215763092,-0.02916730009019375,-0.0563894622027874,0.01247077900916338
-0.0032342844642698765,-0.048741016536951065,0.03466698154807091,0.16155749559402466,-0.05102589353919029,-0.008546427823603153
0.004503297619521618,-0.04034080728888512,-0.07874344289302826,0.0071832467801868916,-0.06007254496216774,-0.004705349914729595
-0.013179775327444077,-0.04153599590063095,-0.08806873857975006,-0.010831298306584358,-0.0662468746304512,-0.004813706502318382
0.027035705745220184,-0.04237479716539383,-0.016148388385772705,-0.03032100386917591,0.0490901879966259,-0.008183958940207958
-0.018113218247890472,0.04177521914243698,0.03125480189919472,-0.08279313892126083,-0.05200232192873955,-0.03979909047484398
0.0016638095257803798,-0.04223046824336052,0.03122408129274845,-0.058496296405792236,0.0551617294549942,-0.024907955899834633
-0.0019624067936092615,-0.03797300159931183,-0.013089044950902462,-0.07867477089166641,0.08826958388090134,-0.013331819325685501
0.008399619720876217,-0.04123419523239136,0.020783280953764915,-0.08377131819725037,0.10796716809272766,-0.009479356929659843
-0.07281211763620377,0.017881451174616814,0.028844483196735382,-0.08378475159406662,0.06585688889026642,-0.024505721405148506
0.017339805141091347,0.029122671112418175,-0.013630063273012638,-0.1124313548207283,0.09131772816181183,-0.020299457013607025
0.014806400053203106,-0.10144829005002975,0.023870505392551422,-0.07778557389974594,0.1444622278213501,0.012276193127036095
-0.0166679248213768,0.008206645026803017,-0.04180744290351868,0.13935300707817078,-0.045432623475790024,-0.008165179751813412
-0.00699462229385972,0.007103187497705221,0.029458293691277504,0.1162257269024849,-0.055440377444028854,0.003085853299126029
-0.004333737306296825,-0.045749396085739136,0.012539391405880451,0.06469443440437317,-0.040226396173238754,0.010720968246459961
-0.010565715841948986,-0.12536799907684326,0.02348058857023716,0.031561706215143204,-0.05125642195343971,0.0044058533385396
0.048815399408340454,-0.15729880332946777,0.0222335048019886,0.041217364370822906,-0.062182508409023285,0.010664124973118305
0.023433150723576546,-0.05302619934082031,-0.04466058313846588,0.025210503488779068,-0.048020798712968826,-0.015723736956715584
0.06862674653530121,-0.032838739454746246,-0.026640411466360092,0.04170723259449005,-0.04231210798025131,0.003950320649892092
0.01865498721599579,-0.03726448118686676,-0.06166093423962593,-0.015074115246534348,-0.10923048853874207,-0.011784300208091736
0.001619676360860467,-0.039651453495025635,-0.024673303589224815,-0.07781454175710678,0.23078513145446777,-0.0116393668577075
-0.01900326833128929,0.026724528521299362,0.00963549129664898,-0.10071901977062225,0.10490714758634567,-0.020743457600474358
-0.013349657878279686,-0.05476470664143562,0.020195869728922844,-0.08214559406042099,0.08802524954080582,-0.010442935861647129
0.0034893571864813566,0.017956245690584183,0.019245028495788574,-0.11928503215312958,0.09008944779634476,-0.016836397349834442
0.030973337590694427,0.03131365031003952,0.033074237406253815,-0.09914257377386093,0.09814419597387314,-0.014564428478479385
-0.009649797342717648,0.030068648979067802,-0.05409067124128342,-0.09359364956617355,0.09379296004772186,-0.005392512772232294
-0.007081394549459219,-0.12276000529527664,0.023059161379933357,-0.09596912562847137,0.07954462617635727,0.0371549054980278
-0.0006677657947875559,-0.10769324004650116,0.004713921342045069,-0.11734239757061005,-0.05551145225763321,0.0009349750471301377
0.010235642082989216,0.03854665532708168,0.051473505795001984,-0.04457484558224678,-0.03743716701865196,0.022543620318174362
0.013577382080256939,0.043859973549842834,0.03186720982193947,-0.05160599201917648,-0.07845590263605118,0.026739487424492836
0.013472985476255417,0.0355052649974823,0.04695650190114975,-0.052706170827150345,-0.018550634384155273,0.03608675301074982
-0.05881053954362869,0.03162216395139694,0.04543658345937729,-0.07298297435045242,-0.06709412485361099,0.0367853082716465
0.005393903702497482,0.024199645966291428,-0.023152630776166916,0.10556437820196152,-0.03774743154644966,-0.004129122942686081
0.009468929842114449,0.00656593032181263,-0.057254593819379807,0.07016313821077347,-0.07896515727043152,0.00655137887224555
0.004013819620013237,0.013300781138241291,-0.05157169699668884,0.08068453520536423,-0.2935853600502014,-0.011466993018984795
0.03634772449731827,0.011765998788177967,-0.04792482405900955,0.07964383065700531,-0.025279521942138672,0.01713484898209572
-0.01646525412797928,-0.09096167981624603,0.00639695767313242,0.03635499253869057,-0.05398346483707428,0.013669207692146301
0.1369556337594986,-0.09547718614339828,0.013204921968281269,0.07024599611759186,-0.00507005862891674,0.019857274368405342
0.18175698816776276,-0.12819890677928925,0.0013786625349894166,0.02042669989168644,-0.01249709539115429,0.038131579756736755
0.21835753321647644,-0.02667761780321598,0.02055189199745655,0.03716208413243294,-0.02802283875644207,0.01365293376147747
0.13921357691287994,-0.026424385607242584,0.026714831590652466,0.05449340119957924,-0.041223470121622086,0.013264205306768417
0.10496515780687332,-0.023531155660748482,0.01591152884066105,0.04153481125831604,-0.046706672757864,0.015225443989038467
-0.012590156868100166,-0.05652277544140816,0.0369490310549736,-0.05688510462641716,0.08456489443778992,-0.013857098296284676
0.015683449804782867,-0.047269221395254135,-0.011393828317523003,-0.08470246940851212,0.11296016722917557,-0.0026030128356069326
0.018495824187994003,-0.13933761417865753,-0.01628144085407257,-0.09733074903488159,0.10068852454423904,0.012124317698180676
0.01980823464691639,-0.043079834431409836,0.0060926745645701885,-0.08543118089437485,0.11941178888082504,0.023956896737217903
0.00553878303617239,0.0131369698792696,0.018504904583096504,-0.11373647302389145,0.10366152226924896,0.00020993132784496993
0.019038349390029907,0.10630938410758972,0.021173760294914246,-0.06525903195142746,-0.04239460825920105,0.03384846821427345
0.025522125884890556,0.1301540583372116,0.04960651323199272,-0.08498107641935349,-0.126587375998497,0.04702905938029289
0.01863352209329605,0.0760807916522026,0.06294213235378265,-0.06974254548549652,-0.04866741597652435,0.03404180705547333
0.023589449003338814,0.1323760449886322,0.0714166983962059,-0.07515956461429596,-0.02218257449567318,0.03053922951221466
0.027824372053146362,0.018668975681066513,-0.05960940942168236,0.0662977546453476,-0.03978300467133522,0.0007522113155573606
0.09611176699399948,0.01872582547366619,-0.03508710116147995,0.06943017244338989,-0.041891515254974365,0.01618298888206482
0.11355265974998474,0.01673436537384987,-0.023435426875948906,0.08259676396846771,-0.01635144092142582,0.049628958106040955
0.11285992711782455,-0.03457125648856163,0.023251792415976524,0.08617842942476273,-0.02654285356402397,0.012269156984984875
0.08545096218585968,-0.047237176448106766,-0.02042810432612896,0.0819830521941185,-0.11896412819623947,0.005928360391408205
0.03208613395690918,0.018296562135219574,-0.01714118756353855,0.06946884095668793,-0.0519665963947773,0.04152475669980049
0.0047641899436712265,0.01615668646991253,0.015088041312992573,0.06184305623173714,-0.051613811403512955,-0.0005674321437254548
0.016878299415111542,0.009469425305724144,-0.055480070412158966,0.07669846713542938,-0.12819510698318481,0.004730163142085075
0.016359644010663033,0.041119739413261414,-0.011119206435978413,0.035192377865314484,-0.03794540837407112,-0.012251344509422779
0.009752263315021992,0.03449082002043724,-0.02987898327410221,0.03486913815140724,0.044919099658727646,-0.008295578882098198
0.013816194608807564,0.027881719172000885,-0.04304547235369682,0.03191139176487923,-0.04413359612226486,0.006143233273178339
0.1835871934890747,-0.024645842611789703,0.034964580088853836,0.04562203213572502,-0.04833438992500305,0.06529942154884338
0.017373232170939445,0.06182339787483215,-0.0009886351181194186,0.02660752646625042,-0.027637798339128494,0.01668703928589821
0.008521187119185925,0.017049504444003105,0.036197323352098465,0.031502656638622284,-0.04144424945116043,0.012913946993649006
0.04928014427423477,0.05660660192370415,-0.040296848863363266,0.020306970924139023,0.010200180113315582,0.003547895234078169
0.0054753427393734455,-0.14992499351501465,-0.026825904846191406,-0.06329450011253357,0.15829060971736908,0.013081415556371212
0.026271997019648552,-0.0660819262266159,0.011756264604628086,-0.11307951807975769,0.12567557394504547,0.009579114615917206
0.03540848195552826,-0.11545650660991669,-0.01889343000948429,-0.09759525209665298,0.11346827447414398,0.021893203258514404
0.04332181066274643,-0.1284378319978714,-0.070977121591568,-0.09419149160385132,0.08030413091182709,0.05341177433729172
0.1863296627998352,-0.029038172215223312,0.006008216645568609,0.04264860227704048,-0.27154168486595154,0.040473777800798416
0.07008057087659836,-0.02093217335641384,0.0197304654866457,0.06412063539028168,-0.26168128848075867,0.036870747804641724
0.1862116903066635,-0.0570954792201519,0.012895660474896431,0.05197807773947716,-0.2153557687997818,0.04669513180851936
0.06870228797197342,0.04276968166232109,0.018710164353251457,0.032481808215379715,-0.03484924137592316,0.017776649445295334
0.10579895228147507,0.007102190051227808,0.022131050005555153,0.018465526401996613,-0.051881205290555954,0.042622581124305725
0.12692014873027802,-0.000588401744607836,0.0029646377079188824,0.028485096991062164,-0.031355489045381546,0.082909494638443
0.015297936275601387,0.04516248404979706,-0.047077566385269165,0.021861402317881584,0.06655476987361908,0.03455229476094246
-0.0013170283054932952,0.038752514868974686,0.001219201716594398,0.006718803197145462,-0.062074676156044006,0.06264425814151764
0.00868184119462967,0.026791218668222427,0.011218815110623837,0.0254305899143219,-0.05507701262831688,0.08148762583732605
0.030140584334731102,0.04633605480194092,-0.04504802078008652,0.027071060612797737,0.10076547414064407,0.06849616765975952
0.0030939755961298943,0.03045119345188141,-0.026892611756920815,0.038690533488988876,-0.0002964508894365281,0.0667605996131897
0.14603877067565918,-0.04100045934319496,-0.07084135711193085,0.03718371316790581,-0.04115426540374756,0.08417341113090515
0.0347527377307415,0.0254810843616724,-0.05275191366672516,0.02374846301972866,0.05638633668422699,0.041129667311906815
0.0038027740083634853,0.052049681544303894,-0.036143675446510315,0.02888159640133381,-0.054400913417339325,0.07618357986211777
0.04344587400555611,0.031256940215826035,-0.042035751044750214,0.0374721884727478,0.07412045449018478,0.059143975377082825
-0.00023587234318256378,0.03794674202799797,-0.04665842279791832,0.031140314415097237,-0.004698540549725294,0.056460801512002945
0.005179280415177345,0.02158820815384388,0.016629915684461594,0.0746520459651947,-0.029601631686091423,0.05499086156487465
0.04169171676039696,0.015361929312348366,0.013396646827459335,0.0032867800910025835,0.05024903640151024,0.07649899274110794
0.02263706550002098,-0.03443414717912674,0.03196575492620468,0.03280807286500931,0.11823825538158417,0.08095941692590714
0.010032352060079575,0.017387041822075844,0.04313497617840767,0.028712455183267593,-0.05626656487584114,0.07701191306114197
0.015240533277392387,0.014147331938147545,-0.0005160754662938416,0.08908700197935104,-0.04905157908797264,0.05645320937037468
-0.0014895015629008412,0.04996220022439957,-0.022026222199201584,0.02620513364672661,-0.057787828147411346,0.0861956998705864
-0.009390423074364662,0.0372982993721962,-0.03676921874284744,0.028936093673110008,-0.047012727707624435,0.07136256992816925
-0.006345381494611502,0.055466827005147934,-0.04666510969400406,0.0246605072170496,0.024489831179380417,0.07525009661912918
0.025226391851902008,-0.03759269416332245,0.02825021743774414,-0.036561209708452225,0.15136750042438507,0.06759046018123627
0.015211394988000393,-0.050801269710063934,0.02332892082631588,-0.0002064524160232395,0.05419425666332245,0.07424210757017136
-0.008113439194858074,-0.0393088273704052,0.0009862662991508842,-0.057943712919950485,0.008977347984910011,0.05885488912463188
0.020334435626864433,0.03576052561402321,-0.004030423704534769,0.0016581343952566385,0.1025005653500557,0.07197938114404678
-0.004071377217769623,0.03292948380112648,0.019446158781647682,-0.08224190771579742,0.07217854261398315,0.043966107070446014
0.00518660107627511,-0.032387714833021164,-0.03942665457725525,-0.11839530616998672,-0.05513859540224075,0.06562676280736923
-0.09375114738941193,0.026057196781039238,0.00462133577093482,-0.1086089164018631,-0.07417568564414978,-0.020750656723976135
0.1620844155550003,-0.01698627695441246,0.014146972447633743,-0.04241753742098808,-0.02762673795223236,0.07329082489013672
-0.002469091909006238,-0.03574136644601822,-0.0008766520768404007,-0.08065661787986755,-0.07344687730073929,0.06997887790203094
0.0038873592857271433,0.004342385567724705,0.023807600140571594,-0.026867743581533432,-0.02589249424636364,0.06541834026575089
0.02053099498152733,0.012502225115895271,-0.02186807245016098,-0.04503045603632927,0.010896380059421062,0.06879372149705887
-0.007224122527986765,0.05695880204439163,0.019642256200313568,-0.027064993977546692,0.02852204442024231,0.06576251238584518
0.01762203499674797,0.04891121760010719,0.024426424875855446,-0.01502135768532753,0.14052487909793854,0.08612965792417526
-0.0015330305323004723,0.060603875666856766,0.021130383014678955,-0.003912795335054398,-0.04050770401954651,0.061994366347789764
0.016876786947250366,0.05669957399368286,0.025871558114886284,-0.021894441917538643,0.08905056864023209,0.08563807606697083
0.022739671170711517,0.055904731154441833,0.0066843824461102486,-0.030532831326127052,0.12887118756771088,0.05938669666647911
0.017850546166300774,0.06105684116482735,0.012838696129620075,0.020756898447871208,-0.0382632277905941,0.07666193693876266
0.0065223355777561665,0.053679417818784714,0.018336059525609016,0.01444871537387371,-0.026134885847568512,0.06465842574834824
0.010230904445052147,0.03074709326028824,0.016300875693559647,0.021899903193116188,0.01578121818602085,0.06539630144834518
0.006437376607209444,0.06030400097370148,0.007846762426197529,-0.009704012423753738,0.07758006453514099,0.06438003480434418
0.018109338358044624,0.05857822671532631,-0.057082369923591614,0.04510059207677841,0.007480489555746317,0.06933006644248962
0.03287489339709282,0.058398544788360596,0.0244944728910923,0.02206987887620926,-0.057905491441488266,0.05901266634464264
0.0027072173543274403,0.06264158338308334,-0.0011066849110648036,0.07310935854911804,0.006104651838541031,0.049753185361623764
0.0026071586180478334,0.02375311404466629,0.030307823792099953,0.009845000691711903,0.04717456176877022,0.052305180579423904
0.0019314793171361089,0.01704787276685238,0.039393652230501175,0.0375843271613121,0.09873142093420029,0.0502612479031086
-0.004178290721029043,0.08037997782230377,0.015378233976662159,0.08003376424312592,0.014579237438738346,0.07047624886035919
0.0073262592777609825,0.032397687435150146,0.017848674207925797,0.01355344895273447,0.0087940264493227,0.04230673611164093
0.006282029673457146,0.021382473409175873,0.041958894580602646,0.022093255072832108,-0.05518238991498947,0.017788667231798172
-0.007484611589461565,0.010155281983315945,0.022709118202328682,0.04062075540423393,-0.06376087665557861,0.026637447997927666
0.02127230167388916,0.06012967601418495,0.025731557980179787,0.019782355055212975,0.11354309320449829,0.040178582072257996
0.0022169682197272778,0.047718726098537445,-0.055747196078300476,0.02129647508263588,0.07998719811439514,0.023830348625779152
0.00955871306359768,-0.054140374064445496,-0.018245887011289597,-0.026694796979427338,0.15847255289554596,0.026106908917427063
0.011946207843720913,-0.04824041575193405,0.04623968154191971,-0.010108224116265774,0.14251191914081573,0.023090103641152382
0.0033949329517781734,-0.11637807637453079,-0.02340000867843628,-0.0795881450176239,0.14374785125255585,0.029934564605355263
0.004289452917873859,-0.04652174562215805,0.025230225175619125,-0.07614768296480179,0.16514277458190918,0.01865040324628353
0.023812590166926384,0.025604799389839172,0.01921485923230648,-0.09349285811185837,0.1050264835357666,0.004746218677610159
-0.02445719949901104,-0.031463224440813065,-0.0056852842681109905,-0.07099676132202148,-0.07922329753637314,-0.024897053837776184
0.004640304483473301,-0.043084580451250076,0.003928713500499725,-0.09097622334957123,-0.017919639125466347,0.005276599433273077
0.0005622432217933238,-0.03775417432188988,0.019646555185317993,-0.10021105408668518,-0.0036358695942908525,-0.008002708666026592
-0.0038253304082900286,0.02010699361562729,0.005238100420683622,-0.07660388946533203,0.0002256132138427347,-0.012787924148142338
-0.019863320514559746,0.04500512033700943,0.02284242957830429,-0.07504694908857346,0.0818033218383789,-0.0038956671487540007
-0.00028119341004639864,0.04578569531440735,0.028023816645145416,-0.04186246916651726,0.10887181758880615,-0.004584472626447678
0.0042104776948690414,0.04379182681441307,0.002944161416962743,-0.062057897448539734,0.08473711460828781,0.008946183137595654
0.021911952644586563,0.061532314866781235,-0.00232279603369534,0.008829587139189243,0.1339917927980423,0.04478377476334572
0.003990076016634703,0.06364251673221588,-0.02216825820505619,-0.006790420040488243,0.08759181201457977,0.02126210369169712
0.01688358746469021,0.06816747039556503,-0.0564725324511528,-0.01575184054672718,-0.00954191293567419,0.004885795991867781
0.029709581285715103,0.05706136301159859,0.02440345659852028,-0.004531062673777342,0.12626193463802338,0.01468751672655344
0.025790931656956673,0.07382980734109879,-0.05552256479859352,0.01168156135827303,0.011960255913436413,0.009712446480989456
0.0007025526720099151,0.0519871860742569,0.047877367585897446,-0.002588768256828189,-0.06668855249881744,-0.025509366765618324
0.01761574111878872,0.016652628779411316,-0.0434378981590271,0.027909202501177788,0.09178353101015091,0.021156489849090576
0.0049928827211260796,0.021661484614014626,0.019543258473277092,0.02395709790289402,0.11854518204927444,0.025163190439343452
0.006559881381690502,0.03235656023025513,-0.037970371544361115,-0.0072775897569954395,0.11822215467691422,0.0014436193741858006
0.00319432164542377,-0.05100579559803009,0.043250370770692825,-0.019184604287147522,0.15147031843662262,0.018856177106499672
0.08553940802812576,-0.14885836839675903,0.02021663263440132,-0.036069780588150024,0.16453596949577332,-0.05477945879101753
0.08171025663614273,-0.12010420858860016,0.02036399208009243,-0.046914953738451004,0.10481707751750946,0.030586538836359978
-0.00023337894526775926,-0.08844367414712906,0.026648689061403275,-0.1052657812833786,-0.01128923986107111,-0.12078648060560226
0.07673967629671097,-0.15032577514648438,0.023052116855978966,-0.11597610265016556,-0.013475432060658932,-0.10579629242420197
-0.012372281402349472,-0.057948578149080276,0.026500936597585678,-0.02717432752251625,-0.06997756659984589,0.01071513444185257
-0.055761367082595825,0.041917722672224045,0.017902059480547905,-0.10783867537975311,-0.05395720526576042,-0.006661592051386833
0.002557553583756089,0.004717051051557064,-0.0021324031986296177,-0.10351526737213135,-0.07699944823980331,0.00024196255253627896
0.006236102432012558,0.02242387644946575,0.03589894622564316,-0.07249440997838974,0.14554233849048615,0.0385512113571167
0.0012310679303482175,-0.03661469370126724,0.010356967337429523,-0.07399450987577438,0.15057793259620667,0.03983664512634277
-0.009665674529969692,-0.13023599982261658,0.009546532295644283,-0.062114376574754715,0.08876767754554749,0.05357425659894943
0.04998287186026573,-0.14065784215927124,0.015921005979180336,-0.07762083411216736,0.08133991062641144,-0.006939471699297428
0.006314325612038374,0.029604246839880943,0.014721502549946308,-0.10766079276800156,-0.07145606726408005,-0.10761923342943192
0.0034524877555668354,0.02971138432621956,0.014467291533946991,-0.12555623054504395,-0.09058648347854614,-0.1383710503578186
0.00262567144818604,0.031057022511959076,0.010258174501359463,-0.07798127830028534,-0.08688480406999588,-0.1248381957411766
-0.005044632591307163,-0.05554933845996857,0.032856717705726624,-0.009423145093023777,0.11084434390068054,-0.06987107545137405
-0.005096101202070713,-0.07305249571800232,0.02827558107674122,-0.015874188393354416,-0.005594046786427498,-0.14185386896133423
0.10456553101539612,-0.07390835881233215,0.02021927759051323,-0.0011354547459632158,-0.041656479239463806,-0.1375504434108734
0.015102220699191093,0.022024286910891533,0.02037188783288002,-0.019871072843670845,-0.0649355873465538,-0.11477317661046982
0.042053017765283585,0.02867012470960617,-0.011689520440995693,-0.029476052150130272,-0.058309610933065414,-0.07453230023384094
0.01443326473236084,0.03082733415067196,0.0199218038469553,-0.042963188141584396,-0.056953974068164825,-0.08591179549694061
0.09827117621898651,-0.013702272437512875,0.009990856051445007,-0.06898101419210434,-0.06742078065872192,-0.11776874959468842
0.0035014457534998655,-0.056642282754182816,0.022463148459792137,-0.13187073171138763,-0.052287448197603226,-0.1323913186788559
-0.00021398297394625843,-0.036922041326761246,0.04377247393131256,-0.12690795958042145,-0.0478266142308712,-0.10733573138713837
0.010481583885848522,0.06280946731567383,-0.025750666856765747,-0.10831564664840698,-0.041647229343652725,-0.09286422282457352
0.011882598511874676,0.007087754551321268,-0.07032012939453125,-0.15982653200626373,-0.2074969857931137,-0.12419314682483673
0.00865537952631712,0.017496256157755852,-0.017516709864139557,-0.011286591179668903,-0.06120758131146431,0.06918682157993317
-0.0019298028200864792,0.03987137973308563,0.014193941839039326,-0.007064915262162685,0.0800468698143959,0.0655059888958931
0.010125936940312386,0.03963187709450722,0.0016147795831784606,-0.08807360380887985,0.10770432651042938,-0.027292152866721153
-0.007209968753159046,-0.03891930729150772,-0.004991666413843632,-0.1201239600777626,-0.06679132580757141,0.061826255172491074
0.011535100638866425,0.022429989650845528,0.027490664273500443,-0.10337800532579422,0.18693119287490845,-0.028558988124132156
-0.012448389083147049,0.017459433525800705,-0.010150897316634655,-0.10020022094249725,0.11994753777980804,0.04968217760324478
-0.04310835152864456,0.012712673284113407,-0.003213153686374426,-0.06437424570322037,0.22638046741485596,-0.03415880352258682
-0.021748917177319527,-0.05619223415851593,0.037456415593624115,-0.08106859773397446,0.14851227402687073,-0.026155339553952217
0.013678540475666523,0.049901172518730164,0.027907518669962883,-0.1491360068321228,-0.04850325733423233,-0.09998823702335358
-0.017335737124085426,0.026982111856341362,0.015711529180407524,-0.13475573062896729,-0.05522206053137779,-0.1003352701663971
0.015441779978573322,0.05205298587679863,0.030568331480026245,-0.08850473910570145,-0.04048354923725128,-0.11022436618804932
-0.0010315394029021263,0.064144067466259,0.035972077399492264,-0.11102448403835297,-0.16678768396377563,-0.0882515013217926
-0.006806535646319389,0.04847397655248642,0.04434869810938835,-0.10879727452993393,-0.04996601119637489,-0.11527233570814133
-0.005909695755690336,0.05014361813664436,0.016878383234143257,-0.03777306526899338,-0.07303724437952042,-0.0892745777964592
-0.003408535150811076,0.06985712051391602,-0.004976220428943634,-0.046884436160326004,-0.06184941157698631,-0.07194580137729645
0.026559822261333466,0.0350169762969017,0.017410356551408768,-0.05332347750663757,-0.06001128628849983,-0.09699523448944092
-0.0013800427550449967,0.02735358290374279,0.048407845199108124,-0.10809745639562607,-0.2581443786621094,-0.09431595355272293
-0.001897297566756606,0.05380899831652641,-0.04851318523287773,0.018551204353570938,0.05572539195418358,0.08138597011566162
0.003677476430311799,0.06425374001264572,-0.05550532415509224,0.026735978201031685,0.04485607147216797,0.08016328513622284
0.0034422874450683594,0.06567424535751343,-0.0536516010761261,0.0406525544822216,-0.0083382036536932,0.07312147319316864
-0.028229232877492905,0.04535675793886185,-0.04184884577989578,-0.010876327753067017,0.02624412253499031,0.07837827503681183
-0.0023166791070252657,0.044959910213947296,-0.020084092393517494,-0.0104349534958601,0.07297325134277344,0.07474842667579651
0.018134042620658875,0.030115339905023575,0.005756489932537079,-0.07201731950044632,0.12216173857450485,-0.017485853284597397
0.008560585789382458,-0.02948269061744213,0.023934492841362953,-0.08002583682537079,0.15403810143470764,-0.012390686199069023
0.017247237265110016,0.026747222989797592,0.02045723982155323,-0.08424889296293259,0.13376663625240326,0.03421808406710625
-0.0080069275572896,-0.05346791818737984,0.022162897512316704,-0.08379162847995758,0.03808135539293289,0.05537454038858414
0.0009958662558346987,-0.04861476644873619,-0.047232210636138916,-0.07760981470346451,-0.06506308913230896,-0.030429380014538765
-0.0006017903797328472,0.01634696125984192,-0.01082920003682375,-0.08982305973768234,0.17909029126167297,-0.0007142890244722366
-0.008738638833165169,0.030964162200689316,-0.059909362345933914,-0.08184362202882767,0.24112580716609955,0.009483830071985722
0.011156025342643261,0.050969988107681274,-0.047269001603126526,0.011496463790535927,0.11212864518165588,0.01559170801192522
-0.0018555540591478348,0.06351225823163986,-0.05743694677948952,0.04804355651140213,0.04916401952505112,0.06426412612199783
0.10361062735319138,-0.05501790717244148,-0.032961610704660416,0.04399382323026657,0.0018534782575443387,0.08138953149318695
0.014828472398221493,0.03740159422159195,-0.062476493418216705,0.029078571125864983,0.0680353045463562,0.07784034311771393
-0.001727121532894671,-0.0069506424479186535,-0.04866701364517212,0.03444778546690941,-0.05425388738512993,0.04745437577366829
0.005873224698007107,0.06059535965323448,0.004017685540020466,0.02730872854590416,-0.009739486500620842,0.0013317293487489223
-0.0005356970941647887,0.06336548924446106,-0.03154941648244858,0.034095533192157745,-0.06939771771430969,0.0621650293469429
0.01871504820883274,0.05214162915945053,0.04160718992352486,0.027950135990977287,-0.0521283820271492,0.0410526804625988
-0.010120964609086514,0.035285286605358124,0.026669399812817574,-0.013816322200000286,-0.049834415316581726,-0.01234600692987442
0.009219755418598652,0.047308310866355896,-0.03119025006890297,-0.0019070992711931467,0.10711707919836044,0.06722837686538696
-0.0076847863383591175,0.06749768555164337,0.04052290320396423,-0.01058700680732727,0.07379557192325592,-0.01046826969832182
0.021727193146944046,0.027441319078207016,-0.05250101909041405,-0.04147319123148918,0.12547102570533752,0.027418531477451324
0.041603486984968185,0.03836827725172043,0.031045861542224884,-0.0187363438308239,0.08363157510757446,0.02108335681259632
0.008604207076132298,0.05035915970802307,0.0308160949498415,-0.04384080320596695,0.021005351096391678,-0.010075247846543789
0.015902621671557426,-0.02000293880701065,0.03448854014277458,-0.07610933482646942,0.1494603306055069,0.028051991015672684
-0.003436894854530692,0.01831095479428768,0.004481827840209007,-0.06456304341554642,-0.07982023805379868,-0.013502231799066067
-0.007159139029681683,-0.03541264310479164,-0.040207915008068085,-0.08122072368860245,-8.435248673777096e-06,0.018031850457191467
0.030650639906525612,-0.11897077411413193,0.004225259181112051,-0.10586478561162949,0.13953618705272675,0.05440637841820717
0.007157950662076473,0.06014981120824814,0.03834965080022812,0.015338278375566006,-0.0014671413227915764,0.07870882749557495
0.00170777493622154,0.07204407453536987,-0.044908955693244934,0.05339892953634262,0.05410156026482582,0.08003153651952744
0.0032338255550712347,0.10065018385648727,0.046975813806056976,0.11153420060873032,-0.040490809828042984,-0.002968217246234417
-0.003478841157630086,0.054872311651706696,0.00032551377080380917,0.036352720111608505,-0.06337635219097137,0.022776687517762184
0.002737730275839567,0.04055535048246384,0.041735682636499405,0.014316530898213387,-0.06217515096068382,-0.03507230803370476
0.0019074620213359594,0.020007118582725525,0.03326669707894325,0.01886686496436596,-0.03915276378393173,-0.02587048150599003
0.029188092797994614,0.04127034172415733,-0.0031426912173628807,0.03726430982351303,-0.06926976144313812,0.030304977670311928
-0.01336969155818224,0.07383457571268082,0.016649926081299782,0.03819229453802109,-0.04657674580812454,-0.03186894953250885
-0.003677735570818186,0.03997110575437546,0.01626935787498951,0.032371003180742264,-0.02808169275522232,-0.02910749800503254
-0.020814843475818634,0.07023454457521439,0.025546839460730553,0.017629705369472504,-0.05479750037193298,-0.09056863933801651
0.033914338797330856,0.052139271050691605,0.0040881740860641,0.003309983527287841,0.06956103444099426,0.020948413759469986
0.03759890794754028,0.03552528843283653,0.008306105621159077,-0.03025166690349579,0.14242614805698395,0.021268002688884735
-0.0125831114128232,0.11199219524860382,0.045906033366918564,-0.007766490336507559,0.11651932448148727,-0.07376442104578018
0.0005913771456107497,-0.051577456295490265,0.030203502625226974,-0.06336186081171036,0.13999640941619873,0.02564348466694355
0.020525982603430748,-0.070094995200634,-0.0008560963324271142,-0.07469117641448975,0.14707793295383453,0.02578379213809967
0.09916465729475021,-0.10221268236637115,-0.011702158488333225,-0.07734361290931702,0.09610258042812347,0.03333687782287598
0.011624990031123161,-0.12125355005264282,-0.008018014952540398,-0.08330807834863663,0.14999249577522278,0.013286139816045761
0.0027210740372538567,0.05327557772397995,0.04269254952669144,0.025092752650380135,-0.05166368559002876,-0.013176517561078072
0.03051629662513733,0.1530076265335083,0.039193734526634216,0.015709543600678444,-0.053068023175001144,-0.061974797397851944
0.04419247806072235,0.05990789458155632,0.029705950990319252,0.02178332954645157,-0.04557603970170021,-0.01362678688019514
-0.0304561797529459,0.09804052114486694,0.03464905917644501,0.021215805783867836,-0.031469978392124176,-0.09381259977817535
-0.0277679692953825,0.061824508011341095,0.026334572583436966,0.05033545196056366,-0.04643997922539711,-0.12273186445236206
-0.00024238346668425947,0.05835050716996193,-0.0027138933073729277,0.09080291539430618,-0.19517795741558075,-0.07553277164697647
0.01902567222714424,0.03980708494782448,-0.001171177253127098,0.04927417263388634,-0.23432710766792297,-0.061539653688669205
0.015201849862933159,0.14062632620334625,0.03721451014280319,0.07857713103294373,-0.02928558737039566,-0.10476062446832657
0.02470889501273632,0.060277506709098816,0.01511137094348669,0.05956149846315384,-0.1803605705499649,-0.0817321166396141
0.06635049730539322,0.14126047492027283,0.004798642359673977,0.12368810921907425,-0.15742450952529907,-0.09065204858779907
0.003494713921099901,0.06896623224020004,-0.052428461611270905,0.04834449663758278,0.08044572174549103,0.01683603785932064
0.018921829760074615,0.03730423003435135,-0.05170741304755211,0.015470564365386963,0.07547567039728165,0.027689214795827866
0.009075317531824112,0.052142299711704254,-0.02856171876192093,0.024082345888018608,0.056729596108198166,0.02570146508514881
0.015586623921990395,0.037420134991407394,0.0037898507434874773,0.03239721432328224,0.0028418023139238358,0.006781997159123421
0.005600576288998127,0.0756169781088829,-0.006673662457615137,0.02404840849339962,0.002567585092037916,-0.06886734813451767
0.03006742335855961,0.06452847272157669,-0.010512519627809525,0.016432473435997963,0.07765328884124756,0.03668414056301117
0.00426865927875042,0.030752956867218018,-0.03243260458111763,0.009333283640444279,0.12030985206365585,-0.015917116776108742
-0.005221195053309202,0.04178723692893982,-0.03646349906921387,-0.022656569257378578,0.08472979813814163,-0.05754874274134636
0.00675432663410902,0.06469348818063736,0.009406479075551033,0.004742491524666548,0.09965060651302338,-0.03712886944413185
0.024917591363191605,0.047671716660261154,-0.005285388324409723,-0.029679877683520317,0.13390471041202545,-0.055533554404973984
-0.003398309461772442,0.03356422111392021,0.02859315276145935,-0.002664039144292474,0.12395479530096054,-0.053080037236213684
-0.06172269582748413,0.010405722074210644,-0.04572355002164841,-0.03709457069635391,0.12779155373573303,-0.07482998073101044
-0.012160214595496655,-0.1311834454536438,0.013791055418550968,-0.08279473334550858,0.09597928076982498,-0.07071072608232498
0.0032352046109735966,0.06575246900320053,0.04417591914534569,0.024222292006015778,-0.06176649034023285,-0.09538470953702927
0.013287089765071869,0.05552658066153526,-0.012724006548523903,0.005528946872800589,-0.04186071828007698,-0.07188417762517929
0.009314281865954399,0.08316744863986969,-0.04348987713456154,-0.008625621907413006,-0.04008416086435318,-0.10326716303825378
-0.04218165576457977,0.06384892761707306,0.046215370297431946,-0.04520915076136589,-0.00047056181938387454,-0.10398680716753006
-0.0720270648598671,0.046974726021289825,0.027819162234663963,-0.050912052392959595,0.0562848225235939,-0.0704314336180687
-0.017673073336482048,0.0020423056557774544,-0.030893102288246155,-0.08583846688270569,0.00017159331764560193,-0.1303461492061615
0.00793176144361496,-0.1359117180109024,0.022684285417199135,-0.10957852751016617,0.08797908574342728,-0.10882170498371124
0.00559320067986846,-0.15894530713558197,0.009308361448347569,-0.08701794594526291,0.08711667358875275,-0.12659557163715363
-0.0013734246604144573,-0.05752960592508316,0.018000757321715355,-0.08878691494464874,0.10937649011611938,-0.12156780064105988
0.011983524076640606,0.0095755560323596,0.0031762421131134033,-0.1295616179704666,-0.2511727213859558,-0.03704816848039627
0.013527236878871918,0.016349250450730324,0.006400498561561108,-0.12256663292646408,-0.23586402833461761,-0.03233300521969795
0.01048478577286005,0.03385285660624504,0.057199154049158096,-0.03036000207066536,-0.011317181400954723,-0.07409291714429855
0.015194976702332497,0.048835258930921555,0.037539370357990265,-0.024085205048322678,0.0720425471663475,-0.061524614691734314
-0.012055210769176483,0.05621121823787689,-0.023857468739151955,-0.05119888111948967,-0.06471383571624756,-0.09647025913000107
0.0219771396368742,0.057697657495737076,0.030843369662761688,-0.037577349692583084,0.1313941329717636,-0.08180499076843262
-0.023021187633275986,0.049592506140470505,0.020794589072465897,-0.0695861279964447,0.11086157709360123,-0.0668053850531578
-0.009636977687478065,0.08014240115880966,0.023527611047029495,-0.07851874083280563,0.0846032202243805,-0.09110822528600693
0.006211509462445974,-0.08379291743040085,-0.05430351570248604,-0.06666658818721771,0.13547329604625702,-0.07860685139894485
-0.0029803437646478415,-0.09271832555532455,-0.07122795283794403,-0.12179646641016006,-0.009296081960201263,-0.13026127219200134
0.02053937502205372,0.01933255046606064,0.024581613019108772,-0.08401001244783401,-0.06125406548380852,0.0025992693845182657
-0.007112584542483091,0.06724666804075241,-0.025452671572566032,-0.009004015475511551,-0.07753687351942062,-0.09567582607269287
-0.006830672267824411,0.05775466188788414,-0.056111905723810196,-0.013873008079826832,-0.07776056975126266,-0.09955932199954987
0.013332108967006207,0.06043393537402153,0.01635337993502617,0.059150442481040955,-0.1770372986793518,-0.07146512717008591
0.0258353091776371,0.134767085313797,0.03346578776836395,0.0010989120928570628,-0.006128875073045492,-0.11049691587686539
-0.013640961609780788,0.046753764152526855,-0.01917998120188713,-0.040306299924850464,0.005356332752853632,-0.09189005941152573
-0.07047417759895325,0.03913296014070511,-0.012000206857919693,-0.08387453109025955,0.11646706610918045,-0.1118636205792427
-0.11243083328008652,0.06825663149356842,0.013069406151771545,-0.09496301412582397,-0.0010555862681940198,-0.10238708555698395
-0.0007699652342125773,0.008837094530463219,-0.06945666670799255,-0.07338065654039383,0.21616096794605255,-0.12378031760454178
-0.007512166630476713,-0.112822987139225,0.02440330758690834,-0.1010097786784172,0.14646628499031067,-0.10907147824764252
0.004799543414264917,0.04379098117351532,0.03519238904118538,-0.12630219757556915,-0.07520381361246109,-0.025809235870838165
-0.06857074052095413,0.055672433227300644,0.042902618646621704,-0.09402037411928177,-0.05616840720176697,-0.10303709656000137
-0.07660472393035889,0.01922406256198883,0.03569401055574417,-0.11266675591468811,0.20651528239250183,-0.04033081233501434
-0.04976211115717888,0.029068609699606895,0.02928243950009346,-0.07612013071775436,0.22701267898082733,-0.043898824602365494
-0.01021394319832325,-0.03333641216158867,0.02722472883760929,-0.0894843265414238,0.09290868043899536,-0.06498213112354279
-0.06362400203943253,0.04489146173000336,0.016574671491980553,-0.10307549685239792,0.2063644826412201,0.003155645914375782
-0.005500923376530409,0.02360038459300995,0.008561231195926666,-0.09481999278068542,0.2294960618019104,0.0005808976129628718
-0.019589580595493317,0.03736768290400505,-0.03030826710164547,-0.09336463361978531,0.07181266695261002,-0.002667769556865096
0.00202071201056242,0.012259584851562977,-0.021705377846956253,-0.11294464021921158,0.15255357325077057,0.004572674166411161
0.005080936476588249,0.05956852063536644,0.04462764784693718,-0.08621121942996979,-0.08430805802345276,-0.12560869753360748
-0.0030110320076346397,-0.039173439145088196,-0.0068704839795827866,0.3934394121170044,-0.001067311386577785,0.014907334931194782
-0.003513187635689974,-0.036381687968969345,0.0061124046333134174,0.3692624568939209,0.09211048483848572,0.006335238926112652
0.002834092825651169,-0.054608773440122604,0.01808309368789196,0.372785359621048,0.07222850620746613,0.008335554972290993
-0.0072069973684847355,-0.050137877464294434,0.035089701414108276,0.36734911799430847,-0.021018266677856445,0.019020607694983482
0.010169721208512783,0.019887493923306465,0.02609836868941784,0.36265549063682556,0.043392058461904526,0.015972232446074486
0.03373248875141144,0.06106957048177719,0.032773710787296295,0.34930020570755005,0.047870103269815445,0.009655039757490158
-0.002427236642688513,0.06711336225271225,-0.043371573090553284,0.36885735392570496,0.004606344271451235,0.011195308528840542
0.015704438090324402,0.03255820274353027,-0.005961800459772348,0.371037095785141,0.09248917549848557,0.01293733436614275
-0.005606165621429682,0.02680167555809021,0.01989302970468998,0.36781054735183716,0.04240838438272476,0.01745099015533924
0.006855985149741173,0.005284457001835108,0.032200559973716736,0.36034753918647766,0.07223047316074371,0.006776617839932442
-0.012181958183646202,0.05039142072200775,0.03607211261987686,0.3498951196670532,0.03050166368484497,0.007674926891922951
0.00369473360478878,0.027487529441714287,0.0321570560336113,0.3571538031101227,0.07625474780797958,0.01534851174801588
0.017960716038942337,0.02570757269859314,0.03569221496582031,0.3258272111415863,0.048560384660959244,0.010381849482655525
0.011525169014930725,0.013716421090066433,-0.048470210283994675,0.3382208049297333,-0.010519986972212791,0.006656767800450325
0.0003468913782853633,0.02899666130542755,0.026422293856739998,0.3538273572921753,-0.058156564831733704,0.019774865359067917
-0.0006101215840317309,0.022189071401953697,0.01241895742714405,0.34844014048576355,-0.029620811343193054,0.0062234424985945225
-0.009962762705981731,0.02090267464518547,0.03202012553811073,0.37358567118644714,0.12109716236591339,0.010923527181148529
-0.0010272505460307002,-0.000312354153720662,-0.03223760426044464,0.3542057275772095,0.10891333967447281,0.002811124548316002
0.01701238565146923,0.023921243846416473,0.020225033164024353,0.32247406244277954,0.09579207748174667,0.006981733720749617
0.023428913205862045,0.01605246402323246,0.01320244837552309,0.3312949538230896,0.09327337890863419,0.006486141122877598
0.018040325492620468,0.013296767137944698,0.02359532006084919,0.3384424149990082,-0.03288624435663223,0.012011827901005745
-0.002176919486373663,0.015726951882243156,0.037163518369197845,0.3676277697086334,-0.011037635616958141,0.015478258952498436
0.07911521941423416,0.023197008296847343,0.018215937539935112,0.3483538031578064,-0.009282182902097702,0.01666686125099659
0.004530610051006079,0.0511929877102375,0.036079276353120804,0.3663861155509949,-0.009499374777078629,0.018840601667761803
0.013489453122019768,-0.031650520861148834,0.03752759099006653,0.3834628462791443,0.1060003936290741,0.005353928543627262
0.012873322702944279,-0.04064976051449776,0.02355007268488407,0.36434808373451233,0.013413935899734497,0.00878949835896492
-0.008381771855056286,0.016182847321033478,-0.03571418300271034,0.33175820112228394,0.01329865399748087,0.012128312140703201
0.1290282905101776,-0.10256363451480865,0.0036826208233833313,0.38448113203048706,-0.03970203176140785,0.005036421585828066
0.00020502053666859865,-0.06476148962974548,0.014837409369647503,0.37978386878967285,0.017784852534532547,0.00886990875005722
-0.01212106179445982,0.017056668177247047,0.01795266568660736,0.35855504870414734,0.027441538870334625,0.010157686658203602
0.0035396581515669823,-0.05344773828983307,0.021481363102793694,0.37250667810440063,0.014302130788564682,0.007376289926469326
-0.0037752490025013685,-0.1461355835199356,0.019420742988586426,0.3904314339160919,0.1063951775431633,-0.005797354970127344
-0.005840969271957874,-0.05261169746518135,-0.04670359566807747,-0.044306688010692596,0.07452663034200668,0.005400121212005615
0.008019309490919113,-0.044476643204689026,-0.009285065345466137,-0.06834597885608673,0.08316681534051895,0.014103734865784645
0.013147757388651371,-0.1191331297159195,0.018735792487859726,0.3816601037979126,0.06481880694627762,-0.0006677283672615886
0.09934277087450027,-0.07101178914308548,-0.002930894959717989,0.34997692704200745,-0.053012166172266006,0.014382435940206051
0.11364839971065521,-0.07792152464389801,0.025816531851887703,0.37216728925704956,-0.0009377000969834626,0.010524353012442589
0.038646399974823,-0.13230428099632263,-0.0007911961292847991,0.3941713273525238,-0.038124971091747284,-0.004109454341232777
0.010612011887133121,-0.03537174314260483,0.0007666328456252813,0.37531736493110657,0.07515645027160645,0.005206377245485783
0.03514610975980759,-0.09196580201387405,0.01704791560769081,0.36140576004981995,0.10709190368652344,0.008715923875570297
0.10311555117368698,-0.11029752343893051,-0.02408655732870102,-0.07179097086191177,-0.03753427416086197,-6.82703175698407e-05
0.11959589272737503,-0.08312688767910004,-0.0058710104785859585,-0.0749976858496666,-0.00926436297595501,0.021658018231391907
0.0481981597840786,-0.041510697454214096,0.02266572043299675,-0.07359059900045395,0.04653758183121681,0.017073066905140877
0.043935079127550125,-0.11913683265447617,0.012372603639960289,-0.0698433369398117,-0.012999055907130241,0.01472537126392126
0.006849383469671011,-0.08406417816877365,-0.009374747984111309,-0.06501458585262299,0.08715598285198212,0.00205598515458405
-0.05220004916191101,0.04748738929629326,0.03478885814547539,-0.057269223034381866,0.0897497609257698,0.017396433278918266
-0.08003989607095718,0.019440237432718277,0.03747326135635376,0.34312236309051514,0.07734251767396927,0.014392859302461147
0.0022003841586411,0.01148138102144003,0.012394682504236698,0.3540486693382263,0.051790229976177216,0.00803049374371767
-0.06755233556032181,0.021051140502095222,0.040635135024785995,0.3621707856655121,0.12204229831695557,0.009787192568182945
0.005992874037474394,-0.0509071871638298,-0.06930143386125565,-0.028370101004838943,-0.036307886242866516,0.013349841348826885
-0.007149511948227882,-0.06418023258447647,-0.06949345022439957,-0.02892637625336647,-0.03700658679008484,0.011768794618546963
0.0009473043610341847,-0.028386959806084633,0.007666086312383413,-0.03654789552092552,-0.005397356580942869,0.027502866461873055
-0.04724358394742012,0.015470069833099842,-0.019174139946699142,-0.0363076888024807,0.06752225011587143,0.012067717500030994
-0.016222713515162468,-0.046629320830106735,-0.023674406111240387,-0.053131766617298126,0.06659731268882751,0.012145435437560081
-0.061374861747026443,0.02998421899974346,-0.05113675817847252,-0.06679364293813705,0.03617388382554054,0.012250934727489948
-0.020890923216938972,0.027755891904234886,-0.018182970583438873,-0.06731346249580383,0.07228496670722961,0.02356182225048542
0.006587871816009283,0.03317548334598541,-0.058444343507289886,0.3308616578578949,-0.051291562616825104,0.01777482219040394
-0.08416520804166794,0.010101145133376122,0.03128783777356148,0.3320646286010742,-0.03760172054171562,0.015366206876933575
-0.08358205109834671,0.038486186414957047,-0.01950143650174141,0.36957743763923645,0.08447908610105515,0.009730860590934753
-0.07157455384731293,0.04265065863728523,0.028042737394571304,0.38543209433555603,0.13057292997837067,0.006552867125719786
0.010455947369337082,0.038095951080322266,0.030350124463438988,0.3444581627845764,0.06391306966543198,0.014035871252417564
0.006689268164336681,0.017313480377197266,0.0577474907040596,-0.042831260710954666,-0.036347102373838425,0.03232310712337494
0.016472134739160538,-0.04857876896858215,0.04351918399333954,-0.0508737713098526,0.019285354763269424,0.025209348648786545
0.00010191517503699288,-0.050273358821868896,0.04956315457820892,-0.048120997846126556,-0.04844793677330017,0.031074099242687225
0.015149964950978756,0.02932056412100792,0.03988669440150261,-0.03868849575519562,0.12038108706474304,0.01965717412531376
0.023169495165348053,-0.040327515453100204,0.04017389193177223,-0.07264846563339233,-0.01607353985309601,0.03902783244848251
0.007225183304399252,-0.04715767502784729,0.032289836555719376,-0.07528524100780487,0.09416971355676651,0.02026665024459362
-0.007983031682670116,-0.05012551695108414,0.03840246424078941,-0.10702449828386307,0.019059672951698303,0.03092917986214161
-0.08886376768350601,0.039521701633930206,-0.05449407547712326,-0.08696496486663818,0.11044870316982269,0.01839332841336727
-0.061414215713739395,0.02318158745765686,-0.0495816208422184,-0.06374192982912064,0.08571266382932663,0.015640875324606895
-0.04361024498939514,-0.02332443557679653,0.009858634322881699,0.34505695104599,0.10222035646438599,0.007108077872544527
-0.0728420540690422,0.011457053944468498,0.0316498726606369,0.3760317862033844,0.1158318966627121,0.008553643710911274
-0.06375406682491302,0.02491326816380024,0.04442969709634781,0.35076412558555603,0.10923279076814651,0.008308270014822483
0.0026176339015364647,-0.0562719851732254,0.027811653912067413,0.33811795711517334,-0.012605078518390656,0.02039150893688202
-0.01102400477975607,0.03275560587644577,0.022384945303201675,0.34778106212615967,0.08204762637615204,0.014637703076004982
-0.0005993250524625182,0.017111750319600105,0.018302513286471367,0.33649110794067383,-0.0072241853922605515,0.014521091245114803
0.0027943523600697517,0.017993798479437828,0.020023377612233162,0.33483022451400757,0.001724204863421619,0.015831878408789635
0.008993208408355713,-0.05986623093485832,0.020220087841153145,0.3259667158126831,0.09560997784137726,0.007694370113313198
-0.013549666851758957,-0.044622957706451416,-0.06035105511546135,0.3409793972969055,0.061792682856321335,0.003699693363159895
-0.05517476797103882,0.010313857346773148,0.018360093235969543,0.3389510214328766,0.05782785639166832,0.009325615130364895
-0.015503279864788055,0.029564179480075836,-0.06079285219311714,0.32961273193359375,0.058646224439144135,0.011705277487635612
0.00947598647326231,0.0219438299536705,0.037231966853141785,0.33575740456581116,-0.005564186722040176,0.01286996528506279
0.018335456028580666,0.02248508110642433,0.04450763389468193,-0.04990692809224129,0.046763427555561066,0.02635165862739086
0.02339865267276764,0.031681664288043976,0.010434839874505997,-0.07419241219758987,0.11745600402355194,0.021483831107616425
0.012408793903887272,0.002463639248162508,0.040228620171546936,-0.0806150734424591,0.07438019663095474,0.013648518361151218
0.01936168782413006,-0.04712976887822151,0.013452025130391121,0.33549201488494873,0.0551278181374073,0.006953838746994734
-0.0065434835851192474,0.017927978187799454,-0.002158234128728509,-0.05206514522433281,-0.047257836908102036,0.023536190390586853
-0.004884087014943361,-0.04508356750011444,0.0549798309803009,-0.12205187976360321,-0.04619859904050827,0.03849054127931595
-0.050019919872283936,0.0250739436596632,0.0012209053384140134,-0.09527488797903061,-0.05800792947411537,0.020746871829032898
0.0033599056769162416,-0.033608194440603256,-0.04091724753379822,-0.08726181834936142,-0.01571645401418209,0.010220424272119999
-0.06028587743639946,0.018756575882434845,-0.05558255314826965,-0.1156906932592392,-0.006082382518798113,0.025732118636369705
-0.0678924024105072,0.03094012476503849,0.018552113324403763,-0.0735747218132019,0.12198811024427414,0.01881476864218712
-0.0026360121555626392,-0.041518304497003555,-0.03738543018698692,-0.08847516775131226,0.009526092559099197,0.022809166461229324
-0.007916595786809921,-0.06838478147983551,0.04343865439295769,-0.057035624980926514,-0.04015500098466873,0.030664553865790367
0.005502916406840086,0.0206439308822155,0.04626018553972244,-0.10056865215301514,-0.050729744136333466,0.0401630625128746
-0.010769705288112164,-0.03250653296709061,0.05377662554383278,-0.09366509318351746,-0.011776164174079895,0.019241631031036377
0.016483623534440994,0.03254276141524315,-0.0038825629744678736,-0.08858773112297058,0.010356435552239418,0.021853309124708176
-0.0590183325111866,-0.04427550733089447,-0.007616035640239716,-0.07864615321159363,0.023594500496983528,0.014204173348844051
-0.000840746215544641,-0.05448729172348976,-0.003007350955158472,-0.08609796315431595,0.004296483471989632,0.0029403441585600376
-0.013303329236805439,-0.055929284542798996,-0.053152430802583694,-0.08775424212217331,-0.03960411623120308,0.02124660089612007
-0.0006524236523546278,-0.13404840230941772,-0.011621478013694286,-0.11190681159496307,-0.010423398576676846,0.014016235247254372
0.014965228736400604,-0.14118044078350067,-0.0016752755036577582,-0.09172632545232773,0.009919712319970131,0.014372406527400017
0.001789481844753027,0.016916612163186073,-0.02601320669054985,-0.10492037981748581,-0.07000520080327988,0.03353524208068848
0.02368820458650589,-0.06371216475963593,0.0011179697467014194,0.2678864896297455,-0.026011353358626366,0.018452292308211327
-0.00035930550075136125,0.029086725786328316,0.01809929683804512,0.3372676372528076,0.08285180479288101,0.018633030354976654
-0.08106968551874161,0.010814371518790722,-0.06143351271748543,0.20045365393161774,-0.003628493519499898,0.008849956095218658
0.011318985372781754,0.02140299417078495,0.04372123256325722,0.27391332387924194,-0.03291681408882141,0.027845971286296844
-0.08615421503782272,0.033971212804317474,0.029684947803616524,0.2854560315608978,0.06273894757032394,0.015067856758832932
-0.05315272510051727,0.031314823776483536,-0.04838722199201584,-0.08184897899627686,0.05577545613050461,0.013440056703984737
0.038414862006902695,-0.05372998118400574,-0.014060761779546738,-0.08280336111783981,-0.07511121034622192,0.01734142377972603
-0.08275062590837479,0.050459835678339005,0.013980157673358917,-0.0844947099685669,0.012429537251591682,0.02359439618885517
-0.0357816144824028,0.05254736170172691,-0.03579573705792427,0.14345453679561615,-0.042883165180683136,0.013239610008895397
-0.010701319202780724,-0.05313751846551895,0.0463080070912838,0.2007836252450943,-0.0015250458382070065,0.011493313126266003
-0.04584752395749092,0.05675150826573372,2.819979636115022e-05,0.33406952023506165,-0.009268330410122871,0.012145878747105598
-0.1180756539106369,0.04556085169315338,0.010114554315805435,0.3351520895957947,0.06582954525947571,0.017328526824712753
-0.07820260524749756,0.08369327336549759,0.03582223504781723,0.24158111214637756,0.059777744114398956,0.007299032993614674
-0.0525764524936676,0.03777322918176651,0.04604305699467659,0.2863214612007141,-0.036950670182704926,0.025900686159729958
-0.00037990411510691047,0.011342320591211319,0.027732282876968384,0.12021918594837189,0.08974257856607437,0.0008316983585245907
-0.03798506781458855,0.02088170498609543,-0.04677494615316391,0.20309041440486908,0.04323553666472435,0.00366598810069263
-0.0631602555513382,0.01889818161725998,0.02793928049504757,0.2138003408908844,-0.04560724273324013,0.015765637159347534
-0.015674488618969917,-0.0629904568195343,0.006942076608538628,-0.10313373804092407,-0.06554263830184937,0.021312713623046875
-0.009842886589467525,-0.11147582530975342,-0.00850561074912548,-0.09151243418455124,-0.05281718447804451,0.019956929609179497
-0.06109754368662834,0.06455821543931961,0.009254279546439648,0.3627052903175354,0.0072962623089551926,0.01535814255475998
0.0098393140360713,0.053506188094615936,-0.014620455913245678,0.1475307196378708,-0.05089647322893143,0.014168999157845974
-0.05372114107012749,0.04128067195415497,0.015149805694818497,0.2113969773054123,0.04355553165078163,0.0076636821031570435
0.01278216764330864,0.024612631648778915,0.03910944238305092,0.26927292346954346,-0.04082915931940079,0.029377317056059837
0.014698104001581669,0.03570452332496643,0.05844596028327942,-0.0924745574593544,-0.0363960862159729,0.03806931525468826
-0.05870286375284195,0.015780499204993248,0.015099439769983292,-0.10063759982585907,0.004844804294407368,0.019508996978402138
-0.10260423272848129,0.04390391334891319,-0.025092268362641335,-0.09322400391101837,0.052562687546014786,0.00834954995661974
-0.016207003965973854,0.04160286486148834,0.005695079453289509,-0.10016768425703049,-0.024439668282866478,0.02202523499727249
-0.005953723099082708,0.036615245044231415,0.045002538710832596,-0.09807506948709488,-0.03437819331884384,0.02602463960647583
-0.11560985445976257,0.03804342821240425,0.03348678722977638,-0.034522633999586105,0.0021955419797450304,0.01009052712470293
-0.052286017686128616,0.054336730390787125,0.0411815382540226,-0.026870928704738617,0.010597551241517067,0.009071425534784794
-0.08057911694049835,0.03462979942560196,0.03031163103878498,0.008045019581913948,0.016058241948485374,0.00990759115666151
-0.08573444932699203,0.06488364934921265,0.04071703925728798,-0.014778701588511467,-0.036453548818826675,0.006803541909903288
-0.049083102494478226,0.039222002029418945,0.03864087164402008,-0.01231811661273241,-0.006176457740366459,0.0057174949906766415
-0.06847130507230759,0.017098641023039818,0.04021105542778969,-0.01636996492743492,-0.02989511378109455,0.007483934052288532
-0.0174727626144886,0.02796749211847782,0.0395766906440258,-0.018883012235164642,-0.008522596210241318,0.0011509680189192295
-0.08826944977045059,0.04445609077811241,0.026923293247818947,0.014924575574696064,0.005525203887373209,0.003800878068432212
-0.10586673021316528,0.04821734502911568,0.033241789788007736,-0.0020745140500366688,0.01989869959652424,0.0003052562242373824
-0.1030331701040268,0.058591291308403015,0.02827266789972782,0.07773255556821823,-0.041496820747852325,-0.017196476459503174
0.0038354983553290367,0.05613280460238457,0.0165670458227396,0.07576435059309006,-0.0480821393430233,-0.003846890525892377
0.01610611379146576,0.05010777339339256,0.020852534100413322,0.08726230263710022,-0.17070375382900238,0.0035892443265765905
-0.002355764852836728,0.07782888412475586,0.051541540771722794,0.08406046777963638,-0.0331706739962101,0.020324785262346268
0.005245547275990248,0.0726449117064476,0.008188018575310707,0.09099768102169037,-0.01235888060182333,-0.017697641626000404
0.029158063232898712,0.17484469711780548,0.052316710352897644,0.05753948912024498,-0.02194908820092678,0.014208387583494186
0.011823299340903759,0.16239452362060547,0.052025679498910904,0.09876243770122528,-0.018047742545604706,-0.0068985638208687305
0.0035459836944937706,0.06787849962711334,-0.027003208175301552,0.08089891821146011,-0.028995990753173828,0.01632937416434288
0.014422370120882988,0.07881994545459747,-0.009328115731477737,0.11787010729312897,0.03437782824039459,-0.03197811543941498
0.0076057869009673595,0.03971681743860245,0.025665663182735443,0.12923674285411835,-0.01020787563174963,-0.02066074125468731
0.020577322691679,0.1157258078455925,0.029777714982628822,0.10732892900705338,-0.037644755095243454,-0.015932409092783928
-0.09621220082044601,0.1322525143623352,0.04720167815685272,0.07205069065093994,-0.03193844109773636,-0.0023877271451056004
0.02185088023543358,0.12798474729061127,0.03039390780031681,0.08114919811487198,-0.015796804800629616,-0.019627731293439865
-0.02516143023967743,0.1355510950088501,0.06413877755403519,0.08405797928571701,-0.03176598995923996,-0.015435305424034595
0.007057616021484137,0.022418931126594543,0.027456846088171005,-0.00322302570566535,-0.042645763605833054,0.005191108677536249
0.008187761530280113,0.053531862795352936,0.03647148981690407,0.00047869596164673567,-0.051160778850317,0.003671826794743538
0.003260239725932479,0.04705685377120972,-0.040923431515693665,0.03865597024559975,-0.038382839411497116,0.008435881696641445
0.006659665610641241,0.053260259330272675,-0.01896866038441658,0.008867047727108002,-0.005459403153508902,0.003891677362844348
-0.0059266239404678345,-0.042046766728162766,0.010923722758889198,-0.016527079045772552,-0.044595085084438324,0.005194070283323526
-0.06728702783584595,0.030990945175290108,0.03852797672152519,0.01004444807767868,-0.02845362015068531,0.011672453954815865
0.008493253961205482,0.009050099179148674,0.004894735757261515,0.0040658097714185715,-0.06767233461141586,0.008557017892599106
0.006626955233514309,0.02646261267364025,-0.0496191531419754,0.013070427812635899,-0.051861412823200226,0.005321776494383812
-0.0501004196703434,0.031532999128103256,0.032635051757097244,0.00951779168099165,-0.0310133695602417,0.009386496618390083
-0.007500212639570236,0.038503292948007584,0.04530622810125351,0.019221793860197067,-0.0381360687315464,0.010222475044429302
-0.006777491420507431,0.023855626583099365,0.06665213406085968,-0.016090696677565575,-0.044872868806123734,0.004942318424582481
-0.0062111979350447655,0.05185645818710327,0.04619932174682617,0.011487063951790333,-0.02729283645749092,0.008320779539644718
-0.0020205159671604633,0.032574549317359924,-0.048729829490184784,0.009943750686943531,-0.04420992359519005,0.0075516533106565475
-0.022052224725484848,0.06619692593812943,-0.04109341278672218,0.010946240276098251,-0.038671769201755524,0.0026986021548509598
-0.002035795245319605,0.05256335437297821,0.01737513393163681,-0.013895072974264622,0.0044325958006083965,0.006080710794776678
-0.005174883641302586,0.04413383826613426,-0.0009530158131383359,0.017331058159470558,-0.05208805948495865,0.010059491731226444
0.002597358077764511,0.05654849112033844,0.016820382326841354,-0.018445076420903206,-0.003870692802593112,-0.0058441623114049435
-0.003855341812595725,0.018812168389558792,-0.030862553045153618,-0.043135952204465866,0.0035665794275701046,-0.027290232479572296
-0.021321844309568405,0.06366570293903351,-0.05984104797244072,0.02115647681057453,-0.04591384530067444,0.004104421008378267
0.004004341084510088,0.06013702228665352,0.03557904437184334,-0.005062241107225418,0.0013881957856938243,0.0017215607222169638
-0.00335438153706491,0.04185095801949501,-0.04561059921979904,-0.017400803044438362,-0.06523220986127853,0.00641572056338191
0.005376679822802544,0.05765533074736595,-0.04802699759602547,-0.018770286813378334,-0.049374885857105255,0.0024088553618639708
0.004211644642055035,0.03228866681456566,0.02139362134039402,0.019466834142804146,0.045326828956604004,-0.03453642874956131
0.003456230042502284,0.04676201939582825,-0.04111398383975029,-0.0014256923459470272,-0.04487436264753342,-0.022434158250689507
0.011746533215045929,0.020478293299674988,-0.025050846859812737,0.01002075057476759,0.08203176409006119,-0.041402097791433334
-0.009057039394974709,0.05088622123003006,0.02708827331662178,0.01437439490109682,-0.0020141785498708487,0.0060952757485210896
-0.032587774097919464,0.03431517258286476,-0.062131237238645554,0.017041144892573357,0.06314584612846375,-0.026761284098029137
-0.005552066024392843,0.0451163649559021,-0.0007551811286248267,-0.01270736288279295,-0.055450670421123505,0.004288113210350275
-0.003225256223231554,0.0677441731095314,-0.06076272949576378,-0.052737485617399216,-0.07201418280601501,-0.024205561727285385
0.001711614546366036,0.0208967886865139,-0.04934738576412201,-0.03604735806584358,-0.04599620774388313,0.011133803986012936
-0.054147928953170776,0.023377014324069023,0.010314738377928734,-0.05231061950325966,-0.05062013119459152,0.026375791057944298
-0.01195719838142395,0.0453731045126915,-0.05560670047998428,-0.04554305598139763,-0.05111929774284363,0.022151675075292587
-0.005350454710423946,0.029031574726104736,-0.03589942678809166,-0.03971521183848381,-0.060325488448143005,0.018156157806515694
-0.0026575904339551926,0.05362126976251602,-0.045340001583099365,-0.03946316987276077,-0.044922083616256714,0.01652657799422741
-0.06200192868709564,0.012025983072817326,0.02710835635662079,-0.059164464473724365,-0.04454270005226135,0.02902592159807682
-0.005927620455622673,0.03893718123435974,-0.04943859204649925,-0.03453356400132179,-0.04505901783704758,0.010328765958547592
0.005656770430505276,0.032465387135744095,0.008615381084382534,-0.05826776102185249,0.004074264317750931,0.03018057905137539
-0.042634859681129456,0.01659984700381756,0.0028527474496513605,-0.04380218684673309,-0.05333121120929718,0.01995578594505787
-0.0022253228817135096,0.025113005191087723,-0.0567232109606266,-0.04735644906759262,-0.0578891858458519,0.02239469438791275
0.004112914204597473,0.05956616997718811,0.0137436892837286,-0.0241842158138752,0.008128277957439423,0.008556880056858063
-0.02152150683104992,0.05496266111731529,0.008516925387084484,-0.03589944168925285,-0.016064045950770378,0.01069432683289051
-0.00010259672126267105,0.06005203723907471,-0.04137039557099342,-0.03517889603972435,-0.06403880566358566,0.017827996984124184
0.0009738999651744962,0.027462119236588478,-0.02908247523009777,-0.03720251843333244,-0.04001583904027939,0.018035147339105606
0.024271812289953232,0.06364837288856506,-0.05515316128730774,-0.03086085245013237,-0.04464232549071312,0.010817401111125946
0.03047538362443447,0.0216482263058424,-0.011503198184072971,-0.033085715025663376,-0.041659481823444366,0.00874863751232624
0.011905347928404808,0.013130689971148968,-0.01910184510052204,-0.03324592858552933,0.00966691691428423,0.01552638690918684
0.011186023242771626,0.03437554091215134,-0.05382110923528671,-0.039019130170345306,0.00443299813196063,0.023038677871227264
0.0127555001527071,0.015560775995254517,-0.05010393261909485,-0.026856644079089165,0.02468409761786461,0.010222697630524635
-0.0019680866971611977,-0.038887761533260345,-0.0565546452999115,-0.10423966497182846,0.019313009455800056,-0.08204074949026108
0.0005761439097113907,-0.03609045594930649,-0.05501898378133774,-0.0963597223162651,0.04833732172846794,-0.007070315536111593
-0.003129590768367052,-0.062128011137247086,-0.06530314683914185,-0.10231441259384155,-0.06646934151649475,-0.15048199892044067
-0.002029298571869731,-0.049359314143657684,-0.05300101637840271,-0.11725866794586182,-0.05365007743239403,-0.12167991697788239
-0.0006190745625644922,-0.03468107804656029,-0.04720476269721985,-0.11270598322153091,-0.06326337903738022,-0.027671489864587784
0.025622356683015823,-0.06844277679920197,0.0030165237840265036,-0.11178236454725266,-0.04881172254681587,-0.07029218226671219
-0.0007787582580931485,-0.0706368163228035,0.01874685287475586,-0.10959520936012268,-0.05921506509184837,-0.07324115186929703
0.009130862541496754,-0.09352575242519379,-0.06196407973766327,-0.1169814020395279,0.025834299623966217,-0.11532612144947052
-0.0012520714662969112,-0.08391688764095306,-0.03350621089339256,-0.08786797523498535,-0.07332810759544373,-0.11653101444244385
-0.004548393189907074,-0.09329261630773544,-0.053132835775613785,-0.08163383603096008,-0.012168350629508495,-0.14045235514640808
-0.05821717903017998,0.030784016475081444,0.009577569551765919,-0.10460835695266724,-0.06322034448385239,-0.07996196299791336
-0.03025427833199501,0.1431969404220581,-0.060885950922966,-0.114708811044693,-0.011879718862473965,-0.1659223437309265
-0.06696741282939911,0.057375237345695496,-0.03546050190925598,-0.08480530232191086,-0.0179436057806015,-0.13420262932777405
0.00497291749343276,0.03998030722141266,-0.05715355649590492,-0.0642596185207367,-0.06685241311788559,-0.021797768771648407
0.008515413850545883,0.029103852808475494,0.02994026429951191,-0.08389504998922348,-0.060517698526382446,-0.041128579527139664
0.006446645595133305,0.054272692650556564,-0.03970208019018173,-0.08634749054908752,-0.07107583433389664,-0.04454563185572624
-0.00726125156506896,0.03712746873497963,-0.04761384800076485,-0.09060069173574448,-0.07793579250574112,-0.0965614840388298
0.012044201605021954,0.04846835136413574,-0.055584754794836044,-0.10931660979986191,-0.06396684050559998,-0.1173926591873169
0.00421132380142808,0.04088704660534859,0.04210808128118515,-0.09162843227386475,-0.05339603126049042,-0.010849191807210445
0.0037776499520987272,0.02630220726132393,-0.03128163889050484,-0.10892000794410706,-0.05055754631757736,-0.029475390911102295
0.023344025015830994,0.04926920682191849,-0.0319446437060833,-0.08723137527704239,-0.001888682716526091,0.041814327239990234
0.00410065520554781,0.05281612649559975,-0.010045589879155159,-0.0906398817896843,0.003845454892143607,0.0062278336845338345
0.0007957620546221733,0.04682348668575287,-0.040146343410015106,-0.09461260586977005,-0.060750946402549744,0.023066865280270576
-0.003624343080446124,0.02385062538087368,-0.051462143659591675,-0.08782751858234406,0.01190024334937334,-4.202116178930737e-05
-0.09105923026800156,0.010518690571188927,0.009342125616967678,-0.09407263249158859,0.001737931976094842,0.021161679178476334
0.003556204494088888,0.02643916942179203,-0.05443265289068222,-0.03626614809036255,-0.013754494488239288,0.02354876697063446
0.007468060590326786,0.041836705058813095,-0.026059208437800407,-0.033353254199028015,-0.02677759900689125,0.016099058091640472
0.011018193326890469,0.015866752713918686,0.04167843237519264,-0.0339074581861496,-0.04571414738893509,0.02623770944774151
0.0021850208286195993,0.021562376990914345,-0.04979238286614418,-0.03566936403512955,-0.03631965070962906,0.009637151844799519
-0.002536484971642494,-0.027125056833028793,0.0045839156955480576,-0.0298511553555727,-0.04551059380173683,0.012492973357439041
0.11976669728755951,-0.09939108043909073,0.00920040812343359,-0.07305040955543518,-0.031293876469135284,-0.05243469029664993
0.1444183886051178,-0.12477108836174011,0.010204522870481014,-0.024265212938189507,-0.04059165343642235,-0.004511178005486727
-0.012324446812272072,-0.06531518697738647,0.024409322068095207,-0.08641330152750015,-0.009176181629300117,-0.033803123980760574
-0.010272514075040817,-0.05940888449549675,-0.032679904252290726,-0.07729807496070862,0.004080748185515404,-0.009441857226192951
0.0059314207173883915,0.022489193826913834,-0.017602305859327316,-0.03758943825960159,-0.045312587171792984,0.023994045332074165
