AGB_diff,NDVI_diff,LFMC_diff,VPD_diff,Sc_diff,Rd_diff,y_true,y_pred
-25.0,0.007580769230769169,12.39589228445828,-0.006923076923076921,-8.374011537017761,0.0,-0.2575306076039978,-0.03224785625934601
-36.8,-0.002744816053511734,6.390407928057186,-0.006923076923076921,-6.394112549695429,0.0,-0.187984611899316,-0.04946849122643471
61.59999999999999,-0.005789464882943185,22.35975132493601,-0.0015384615384616,-7.959797974644658,0.0,-0.3397634131301835,-0.15472446382045746
-53.0,-0.02680183946488301,40.64248813243161,0.0,-8.359797974644657,0.0,-0.04794583348114019,-0.07807672023773193
69.60000000000001,-0.02365886287625407,15.46840802919698,-0.0015384615384616,-5.062741699796948,0.0,0.07920391871658869,-0.20424887537956238
-60.8,-0.02945919732441471,40.45967027120309,0.0,-6.628427124746182,0.0,0.0518400622953507,-0.06999748945236206
-87.6,0.005833612040133773,14.70451440305192,-0.006153846153846176,-3.814213562373084,0.0,0.3213076611235617,-0.05037613585591316
12.0,-0.05931789297658868,44.81176608049419,-0.01692307692307693,10.47695526217005,0.0,-0.1076832242207644,0.4224207401275635
101.8,-0.09443678929765892,39.27252919034139,0.01846153846153842,8.69116882454314,0.0,-0.1685868233864349,0.09936429560184479
64.4,-0.1245744147157191,37.47039396971179,0.01769230769230778,3.014213562373101,0.0,-0.2336984186279397,-0.06978651881217957
120.2,-0.0640327759197325,35.31276224307101,0.02153846153846162,2.662741699796953,0.0,-0.1790212571266234,-0.11938720941543579
-140.6,-0.146840635451505,30.56348938903659,0.01769230769230778,9.77401153701776,0.0,0.2982046621178795,0.16025884449481964
-77.20000000000002,-0.1213724080267558,25.35665506543799,0.02538461538461534,6.862741699796935,0.0,-0.0884214993950313,0.0902242511510849
42.0,-0.0602377926421403,18.14763135111761,0.009230769230769376,9.325483399593907,0.0,-0.2446183417040767,0.16521087288856506
3.800000000000011,-0.0481190635451505,15.58603516498731,0.04230769230769238,10.22253967444161,0.0,0.1046902583572593,0.24416950345039368
-7.400000000000006,-0.009199498327759237,27.6688810615456,0.01000000000000001,7.974011537017748,0.0,-0.05310753850337491,0.1472957581281662
146.4,0.04748946488294309,31.27986585196611,0.003076923076922977,7.311269837220809,0.0,0.1185199655010423,0.10965889692306519
-148.0,-0.0739195652173914,28.1599597617968,0.01000000000000001,4.994112549695416,0.0,0.1283432840641005,-5.381926894187927e-05
-157.6,-0.1316710702341137,28.84378563360269,0.02000000000000002,8.22842712474619,0.0,0.1724226313557476,0.02919343300163746
-173.8,-0.1289321070234114,28.5929601115072,0.02384615384615385,8.89116882454314,0.0,0.2650436191178795,0.046419695019721985
-93.4,-0.1047351170568562,23.50759593639759,0.02846153846153854,2.682842712474631,0.0,0.00443519060496872,-0.04375458508729935
-130.6,-0.111003678929766,14.12614622953861,0.02000000000000002,3.711269837220811,0.0,-0.1434605209157446,0.0007524490356445312
-143.6,-0.08019598662207361,14.99534820644161,0.01461538461538459,5.408326112068533,0.0,-0.3119449332850623,-0.01615167036652565
-125.6,-0.1684026755852844,9.936665658773592,0.02538461538461534,5.379898987322338,0.0,-0.0535247849680312,-0.030073929578065872
-133.4,-0.1531839464882943,15.08412265586222,0.03000000000000003,5.194112549695426,0.0,-0.2460503416392759,-0.07802394777536392
10.59999999999999,-0.04199147157190608,29.62695710415619,0.009230769230769376,-6.759797974644666,0.0,-0.7313688737040767,-0.24832741916179657
-3.200000000000003,-0.08344331103678937,29.23326081103569,0.01384615384615395,-4.545584412271559,0.0,-0.6123122846037856,-0.2796177864074707
-46.00000000000001,-0.1055521739130435,41.07642980858451,0.01615384615384607,-2.414213562373092,0.0,-0.3691650099928927,-0.16305145621299744
4.399999999999999,-0.1055521739130435,39.63633475126619,0.01923076923076916,-0.6142135623731022,0.0,-0.3691650099928927,-0.17004308104515076
-108.2,-0.07800551839464892,31.2166315839813,0.0115384615384615,1.979898987322343,0.0,0.08472587132829448,-0.07037633657455444
-99.99999999999999,-0.1223444816053512,29.7259660775503,0.02846153846153843,6.594112549695431,0.0,-0.1119317206857725,0.05336947739124298
-10.0,-0.0735941471571907,12.5145007373882,0.03230769230769226,3.614213562373102,0.0,0.5939268759894147,0.005741864442825317
-8.199999999999989,-0.04813076923076925,5.352410009147491,0.04153846153846152,9.00832611206851,0.0,0.6931939034038699,0.10988309979438782
8.800000000000011,-0.05285585284280947,4.797406101037808,0.04153846153846152,10.04264068711928,0.0,0.6520511442106526,0.31366458535194397
44.39999999999999,0.03893210702341143,13.1151786343449,0.02307692307692299,4.365685424949234,0.0,0.3355705876269556,-0.022958483546972275
-93.60000000000001,-0.09833444816053521,11.13934600045471,0.03230769230769226,2.628427124746189,0.0,0.1263311785534738,-0.02728375419974327
-54.19999999999999,-0.03844498327759194,15.6136470108202,0.01461538461538459,-2.931370849898478,0.0,-0.1603553086954656,-0.14504818618297577
-38.59999999999999,-0.1080622073578595,12.50349006687591,0.0476923076923077,-1.214213562373089,0.0,-0.0125051620620287,-0.1329328566789627
-54.0,-0.112296989966555,20.03624518460082,0.0476923076923077,-3.531370849898487,0.0,-0.0197744836397032,-0.24354328215122223
-57.80000000000001,-0.1187924749163878,18.65736425439222,0.04923076923076919,-6.276955262170056,0.0,-0.1227062653674989,-0.23450355231761932
-135.0,-0.1539968227424748,26.5451270139267,0.05153846153846164,-2.64852813742386,0.0,-0.4013365225628667,-0.3357120156288147
-122.0,-0.1297526755852842,14.6221472678229,0.05153846153846164,10.52548339959391,0.0,-0.0479754261617764,0.18806016445159912
-145.0,-0.1490680602006688,9.571726868169904,0.05307692307692313,0.1999999999999886,0.0,-0.1504120820467243,-0.263837605714798
-141.2,-0.1642978260869564,6.77597851463041,0.05307692307692313,-1.331370849898477,0.0,-0.6455652733270789,-0.1996375322341919
-128.8,-0.09491153846153838,36.79607188393891,0.05076923076923068,3.66274169979695,0.0,-0.03845492167455361,-0.0421992652118206
-124.2,-0.08129264214046816,34.14734883613069,0.05076923076923068,4.131370849898474,0.0,-0.2080275031823658,-0.0066887736320495605
54.79999999999998,0.04272842809364563,17.4320701677327,0.03384615384615386,14.8367532368147,0.0,0.3431778944282913,0.4664299190044403
20.59999999999999,-0.06056270903010025,4.401087962153582,0.0476923076923077,2.014213562373101,0.0,-0.263870277217214,-0.05330612137913704
34.80000000000001,0.02257725752508355,1.922873437636497,0.04923076923076919,10.77401153701777,0.0,0.1986787669449029,0.2994692027568817
3.599999999999994,-0.04047775919732455,4.472144750236495,0.04153846153846152,11.57401153701776,0.0,0.2347953234149784,0.31461232900619507
52.40000000000001,0.08403076923076919,1.096271109543792,0.03153846153846152,12.87106781186548,0.0,0.2135134464513252,0.39052945375442505
1.0,-0.04728294314381276,7.060722221547096,0.04923076923076919,-3.594112549695431,0.0,-0.538723383210145,-0.18511994183063507
-10.0,-0.07848729096989981,13.5668003337736,0.03692307692307695,4.145584412271571,0.0,-0.220264187291776,0.024905802682042122
-0.2000000000000171,-0.04256187290969909,13.53836511062431,0.03538461538461546,8.75979797464467,0.0,-0.0564224085677675,0.09732622653245926
-144.4,-0.1359583612040135,3.172021099268008,0.04384615384615387,4.414213562373096,0.0,-0.3621750383079665,0.011836981400847435
-180.8,-0.1569551839464883,-0.9077120146643125,0.05153846153846164,-1.082842712474623,0.0,-0.5581123768702562,-0.17856068909168243
-108.6,-0.1491941471571907,-1.586168476006506,0.04076923076923089,6.594112549695421,0.0,-0.3831996443079665,0.09548087418079376
-58.59999999999999,-0.060310033444816,-3.118280955999509,0.03307692307692311,9.00832611206851,0.0,-0.1013930566883736,0.21264633536338806
-160.4,-0.150861872909699,44.35357639464569,0.05076923076923068,-8.925483399593901,0.0,-0.1239789257706442,-0.41242989897727966
-76.4,-0.0826394648829431,23.03296180630508,0.02923076923076917,13.58822509939086,0.0,0.3495289937451592,0.3349531888961792
-45.80000000000001,-0.1344829431438126,28.414753315185,0.04692307692307685,4.248528137423861,0.0,0.02689166483435651,0.02289661392569542
-18.40000000000001,-0.0819981605351171,11.610812942305,0.04153846153846152,6.55979797464466,0.0,0.0800455759037744,0.08502428233623505
90.39999999999998,0.0533757525083613,0.7150576236512904,0.02923076923076917,14.75391052434009,0.0,0.1609552557002985,0.5358182787895203
19.39999999999998,-0.005915217391304239,-0.9337575900179047,0.04923076923076919,3.44852813742385,0.0,-0.2874788895926499,0.011238694190979004
10.59999999999999,-0.02023545150501682,-1.593150479289392,0.03692307692307695,5.34558441227157,0.0,-0.1411460652512726,0.01009204238653183
75.39999999999999,0.06804297658862879,-16.12339596365469,0.02615384615384608,12.27106781186548,0.0,0.0419586489280747,0.375055730342865
18.79999999999998,0.009634280936454798,-2.928587079775198,0.03153846153846152,4.545584412271591,0.0,-0.2706196753251048,0.06500665843486786
73.8,0.03165334448160551,-31.2921845206004,0.02230769230769225,2.22842712474619,0.0,-0.1520202122976278,-0.047170329838991165
28.0,-0.00880719063545149,-8.443839159138392,0.02615384615384608,3.945584412271572,0.0,0.0223864067002985,0.050207220017910004
25.0,-0.03980719063545163,-3.928626344534493,0.03230769230769237,4.34558441227157,0.0,-0.2775153049738878,0.013161545619368553
-157.4,-0.07358043478260873,-4.184805024689993,0.06230769230769229,5.097056274847699,0.0,-0.005992232561304101,0.024633225053548813
-75.20000000000002,-0.06789866220735791,-5.526602253113793,0.06307692307692314,3.828427124746177,0.0,-0.1019322187310827,0.04566642642021179
3.0,-0.02759113712374567,-8.430384378635296,0.0707692307692308,3.945584412271572,0.0,-0.2728171715604106,-0.04398544505238533
-12.40000000000001,-0.0346827759197324,-8.357786971987892,0.07461538461538464,-0.1999999999999993,0.0,-0.4827925416830422,-0.25709009170532227
-177.6,-0.0869961690483429,-9.2130817994111,0.07153846153846155,-2.779898987322323,0.0,-0.1009609496702486,-0.38386067748069763
-155.0,-0.1535292642140469,49.2565934596864,0.07538461538461527,7.642640687119282,0.0,-0.0822754916336253,-0.20703479647636414
-112.0,-0.1488722408026756,49.00966952635991,0.07153846153846155,9.739696961966999,0.0,-0.07598916663362529,0.04592958837747574
-101.4,-0.1259735785953177,12.414558618906,0.03846153846153832,0.9171572875253844,0.0,-0.151257802202226,-0.07026439905166626
-33.8,-0.05335702341137133,-46.57714326028139,-0.02461538461538471,7.711269837220811,0.0,-0.08766095445529551,0.29106709361076355
-15.4,0.01478745819397986,20.39040272314452,0.003846153846153832,2.20000000000001,0.0,0.0366496521561042,0.03155091404914856
-122.4,-0.09010083612040137,16.03630617904429,0.004615384615384688,6.579898987322341,0.0,0.1906732350801952,-0.003671746701002121
6.799999999999997,0.03119698996655534,-34.20967246835232,0.003846153846153832,10.3254833995939,0.0,-0.09662168321057901,0.4104047119617462
81.2,0.1454876254180602,-17.74823399929591,0.003846153846153832,6.262741699796962,0.0,0.0848520857957055,0.1012570708990097
83.4,0.08732976588628766,1.525907244543205,0.004615384615384688,9.3254833995939,0.0,0.0380044159989294,0.3400685787200928
151.2,0.1545479933110368,-47.16896651725301,0.01307692307692299,4.511269837220802,0.0,-0.1910867590270189,0.07312097400426865
127.2,0.1564546822742474,-48.78774426463741,0.006153846153846065,-4.945584412271561,0.0,-0.4018680599306448,-0.012064721435308456
-14.40000000000001,0.02600501672240813,3.031394526922611,0.004615384615384688,5.414213562373099,0.0,0.2075755604965963,0.164260134100914
-186.8,-0.1429307692307694,46.49071876891531,0.06769230769230761,-8.911269837220807,0.0,-0.3326284491185996,-0.4179096817970276
-1.599999999999998,-0.02726488294314383,-5.118477462056376,0.01538461538461533,0.8828427124746199,0.0,0.04522830413012481,-0.098526731133461
-34.8,-0.03729966555183961,37.5537524742285,0.01846153846153853,1.248528137423861,0.0,-0.1492511238428929,-0.0001591034233570099
-115.8,-0.1341285953177257,57.1344077217806,0.0130769230769231,15.31959594928933,0.0,0.0681456496700807,0.3831517696380615
-37.19999999999999,-0.08442073578595316,60.7780706608747,0.009230769230769376,11.73969696196701,0.0,0.2249558280518758,0.32330822944641113
-21.8,0.000832608695652215,18.0153784378337,0.01692307692307693,5.925483399593908,0.0,-0.2287644264728419,0.08931630849838257
-128.6,-0.1388663879598662,63.96547776205732,0.003846153846153944,10.10538238691623,0.0,0.1406531084834757,0.24199946224689484
-157.4,-0.1120128762541806,62.03674491101691,0.0015384615384616,14.31959594928933,0.0,0.1996966439565859,0.4704861044883728
-73.8,-0.04855418060200667,53.82729569378149,-0.005384615384615321,10.45685424949237,0.0,0.3134407237109689,0.35532844066619873
-79.60000000000001,-0.1376197324414715,46.15239020774008,-0.009230769230769154,13.30538238691623,0.0,0.2641812065204799,0.43110397458076477
-37.60000000000001,-0.1087546822742476,34.28955311987779,-0.006923076923076921,13.9539105243401,0.0,0.3070854846565519,0.5879487991333008
73.0,0.003844314381270864,-21.3288516171425,-0.01076923076923075,10.60832611206853,0.0,0.4291065537675358,0.33437180519104004
126.4,0.09760183946488288,-26.3602744613564,-0.02461538461538471,0.3656854249492305,0.0,0.0184166443605715,0.13584072887897491
33.80000000000001,0.05088846153846149,15.60012094217289,-0.02384615384615385,1.628427124746192,0.0,-0.1299274082847608,0.13862252235412598
-112.8,-0.1314183946488293,26.23908634092192,0.06000000000000005,-8.208326112068516,0.0,-0.2527246023143158,-0.38248586654663086
-52.99999999999999,-0.1037443143812709,38.521744149565,0.06307692307692303,-4.462741699796947,0.0,-0.3219697173357234,-0.3062010109424591
-67.4,-0.1179406354515049,70.05494157293181,0.01538461538461533,12.70538238691623,0.0,0.07169443314547039,0.22883452475070953
8.350000000000001,0.005063545150501669,21.85744995736582,0.003846153846153832,9.600357133746819,0.0,0.4834309886762114,0.2840784788131714
19.6,0.0230816053511706,48.43134211431769,0.0,8.21396103067892,0.0,0.5687194205041326,0.21897774934768677
-96.99999999999999,-0.02284297658862866,41.9273164794476,-0.001538461538461378,10.57401153701777,0.0,0.3630509787152392,0.3099903166294098
-61.8,-0.06363678929765898,42.67234101870281,-0.003076923076923088,12.45685424949238,0.0,0.3071787371031667,0.3780153691768646
-31.40000000000001,-0.09855200668896336,11.54620047023259,0.004615384615384577,13.07106781186547,0.0,0.2984655027745692,0.40799275040626526
-22.40000000000001,-0.01892474916387954,13.8347711758224,-0.007692307692307665,12.98822509939084,0.0,0.0406396424118989,0.4195406138896942
194.55,0.1253173913043478,-12.22703062604899,-0.01615384615384619,8.534062043356581,0.0,0.1786886784745915,0.3121393620967865
159.6,0.1240185618729098,1.795919653137503,-0.01615384615384619,8.325483399593896,0.0,-0.0591535472670269,0.40889132022857666
54.00000000000001,0.01123795986622073,15.2699048830612,-0.02615384615384619,-1.86274169979696,0.0,-0.0264642121905315,-0.07179269194602966
28.59999999999999,0.003503010033444942,11.6629548073436,-0.02461538461538459,6.291168824543128,0.0,-0.1388408451745289,0.21591193974018097
166.3,0.1261371237458195,-3.277984355881401,0.003076923076923088,3.12634559672906,0.0,0.0517189271982826,0.09251832962036133
130.9,0.1327406354515051,-20.80341486912141,0.003076923076923088,9.793250352560271,0.0,0.1938525457241188,0.4033311903476715
3.0,0.01678177257525065,4.549408830949588,0.006923076923076921,10.49116882454313,0.0,0.1879638628607741,0.3643833100795746
33.0,-0.01941973244147149,1.503679941666704,0.01384615384615384,11.18822509939085,0.0,0.0387167784234129,0.3511897921562195
-87.0,-0.1236274247491638,40.01811490161751,0.07230769230769218,0.4828427124746213,0.0,-0.277589594147187,-0.1774882674217224
47.6,-0.004756354515050076,8.837357329004107,0.06615384615384634,1.868629150101519,0.0,-0.0475202106782024,-0.167015939950943
-12.6,0.03114999999999996,14.77434499015069,0.06076923076923069,11.73969696196699,0.0,0.0713791177052934,0.20494060218334198
-60.0,-0.044741806020067,71.65214094484679,0.07538461538461527,10.45685424949238,0.0,-0.0452444951914933,0.06278589367866516
-12.59999999999999,-0.04128795986622058,8.730999008259886,-0.01384615384615395,8.725483399593898,0.0,0.0443302039381423,0.27074939012527466
8.200000000000003,0.05302424749163892,2.512530897374788,-0.02615384615384608,0.4970562748477114,0.0,0.2221946451404807,0.14019666612148285
21.2,0.08242675585284293,-22.13763579120641,0.003076923076923088,-3.66274169979695,0.0,0.0305007712849852,0.027389714494347572
139.4,0.08173160535117074,-32.0253028675623,0.004615384615384577,6.594112549695421,0.0,0.1857222533156271,0.09574325382709503
57.40000000000001,0.002241471571906295,4.752156192335889,0.0130769230769231,10.09116882454315,0.0,0.3444715072695068,0.3286726474761963
-20.19999999999999,-0.063768060200669,0.8132539274051993,0.01384615384615384,8.794112549695416,0.0,0.0752601403114776,0.14788977801799774
-39.59999999999999,-0.04147257525083631,-2.552567293659507,0.01615384615384619,12.67106781186548,0.0,0.1824284550550691,0.38411059975624084
77.6,0.06474849498327773,-4.589930727749504,0.002307692307692233,5.44264068711928,0.0,-0.1212976167517607,0.19253966212272644
208.6,0.09388545150501681,-9.987733874140716,0.0015384615384616,6.394112549695429,0.0,0.004367372603926101,0.12376977503299713
59.79999999999998,-0.1049217391304347,-0.179101623212901,0.0146153846153847,9.008326112068527,0.0,-0.1117537873430998,0.128889262676239
-110.6,-0.0001011705685617925,47.5671249002001,0.06999999999999995,-3.131370849898488,0.0,-0.7412509305631029,-0.18483123183250427
-97.0,0.004857692307692285,25.0666966625586,0.06846153846153857,-1.951471862576138,0.0,-0.3703829301718176,-0.1279001533985138
-146.8,-0.1575785953177257,19.91916820901609,0.007692307692307665,3.311269837220802,0.0,-0.2314648451398306,0.013747265562415123
-84.80000000000001,-0.03544096989966561,-2.049969974131898,0.0,3.628427124746189,0.0,-0.2104877914367666,0.12911812961101532
15.0,-0.04183377926421389,-0.2144409350072038,0.02461538461538471,3.545584412271566,0.0,0.09149708827592018,0.02876383811235428
83.6,0.04838260869565231,-4.199760583856005,0.01692307692307682,4.697056274847711,0.0,-0.01379110536651409,0.022986669093370438
-146.6,-0.06690083612040143,14.05192476465248,0.08769230769230774,6.711269837220811,0.0,0.1655573858123991,-0.16475175321102142
-56.80000000000001,0.0308901337792642,6.376648433121119,0.07846153846153836,4.579898987322334,0.0,-0.02533553375510988,-0.1191425621509552
56.0,0.1517767558528428,-11.36369105388621,0.06923076923076943,10.77401153701775,0.0,0.005611924250587597,0.14765600860118866
-1.799999999999997,0.001878260869565163,-60.49517834941611,-0.0008333333333332416,0.8485281374238625,0.0,-0.06755474883001489,0.02911192923784256
9.000000000000007,-0.04299456521739131,-55.32965461685362,-0.002499999999999947,6.89116882454314,0.0,-0.2520341531902609,0.14527177810668945
-12.00000000000001,-0.02568297101449279,53.70495270600162,-0.005833333333333246,-2.0,0.0,-0.4654245481952494,-0.042311932891607285
-20.8,-0.02299510869565219,100.1983836284262,-0.009166666666666656,-0.1372583002030403,0.0,-0.2098407103815856,0.03012567013502121
-31.2,-0.04044909420289849,104.8258337887028,-0.007499999999999951,1.062741699796959,0.0,-0.1333137082082407,0.024829478934407234
-43.6,-0.04828713768115928,109.0964006736121,-0.007499999999999951,-5.097056274847709,0.0,-0.2449912603169213,-0.07544577121734619
-83.39999999999999,-0.1095965579710144,82.5067986187729,-0.009166666666666656,0.8000000000000007,0.0,0.4232860423615517,-0.07610335946083069
-26.0,-0.0316623188405798,23.48899495407429,-0.00666666666666671,-0.7941125496954342,0.0,0.3574532784018976,0.01730244606733322
-47.8,-0.03737264492753639,5.269842295611198,-0.007499999999999951,0.4485281374238568,0.0,0.4645963751686565,0.016247032210230827
-52.4,-0.07749347826086961,3.425554038564115,-0.003333333333333299,-1.648528137423853,0.0,-0.2895547943856311,0.0608309730887413
-28.40000000000001,-0.03585615942028969,77.29047616767599,-0.01166666666666671,-3.731370849898482,0.0,0.1320588922425407,0.01641254685819149
-77.8,-0.06902246376811588,26.765241481922,-0.00666666666666671,7.959797974644673,0.0,0.3462369783938102,0.21375241875648499
-15.0,-0.0112936594202897,0.0,0.0,0.5171572875253858,0.0,0.03588664262709312,0.05992644652724266
-43.0,-0.08251249999999999,-3.840218110189596,-0.003333333333333299,1.897056274847699,0.0,0.06027041061436894,0.06524670124053955
53.59999999999999,0.02958532608695652,-51.42982936563459,-0.005833333333333357,5.849137802864824,0.0,-0.08619256238996559,0.12440042197704315
-38.0,-0.08020815217391314,106.3203335625791,-0.002499999999999947,-7.511269837220809,0.0,-0.1284898707035053,-0.20744000375270844
46.0,0.02504384057971032,-56.40288862199731,-0.005833333333333357,9.974011537017752,0.0,0.2223861380924738,0.3105916380882263
-62.2,-0.1092679347826086,4.173975501477315,-0.004166666666666652,-1.082842712474616,0.0,0.04576482577430779,-0.006867501884698868
5.399999999999999,0.003359963768115981,-57.5963427541802,-0.005833333333333357,6.364823227814064,0.0,0.1047768236100344,0.08290480077266693
-44.6,-0.05687844202898562,-12.64062882393779,-0.00666666666666671,1.629289321881352,0.0,-0.1152580037836691,0.15967625379562378
50.5,0.01987481884057968,-53.74386947669768,0.0,1.373401871576768,0.0,-0.1230628595336377,0.058763571083545685
7.5,0.001951268115942095,-59.76391803375691,-0.001666666666666705,1.012132034355972,0.0,-0.1031001496973517,-0.0070347860455513
35.8,0.01158514492753621,-96.59733474239991,-0.01166666666666671,10.15979797464467,0.0,0.4400198112773026,0.43969660997390747
-73.60000000000001,-0.1270505434782609,11.68240912481119,-0.002499999999999947,-4.579898987322338,0.0,0.01516515028314191,-0.14595696330070496
-10.8,-0.01802173913043487,-7.017042641682707,-0.001666666666666705,-5.511269837220805,0.0,-0.1629084984357008,-0.12787911295890808
44.40000000000001,0.01696612318840579,-19.94333684006483,-0.005000000000000004,4.911269837220807,0.0,0.222540353730787,0.07652945816516876
-36.60000000000001,-0.1237717391304349,67.15697118952889,-0.002499999999999947,-5.159797974644668,0.0,-0.02720843975824594,-0.12315204739570618
-36.60000000000001,-0.1106557971014493,23.6330795857001,-0.002499999999999947,-4.648528137423853,0.0,-0.214933139242299,-0.09855929017066956
-21.0,-0.07322826086956519,2.302582137043302,-0.0130769230769231,2.697056274847711,0.0,0.07489364960852396,0.1725766360759735
-6.599999999999994,0.05184397993311035,-6.046598371203416,-0.02615384615384608,2.682842712474624,0.0,0.5421389132919674,0.1401037722826004
21.40000000000001,-0.09914632107023413,3.679682222072302,0.006923076923076921,8.642640687119282,0.0,0.4457377951697698,0.10706694424152374
-10.59999999999999,-0.08709448160535133,1.925461682653889,0.002307692307692233,10.82253967444161,0.0,0.5315445933019272,0.43277081847190857
-27.40000000000001,-0.06632692307692306,1.43122711727149,-0.01692307692307693,7.159797974644672,0.0,0.2737490320189995,0.24208810925483704
71.0,0.001735117056856306,1.58804252902911,-0.01769230769230767,11.12548339959391,0.0,0.36995640443475,0.4102669060230255
-27.19999999999999,0.02341237458193968,-7.148023664311509,-0.01384615384615395,3.862741699796956,0.0,0.6222741560097808,0.24875597655773163
-26.0,0.004888294314381203,0.8267817337466994,-0.01846153846153853,15.68528137423857,0.0,0.5798624297129709,0.5837387442588806
8.599999999999994,-0.03914983277591982,0.945425495325793,-0.02307692307692311,16.76812408671318,0.0,0.4533413465282124,0.6686691641807556
82.2,0.05646204013377926,-1.882489649740904,-0.02461538461538471,10.02253967444161,0.0,0.3545695231065142,0.6464383602142334
3.400000000000006,0.0398834448160536,-6.902667711213397,-0.02769230769230779,4.345584412271585,0.0,0.567858254955493,0.16616880893707275
75.0,0.05355685618729089,-0.516017679590405,-0.04076923076923078,17.2509667991878,0.0,0.6021052992160743,0.5389370918273926
51.40000000000001,0.04951923076923082,-3.506829730732193,-0.03384615384615386,8.076955262170038,0.0,0.4213447072871893,0.34567731618881226
8.199999999999989,0.05298127090301008,0.0938142114456042,-0.02692307692307694,13.90538238691624,0.0,0.877422515578164,0.7960019707679749
58.19999999999999,0.04919481605351184,-14.84711761189391,-0.01153846153846161,1.565685424949244,0.0,0.5282749543429549,0.13469988107681274
108.2,0.03184966555183938,-3.394501215627002,-0.0146153846153847,14.67106781186547,0.0,0.5343317296022931,0.585383415222168
154.0,0.1268540133779264,-0.2439340247662898,-0.03153846153846163,10.87695526217004,0.0,0.6221054398809349,0.6877757906913757
57.59999999999999,0.03824080267558533,-5.350379706963395,-0.02153846153846162,5.276955262170048,0.0,0.7233222693533864,0.1436406821012497
58.20000000000002,0.0827851170568562,-1.113541313541404,-0.03615384615384609,18.29949493661166,0.0,0.748580729330423,0.7458145022392273
138.2,0.1038112040133779,-0.9613257803165993,-0.033076923076923,14.36812408671319,0.0,0.9260560636044055,0.8505103588104248
5.400000000000006,0.0876327759197324,-25.402221051235,-0.0146153846153847,1.482842712474621,0.0,1.133488151044413,0.14372655749320984
-16.0,0.01554682274247482,-3.742049170549308,-0.02153846153846162,10.57401153701776,0.0,0.8726929472375008,0.5107457041740417
93.0,0.0813397993311038,-1.100686783219501,-0.03076923076923066,11.10538238691624,0.0,0.9147625277546638,0.6517788171768188
50.8,0.04787826086956531,-21.9695349686791,-0.009230769230769265,0.117157287525373,0.0,0.6695304021783978,0.05225616320967674
-29.39999999999999,-0.02610652173913025,-8.338963625205793,-0.01230769230769246,14.43675323681471,0.0,0.7287241165465097,0.6113834977149963
57.8,0.08655518394648842,0.6177009791102108,-0.02076923076923065,7.925483399593894,0.0,0.7041585420158532,0.4069937765598297
36.79999999999998,0.03687541806020078,-14.52306531663849,-0.003846153846153944,7.208326112068519,0.0,0.7024925140399148,0.13965284824371338
93.4,0.1018540133779266,0.9032379638083086,-0.01692307692307693,13.35391052434009,0.0,0.8500456362567128,0.751252293586731
126.4,0.1323053511705686,0.05974981454960471,-0.02076923076923087,12.58822509939085,0.0,0.7680692723192788,0.6181649565696716
134.2,0.09216989966555178,-43.34210596399072,-0.0130769230769231,1.165685424949238,0.0,1.040530076044412,0.0616195872426033
86.19999999999999,0.1247819397993312,3.913784824063796,-0.03230769230769226,11.17401153701776,0.0,0.8476328465065682,0.6142218708992004
18.79999999999998,0.003391973244147195,-8.527485879773607,-0.01153846153846161,11.05685424949237,0.0,0.770586009163769,0.4331411123275757
15.20000000000002,0.09124732441471584,-2.0080154982235,0.01769230769230767,13.43675323681471,0.0,0.9933596186749796,0.5664337277412415
127.2,0.1036709030100335,-1.017917916226509,-0.02461538461538448,7.9112698372208,0.0,0.820558907883444,0.3982797861099243
50.8,0.07993327759197322,-39.47111764493829,-0.002307692307692344,1.531370849898479,0.0,0.8569243997519578,0.15376180410385132
17.59999999999999,0.07892357859531773,-5.069322154715991,0.02538461538461534,11.30538238691623,0.0,0.82716840140697,0.3618262708187103
-39.19999999999999,-0.05625969899665545,-6.855368129117011,0.002307692307692344,12.62253967444161,0.0,0.6855150079999043,0.3810294270515442
19.0,0.04581956521739128,-25.06779016253601,0.001538461538461489,8.00832611206851,0.0,0.6335952864978674,0.21279624104499817
55.19999999999999,0.05734046822742472,4.251338838973197,-0.01999999999999991,11.339696961967,0.0,0.7405679456912874,0.44402074813842773
31.0,0.06601588628762539,1.972021877208491,-0.02307692307692322,10.00832611206852,0.0,1.062116891183719,0.44233790040016174
-1.600000000000023,0.05251822742474915,0.8800330320651,-0.02307692307692299,9.89116882454314,0.0,0.7772819783947303,0.46706894040107727
-30.59999999999999,-0.04489230769230768,-9.403310623886412,-0.001538461538461489,15.1539105243401,0.0,0.8848959137160997,0.5583463907241821
45.59999999999999,0.1248075250836121,-55.31366112095191,0.002307692307692344,2.33137084989847,0.0,0.4627387125053807,0.12147712707519531
-49.20000000000002,-0.02603294314381266,-24.47572561181059,0.003846153846153721,5.014213562373087,0.0,0.4429179177585491,0.10158857703208923
54.40000000000001,0.02903511705685624,-2.848974047357103,0.002307692307692344,16.40243866176395,0.0,0.8374555265914293,0.4995565116405487
90.8,0.06080484949832782,7.161430418418789,-0.01230769230769235,11.62253967444163,0.0,0.5967281057134332,0.49861061573028564
-54.99999999999999,0.001295819397993281,2.009334675174799,-0.004615384615384688,12.55391052434009,0.0,0.3941964569536249,0.4130082428455353
-42.0,0.08068695652173918,-29.7123167060526,-0.002307692307692344,1.697056274847711,0.0,0.42818614216763,0.2053869068622589
56.40000000000001,0.1519864548494983,-48.3785470972187,0.00846153846153841,-0.2485281374238681,0.0,0.3319318318156479,-0.009236004203557968
36.80000000000001,0.01632558528428091,-0.4224288765717006,0.002307692307692344,14.05685424949238,0.0,0.6974626008396438,0.6358669400215149
46.59999999999999,0.02913913043478261,-5.765450665687894,0.0,12.62253967444162,0.0,0.1660715496609316,0.4290597140789032
-38.4,-0.08572541806020073,40.20027370674848,0.01230769230769235,1.55147186257615,0.0,0.2372299557482334,-0.01745167002081871
-12.0,0.01066638795986619,15.90684391599248,0.02000000000000002,-1.145584412271567,0.0,0.2565630047973742,-0.08546915650367737
-0.6000000000000014,-0.01123729096989973,45.1634938156557,0.01846153846153842,2.634314575050769,0.0,0.1201728355451118,-0.023090537637472153
-128.4,-0.1359411371237459,53.91696068953198,0.02076923076923065,3.731370849898482,0.0,0.2619673277755566,-0.06057744845747948
-41.4,-0.1420160535117056,38.34731970348621,0.01846153846153831,2.876955262170039,0.0,0.1694121597039807,-0.02902201935648918
3.199999999999996,0.04551333231985399,-4.363093523375881,0.02846153846153832,0.5313708498984795,0.0,0.0471471449817033,-0.05566214397549629
61.39999999999999,0.06642424749163878,-13.19051181882541,0.0,-0.7313708498984788,0.0,0.1409911368399642,0.03200001269578934
20.39999999999998,-0.01870484949832757,-3.923894903973604,0.00846153846153852,-1.082842712474619,0.0,0.1225240252013747,-0.10453210771083832
-60.0,-0.05434163879598658,-10.51578610841,0.03538461538461535,-1.77989898732233,0.0,0.1195815904158149,-0.07156960666179657
-89.80000000000001,-0.03631772575250841,-8.2506482391329,0.03538461538461535,-2.745584412271562,0.0,0.1186577777090362,-0.1603567898273468
-16.0,0.03200284280936461,-16.33676955243151,0.03461538461538449,1.64852813742386,0.0,0.09263349917734309,0.019549064338207245
89.0,0.1081339464882943,-20.06862589633531,0.04230769230769227,2.2142135623731,0.0,0.05976330414262548,0.002598486840724945
-16.8,-0.03590831746031736,14.83200903880561,-0.01000000000000001,0.2142135623730894,0.0,0.1831086772812345,0.024192489683628082
46.4,0.02231823015873019,48.79432787425269,-0.03866666666666674,-2.545584412271573,0.0,0.1482264920676606,-0.21519750356674194
-3.199999999999999,-0.005035174603174597,30.48317821182459,-0.02266666666666672,-3.097056274847709,0.0,-0.1585343524834641,-0.12248755246400833
1.6,-0.002019111111111194,43.32169516505812,-0.03200000000000003,-2.614213562373088,0.0,0.0671903147318764,-0.08774353563785553
-30.8,-0.007273253968253901,-3.120344398756401,-0.01933333333333342,-6.311269837220799,0.0,-0.1629617567034491,-0.0279049314558506
-61.8,-0.0308835476190476,-6.748226180214203,-0.02266666666666661,-2.794112549695431,0.0,0.0225296786256154,0.08562951534986496
-78.0,-0.03505998412698413,30.43981697313438,-0.008000000000000118,-0.9656854249492426,0.0,-0.3793519884145937,0.0341278538107872
-84.4,-0.03735899999999998,80.53407682799464,-0.01933333333333331,0.79999999999999,0.0,-0.2158142619935174,-0.01812070980668068
-75.19999999999999,-0.05447303968253958,77.29824542723394,-0.01933333333333331,2.414213562373078,0.0,-0.04561290785025801,-0.007245618849992752
-95.4,-0.07254153968253974,69.61252166635234,-0.01466666666666661,-1.579898987322327,0.0,0.0938895154988635,0.010173236951231956
-49.6,-0.06271244444444452,73.41760058884289,-0.01466666666666661,4.945584412271568,0.0,-0.0311787535132987,0.1391785740852356
-158.4,-0.005866053511705827,19.6430947136905,0.05076923076923079,3.248528137423847,0.0,0.2326372211153855,-0.04185057058930397
-130.2,-0.01517073578595313,-18.6086482275351,0.02461538461538459,7.262741699796955,0.0,0.3309698993694169,0.11525362730026245
6.199999999999996,0.02683595317725751,2.797216897430289,0.05076923076923079,5.511269837220812,0.0,0.1668137827858836,0.08664266020059586
28.80000000000001,0.01033812709030096,7.702122149869908,0.002307692307692233,2.448528137423857,0.0,-0.0114353143960239,0.12364658713340759
20.19999999999999,-0.009085953177257522,11.02542208474721,0.003846153846153832,-0.3656854249492412,0.0,-0.0501121036585581,-0.05559900030493736
-77.60000000000001,-0.1444637123745819,53.59850547675691,0.01538461538461533,-10.37401153701776,0.0,-0.4767217168074517,-0.22103089094161987
80.19999999999999,0.1066448160535116,-49.18663288433861,0.0007692307692308553,2.297056274847726,0.0,0.3107108955108073,0.16793860495090485
33.19999999999999,0.03714197324414709,-21.6729254925432,0.001538461538461489,1.248528137423861,0.0,0.4583151174287438,0.09243831038475037
-87.39999999999999,-0.07427541806020083,0.9635666777699043,0.004615384615384466,1.282842712474622,0.0,0.2397300029004054,0.04803754389286041
-46.60000000000001,-0.04741488294314389,5.138755266422592,0.007692307692307554,3.862741699796949,0.0,0.0214703640828659,0.0963761955499649
72.8,0.03334749163879608,5.051243894844092,0.04230769230769238,10.85685424949238,0.0,0.1655137227896901,0.3084675669670105
-13.0,-0.07803010033444796,62.31830428079179,0.06153846153846154,0.2828427124746185,0.0,-0.667250995934066,-0.11750583350658417
-95.8,-0.132316889632107,62.19386598727759,0.06230769230769229,-2.648528137423853,0.0,-0.5184630706881195,-0.2532568871974945
-117.2,-0.1012093645484951,60.43693360044271,0.06230769230769229,-0.1029437251522793,0.0,-0.3326881903862615,-0.27230164408683777
-145.2,-0.1606259197324414,61.62113208443299,0.06692307692307697,-0.4828427124746106,0.0,-0.2192413724839551,-0.3485659062862396
4.0,-0.0600904682274247,57.29470064273799,0.06153846153846165,2.697056274847718,0.0,-0.3529383764800621,-0.0375199057161808
-149.8,-0.1606847826086955,59.10832776837479,0.06692307692307686,1.497056274847719,0.0,-0.1851574217430908,-0.19438856840133667
-84.6,-0.07970033444816049,11.83616024249849,0.1399999999999996,-9.725483399593898,0.0,-0.5801598170109317,-0.3830127716064453
-7.200000000000017,-0.05484901185770741,8.755734282132693,0.01363636363636378,3.297056274847709,0.0,-0.0348942838603408,-0.010069664567708969
44.60000000000002,-0.02189604743082996,8.030082495611694,0.01545454545454539,3.297056274847723,0.0,-0.03735670887672971,-0.06083830073475838
-9.0,-0.05666936758893282,6.93040357724729,0.01000000000000001,0.5171572875253787,0.0,-0.07168976211676881,-0.04002285376191139
-10.0,-0.09022351778656118,4.8152101804029,0.01363636363636356,-1.965685424949239,0.0,-0.0544660226287004,-0.19811910390853882
-66.2,-0.105441304347826,4.038207903835087,0.01454545454545453,-2.0,0.0,-0.02163904152451031,-0.223708838224411
47.0,0.02059765886287623,0.1361365787799116,0.0,-2.062741699796945,0.0,-0.02424507264404768,-0.048495788127183914
-66.4,-0.003470568561872889,8.863592505827285,0.006153846153845954,-1.897056274847706,0.0,-0.1903366536888098,-0.0639437735080719
9.400000000000006,-0.05398795986622079,12.05632473280721,0.0623076923076924,12.539696961967,0.0,0.1575639503770597,0.18625758588314056
63.8,-0.04269046822742467,8.906987139736316,0.07307692307692304,8.325483399593889,0.0,-0.08262706718931903,-0.03933338075876236
118.4,-0.06104347826086953,25.82731792904649,0.06153846153846165,8.891168824543133,0.0,-0.1458759363650003,0.02117081545293331
5.599999999999994,-0.05524648829431444,24.35046630835289,0.06153846153846143,8.974011537017752,0.0,-0.002631533255619323,0.0594932921230793
50.0,0.01920919732441467,17.33653369103241,0.08615384615384614,4.911269837220811,0.0,0.1399761230087472,-0.12387735396623611
-84.6,-0.1303864548494983,18.65944808911991,0.0146153846153847,9.491168824543127,0.0,0.2572677717002828,0.23952555656433105
-63.39999999999999,-0.1540083612040134,12.21571030757489,0.01538461538461533,12.65685424949238,0.0,0.2544895385100555,0.23720264434814453
-31.19999999999999,-0.1417727424749165,6.904699973046306,0.005384615384615321,12.47106781186548,0.0,0.3002140956924709,0.3659195601940155
-21.59999999999999,-0.1122991638795986,7.783288131651915,0.005384615384615432,13.02253967444162,0.0,0.4656763748114152,0.3491968512535095
-130.6,-0.1313274247491639,7.334700750710496,0.002307692307692233,2.414213562373099,0.0,0.4478896103079448,0.0037043504416942596
-86.00000000000001,-0.1308496655518394,8.06365897682619,0.009999999999999898,13.7539105243401,0.0,0.4169779484472395,0.4323696792125702
-100.8,-0.07961153846153846,7.780459513303981,-0.002307692307692233,9.691168824543148,0.0,0.5676487223551737,0.3565344214439392
3.199999999999989,-0.05341404682274237,7.486536108828403,0.002307692307692233,13.07106781186548,0.0,0.5949896009680512,0.5651823282241821
18.0,-0.05746889632107022,-0.2937325715711268,0.05307692307692302,8.642640687119279,0.0,0.437406448317452,0.07320268452167511
15.79999999999998,-0.07150702341137122,6.541365860292487,0.005384615384615432,12.18822509939085,0.0,0.5013839938028155,0.34735730290412903
54.19999999999999,0.01052391304347838,4.372449531815406,-0.006923076923076921,14.83675323681471,0.0,0.5800582896175175,0.5067149996757507
29.80000000000001,-0.005797993311036809,5.540052297987188,-0.002307692307692344,13.62253967444161,0.0,0.6293178191817155,0.5917325019836426
65.4,0.07847775919732447,0.3774789118336912,-0.009230769230769265,16.56812408671319,0.0,0.8018934283425266,0.638463020324707
65.19999999999999,0.09040602006688969,0.8374687743170881,-0.01153846153846161,17.08528137423857,0.0,0.691290291539195,0.7298266887664795
77.6,0.1072929765886289,0.5724421850217141,-0.009999999999999898,14.38822509939084,0.0,0.6060005169935321,0.7116854190826416
85.20000000000002,0.0580242474916387,7.994952629603617,-0.0015384615384616,10.97401153701777,0.0,0.4277621373931514,0.460137277841568
106.8,0.1291336120401338,6.854863380081213,-0.01230769230769224,9.774011537017763,0.0,0.560575594993532,0.5089228749275208
91.6,0.0826667224080267,12.67450913158081,-0.0007692307692308553,13.85685424949238,0.0,0.6956428983463122,0.5656296610832214
119.8,0.1302546822742476,-2.135206871888983,-0.009999999999999898,12.08528137423857,0.0,0.643118014993532,0.4939572215080261
112.8,0.1135807692307694,8.36879044888282,-0.003846153846153944,10.85685424949238,0.0,0.6489614328903555,0.46676450967788696
-45.60000000000001,-0.1554946488294314,25.44546763676409,0.003846153846153832,13.22253967444162,0.0,0.4663220153609459,0.342454195022583
156.4,0.03510117056856199,9.427682001623296,0.003846153846153832,2.717157287525403,0.0,0.2139783657657567,-0.08456657826900482
-3.400000000000006,-0.05408344481605359,7.872636709183098,0.01076923076923064,9.442640687119294,0.0,0.2205088542054693,0.2932249903678894
165.8,0.1038434782608696,2.528634346913307,0.008461538461538298,-1.662741699796936,0.0,-0.1898388435673484,-0.023743733763694763
-53.2,0.03891371237458191,1.156049536130993,0.01384615384615384,-4.497056274847711,0.0,0.0412173622567128,-0.10748818516731262
4.0,0.003358405797101505,-0.1217586629182108,0.0,-0.5690355937288487,0.0,0.07955172060419063,0.004152402281761169
-7.0,-0.03764913043478246,-2.487516943620989,0.0,-0.0976310729378227,0.0,-0.1396087433699068,-0.028614450246095657
70.66666666666671,-0.01542710144927539,4.760183843356998,0.0006666666666667043,-0.1666666666666572,0.0,-0.07878522812025057,-0.07611112296581268
-47.16666666666664,0.004504347826086996,-16.49790848470812,0.0,0.5690355937288487,0.0,0.09162503040978343,0.10278329253196716
-111.0,0.004181884057971097,-1.458613116214906,0.0,-0.09763107293781559,0.0,0.2704625666764238,0.025684606283903122
-37.16666666666659,-0.005284492753623193,-0.1782648473657957,0.0,1.207106781186553,0.0,0.03867209666900556,0.09351958334445953
-49.5,0.01168449275362321,1.740346525334985,0.003333333333333299,-0.4023689270621844,0.0,0.126339366116103,0.0705539882183075
-29.33333333333337,0.02463724637681164,-3.640641452266891,0.003333333333333299,-0.3737734478532104,0.0,0.1837426352762296,0.06178206205368042
16.00000000000003,0.008016521739130311,0.5228772916507012,0.001999999999999891,-3.816582489435273,0.0,0.2085747586806206,-0.04910841956734657
27.16666666666667,0.01421840579710149,0.2163323027079969,0.003333333333333299,-3.580880229039757,0.0,0.1421983684020774,-0.07427094876766205
-36.50000000000003,0.01313405797101441,-2.609078849146897,0.001999999999999891,0.06903559372884871,0.0,0.1301070196910821,0.13372771441936493
4.333333333333343,0.03378478260869561,-8.784574953892815,0.003333333333333299,-1.580880229039771,0.0,0.225948976420964,-0.04739861562848091
26.83333333333333,-0.01520347826086949,-0.5556616993016235,0.003333333333333299,-0.8737734478532175,0.0,-0.03617144834082608,-0.035332728177309036
46.16666666666667,0.03242463768115939,-2.055386454040899,0.0,-1.373773447853218,0.0,0.2957476373786861,-0.03645313158631325
11.16666666666667,0.05646840579710127,-1.597817853749689,0.0,-0.1380711874576903,0.0,0.4047728499327353,0.08257602155208588
18.0,-0.004817681159420328,-4.022610914923604,0.003333333333333299,-1.511844635310922,0.0,-0.081465337584616,-0.026118118315935135
-22.3333333333333,0.007231304347826095,-4.153228651910212,0.001999999999999891,-1.776142374915402,0.0,-0.2329546242788597,0.09661474823951721
50.66666666666667,0.08326826086956518,-23.30131034373389,-0.004666666666666708,0.2238576250846123,0.0,-0.1340510703160308,0.07852521538734436
13.83333333333334,0.03618724637681159,-26.31121391756599,-0.002666666666666706,-2.287987010226288,0.0,-0.1462310625902166,0.03558841347694397
45.66666666666664,0.03010550724637684,-24.9371140056891,-0.006666666666666599,-0.7761423749153877,0.0,-0.2610127311655048,0.02790539525449276
-8.5,0.02351014492753634,-8.157097180343783,0.001999999999999891,-3.983249156101955,0.0,-0.1570303506366017,0.050325386226177216
-9.833333333333329,0.02243710144927541,-5.147088185074097,0.0,-1.264297739604494,0.0,0.1021794163826567,0.10531346499919891
-36.00000000000001,-0.002387971014492729,-5.194712072232505,0.003333333333333299,-2.178511301977579,0.0,-0.08479407358461599,0.008679864928126335
17.1666666666667,0.0193092753623188,-4.736313464268306,0.003333333333333299,-1.402368927062192,0.0,0.006574099444778214,0.03085784986615181
23.66666666666666,0.02423750000000008,3.145366045280383,0.0008333333333333526,1.499999999999993,0.0,0.2133601193211709,0.09466259926557541
-2.166666666666657,0.01813152173913041,8.568386807966704,-0.002499999999999947,1.569035593728827,0.0,-0.03295207103332742,0.09779562056064606
-1.166666666666657,-1.630434782612378e-05,20.08358254545718,0.0,-4.690355937288491,0.0,-0.1642845611342077,-0.12139356136322021
23.0,-0.005106521739130399,16.1948500771465,0.0,-4.690355937288491,0.0,-0.07500423177312326,-0.12633246183395386
2.0,0.01802083333333321,14.93392168974191,0.0008333333333333526,5.954653676892967,0.0,-0.0270176067069573,0.1493830382823944
14.0,0.02222336956521737,8.607753202134404,0.0008333333333333526,5.604569499661579,0.0,0.03633518997191182,0.1824045181274414
16.5,0.01722137681159419,7.280000727336699,-0.001666666666666594,5.742640687119284,0.0,0.05221828731765421,0.17788830399513245
29.99999999999999,-0.0505842391304348,7.30574646512531,0.0,-0.3737734478532033,0.0,-0.3215674764429202,-0.03673249110579491
3.666666666666657,0.0433635869565217,8.67287231325588,0.002499999999999947,-2.621320343559653,0.0,0.0394286723531192,-0.013557069003582
88.0,-0.001665217391304319,63.23475772815361,0.0385714285714287,13.80677007226099,0.0,0.9396551534349236,0.31302961707115173
25.3333333333333,-0.01569860248447202,58.9616300337329,0.0385714285714287,13.90440114519881,0.0,0.8517710362899263,0.37819331884384155
35.33333333333333,-0.05943788819875767,59.0141841669526,0.02857142857142869,13.1686988848033,0.0,0.7639895173341521,0.37736740708351135
19.49999999999999,-0.0453664596273291,45.75329777353069,0.02857142857142869,13.47343673892766,0.0,0.6771212332899263,0.5549097657203674
-80.83333333333333,-0.1061613354037267,67.19313729951232,0.06071428571428572,4.23079605180838,0.0,0.1057897491814006,-0.006328113377094269
4.333333333333329,-0.06802142857142873,45.70306939713331,0.05642857142857138,6.564129385141705,0.0,-0.1501159324709049,0.11471691727638245
63.00000000000001,0.01294782608695655,18.6451746789028,0.06142857142857139,6.840271760057099,0.0,-0.1514796995186053,0.0735161304473877
19.83333333333333,-0.03796832298136643,57.41521653657931,0.04928571428571438,11.55922317655456,0.0,0.5177585398481072,0.283304899930954
-89.16666666666661,-0.125819254658385,57.2409085600415,0.04571428571428571,10.58781865576351,0.0,0.6379637043829545,0.22339680790901184
-42.33333333333333,0.01891847826086968,11.37104159342809,0.05642857142857138,8.299831645537196,0.0,0.2028742561393314,0.18462127447128296
4.666666666666671,-0.04467779503105601,42.239742739164,0.04928571428571427,9.421151989096852,0.0,0.2010604134295645,0.14536091685295105
-23.33333333333334,0.02144409937888198,22.7975951176343,0.04928571428571438,9.225889843221243,0.0,0.3307091971393314,0.21774785220623016
21.66666666666669,-0.0988849378881988,49.75144610228739,0.02857142857142869,11.69729436401226,0.0,-0.0354157736286789,0.4200364053249359
-121.8333333333333,-0.1103711180124223,41.23419401287239,0.03785714285714292,7.478342947514797,0.0,-0.4060879972398215,0.07049064338207245
-14.83333333333331,-0.1113861801242236,55.31602297000158,0.02428571428571435,10.1164141349725,0.0,0.4221857214231787,0.3664189577102661
-71.50000000000003,-0.05141377752682091,34.93092528468689,0.02928571428571436,5.259391531017343,0.0,-0.004131852029940597,0.011890916153788567
-8.0,-0.0230751552795031,25.31952013377048,0.05571428571428572,5.649915822768609,0.0,-0.1031568508028793,0.023649681359529495
-37.49999999999997,-0.02752562111801238,34.49071002232358,0.05428571428571438,6.616414134972512,0.0,0.2332502491971207,0.13735663890838623
44.16666666666666,-0.05104440993788828,53.19880715394379,0.04714285714285715,9.645009614181458,0.0,0.3039728443850915,0.29198819398880005
3.666666666666657,-0.1235062111801242,52.04399109799141,0.03142857142857147,13.84721018678087,0.0,0.8433836404767229,0.45366930961608887
-23.16666666666667,-0.1394392857142856,48.07065713268329,0.03285714285714292,13.23773447853214,0.0,0.5491999361418953,0.44238653779029846
-122.3333333333333,-0.1510198757763975,52.28535809475699,0.03857142857142859,6.064129385141708,0.0,0.1646625871524437,0.031293001025915146
23.5,-0.05628090062111801,22.99589487450839,0.06642857142857139,4.661760458079517,0.0,-0.2771683880413893,-0.05697726830840111
-21.00000000000001,-0.0646905279503106,37.23138812824018,0.06428571428571428,3.787987010226303,0.0,0.525055154243082,-0.020241018384695053
-48.66666666666664,-0.0788456521739131,51.35159546001262,0.0507142857142856,7.104569499661583,0.0,0.2057157475268063,0.1596992164850235
-79.99999999999994,-0.1290560559006212,50.97543349345752,0.04000000000000004,11.46159210361674,0.0,0.259785698108763,0.3043406307697296
26.0,-0.0648327639751553,-2.602094080375821,0.05500000000000005,6.89746271847503,0.0,0.4062490951716357,0.03719477728009224
7.333333333333343,-0.1052583850931677,48.57420239922141,0.03071428571428569,10.78308080163916,0.0,0.6108707588126593,0.337708055973053
-65.8333333333333,-0.0655490683229813,26.10389301513518,0.06785714285714284,3.523689270621823,0.0,-0.02299082587463913,0.012119436636567116
-80.6666666666667,-0.139820652173913,55.6557680874901,0.06071428571428572,2.247546895706428,0.0,-0.2436523353912874,-0.10870037227869034
9.333333333333343,-0.06080838509316772,11.0687135637524,0.05999999999999994,5.914213562373099,0.0,0.1762229900312263,0.010783456265926361
-37.49999999999997,-0.1635470496894411,50.82756397552379,0.03714285714285703,9.547378541243638,0.0,0.6014902882803499,0.3450225591659546
35.0,-0.1117239130434783,49.12829911655511,0.03928571428571426,8.909307353785962,0.0,0.2594435042422473,0.13198354840278625
-110.8333333333333,-0.1469579192546584,51.71307776124709,0.04785714285714282,6.730796051808383,0.0,0.1372750926760723,0.02887593023478985
-77.83333333333329,-0.09276490683229821,46.66269146935151,0.05999999999999994,4.466498312203875,0.0,0.5994799341952607,-0.027083810418844223
-24.66666666666666,-0.04675481366459627,41.64907466148381,0.04999999999999993,0.8333333333333286,0.0,-0.2213669216428271,-0.07353398203849792
-35.33333333333333,-0.06452826086956515,38.62867807586791,0.0278571428571428,10.14010340559432,0.0,0.4357818430812185,0.3540584444999695
-94.83333333333333,-0.05804037267080736,21.09590255262368,0.0357142857142857,2.011844635310908,0.0,-0.1433406225153466,-0.07412247359752655
-19.8333333333333,-0.0729942546583851,36.49232627848181,0.06714285714285706,3.385618083164125,0.0,0.466751033243082,-0.03782234713435173
-15.0,-0.0816624223602484,17.11677987841199,0.06571428571428561,1.235702260395506,0.0,0.02835225807893871,-0.1508205533027649
-72.83333333333333,-0.1381125776397516,44.5050240775428,0.05214285714285705,1.511844635310915,0.0,-0.2296984393912873,-0.0974748432636261
-26.83333333333333,-0.1459310559006212,50.12502317901679,0.03428571428571425,11.22588984322122,0.0,0.6474616473163004,0.3381788730621338
-30.16666666666667,-0.06675838509316784,34.126995520972,0.05571428571428561,4.25939153101735,0.0,0.0156173370557865,0.07990241050720215
-117.0,-0.1647439440993788,29.1978513378198,0.03857142857142859,-0.8333333333333357,0.0,-0.130731817775936,-0.19192354381084442
-18.33333333333329,-0.09324596273291919,20.93658215513679,0.05785714285714272,5.121320343559638,0.0,0.32664236231455,0.028564035892486572
5.666666666666714,-0.09016195652173908,7.719916119489909,0.03428571428571436,6.592724864350679,0.0,0.09821457172913509,0.06159990280866623
92.33333333333341,0.02589689440993792,4.681693870294197,0.05714285714285705,2.471404520791026,0.0,0.2616604431952607,-0.06588536500930786
21.16666666666671,-0.1379846273291926,6.782361869091801,0.03500000000000003,0.9309644062711442,0.0,-0.007294742968863732,-0.15249121189117432
-40.3333333333333,-0.05874565217391303,48.9764684004796,0.07428571428571418,0.5690355937288487,0.0,-0.2581087902679239,-0.22378233075141907
-30.83333333333343,-0.1694110248447205,52.06697069950329,0.07142857142857151,6.742640687119291,0.0,0.2947676768973362,-0.03547801449894905
13.83333333333333,-0.07983944099378887,52.7419432542796,0.03285714285714281,11.69729436401225,0.0,0.2976017634218763,0.3607700765132904
-81.33333333333329,-0.1675838509316772,50.63888249412051,0.0385714285714287,8.575974020452623,0.0,0.2959311247852715,0.11197055876255035
-64.83333333333333,-0.164893944099379,38.7605745997583,0.0614285714285715,3.25939153101735,0.0,0.39156715931455,-0.10666679590940475
10.0,-0.08824472049689452,4.404129814761788,0.05999999999999994,2.345177968644244,0.0,0.3341080864729307,-0.09863977134227753
8.0,-0.1425437888198759,4.620550496431107,0.04571428571428571,2.678511301977579,0.0,-0.2199748176510161,-0.06169959157705307
92.33333333333341,0.0158515527950312,2.455305655764391,0.06214285714285706,7.466498312203896,0.0,0.3389214302850991,0.11442971974611282
159.5000000000001,0.01025854037267088,10.76082722232479,0.02714285714285714,10.21404520791032,0.0,0.5512371089388572,0.23612946271896362
16.66666666666671,-0.1208319875776397,6.402193683415888,0.03428571428571436,2.718951416497454,0.0,-0.07386968170710084,-0.05873827263712883
104.0,0.02164285714285696,8.69187867573359,0.02714285714285714,10.6164141349725,0.0,0.4986082729205501,0.27768176794052124
11.16666666666671,-0.1155086956521739,2.713103327738196,0.03714285714285726,-3.649915822768612,0.0,-0.2454760885212735,-0.18383760750293732
16.66666666666659,-0.08875046583850926,30.7167121427091,-0.007857142857142896,-1.138071187457712,0.0,-0.2306293135521087,-0.05281716585159302
-101.3333333333333,-0.1449833850931678,55.6975068844651,0.07571428571428573,1.983249156101941,0.0,-0.6945161238486237,-0.2522542178630829
-29.0,-0.139188198757764,56.22585916243149,0.07571428571428562,3.345177968644236,0.0,-0.3096949148599035,-0.11900295317173004
-75.83333333333339,-0.1299349378881989,51.5689286314099,0.0685714285714284,3.995093791412863,0.0,-0.0754660897807477,-0.0896647572517395
-24.5,-0.1299097826086956,40.79871054781898,0.06857142857142862,7.909307353785952,0.0,0.1036415111126246,0.050886377692222595
-93.00000000000004,-0.166092546583851,22.89950162502971,0.0385714285714287,4.092724864350664,0.0,-0.08615172014410072,0.02898145280778408
-29.16666666666667,-0.06131118012422349,9.730728075358385,0.03071428571428569,9.587818655763535,0.0,0.5004348259388572,0.2993180453777313
74.33333333333333,-0.03780791925465854,4.039152569202685,0.06071428571428572,6.604569499661579,0.0,0.1921482669038058,0.04901895299553871
14.16666666666671,-0.1258364906832299,2.25681998786979,0.03857142857142859,1.73570226039552,0.0,0.06688611187614679,-0.027928736060857773
69.5,-0.03703990683229819,0.830581308580804,0.06357142857142861,6.02368927062183,0.0,0.3100493517691884,-0.0049680545926094055
72.00000000000001,0.02641102484472069,5.616952985021399,0.02714285714285714,6.161760458079534,0.0,0.3172535981388656,0.06576814502477646
-95.33333333333329,-0.1438933229813665,50.545173274071,0.08357142857142852,8.616414134972501,0.0,-0.4953542098143783,0.01966274343430996
-50.49999999999997,-0.1374548136645962,47.45671628768719,0.0742857142857144,8.352116395368014,0.0,-0.2129256006161444,0.030237119644880295
-22.6666666666667,-0.1026609895539243,35.8823071792752,0.06571428571428573,8.254485322430202,0.0,0.02421025378952008,0.1393471658229828
-68.66666666666667,-0.1340321075663467,26.0428208391465,0.04357142857142859,6.937902832994915,0.0,0.03456565220341595,0.05006769299507141
63.1666666666667,-0.03061226708074533,7.050056214076605,0.03142857142857147,6.299831645537211,0.0,0.1912347509441045,0.0014492571353912354
83.16666666666661,0.003991770186335397,-0.8657408809081915,0.06714285714285706,8.202200572599402,0.0,0.2791069038114705,0.06315748393535614
90.33333333333329,0.04436457509881414,4.586267317509709,0.0278571428571428,7.661760458079513,0.0,0.3119691332673575,0.13503146171569824
77.16666666666659,-0.007218809994353703,-0.6339179378361024,0.06928571428571428,9.071067811865483,0.0,0.278442584706718,-0.02595888450741768
28.83333333333329,-0.0603923913043477,-2.712744742356193,0.04214285714285704,0.5167508438980519,0.0,-0.05499426071694788,-0.11637318134307861
-86.0,-0.1338413043478261,35.3664261662117,0.1107142857142857,0.6094757082487305,0.0,-0.1728498011711308,-0.2821052372455597
47.66666666666667,-0.04558245341614903,27.84513398492061,0.03285714285714281,5.926058197684014,0.0,-0.05429139678505207,-0.03449748083949089
10.66666666666663,-0.1005267080745342,19.58337223356881,0.07499999999999996,9.409307353785948,0.0,0.3028569634642204,-0.11396774649620056
47.83333333333333,-0.0212740683229814,10.03695244488399,0.03285714285714281,1.942809041582073,0.0,-0.235871098732944,-0.11780018359422684
45.33333333333329,-0.0007096414455110556,-0.9827401142517971,0.06928571428571428,5.25939153101735,0.0,-0.1732610141737146,-0.05860057845711708
57.0,0.01404470638057592,-0.1018285251847999,0.03928571428571426,7.466498312203889,0.0,0.300750094449549,0.11375823616981506
84.0,0.03773307453416147,26.13785475862829,0.04500000000000004,1.511844635310915,0.0,-0.5109432793662155,-0.05145077779889107
67.16666666666671,0.04362003105590073,15.12596377318842,0.03714285714285703,9.409307353785952,0.0,0.1768493287783252,0.14220476150512695
58.33333333333333,0.0317476708074535,10.27217947573411,0.03500000000000003,4.271236166328244,0.0,-0.06097200078505211,0.0048993974924087524
35.49999999999999,0.014786956521739,9.3869333500014,0.03500000000000003,-0.6666666666666856,0.0,-0.2931386768388802,-0.08087171614170074
-0.166666666666714,-0.0662236871823828,0.3976897411691027,0.04999999999999993,0.1380711874576903,0.0,-0.0564832617169479,-0.0890817865729332
19.16666666666671,-0.04964270186335396,5.02243782183551,0.07499999999999996,3.454653676892974,0.0,-0.460058845282022,-0.14592328667640686
16.0,0.009426948051948103,7.539745553613798,0.0428571428571427,8.54737854124365,0.0,0.1507042969820154,0.14660419523715973
43.5,0.07813881987577637,10.20986418360762,0.03500000000000003,5.759391531017332,0.0,-0.2976785947166677,0.09526912122964859
24.83333333333343,-0.02839658385093174,4.448423931513702,0.07285714285714284,2.966498312203882,0.0,-0.4328192746877808,-0.0923122763633728
119.0000000000001,0.0687138198757764,3.901984326292407,0.03000000000000003,-1.890524291751269,0.0,-0.407931747607077,-0.047398533672094345
-14.5,-0.02566972049689431,-5.367023089624709,0.04214285714285704,2.161760458079524,0.0,-0.1143798619131397,-0.015603829175233841
-60.49999999999999,0.04741102484472054,6.665714241599005,0.07285714285714295,4.511844635310911,0.0,0.2465928834754163,-0.055287595838308334
-5.166666666666714,-0.07570993788819869,12.48767388863521,0.1192857142857141,1.857022603955159,0.0,-0.06269171195642564,-0.2223128378391266
99.16666666666666,0.0404124223602485,13.01430290155639,0.0714285714285714,7.575974020452612,0.0,0.1435183642833323,-0.019775111228227615
-49.0,-0.06979999999999997,11.6854006049073,0.05214285714285705,1.207106781186553,0.0,0.006414039714852438,-0.016603801399469376
-38.66666666666671,-0.0122698757763976,14.21394057413349,0.04357142857142859,9.27123616632825,0.0,0.2424443145395202,0.15184736251831055
-24.0,-0.05719999999999992,9.246453824483012,0.08214285714285707,6.035533905932745,0.0,0.06727901761435279,-0.11587047576904297
100.1666666666667,0.02969968944099377,15.72525422273741,0.03500000000000003,3.954653676892967,0.0,-0.1756579464345791,-0.01190211996436119
-2.0,0.05952375776397523,13.26103052645252,0.03500000000000003,9.702200572599398,0.0,0.1711052364255539,0.25620582699775696
-39.83333333333329,-0.04346071428571419,6.331362917538002,0.04642857142857137,7.075974020452609,0.0,0.1855128563465743,0.10565461218357086
124.8333333333333,0.07958322981366467,6.910592916732895,0.03285714285714292,5.316582489435284,0.0,0.02644744438137181,0.04899809882044792
45.83333333333329,0.0649576086956522,0.9011269874483077,0.03928571428571426,6.966498312203893,0.0,0.192105178539545,0.12844914197921753
44.83333333333329,0.007144875776397386,-0.9890435708248901,0.03499999999999992,0.6380711874577045,0.0,-0.2977048909034958,-0.11429670453071594
135.0,0.08581304347826102,13.46480157329469,0.04500000000000004,7.478342947514804,0.0,-0.1878539521613154,0.16270321607589722
-35.0,-0.05418819875776376,10.6900623793956,0.05785714285714272,2.028595479208974,0.0,-0.0215451931856912,-0.06468842923641205
-32.83333333333343,-0.006481055900621091,12.17808330185041,0.04571428571428571,9.36886723926608,0.0,0.094072716851738,0.21080778539180756
-30.66666666666659,0.0653313664596274,17.70837933721049,0.03500000000000003,8.811676280848129,0.0,-0.09142804916131539,0.15848968923091888
14.16666666666671,-0.0450290372670808,15.24338341120439,0.0357142857142857,9.104569499661569,0.0,0.127570150397267,0.1603427231311798
-52.50000000000001,-0.04554223602484475,15.72676569212639,0.05214285714285705,12.07106781186547,0.0,0.245823649401905,0.17909356951713562
-17.33333333333329,0.04082453416149073,11.4707729347794,0.04499999999999993,12.73773447853212,0.0,0.1539806861065375,0.3179728090763092
8.166666666666572,-0.01575776397515533,5.754473649705787,0.03500000000000003,5.966498312203889,0.0,0.08864733068932501,0.04476835951209068
87.66666666666663,0.09110031055900619,8.581874535230398,0.03500000000000003,5.006938426723771,0.0,0.09157331842004712,0.05142262578010559
4.0,0.06516381987577646,-2.2860085596554,0.04500000000000004,11.6164141349725,0.0,0.1027063327129301,0.29093629121780396
94.00000000000004,0.1425644409937888,-0.8666930909480044,0.03428571428571436,7.495093791412852,0.0,-0.1377526585799529,0.2102338969707489
29.33333333333343,0.03712018633540365,-2.446900537879202,0.04999999999999993,10.92115198909686,0.0,0.07872027099964629,0.3018401861190796
36.33333333333341,0.05816614906832301,-4.253921413283294,0.04642857142857149,8.518783062034682,0.0,0.1242998712070594,0.11076097190380096
-30.0,-0.04130791925465838,2.649440340203796,0.05357142857142849,9.392556509887882,0.0,0.03602008156053949,0.23092567920684814
82.1666666666667,0.05048835403726704,6.974665355346502,0.04642857142857149,5.771236166328244,0.0,-0.07903382057995287,0.05535487085580826
23.50000000000003,-0.08706397515527947,6.539383528088706,0.08714285714285708,8.16176045807952,0.0,-0.459042583871316,0.03152758255600929
-9.0,-0.02524177018633539,13.0293421715093,0.03428571428571425,11.43299662440777,0.0,0.02961219204274268,0.34566953778266907
3.6666666666667,-0.0325054347826087,13.72706053202329,0.04571428571428571,9.575974020452609,0.0,0.1829496824557015,0.19784720242023468
68.5,0.06761614906832308,15.54266184339639,0.03500000000000003,8.673605093390432,0.0,-0.02529832804227861,0.08264847099781036
19.1666666666667,-0.01237531055900615,11.8166284433068,0.03285714285714281,10.21404520791031,0.0,0.2027562670163458,0.2911282777786255
-26.83333333333329,-0.04404580745341607,4.15551578962021,0.0814285714285714,6.104569499661586,0.0,0.1119964097113605,-0.05816365405917168
-52.6666666666667,-0.02246645962732929,3.263377621003997,0.05285714285714271,7.840271760057099,0.0,0.4258024804431857,0.12552382051944733
54.5,0.09330279503105593,-0.2445340536882981,0.03500000000000003,3.759391531017336,0.0,-0.04335354149497628,0.11355030536651611
62.83333333333329,0.04051925465838502,0.2297942662766133,0.03357142857142859,10.75448532243019,0.0,0.09976918767041472,0.3252924382686615
59.49999999999999,0.06794627329192532,0.4167045002244976,0.04428571428571426,7.799831645537214,0.0,0.1166336467669864,0.1622707098722458
5.166666666666572,0.002199223602484479,-0.6742381024372008,0.0764285714285714,1.040440114519875,0.0,-0.4690391812566398,-0.2242533564567566
46.66666666666671,0.006213043478260905,-2.368374247348598,0.07928571428571429,7.368867239266066,0.0,-0.2260746222886394,0.0017474479973316193
62.33333333333329,0.03244239130434767,-0.5377442660659995,0.03214285714285714,7.702200572599398,0.0,0.08691147725850679,0.10677891969680786
120.6666666666667,0.1041304347826088,3.323173026722799,0.04000000000000004,1.292893218813461,0.0,-0.03641664804227862,0.10517562180757523
-32.00000000000003,-0.0205501552795031,3.717794368839492,0.03785714285714292,5.414213562373096,0.0,0.3351485224494402,0.07303217053413391
57.49999999999996,-0.00107717391304335,4.024451708535111,0.04571428571428571,9.783080801639162,0.0,-0.007360911131791603,0.30409547686576843
-44.00000000000001,-0.03548944099378876,3.793573413476906,0.05857142857142861,10.09966329107444,0.0,0.1660483481451643,0.2567421793937683
-70.5,-0.05674332298136647,12.4193289054426,0.07357142857142862,5.328427124746192,0.0,-0.4675817342142144,-0.09927460551261902
-17.49999999999999,-0.07816288819875766,12.4479728291948,0.08357142857142863,5.52368927062183,0.0,-0.09246670328863943,-0.11745034158229828
21.1666666666667,0.000673913043478247,-4.833200486621394,0.03642857142857148,7.39746271847504,0.0,0.0407303017628094,0.10311505943536758
-29.33333333333329,-0.04945854037267083,1.779613755551907,0.08071428571428585,7.506938426723774,0.0,-0.06668623329475765,-0.038780294358730316
-27.8333333333333,0.0721416149068323,1.720040240288498,0.03785714285714292,7.271236166328247,0.0,-0.0189127012850499,0.2656281888484955
60.33333333333329,0.008647515527950289,-2.90666353684739,0.03500000000000003,8.880711874576967,0.0,0.1367757374277309,0.0840095728635788
-66.50000000000004,-0.0336068322981366,-2.002787187777201,0.05499999999999994,5.299831645537218,0.0,0.2041237667646707,0.06552937626838684
-72.50000000000004,-0.04872251552795032,0.7262506366874959,0.08214285714285707,6.133164978870557,0.0,-0.3223197726734761,-0.09422299265861511
4.5,0.05040372670807453,-0.3579294765834931,0.03785714285714292,4.052284749830768,0.0,0.3813007955141641,0.11989299952983856
-106.6666666666666,0.01354844720496889,0.0674936975359941,0.04785714285714293,6.035533905932738,0.0,0.4505323892687797,0.10037025809288025
-44.49999999999999,-0.07774487577639749,10.97276303896979,0.07499999999999996,4.39746271847504,0.0,-0.3116350135066641,-0.143314391374588
61.16666666666671,-0.001135403726708117,5.202251606924818,0.03500000000000003,11.18544972870135,0.0,0.3543442458237155,0.30839061737060547
86.83333333333334,0.01627795031055901,3.040021962632608,0.02857142857142858,7.328427124746192,0.0,0.3597581346363958,0.12259708344936371
78.49999999999997,0.06699518633540374,5.210770116457596,0.03785714285714292,7.035533905932734,0.0,0.2753862157149501,0.1540490835905075
-12.5,-0.07742701863354046,2.406612142092513,0.08571428571428574,2.540440114519882,0.0,0.09098901176932983,-0.2050131857395172
21.83333333333329,-0.020876397515528,2.932510946881408,0.05071428571428571,9.50693842672377,0.0,0.4681474109122505,0.23327763378620148
145.8333333333334,0.04721940993788831,-8.626928694935998,0.06000000000000005,4.66176045807952,0.0,-0.3375740318775167,0.04813133552670479
83.66666666666661,0.02854332298136647,-21.58063299222209,0.05928571428571416,8.271236166328261,0.0,-0.01004312466641671,0.09665791690349579
-62.49999999999996,-0.0699608695652173,-0.5427197015496006,0.0971428571428572,5.035533905932738,0.0,-0.3504163160664849,-0.015324268490076065
48.49999999999999,0.02469192546583848,-15.7935288549443,0.05000000000000004,7.86886723926607,0.0,-0.1561246098577481,0.13671554625034332
-50.83333333333339,0.07729549689441001,1.88580464629149,0.04642857142857137,10.38071187457697,0.0,0.1884344755268382,0.32988929748535156
86.99999999999994,0.06314704968944096,-1.549032018846106,0.03928571428571426,5.89746271847504,0.0,-0.01625021193115289,0.09097094088792801
-53.50000000000001,-0.08011925465838515,9.4176360556513,0.08642857142857141,0.9428090415820591,0.0,-0.3580095526443032,-0.233705073595047
42.83333333333329,0.01749813664596284,-13.79957622209091,0.03714285714285714,11.4901875828257,0.0,0.2790754122253743,0.2789367139339447
86.16666666666666,0.1133086956521738,4.76028141883971,0.03857142857142859,5.828427124746177,0.0,0.4708352165510927,0.11624638736248016
126.4999999999999,0.119620807453416,2.536270070004406,0.03071428571428569,5.868867239266059,0.0,0.676765248798691,0.03001842088997364
-10.5,-0.04673959627329205,3.322656997152308,0.08571428571428585,0.195262145875617,0.0,-0.03062583164430321,-0.23994439840316772
-99.83333333333337,-0.09854316770186333,58.87285057764849,0.09357142857142864,2.747546895706428,0.0,-0.02695564764480213,-0.22865691781044006
-111.0,-0.1347656832298136,57.1197471801557,0.09857142857142864,0.3333333333333286,0.0,-0.1466849143587481,-0.3889080584049225
-11.5,-0.04862966279644282,33.585241143747,-0.003750000000000031,-2.402368927062177,0.0,0.4686060972006276,-0.1378549486398697
-49.8,-0.01803275691699596,16.46692208774093,-0.03187499999999999,2.702775370689515,0.0,0.09343820045870077,0.12112606316804886
-1.166666666666671,-0.1155318322981367,53.4384771262482,0.04000000000000004,6.380711874576978,0.0,0.013126213119076,0.03741355612874031
-60.33333333333329,-0.1531113354037267,55.58643379351641,0.08214285714285718,-5.104569499661594,0.0,-0.1794666105911096,-0.43234682083129883
71.33333333333333,-0.070841149068323,44.40435575899281,0.02357142857142858,5.564129385141701,0.0,0.1338312900553944,-0.03538220748305321
10.83333333333334,-0.06005465838509311,50.50345391165089,0.02500000000000002,10.07597402045262,0.0,0.77494921044689,0.3230280578136444
-46.83333333333341,-0.06356645962732932,2.5067895740696,0.05785714285714294,-1.471404520791026,0.0,-0.3779051035009757,-0.03066345304250717
-169.6666666666667,-0.1414057453416149,40.56073803281691,0.005714285714285783,-13.07106781186547,0.0,-0.35955831940996,-0.29555341601371765
-149.1666666666667,-0.1490644409937888,32.3871504867364,-0.0007142857142857784,-9.478342947514797,0.0,-0.4267985343524811,-0.14038850367069244
21.66666666666667,-0.04131475155279496,33.9190391201779,-0.03071428571428569,-4.02368927062183,0.0,-0.1877807607424685,-0.10062386840581894
90.33333333333337,-0.03713881987577639,32.6583132000616,-0.03142857142857136,-2.28798701022631,0.0,0.0978562666377089,-0.09874467551708221
-29.16666666666657,-0.1694240683229814,59.93599343473589,0.08857142857142863,6.385618083164125,0.0,-0.05105255424576471,0.01675449125468731
49.33333333333333,-0.0568585403726708,24.51631871244359,-0.0407142857142857,3.55228474983079,0.0,0.4702720131394593,-0.04114971682429314
59.16666666666666,-0.01717763975155279,-24.2627796825447,-0.06071428571428572,2.287987010226303,0.0,-0.2658771828605408,-0.0354296900331974
3.833333333333286,-0.03720155279503112,-25.09122646204278,-0.0278571428571428,-1.442809041582066,0.0,0.1043376146345931,-0.0020458027720451355
-196.6666666666667,-0.1418802795031057,40.64866202872992,0.01428571428571423,-13.09966329107444,0.0,-0.3899923842513413,-0.33152440190315247
-161.8333333333333,-0.1400774844720497,59.14492132923272,0.01142857142857145,-13.57106781186547,0.0,-0.2932934216286182,-0.3292272388935089
-99.49999999999996,-0.0695947204968943,7.408116028401707,0.02071428571428569,4.66176045807952,0.0,0.0694083774492566,0.06387081742286682
-129.8333333333334,-0.08339875776397515,10.78394533792522,0.02357142857142869,5.328427124746185,0.0,0.0268661571201215,-0.03291955217719078
-48.16666666666663,0.02573229813664596,-25.57818337858231,0.01357142857142868,1.471404520791019,0.0,0.0578168019471695,0.07292138040065765
-52.3333333333333,0.0287784161490684,-22.15576304302249,0.01500000000000001,1.345177968644251,0.0,0.1205596319471695,0.10427925735712051
-78.83333333333329,0.0166841614906833,-17.15627569444899,0.0178571428571429,-1.207106781186546,0.0,-0.09963239186193061,0.019093092530965805
-11.6666666666667,0.01831381987577652,-9.99306173233282,0.0178571428571429,0.06903559372884871,0.0,-0.2714273525861691,-0.020068179816007614
11.5,0.003425931677018601,5.431213132299916,0.02214285714285724,2.080880229039764,0.0,0.06924140716077101,-0.03317294642329216
36.00000000000003,0.0609756211180123,3.762858209602825,-0.01071428571428568,2.47140452079104,0.0,-0.134185044165406,0.18995270133018494
-25.0,0.08561211180124234,-32.7407579231874,-0.01000000000000001,1.954653676892967,0.0,-0.2087641330357435,0.267807275056839
58.8333333333333,0.07610403726708082,-29.46678212162891,-0.004285714285714115,3.190355937288487,0.0,-0.2775901797614801,0.19831179082393646
-123.4999999999999,-0.007986956521739086,6.261926267314607,0.02071428571428569,1.81658248943527,0.0,0.177490496160771,-0.03875396028161049
67.0,0.0434624223602485,-33.3256419880681,0.01071428571428568,-2.149915822768605,0.0,-0.009049713978723395,-0.06794621050357819
58.83333333333336,0.08825838509316769,-25.20027404646328,0.01642857142857135,-0.09763107293780848,0.0,-0.06879776348619959,-0.009150940924882889
-55.66666666666671,0.0383442546583852,-39.04240005051881,-0.01071428571428568,0.5976310729378156,0.0,-0.2698549123487196,0.1304788887500763
4.0,0.03475745341614911,-29.49738680416061,-0.01071428571428568,1.080880229039757,0.0,-0.3725522835161699,0.08718325942754745
77.83333333333334,0.08395745341614907,-14.44157253050253,0.01428571428571435,0.6380711874576903,0.0,0.1295475369023365,-0.03844865784049034
-25.50000000000003,0.08395745341614907,-24.38517908088139,0.01357142857142857,0.3619288125423097,0.0,0.1295475369023365,0.10360227525234222
9.333333333333428,0.04290931677018622,-8.218107964907603,-0.01500000000000001,3.052284749830797,0.0,0.0189797267179716,0.17960940301418304
97.00000000000004,0.07418043478260883,-6.308770131312002,-0.01214285714285712,3.55228474983079,0.0,0.04773130644732099,0.23284219205379486
-61.66666666666671,0.02974704968944103,-4.961423233101016,0.0178571428571429,0.2642977396044799,0.0,0.08418962171997961,0.032314568758010864
0.8333333333333286,0.04682888198757762,-44.31978214531429,0.003571428571428559,-1.707106781186539,0.0,-0.1906214147112689,0.05723109841346741
-26.16666666666666,0.006105434782608665,4.109303186217801,-0.01214285714285712,-0.2642977396044799,0.0,0.0632915682622463,0.1827138513326645
-94.66666666666671,-0.004722826086956511,-17.42501527702211,-0.01214285714285712,0.4309644062711513,0.0,-0.08967893373302588,0.17838720977306366
19.16666666666657,0.07424891304347819,-42.12808511280289,0.001428571428571335,-1.011844635310908,0.0,-0.1329913849174289,0.15492330491542816
-78.49999999999999,0.03263493788819871,20.1741375776393,-0.01785714285714302,2.178511301977586,0.0,-0.1555192608316159,0.09219875931739807
77.00000000000006,0.03443602484472047,14.38557756180739,-0.01285714285714279,0.1952621458756312,0.0,-0.1395723237371372,0.025113223120570183
53.00000000000003,0.04361568322981368,16.09423584902828,-0.01642857142857135,3.471404520791033,0.0,0.02212962330188431,0.08085805177688599
52.5,0.06792903726708083,19.0396242743245,-0.01714285714285713,4.580880229039771,0.0,0.0303164353298756,0.19221946597099304
-55.66666666666671,0.02694472049689439,21.4156244748001,-0.01785714285714302,4.564129385141705,0.0,0.01505484834394541,0.16733695566654205
52.0,0.02653819875776375,-40.7218244282931,-0.009285714285714342,0.5976310729378298,0.0,0.004761441667802901,-0.011185027658939362
-26.66666666666657,0.02069083850931658,4.669247542650112,-0.01857142857142868,2.52368927062183,0.0,0.1487992742103049,0.18541552126407623
-67.66666666666659,0.0111118012422361,4.435305218477112,-0.01857142857142868,2.540440114519896,0.0,-0.0415227325485107,0.124814972281456
-7.666666666666714,0.02588447204968952,6.146602903689796,-0.01857142857142868,3.954653676892988,0.0,-0.1856898091095277,0.15546877682209015
-31.5,0.0415082298136647,8.883959113226297,-0.01142857142857134,3.649915822768612,0.0,-0.06868003907763648,0.3005671203136444
-7.5,0.0246767080745342,8.189172280491107,-0.01071428571428568,1.109475708248723,0.0,0.07516170827993673,0.07605499029159546
21.8333333333333,-0.0275644409937888,6.168108164995203,-0.01071428571428568,1.747546895706435,0.0,0.1317688722904675,0.03629631549119949
-111.1666666666667,-0.0318099378881988,-28.01384474392412,0.001428571428571446,1.345177968644251,0.0,-0.0247856635686042,0.09515542536973953
-48.66666666666667,-0.0466562111801242,-38.23842409812949,0.001428571428571446,0.5,0.0,-0.1122005685518096,0.11102898418903351
-117.3333333333333,-0.0175801242236025,-28.7543125340834,0.005714285714285672,-1.040440114519875,0.0,-0.0761691919378944,-0.023478765040636063
-12.16666666666657,-0.007801242236024908,-44.5572320554825,-0.007857142857142896,0.735702260395513,0.0,-0.2217264390394504,0.04802504926919937
-43.33333333333329,0.009109161490683193,1.942051971047903,-0.02428571428571435,1.390524291751262,0.0,0.08118919141230821,0.18252252042293549
-16.16666666666671,0.04502857142857142,2.084432845514101,-0.02428571428571435,2.569035593728842,0.0,-0.06408935790882939,0.23440296947956085
82.16666666666666,0.0586706521739131,1.602785659282375,-0.01714285714285713,0.8619288125423026,0.0,0.1287043199027355,0.053414806723594666
26.5,0.01968183229813669,-16.30796656070049,-0.01428571428571435,0.9023689270621844,0.0,0.2729016965900092,0.14484556019306183
65.99999999999996,0.04629736024844711,-45.1693717768529,0.0007142857142856673,1.373773447853225,0.0,0.1568074552173598,0.05892610549926758
-24.0,-0.01320947204968953,-6.185274164239985,-0.01500000000000001,3.28798701022631,0.0,0.2531580234123082,0.13670755922794342
3.0,0.03877127329192553,-38.88323500033007,-0.01142857142857157,0.3047378541243688,0.0,0.137783991976755,0.05199144035577774
82.99999999999994,0.04930139751552792,-7.575527516169075,-0.02642857142857147,1.983249156101955,0.0,-0.0601055199088294,0.14675524830818176
90.16666666666663,0.0485645962732919,-10.01384031582742,-0.02000000000000002,1.511844635310922,0.0,0.1795477349027355,0.13822638988494873
-78.0,0.006188043478261018,-37.6726282802683,-0.02000000000000002,2.247546895706435,0.0,0.2012216105900092,0.03630939871072769
-46.83333333333341,-0.03645279503105592,16.53351406820772,-0.02071428571428569,3.138071187457697,0.0,0.1584856281950803,0.09643186628818512
-74.66666666666671,-0.04270093167701849,16.60562359706171,-0.02071428571428569,4.66176045807952,0.0,0.2778243768880375,0.11234349012374878
-92.83333333333329,-0.0112829192546583,-15.8541786690767,0.0,-0.8737734478532104,0.0,0.1727870111849549,0.060364674776792526
15.4285714285714,-0.009404782608695816,1.702750122903893,0.01466666666666705,2.90195835699782,0.0,0.0547291405446914,-0.04211122915148735
-9.0,0.01049811594202893,83.3601584300498,0.01400000000000001,-3.010152544552206,0.0,-0.0733471094422908,-0.24118997156620026
37.71428571428572,-0.009153043478260903,20.43374215179341,0.01466666666666705,0.7244382588379139,0.0,-0.03310427988613229,-0.12528179585933685
70.71428571428567,0.06044217391304352,60.76704196037571,0.01933333333333298,2.153009687409366,0.0,-0.1411875189010531,-0.05571470782160759
68.57142857142858,0.07251637681159417,7.464051530988399,0.01466666666666705,-1.177520098159889,0.0,-0.07149402997626289,-0.05800943449139595
11.85714285714286,0.01739797101449281,36.9023601409703,0.02266666666666595,0.03466295530276398,0.0,-0.1109889562927218,-0.051834676414728165
82.00000000000006,0.01729449275362321,69.00207768677541,0.02333333333333298,2.581581115980782,0.0,-0.09324479430728327,-0.04654858633875847
-112.2857142857143,-0.003598405797101356,44.20325214551809,0.01800000000000002,-2.748948669588472,0.0,-0.1567786775223349,-0.23233354091644287
-115.7142857142857,-0.1118849275362318,91.48365595912472,-0.0646666666666671,5.020305089104433,0.0,0.1422077457779564,0.06432923674583435
-114.5714285714285,-0.1237897101449277,72.7104218289568,-0.07133333333333303,3.64075448203408,0.0,0.1264957689579751,0.043867748230695724
-50.00000000000003,0.002650869565217318,-1.157530531645989,0.01533333333333298,-2.379550607070335,0.0,0.04407279585921468,-0.09270329773426056
4.85714285714279,0.05768434782608689,-32.71257604872679,-0.04133333333333411,-2.818274580193979,0.0,-0.3801088926899378,-0.07684798538684845
83.42857142857143,0.08360231884057973,-30.86230920888329,-0.05866666666666709,-0.7836116248912184,0.0,-0.2518383850335339,-0.010699000209569931
45.28571428571429,0.03481478260869569,-37.4710584336255,-0.05200000000000005,-3.926468767748364,0.0,-0.3986901008345482,-0.23222307860851288
51.71428571428578,0.0929030434782609,-22.5258699549764,-0.04866666666666708,-1.236693464213197,0.0,-0.1167277187873879,0.023131532594561577
47.57142857142861,0.07754217391304358,-34.14936064208879,-0.04400000000000004,-1.344887651767586,0.0,-0.1575937640621308,-0.08740171790122986
56.28571428571431,0.09983695652173924,-37.7625946304139,-0.03466666666666707,4.508049883729143,0.0,-0.00485568316331092,0.3035624027252197
60.4285714285714,0.09090884057971022,-64.51191909190919,-0.04266666666666707,-2.818274580193986,0.0,-0.3181594028345482,-0.0279742069542408
-20.875,0.03545521739130442,25.3074393362142,0.002000000000000002,0.5732233047033617,0.0,0.67128523251496,0.028856420889496803
21.875,-0.001560000000000006,2.182515841132812,0.0006666666666667043,-2.008883476483184,0.0,0.009938567300518,-0.06440654397010803
7.5,0.02416521739130428,6.20804765391452,-0.001333333333333298,-0.7803300858899007,0.0,-0.1901526404961595,0.06303778290748596
10.875,-0.01947173913043482,0.2671391894279509,0.003888888888888831,-0.9356601717798227,0.0,-0.04511807133750489,-0.06682156771421432
6.25,0.01050036231884061,-1.61503191714479,0.0,0.6856601717798227,0.0,0.04951003915589602,0.05280902981758118
-34.625,-0.01169444444444451,1.936685287270507,-0.0005555555555555314,-0.780330085889922,0.0,-0.1127838737257091,0.07229679077863693
23.375,0.0118893719806763,5.521463488557629,-0.004444444444444473,1.560660171779809,0.0,0.09499631961904402,0.08807700872421265
16.375,0.03927584541062801,2.597343684034684,0.0,2.340990257669723,0.0,0.2413451086108597,0.10039004683494568
18.875,-0.002852657004830839,2.616633621885114,0.0005555555555556424,0.6553300858899149,0.0,-0.1103359598272081,-0.001400865614414215
29.25,0.004788285024154626,11.51152311921859,0.0,-0.09466991411009928,0.0,-0.1626643547651554,0.02078653685748577
-20.125,-0.02296243961352651,6.130535835574221,-0.001111111111111174,-2.090990257669745,0.0,-0.2334079932167908,-0.005586601793766022
20.375,-0.009907246376811785,2.215584014365504,-0.005555555555555647,-1.685660171779816,0.0,-0.1394717932701417,-0.03357458859682083
-22.25,-0.003214009661835715,13.79692634324462,-0.001666666666666705,-0.1767766952966312,0.0,-0.1920837088601942,0.019633634015917778
31.5,-0.01532330917874403,-0.3467489814916007,-0.001666666666666705,-2.569543648263007,0.0,-0.2102325704565707,-0.06133290007710457
-0.25,0.003139975845410592,16.83683583305449,-0.001111111111111063,-2.715990257669731,0.0,-0.221394268775487,-0.04564273729920387
-40.5,-0.0239291062801934,30.65096579084849,-0.0005555555555555314,0.0,0.0,0.008851098359222598,0.0029899179935455322
8.625,0.001354830917874306,8.749497077087199,-0.001666666666666705,-0.6553300858899149,0.0,-0.0630036568779257,-0.020890455693006516
10.5,-0.006077294685990331,3.028220067368125,-0.001666666666666705,-2.405330085889901,0.0,-0.2919424322087333,-0.029708381742239
3.25,0.01143574879227061,3.196578041487214,-0.0005555555555556424,1.935660171779816,0.0,-0.1345699646995334,0.10377199202775955
39.75,-0.00355712560386473,19.89104942481811,-0.001111111111111174,1.551776695296638,0.0,0.1035048689766165,0.01994100958108902
6.625,0.01931062801932371,-55.10682895257659,-0.001111111111111174,2.883883476483181,0.0,0.1750723209669947,0.13016046583652496
-0.125,0.01498852657004829,-31.7970136422783,0.0,2.133883476483188,0.0,0.1075247679838307,0.07451184093952179
23.375,0.004449275362318816,-106.6004909942633,-0.001111111111111063,2.560660171779833,0.0,0.030719465471645,0.057515114545822144
-6.125,0.03566545893719808,-14.14983467272691,0.001111111111111174,1.935660171779833,0.0,-0.04426519631716901,0.0852898433804512
-1.5,0.03993792270531399,-37.11786725711579,0.0,0.2196699141100993,0.0,0.0383103569669947,0.09067937731742859
8.375,0.03562016908212562,-65.181512645455,-0.001666666666666705,0.75,0.0,-0.3748367976995334,0.14198201894760132
-10.5,0.02282584541062815,67.35582378398101,0.001111111111111174,1.435660171779819,0.0,0.0578515388886239,0.11551472544670105
-9.75,0.04579539641943736,-13.04605111105681,-0.007058823529411673,-5.255203820042819,0.0,0.05765400221397843,-0.003129582852125168
9.0,-0.009600127877237907,-15.09276481916999,-0.00411764705882367,-5.026650429449557,0.0,0.06364403883607872,-0.1209532767534256
-43.75,0.02732749360613812,16.64673422216941,-0.004705882352941115,-4.819543648262997,0.0,0.03283145421397843,0.015344176441431046
23.875,-0.03409654731457806,5.750433187011879,0.0005882352941177782,-0.8838834764831773,0.0,0.2040456015572779,-0.06375077366828918
-43.625,-0.05389420289855074,105.630565913807,-0.002777777777777879,-1.75,0.0,0.02856331910701965,-0.07094152271747589
10.5,0.01463405797101458,1.263506119200997,0.0005555555555556424,0.02144660940672338,0.0,-0.01263987374586267,0.05900149047374725
14.75,0.02927946859903369,-27.01881837792908,0.002222222222222126,3.798097038856266,0.0,0.2125525618696398,0.2076374888420105
122.625,0.02351485507246381,-0.114270962843193,0.0,0.1464466094067305,0.0,0.008931941159843304,0.007327187806367874
15.5,0.0005746376811595066,-2.798077813252405,0.001666666666666483,-0.1767766952966454,0.0,0.02703783229614048,-0.030342955142259598
-16.75,0.0005746376811595066,-47.96011189367297,0.001666666666666483,-0.02144660940672338,0.0,0.02703783229614048,0.04547460749745369
39.375,-0.006462077294686064,0.3616035615000044,0.0,-0.25,0.0,0.0266021196161465,-0.02746562287211418
46.625,0.02725724637681154,-8.074759891932814,-0.0005555555555554204,0.3321067811865461,0.0,0.0170053509922144,0.007181990891695023
46.0,0.02478393719806765,-3.300363746715107,-0.0005555555555554204,-0.375,0.0,0.01606805273567324,-0.024640273302793503
61.75,0.05992222222222232,-7.983763131526388,0.0,2.435660171779816,0.0,0.01824323438252801,0.0808170884847641
109.375,0.03451871980676319,-34.31454392594549,0.0,1.883883476483192,0.0,-0.05577353148557407,0.027204293757677078
36.25,-0.0156490338164253,-1.921962884482213,-0.001111111111111063,0.8321067811865248,0.0,0.0740266787062413,0.002922099083662033
98.125,0.03566871980676323,-28.37004789606041,-0.003333333333333299,1.914213562373089,0.0,-0.1226553443820295,0.026074714958667755
66.625,-0.008604951690821261,-12.62430799361178,-0.003333333333333299,2.133883476483181,0.0,-0.1668376404324118,-0.019970182329416275
7.0,-0.02470954106280204,-2.494028950620901,-0.003333333333333299,1.965990257669731,0.0,-0.1850272976203767,0.017850395292043686
67.625,-0.01442379227053131,-4.141423138300496,-0.003333333333333299,0.8535533905932695,0.0,-0.1396058242017018,-0.072329580783844
16.625,0.001275241545893591,2.186807611420591,-0.003333333333333299,1.14644660940672,0.0,0.08566384851666586,0.04329356551170349
12.25,-0.04866171497584537,13.5773274702012,-0.003333333333333299,2.664213562373092,0.0,-0.1581015555048299,0.03970915824174881
112.125,-0.009109420289855119,-3.973437316797117,-0.003888888888888942,2.642766952966362,0.0,-0.3225529087625406,0.025544065982103348
-58.875,0.0699826086956522,-29.97853059850709,-0.0005882352941177782,-0.6856601717798299,0.0,-0.09832370343420083,0.16901299357414246
-35.125,0.04912327365728913,15.68632129346628,-0.003529411764706003,-3.039213562373096,0.0,0.02865689930076409,0.06978637725114822
-24.75,-0.01072813299232739,-12.4580835527683,-0.002941176470588336,-4.017766952966358,0.0,0.1393088121558087,-0.02042866125702858
-70.75,0.005221739130434833,-24.31388427317441,-0.0005882352941176672,-3.965990257669727,0.0,0.1526087729361494,0.03343706205487251
-12.625,0.002272122762148276,-14.93362669506021,-0.0005882352941176672,-4.099873734152919,0.0,0.07293096488932643,-0.058491338044404984
-12.25,-0.02805700483091778,49.40622976614472,-0.001666666666666705,1.146446609406734,0.0,0.1890729051923915,0.0024310611188411713
-70.125,-0.05735543478260879,26.4212304354885,-0.00333333333333341,-3.694543648263,0.0,-0.3301700297447152,-0.041932057589292526
-14.0,-0.02159070048309175,44.52294639264662,-0.005000000000000004,0.7588834764831773,0.0,-0.2426207795318009,0.02179945819079876
0.25,-0.04615785024154578,73.56489476227,-0.00333333333333341,-0.542893218813461,0.0,-0.07675239013658833,-0.08070912212133408
39.375,-0.02009045893719802,105.1616251570286,-0.005000000000000004,3.246320343559653,0.0,0.1273522274033676,0.04255780950188637
56.75,-0.001917149758454084,-13.28046437563248,-0.006666666666666599,-3.29809703885628,0.0,-0.06021186309155974,-0.09281459450721741
34.125,0.00395422705314008,-2.363626506662087,-0.006666666666666599,-2.371320343559638,0.0,0.002452877687201482,-0.03878762945532799
21.25,-0.02801533816425111,-2.154150851462504,-0.006666666666666599,-1.957106781186553,0.0,-0.1353050069604315,-0.06483326852321625
-22.375,-0.03827125603864728,8.520694356279506,-0.005000000000000004,-0.1250000000000107,0.0,-0.07309956699758974,-0.015375453978776932
-4.25,-0.0660830917874396,11.84032799599572,-0.005000000000000004,3.060660171779823,0.0,0.1158398166872015,0.04199350252747536
-52.0,-0.00666038647342998,0.2085338751686834,-0.001666666666666705,-1.508883476483184,0.0,0.1098469024709532,0.059920135885477066
-8.75,-0.005134057971014627,-0.4868404547032981,0.0,1.375000000000004,0.0,0.1428399775640656,0.03416639193892479
43.375,-0.03027958937198061,0.531749458604196,0.001111111111111174,-1.362436867076454,0.0,-0.08867670359025143,-0.04853605106472969
-65.0,-0.01037077294686001,-0.7462140844949943,-0.004444444444444473,-0.1464466094067305,0.0,0.1922228466913229,0.028729774057865143
-50.5,-0.0199748792270531,-0.1689952743233221,0.001666666666666705,-0.530330085889922,0.0,0.07845108653949573,0.05591766908764839
62.5,-5.217391304335184e-05,1.021262970148399,0.0,0.7803300858899007,0.0,-0.0143087252967139,-0.04367325082421303
-25.375,0.002629710144927633,-1.820960597130778,-0.0005555555555555314,1.67309703885627,0.0,-0.1120215328915605,0.11399565637111664
52.5,-0.006464371980676287,-1.426822623461391,0.0,-0.4482233047033759,0.0,-0.1258581137532969,-0.05569310858845711
-0.5,-0.003251449275362583,0.8325561802175798,0.0,-0.3017766952966383,0.0,-0.08587699397138704,-0.024620551615953445
51.25,0.004517270531400719,-1.520487957815092,0.003333333333333188,0.832106781186539,0.0,-0.07434367725760838,-0.053850267082452774
46.5,0.01575591787439606,-1.867335682892588,0.003333333333333188,0.5821067811865248,0.0,-0.1490810614387638,-0.024571049958467484
55.25,0.1039223429951691,-41.3582477438091,-0.0005555555555555314,-0.2803300858899149,0.0,0.2833191471904141,0.1349981725215912
65.75,0.01775833333333343,0.1849050773204226,0.00722222222222213,2.405330085889901,0.0,0.02367931638683096,0.013164551928639412
67.25,0.003004830917874401,-1.888026507123215,0.001666666666666594,-0.4571067811865248,0.0,-0.06644513666822172,-0.046354200690984726
34.375,-0.006197584541062784,-2.409836119619797,0.00722222222222213,2.267766952966369,0.0,-0.03810105764440153,-0.057687994092702866
64.875,0.04141847826086964,-47.6603607661616,0.0,3.237436867076461,0.0,0.2365126851340946,0.08543004095554352
22.875,0.006725966183574683,-1.564287869473105,0.0,1.155330085889908,0.0,-0.02063009844351904,0.09139728546142578
66.0,0.02382946859903384,0.06802331697940645,0.00722222222222213,4.298097038856273,0.0,0.3202147615958568,0.04122788831591606
121.125,0.00218586956521738,-2.566671967062604,0.00722222222222213,4.474873734152919,0.0,0.0118038737184859,-0.03798144683241844
114.875,0.07624444444444434,-50.58690442658892,-0.0005555555555555314,2.487436867076461,0.0,0.2691438587935174,0.16407622396945953
42.125,0.02746473429951685,-17.75739393003829,0.003333333333333299,0.3232233047033617,0.0,0.1455291575752186,-0.0325348787009716
97.75,0.04877101449275351,-5.117702923715598,0.00722222222222213,3.267766952966369,0.0,0.2860388241392716,0.03579617291688919
53.0,0.02232065217391316,-6.159699476837204,-0.0005555555555555314,3.453427124746181,0.0,0.2634643021467397,0.10734353959560394
17.625,0.003285386473429908,-21.24052029231689,0.002222222222222126,2.246320343559624,0.0,-0.08393858346118133,0.10003460943698883
42.125,0.0246212560386474,-6.166173664146413,0.0,3.215990257669727,0.0,0.001585764120755284,0.10696764290332794
85.125,0.009703864734299628,-10.65916530038882,-0.001111111111111063,0.75,0.0,0.2296258456882851,-0.01535530760884285
28.5,0.04024806763285022,-33.1501960461373,0.0005555555555555314,3.582106781186539,0.0,0.3671114169403993,0.1713816076517105
17.25,-0.01516884057971019,-2.468133895743705,0.003888888888888831,1.612436867076454,0.0,-0.1521425276501952,-0.020366471260786057
-27.375,-0.0107582125603865,0.6694083731399019,-0.001111111111111063,1.810660171779823,0.0,0.1951766381068022,0.10512752830982208
98.875,0.02116449275362309,-10.73418839959612,0.0005555555555555314,4.276650429449536,0.0,0.4713784738696398,0.02879990264773369
96.125,0.1143342995169082,-10.9213140308315,-0.001666666666666705,3.444543648262997,0.0,-0.09209001368316694,0.2082505077123642
86.875,0.04765072463768111,-43.06838109972409,-0.002222222222222348,2.737436867076458,0.0,-0.01312525508818596,0.17639262974262238
-27.125,0.1510014492753623,-94.30930176256501,0.0005555555555555314,-0.862436867076454,0.0,0.3204260537588565,0.1350124180316925
88.75,0.01724553140096619,-8.263675884382707,-0.001666666666666705,1.35355339059327,0.0,-0.3615638034906278,0.09079141914844513
37.625,0.1225667874396135,-31.4970925998669,-0.002222222222222348,2.362436867076458,0.0,-0.05522706268316691,0.2192699909210205
26.875,-0.1032639751552796,24.2028001453198,0.004285714285714226,2.362436867076461,0.0,-0.2222110282229984,-0.0019969679415225983
13.625,0.01420900621118021,0.7453576159149975,0.004285714285714337,-0.4178932188134503,0.0,-0.007393706191619775,0.009707707911729813
4.0,0.1171739130434784,-5.802632662119095,0.002142857142857224,-1.832106781186546,0.0,0.4800789343801936,0.10824348032474518
-5.875,0.01119736024844703,-31.78115899789179,-0.001428571428571446,0.75,0.0,0.2417276307264924,0.054224446415901184
64.75,0.07541257763975162,-68.4874635768154,-0.0007142857142856673,-2.487436867076447,0.0,0.3902733317774448,0.04430677741765976
27.0,0.04373322981366462,-81.3262307577634,0.002142857142857113,3.246320343559642,0.0,0.5134382951264416,0.17291700839996338
22.625,0.06891677018633552,-74.43030681075521,0.001428571428571335,-0.375,0.0,0.1329346675154492,0.10891242325305939
44.125,0.0761341614906833,-93.5905246127366,0.00285714285714278,0.05177669529664186,0.0,0.3175173221630835,0.021386103704571724
-7.75,0.002649378881987352,-33.123095118078,0.005714285714285672,1.965990257669731,0.0,0.2954512644353648,-0.002852078527212143
20.125,0.01806863354037264,-44.08498938872341,0.004285714285714337,-0.633883476483188,0.0,0.1584667752636827,0.03295385465025902
-15.0,0.005271273291925505,-49.8620692450466,0.00285714285714278,-0.4785533905932695,0.0,0.2999963094282014,0.04069960117340088
12.5,0.0003572981366460337,-52.85241284467082,0.01000000000000001,-1.383883476483188,0.0,-0.05542027342381983,-0.022227119654417038
74.0,0.0129807453416147,-88.76048778805682,0.01000000000000001,-1.789213562373099,0.0,-0.0938764332076159,-0.050403859466314316
-1.875,0.1055436335403726,-43.15392123252488,0.008571428571428563,-2.008883476483181,0.0,-0.1022040735810765,0.05275576189160347
-19.375,0.01397236024844728,-52.61606985432459,0.01000000000000001,-2.173097038856287,0.0,0.1110725620654393,-0.025018107146024704
50.5,0.1516513975155278,-15.1258077788367,0.008571428571428563,-1.560660171779819,0.0,0.3218865948379821,-0.04437656328082085
77.75,0.1141487577639751,-9.6317947207759,0.01000000000000001,-2.08210678118655,0.0,0.2277001663530811,-0.06448502838611603
-28.0,0.0553451863354037,-9.754793315687891,0.01142857142857145,-2.79809703885628,0.0,0.3189739928697676,0.005392821505665779
32.0,0.02969332298136651,-44.55030792572379,0.01142857142857145,-0.4178932188134503,0.0,-0.239307592812954,0.007618522271513939
52.125,0.1145006211180124,-31.10427911157242,0.01000000000000001,-2.914213562373099,0.0,-0.08201222664691887,-0.051427993923425674
32.875,0.1160914596273293,-45.89632822000709,0.008571428571428563,-1.405330085889908,0.0,0.3995000803844428,0.06451255083084106
14.5,-0.01142515527950305,-108.7908548440477,0.01142857142857145,1.246320343559642,0.0,-0.1005536834898787,-0.0032549723982810974
11.875,-0.02146568322981368,-84.87496633564979,0.01142857142857145,-0.6767766952966383,0.0,-0.09006192704622162,0.00606345571577549
22.125,0.02606909937888191,19.47627334930431,0.01142857142857145,-0.5517766952966312,0.0,-0.1119756157491466,-0.026705440133810043
-8.75,0.005528416149068183,-108.6390625635647,0.008571428571428563,2.340990257669731,0.0,-0.2154785900462217,0.03400157392024994
-3.875,0.03236832298136638,-104.3601122674059,0.01000000000000001,3.121320343559642,0.0,-0.150562422056243,-0.008512239903211594
76.75,0.06247375776397518,-61.2895937916756,0.00928571428571423,-0.8017766952966277,0.0,-0.04096309064691889,-0.03127795830368996
46.75,0.07694394409937894,-60.72361296799039,0.008571428571428563,-2.289213562373103,0.0,0.02816555822947561,-0.04119369760155678
9.75,0.01551583850931681,-82.1525031496434,0.01000000000000001,-3.828427124746188,0.0,-0.1695484786305906,-0.06436510384082794
45.875,0.03310465838509319,-43.1409992601389,0.01000000000000001,-0.4267766952966277,0.0,-0.04607497248848069,-0.0911976546049118
33.125,0.0953482919254659,14.65322510580822,0.01000000000000001,-1.517766952966358,0.0,0.1371942742294756,0.06891777366399765
1.5,0.1007399068322982,3.480646581605697,0.01000000000000001,-0.5125631329235247,0.0,0.3690063354123952,0.11064201593399048
8.75,0.09356940993788831,-91.77495486002798,0.008571428571428563,1.707106781186553,0.0,0.1081748129923967,0.22509369254112244
-5.5,0.04398680124223614,-84.18658881128633,0.01071428571428568,2.508883476483181,0.0,0.0924945470697301,0.1129625141620636
21.75,0.003827484472049725,-67.20051462528562,0.00928571428571423,0.4178932188134397,0.0,0.0823611089374498,0.004186443984508514
12.375,0.05180232919254663,-84.7586831379044,0.01000000000000001,-1.289213562373089,0.0,0.1465334384123952,0.03938872739672661
-11.625,0.01309192546583848,-83.58667761887901,0.01000000000000001,-1.624999999999996,0.0,-0.173127439769687,-0.007882054895162582
-6.75,0.01282127329192551,-58.98692959680068,0.01000000000000001,-1.767766952966369,0.0,-0.1873049420625502,-0.038418274372816086
34.125,0.0274569875776397,-64.84667579830179,0.01000000000000001,0.7071067811865497,0.0,-0.1829450807206051,0.04744506999850273
73.25,0.05884937888198749,-43.3804759294525,0.01071428571428579,-0.5732233047033546,0.0,-0.09579112976968696,-0.003175772726535797
33.5,0.08490341614906832,12.72359226776922,0.01071428571428579,0.2714466094067234,0.0,0.2182949937064014,0.04568430036306381
28.125,0.0803155279503105,4.302026907540409,0.01000000000000001,2.185660171779826,0.0,0.2386976147064014,0.13989438116550446
-9.0,0.09698586956521743,28.69140007482511,0.01000000000000001,1.258883476483181,0.0,0.2633296575724753,0.11042329668998718
53.75,0.070782298136646,-65.31525221199189,0.00928571428571423,1.426776695296631,0.0,0.2589809970840566,0.10805504024028778
39.0,0.07668012422360265,-92.95938026519059,0.01071428571428568,1.750000000000014,0.0,0.2272062970697301,0.07998612523078918
37.875,0.09915885093167703,-87.4194067043361,0.01000000000000001,1.185660171779812,0.0,0.3500753592793949,0.17859265208244324
25.0,0.07275791925465841,-68.00105471310732,0.01000000000000001,2.996320343559642,0.0,0.2122027844311667,0.13018859922885895
3.75,0.05138819875776407,18.34352613062489,0.01000000000000001,1.039213562373099,0.0,0.008740524084056567,-0.028475653380155563
3.125,0.03392282608695646,3.326828201564808,0.01071428571428579,1.70710678118655,0.0,0.2642412007256383,0.048052914440631866
-36.75,0.0792645962732918,39.0513320830724,0.01071428571428579,1.20710678118655,0.0,0.1977240695724752,0.15825730562210083
27.0,0.02447965838509331,10.02461524164499,0.01071428571428579,3.569543648263007,0.0,0.3325718047256384,0.08278201520442963
12.25,0.01206444099378867,16.34962772383429,0.01142857142857145,2.560660171779823,0.0,0.3720473873005577,-0.0019069910049438477
-39.25,0.0545372670807453,84.94394220747071,0.01071428571428579,0.2285533905932695,0.0,0.5077283171514124,-0.03581923618912697
4.25,0.0983832298136646,-69.9348729643313,0.01142857142857145,1.133883476483177,0.0,0.2905003743229165,0.14532232284545898
0.5,0.09207065217391314,-64.8201896755867,0.01214285714285723,-1.164213562373099,0.0,0.4260764762948928,0.06337831914424896
2.0,0.06856195652173913,-41.90795267045809,0.01000000000000001,0.7285533905932695,0.0,0.3456713757757628,0.020347584038972855
3.0,0.07329829192546594,-32.68327110284619,0.01000000000000001,-0.09466991411007797,0.0,0.1212227924007167,0.007837552577257156
-49.25,-0.04814968944099374,-7.233001930987712,0.01071428571428579,1.125,0.0,0.02455693130055769,0.04577536880970001
-22.375,-0.02018183229813658,11.72889197318599,0.01071428571428579,0.6553300858899078,0.0,0.007811454875032042,-0.014710817486047745
63.25,-0.02182608695652172,12.083827273418,0.01142857142857145,0.625,0.0,0.005462444230703134,-0.13398663699626923
-0.625,0.05566583850931672,8.184527831359105,0.01214285714285723,0.1035533905932695,0.0,0.2046570095548965,0.035499319434165955
-43.875,0.002849068322981319,28.74966857034659,0.01000000000000001,0.9267766952966312,0.0,0.006916489891026445,0.05265793949365616
-39.25,-0.03095543478260859,12.473108815438,0.01357142857142857,0.75,0.0,0.2679665401575385,-0.07675330340862274
-19.0,0.0320012422360248,25.22879447400609,0.01642857142857135,-0.7803300858898972,0.0,-0.01460055297217389,-0.044625502079725266
-25.0,0.03500636645962729,7.331327757012616,0.01285714285714279,1.840990257669731,0.0,0.02287351628826861,0.04678166285157204
-5.875,0.02981583850931679,18.39811289784151,0.01285714285714279,-0.1338834764831773,0.0,-0.124598635124968,-0.0822717547416687
-25.375,0.01521506211180135,104.0363506393894,0.01571428571428568,-2.133883476483181,0.0,-0.100964861012643,-0.12873423099517822
-23.125,0.01034565217391298,11.31735819914798,0.01357142857142857,-2.112436867076461,0.0,-0.3363713382936945,-0.08043114840984344
-18.125,-0.04064798136645975,60.1009512244616,0.01785714285714279,-0.832106781186539,0.0,-0.243080401501245,-0.1025453507900238
19.0,0.05089860248447203,19.00458430856338,0.01571428571428568,-1.185660171779819,0.0,0.1561577282026989,-0.05978037789463997
10.375,0.0387850931677019,30.02288833155788,0.01571428571428568,-0.1250000000000036,0.0,0.01781048186526069,-0.06856198608875275
52.875,0.06243881987577626,35.01159598386511,0.01642857142857135,-0.832106781186539,0.0,-0.05795731909039717,-0.0878978818655014
9.25,0.03500636645962729,21.4366932540961,0.01285714285714279,-0.6553300858899114,0.0,0.02287351628826861,-0.06394952535629272
38.125,0.0495048136645963,32.72856480230863,0.01571428571428568,-2.030330085889908,0.0,-0.2098987761991289,-0.13362866640090942
3.625,0.0242422360248446,6.312844553943876,0.01285714285714279,-1.176776695296638,0.0,-0.3450838466187925,-0.008253782987594604
-5.125,-0.0108602484472049,69.68178072165969,0.01714285714285702,-2.414213562373089,0.0,-0.1892177238800099,-0.23566403985023499
7.875,0.04056506211180133,-6.995270020535997,0.01357142857142857,-3.246320343559642,0.0,-0.2921553993953355,-0.08568213135004044
10.875,0.08997018633540377,2.611202128630794,0.01500000000000001,-3.090990257669738,0.0,-0.1182814354334558,-0.06281569600105286
41.0,0.06989223602484479,23.74479154763662,0.01571428571428568,-0.8232233047033723,0.0,0.1414860578652607,-0.07533511519432068
56.375,0.0983116459627329,28.65413470147999,0.01714285714285702,-1.715990257669727,0.0,0.1382730169096028,-0.07702162861824036
62.75,0.06796149068322971,15.78830551253378,0.01571428571428568,0.1856601717798192,0.0,-0.01125794507477598,-0.07153739035129547
31.75,0.01750667701863373,18.86348595038191,0.01214285714285723,-1.767766952966369,0.0,-0.04662566431872328,-0.1144104152917862
-58.875,0.0475495341614906,2.408374010569901,0.01142857142857145,-1.164213562373099,0.0,-0.07632381308522523,0.09762305021286011
51.875,0.09732391304347826,-43.21223070238818,0.01000000000000001,-0.8535533905932731,0.0,0.01800279933799592,0.060852035880088806
31.875,0.04122236024844717,-68.7169208386101,0.007142857142857117,0.1982233047033617,0.0,-0.1890817757144853,0.04915758967399597
115.625,0.1268385093167702,-75.3749980695053,0.01071428571428579,0.7803300858899114,0.0,0.3473487736913668,0.009069753810763359
78.5,0.166492546583851,-99.54944168054848,0.008571428571428674,-1.905330085889911,0.0,-0.1607460579039795,-0.05415964871644974
83.125,0.1479996894409938,-100.0530216496217,0.005714285714285783,-0.9053300858899078,0.0,-0.08122102085272623,-0.04607783257961273
61.625,0.1301138198757765,-101.2613064377959,0.007857142857142896,-1.228553390593273,0.0,-0.2281239741144756,-0.024826031178236008
-43.125,-0.00732484472049677,-2.866932879080991,0.01785714285714279,-0.4053300858899114,0.0,-0.014875916022352,-0.05057356879115105
-22.25,-0.00732484472049677,1.714801282880501,0.01785714285714279,-0.4482233047033688,0.0,-0.014875916022352,-0.067102812230587
39.75,0.0688279503105591,5.787418109713514,0.01285714285714279,-2.082106781186539,0.0,-0.1706590632223476,-0.06893982738256454
45.0,0.1105268633540373,16.4764001560462,0.01500000000000001,-2.560660171779819,0.0,-0.2359582918134039,-0.08701400458812714
7.0,0.0794145962732919,3.474878938820694,0.01357142857142857,-2.496320343559638,0.0,-0.1396394232194089,-0.020104769617319107
6.25,0.01289860248447222,-5.446083615207499,0.01357142857142868,-1.603553390593284,0.0,-0.02172545014569449,-0.04059387743473053
10.5,0.0573183229813663,56.74286138802802,0.01714285714285724,0.4178932188134503,0.0,-0.01944700323948551,-0.020416073501110077
36.125,0.03855729813664593,48.4296509619596,0.005000000000000004,0.7803300858899114,0.0,-0.03957419766580222,-0.022982552647590637
-39.2,-0.07776361556064071,70.7144095670647,0.006842105263157872,0.0,0.0,-0.158254159733617,-0.1290833055973053
-39.0,-0.06042322654462251,70.6132479700463,0.006842105263157872,-0.5656854249492369,0.0,-0.1087701983893369,-0.08834747970104218
-74.0,-0.1103589244851259,78.3475731310979,0.006842105263157872,0.01715728752540002,0.0,-0.1310313391040995,-0.1823737919330597
-33.7,-0.1019356979405034,76.53603894325761,0.01578947368421046,0.3585786437626943,0.0,-0.1427638396782274,-0.15837371349334717
24.5,-0.03049370709382143,43.54233988373332,0.01052631578947372,0.3485281374238696,0.0,-0.3222621875087353,-0.0823466032743454
-104.6,-0.1518567505720824,79.09543036382689,0.01105263157894742,0.1585786437626737,0.0,0.04671380509551559,-0.1751943826675415
-86.0,-0.1150408466819222,93.06875652787141,0.0094736842105263,0.0656854249492298,0.0,-0.1343879381040995,-0.1406756043434143
-115.0,-0.1310363844393593,93.493560443586,0.018421052631579,0.6242640687119234,0.0,-0.2290415909044844,-0.14469186961650848
-31.90000000000001,-0.0366136155606408,36.30109063907949,-0.01947368421052631,-0.4828427124746177,0.0,0.02589421132439729,0.016653437167406082
-69.9,-0.07241945080091539,92.0607294341431,-0.006842105263157872,-0.1585786437626915,0.0,-0.09943097936137119,-0.003956541419029236
-67.00000000000001,-0.03904439359267742,37.24358891185639,-0.01947368421052631,-1.224264068711928,0.0,-0.1899807705014246,-0.0194610096514225
-92.0,-0.05117723112128131,58.41193979230749,-0.01842105263157889,-0.524264068711922,0.0,-0.08955582346019297,-0.029706623405218124
-38.1,-0.0707556064073227,73.06842546485152,-0.008947368421052593,-0.01715728752539292,0.0,-0.02204245248164427,0.02539079263806343
-63.19999999999999,-0.04876304347826071,71.63364193114441,-0.01526315789473676,-0.2000000000000028,0.0,-0.05167660271250485,0.0037654414772987366
-18.60000000000001,-0.06849542334096131,57.41141402099822,-0.00473684210526315,0.782842712474622,0.0,-0.08317260748164429,0.007286690175533295
-42.7,-0.02906235697940501,71.13551723402921,0.01842105263157889,1.165685424949228,0.0,-0.3964760712260069,-0.045243967324495316
-5.200000000000003,-0.04188432494279171,71.67017761737011,-0.008947368421052593,-0.1828427124746099,0.0,0.09822679949422436,-0.06515146791934967
-47.2,-0.1542391304347827,84.79962478473908,0.01526315789473676,0.3242640687119298,0.0,-0.1525006248494893,-0.1361960619688034
63.19999999999999,-0.01981362596213848,7.091064501757415,-0.01368421052631574,0.565685424949244,0.0,-0.1710735108181937,0.0006567239761352539
-3.5,-0.02459874141876439,10.4535120387207,0.001578947368421013,-0.2242640687119177,0.0,-0.2040129317988686,-0.05611715465784073
-6.700000000000003,-0.1026757437070938,78.67261455306601,0.01105263157894731,0.5242640687119184,0.0,-0.4221764386052868,-0.1686895489692688
91.60000000000001,0.00191327231121291,15.76107265070132,-0.000526315789473597,0.08284271247462272,0.0,-0.2766148151914145,-0.03793038800358772
-57.90000000000001,-0.1324173913043479,87.04178081279258,0.02473684210526317,0.2000000000000099,0.0,-0.2332499348494893,-0.14461363852024078
-0.8000000000000114,-0.07886762013729981,20.9727234399285,0.01157894736842102,0.1585786437626986,0.0,-0.4571299545945029,-0.11436158418655396
-56.30000000000001,-0.07078318077803197,79.5495257053106,0.0189473684210526,-0.1656854249492454,0.0,-0.2805268308374978,-0.14947757124900818
13.7,-0.08588466819221957,61.58058106872829,0.02999999999999992,0.0414213562373078,0.0,-0.08602300400833296,-0.15656769275665283
-78.3,-0.151928604118993,88.99015154185369,0.03263157894736834,-0.1414213562373021,0.0,-0.0976739122419536,-0.21208970248699188
-68.3,-0.150928947368421,53.53187446739469,0.03736842105263161,0.5000000000000071,0.0,-0.3358377504959555,-0.05077863857150078
7.400000000000006,-0.08933054919908473,94.5031795877257,0.03315789473684216,0.4000000000000128,0.0,-0.2291619608199293,-0.21138323843479156
-2.900000000000006,-0.04232711670480555,22.40337512243579,0.03631578947368419,0.1242640687119305,0.0,-0.2588779202423166,-0.1446642279624939
18.3,-0.08109656750572092,53.9221605324264,0.03631578947368419,-0.09999999999999432,0.0,-0.3258309174412001,-0.14926400780677795
28.90000000000001,-0.1137324942791763,24.89336114381427,0.0368421052631579,0.08284271247461916,0.0,-0.2665664919196871,-0.16426530480384827
21.20000000000002,-0.05200389016018314,6.895965817620578,0.0373684210526315,-0.4828427124746177,0.0,-0.1788270365964366,-0.06819561123847961
18.59999999999999,-0.006420137299771311,8.140262468981575,0.03947368421052633,0.1585786437626879,0.0,-0.2275524324820275,-0.05203312262892723
-4.199999999999989,-0.06901613272311197,24.86072264846658,0.03000000000000003,-0.7242640687119284,0.0,-0.3320774550571434,-0.12987276911735535
-25.10000000000001,-0.06560183066361547,24.65864198219052,0.03578947368421048,1.06581410364015e-14,0.0,-0.2943876998214348,-0.05662762001156807
33.5,0.04499851258581239,12.30328867115401,0.03526315789473677,-0.141421356237295,0.0,-0.1121007850594036,-0.07543471455574036
52.59999999999999,0.05143958810068644,6.334718008341582,0.03105263157894733,-0.1999999999999957,0.0,-0.2169771246031317,-0.09015025198459625
49.60000000000001,0.05347540045766586,5.829956719557089,0.03578947368421048,0.1414213562373021,0.0,-0.08783864022298049,-0.06726185977458954
-90.6,-0.1337625858123571,68.4213545071043,0.008947368421052593,-0.2414213562373106,0.0,-0.2087637880844198,-0.11729936301708221
-40.8,-0.03846292906178489,14.42400500938641,0.03894736842105262,0.4656854249492284,0.0,-0.19517549510609,-0.017547667026519775
-71.60000000000001,-0.04413970251716237,16.96869964400122,0.03894736842105262,0.0,0.0,0.03877528320138091,-0.12407076358795166
41.40000000000001,0.04027826086956521,10.63407237036441,0.03894736842105262,0.1585786437627021,0.0,-0.2289888791767221,-0.07530352473258972
66.6,0.05448947368421059,7.634657911895715,0.03578947368421048,0.2828427124746113,0.0,-0.2644178380345756,-0.0950729101896286
12.3,0.08633775743707106,6.702344253199499,0.03894736842105262,-0.4414213562373064,0.0,-0.1670553604377437,0.01999560371041298
12.39999999999999,0.05129771167048053,3.318011479131115,0.03894736842105262,1.4210854715202e-14,0.0,0.04673379390226895,0.011722180992364883
10.8,-0.05666018306636161,27.74294660011799,0.01894736842105271,-0.2585786437626858,0.0,-0.139669364097731,-0.15707150101661682
48.2,0.01353741418764298,-4.187400017773598,0.02263157894736845,-0.1071067811865518,0.0,-0.4167210183871024,-0.10329754650592804
54.0,0.0747362700228833,12.3190459407252,0.03789473684210531,0.1656854249492419,0.0,0.1915944894017467,-0.04911475256085396
-23.3,0.08411807780320363,18.70942750792162,0.03947368421052622,-0.1000000000000014,0.0,-0.2672337849627299,0.01663546822965145
25.99999999999999,0.04705537757437073,23.31795237404859,0.03631578947368419,0.3656854249492412,0.0,-0.2112027134890743,-0.05212078616023064
-12.5,0.02721807780320373,20.6235659925369,0.04000000000000004,0.2999999999999901,0.0,-0.1410150891222571,0.0006420835852622986
41.60000000000001,0.0478504576659039,22.3409303349828,0.03842105263157902,0.2242640687119319,0.0,-0.2236354792084091,-0.04736343398690224
29.59999999999999,0.03219805491990857,-4.599200380770611,0.02105263157894743,-0.1414213562373092,0.0,-0.2085992309963696,-0.0690905898809433
-64.4,-0.01772745995423336,-7.021365272839006,0.02947368421052632,-0.2828427124746078,0.0,-0.232769451167444,-0.0433039516210556
29.7,0.1025851258581236,20.3415399794855,0.04000000000000004,1.082842712474619,0.0,-0.2051554505694457,0.08591432869434357
25.40000000000001,0.02923535469107563,23.5432515006402,0.03894736842105262,0.2585786437626894,0.0,-0.1175039804890743,-0.06860890984535217
-2.900000000000006,-0.02146819221967972,-7.101796547727417,0.02947368421052643,0.9485281374238532,0.0,-0.3311361090293288,-0.056930650025606155
14.0,0.009427345537757592,-6.8569360772251,0.02947368421052632,-0.524264068711922,0.0,0.06529011200363044,-0.03319313004612923
51.3,0.02651258581235705,-4.195380986523901,0.03368421052631587,0.424264068711917,0.0,-0.09591431185875776,-0.1051003485918045
-41.0,-0.04751842105263154,0.3839878439587778,0.02578947368421047,0.0,0.0,-0.1287422993752703,-0.05875842645764351
-49.0,-0.08646773455377571,14.11082790746309,0.007894736842105288,0.2242640687119177,0.0,-0.139051399436083,-0.07237862050533295
-57.7,-0.04280194508009172,-5.924772012140522,0.02315789473684204,-0.09999999999999787,0.0,-0.09103250029378218,-0.06583945453166962
-6.099999999999994,0.02954164759725414,-14.83309947654658,0.03789473684210531,0.8242640687119298,0.0,-0.00866177275882063,0.04295063763856888
3.799999999999997,0.01763077803203661,8.747625902319527,0.0463157894736842,0.3414213562373085,0.0,-0.1663232888229486,-0.07110056281089783
-30.80000000000001,-0.03868318077803196,-2.265007513563177,0.02157894736842114,0.1828427124746064,0.0,-0.1912576670416669,-0.03271954506635666
8.999999999999986,-0.0215774599542336,-2.167345213062788,0.02105263157894732,-0.1585786437626879,0.0,0.008367928457187479,-0.10916019976139069
-31.90000000000001,-0.02598340961098411,-2.278466102828816,0.01210526315789473,-0.3171572875253794,0.0,0.006241770829869764,-0.03882838413119316
-9.400000000000006,-0.02990137299771178,-9.286286451585823,0.0368421052631579,-0.2414213562373106,0.0,0.001715921706217816,-0.07167042791843414
27.59999999999999,0.05124462242562938,-15.48406357010501,0.03842105263157902,0.08284271247461916,0.0,-0.112235179380328,-0.008872788399457932
10.80000000000001,0.02342837528604119,-8.0233482918957,0.03368421052631587,0.1585786437626879,0.0,0.149512632353422,-0.008891306817531586
5.100000000000009,0.02670011441647585,-8.542232263789913,0.04105263157894734,0.1828427124746206,0.0,-0.06918450384727126,0.03496891260147095
-9.299999999999997,-0.02947723112128142,0.8118977350833916,0.01105263157894731,-0.707106781186539,0.0,-0.102230939436083,-0.04611523821949959
-20.7,-0.02415343249427915,-0.906389187725182,0.02000000000000002,-0.1414213562373234,0.0,0.08405703448813806,-0.057866137474775314
14.80000000000001,-0.0122680778032036,-3.466602764811881,0.02789473684210531,-0.6071067811865518,0.0,0.02441746495833308,-0.12284251302480698
19.2,-0.02191075514874141,-2.100689568191797,0.02368421052631586,-0.1999999999999922,0.0,-0.0646851318981948,-0.11991910636425018
-36.2,-0.04455297482837539,-4.66505312811708,0.02894736842105261,-0.2242640687119213,0.0,-0.1653658077961447,-0.07230022549629211
-11.7,-0.04500640732265454,-4.672740557219896,0.03052631578947373,-0.6414213562373128,0.0,-0.04542986764657797,-0.1137886568903923
25.0,-0.02686144164759724,-3.471206945894579,0.01315789473684215,-0.4414213562373099,0.0,-0.1675513901381017,-0.12430810928344727
61.7,0.04809839816933636,-5.624374408538387,0.04210526315789476,0.0,0.0,0.07419802313546564,-0.07740694284439087
-22.60000000000001,0.01979199084668198,-1.612723073761373,0.02315789473684204,0.09999999999999432,0.0,0.1458614538669091,-0.0024824589490890503
1.5,0.02447848970251743,-3.819782737100496,0.03894736842105262,0.5828427124746192,0.0,0.003002062491405888,0.011411629617214203
40.8,0.04430331807780319,-9.55046934668502,0.04526315789473689,0.1999999999999886,0.0,0.09434571531551483,-0.11716419458389282
22.89999999999999,-0.003098855835240222,4.880676221356794,0.01947368421052642,0.2242640687119426,0.0,0.01844625801299038,-0.09417439997196198
-4.5,-0.006467048054919988,3.636106332938681,0.02263157894736845,0.3414213562373085,0.0,-0.2403581846729537,-0.09120988100767136
11.5,-0.02655080091533168,2.533538143830924,0.02473684210526317,0.0414213562373078,0.0,-0.04123243789819486,-0.07995786517858505
-2.5,-0.02806247139588097,0.1383695358235002,0.0368421052631579,0.1414213562373163,0.0,-0.005805253291264689,-0.11425070464611053
47.59999999999999,0.06409874141876443,-0.9852837096407256,0.04210526315789476,0.3656854249492447,0.0,0.105873066082785,-0.09529310464859009
3.600000000000009,0.02013157894736872,-6.211229766169311,0.04210526315789476,0.3171572875253759,0.0,-0.06721286850859409,0.019738895818591118
20.5,0.02986235697940509,-6.352971862357492,0.03736842105263161,-0.0414213562373078,0.0,0.2110855566504475,-0.09919492900371552
-36.30000000000001,-0.02229153318077792,11.85214594637861,0.0,-0.1000000000000085,0.0,-0.09023783613810177,0.028666125610470772
-37.5,-0.01184221967963395,12.7412366754902,0.01736842105263159,-0.607106781186527,0.0,0.008879220012990463,-0.033015068620443344
-13.8,-0.03009267734553783,12.56480283706779,0.03105263157894733,-0.4414213562373064,0.0,0.07916900979861285,-0.10942649096250534
-6.700000000000017,-0.01416510297482848,5.996313470095203,0.03631578947368419,-0.282842712474622,0.0,-0.09063734729126471,-0.13210433721542358
5.799999999999997,0.03510091533180759,1.256473717094991,0.01368421052631585,-0.4828427124746248,0.0,0.06076058911037074,-0.06627227365970612
25.60000000000001,-0.01768157894736855,-0.4946161402516225,0.04210526315789476,-0.3242640687119334,0.0,-0.1361803598219727,-0.08411413431167603
-0.09999999999999432,0.01413512585812349,-2.919867282961889,0.03263157894736846,-0.1585786437626737,0.0,0.07526369410689282,-0.059941183775663376
-20.3,0.0138378718535469,-4.675342796578008,0.02842105263157901,-0.3000000000000007,0.0,0.02341808689554237,-0.03695596382021904
30.0,0.019196453089245,-6.333634892493819,0.03736842105263161,-0.5242640687119184,0.0,0.2452857833629293,-0.06327247619628906
14.19999999999999,-0.01339084668192209,-7.238875837665887,0.03894736842105273,0.1000000000000156,0.0,0.1804406577986128,-0.05723537504673004
-32.0,-0.0008497711670479857,-6.918392837179681,0.04315789473684206,0.2000000000000028,0.0,0.03367689608011415,0.005033738911151886
-11.90000000000001,-0.003585240274599555,8.478283349651491,0.001578947368421013,-0.2000000000000064,0.0,-0.02218559352707861,0.008495733141899109
-1.099999999999994,-0.01140743707093833,11.5668651618231,0.01105263157894731,-0.1585786437627092,0.0,0.09356757735957566,-0.10063572973012924
-30.5,0.0003398169336385481,11.88289795816701,0.01684210526315799,-0.2000000000000028,0.0,0.1923610793502796,-0.05814414098858833
4.5,-0.008377574370709295,12.17624577852769,0.006842105263157872,-0.05857864376269006,0.0,-0.0860178753320161,-0.08263052999973297
-9.599999999999994,0.03389118993134999,7.63720747637521,0.02157894736842103,-0.4414213562373099,0.0,0.3088505399258008,-0.058593668043613434
-13.5,0.03405400457665897,1.343942868311188,0.03210526315789475,-0.7414213562373035,0.0,0.346732940045804,-0.043827738612890244
12.09999999999999,0.0225315789473684,-3.121734231643387,0.03736842105263161,-0.6242640687119305,0.0,0.2654262071378366,-0.03893997147679329
-3.5,-0.006580320366132708,-5.996366018819884,0.04052631578947363,-0.3828427124746305,0.0,0.1635960749320191,-0.09925733506679535
-14.0,0.03174462242562937,-6.743495351491504,0.04052631578947363,0.465685424949239,0.0,0.4278512659388582,-0.035022344440221786
-4.400000000000006,0.03345251716247138,-7.080050009116178,0.03947368421052633,0.2999999999999936,0.0,0.3224818644178385,-0.013585343956947327
88.39999999999999,0.03987871853546909,10.87831527165221,-0.002631578947368429,-0.2414213562373142,0.0,-0.2906882362838197,-0.016115404665470123
28.0,0.02722631578947371,17.5322644811626,0.01210526315789473,-0.1242640687119412,0.0,0.04364074735027956,-0.04707830771803856
15.30000000000001,-0.005844622425629387,22.18975459736649,0.01210526315789473,-0.08284271247462272,0.0,-0.1373179370407838,-0.1039872020483017
59.89999999999999,0.04349519450800921,22.43175899745739,0.02368421052631575,-0.5242640687119327,0.0,0.1334498709258007,-0.1397140920162201
-12.5,0.0408045766590388,4.688532060460005,0.00473684210526315,-0.9242640687119312,0.0,-0.07809904083032337,0.03817564994096756
19.0,-0.02056556064073228,-2.891494948023819,0.03315789473684205,-0.9242640687119312,0.0,0.140633408932019,-0.12486106157302856
13.3,-0.06533146453089239,-5.0557834443172,0.03315789473684216,0.4828427124746177,0.0,-0.0009479874831374024,-0.09464547038078308
-5.0,0.04635519034740987,-8.105328825038299,0.03789473684210531,0.1171572875253801,0.0,0.3565637762579486,0.00563247874379158
-2.5,0.02120938215102969,-7.665229203798219,0.03789473684210531,-0.1828427124746312,0.0,0.2365121594178385,-0.01822027564048767
17.3,-0.01308501144164759,23.230884818551,0.01157894736842102,0.3414213562373121,0.0,0.0161685669412675,-0.12255138903856277
32.80000000000001,-0.0391805491990847,22.16934754145899,0.02263157894736845,0.1414213562373092,0.0,-0.1842474932358973,-0.12305042147636414
-29.8,-0.05681006864988564,14.4466110446287,0.01631578947368428,-0.1585786437626879,0.0,-0.1703977205964076,-0.0736442506313324
29.40000000000001,-0.05124221967963394,-5.336974099974583,0.02894736842105261,0.1999999999999993,0.0,-0.2640689704543914,-0.07370030879974365
33.0,-0.02501350114416478,8.802138711446588,0.0189473684210526,-0.08284271247461916,0.0,-0.01912128623589726,-0.13268299400806427
105.3,0.09473398169336389,-13.4252810918923,0.03368421052631576,0.2414213562373106,0.0,-0.1838530986939953,-0.018782224506139755
13.3,0.04927254004576659,-10.48270039422312,0.03473684210526318,0.6656854249492383,0.0,-0.1304129947750185,-0.002599939703941345
5.100000000000009,0.08399107551487422,0.8475035520268932,0.009473684210526412,-0.2414213562372893,0.0,0.01701957189451081,0.08140169084072113
-50.10000000000001,0.01303512585812355,-1.559652747080719,0.006315789473684164,-0.8828427124746234,0.0,-0.1971526244448999,0.08133082091808319
8.5,0.01118924485125861,0.2263454087903938,-0.008421052631578996,0.5071067811865397,0.0,-0.1904977001667009,0.07811123132705688
51.60000000000001,0.0252211670480551,3.745376422230777,-0.01157894736842102,-0.0414213562373007,0.0,-0.1493742337064078,0.08487562835216522
15.50000000000001,0.05168157894736841,6.627378187057303,0.005789473684210455,0.1414213562373092,0.0,-0.1257958787103849,0.03033045306801796
96.9,0.1496363844393593,-15.9137313474689,0.02052631578947373,-0.3828427124746128,0.0,-0.1998146691076773,-0.06964100897312164
31.60000000000001,0.06650385375494072,-2.845887909516307,-0.02736842105263154,0.1414213562373021,0.0,-0.1842512761296371,0.1758740395307541
16.0,0.01313890160183051,-6.288370340055394,-0.008947368421052593,0.4000000000000021,0.0,-0.4760895069453777,0.060568638145923615
29.5,0.03287951945080098,-5.500826761596016,-0.00473684210526315,0.3414213562373085,0.0,-0.2437144707103849,0.04031052067875862
21.60000000000001,-0.02694473684210497,0.3549928500763144,-0.01052631578947366,-0.6071067811865412,0.0,-0.1092379042111236,0.04084869474172592
23.5,-0.01077826086956507,-2.6163261752761,-0.02105263157894738,-0.1585786437627021,0.0,0.006901681525408709,0.032549045979976654
14.8,0.06365526315789471,-6.648950411488613,-0.02526315789473682,-0.06568542494924046,0.0,-0.1757116261296372,0.17802129685878754
59.59999999999999,0.02900205949656748,-4.499478421700417,-0.005263157894736803,-0.07573593128807943,0.0,-0.2361748586510697,-0.032646890729665756
16.3,0.04111315789473691,-4.594304403522187,-0.005789473684210511,0.3000000000000007,0.0,-0.301607322822044,0.06759214401245117
-85.89999999999999,-0.02680422705314012,59.31528285097841,-0.002777777777777657,0.1999999999999957,0.0,0.0187105349110146,0.030515309423208237
0.09999999999999432,0.01631678743961346,-11.7934372241082,-0.001111111111111063,0.1414213562373021,0.0,0.03040927263985993,0.09099192917346954
-23.10000000000001,0.02070012077294681,-0.2992766742956974,0.001666666666666705,-0.09999999999999432,0.0,-0.09154536171347344,0.10002684593200684
15.90000000000001,0.065827415458937,-65.51886056184549,0.002222222222222237,0.3585786437626837,0.0,-0.1444382806366364,0.1515505015850067
77.4,0.0837932367149759,-72.68418132230241,-0.001111111111111063,0.6414213562373163,0.0,0.2440865436101821,0.1409296691417694
10.7,0.0003551932367149013,27.27855593860878,-0.0005555555555555314,0.5828427124746192,0.0,0.2008720059534382,-0.04033612459897995
51.7,0.05421219806763289,-14.87780944257591,-0.005555555555555647,0.8242640687119298,0.0,-0.04805673242908637,0.03984741121530533
-15.5,0.01333593350383633,-9.367256749718393,-0.004705882352941115,-0.3828427124746234,0.0,-0.05711510860271574,0.0914788693189621
-1.299999999999997,-0.0132173913043479,5.502835025107004,-0.002941176470588225,-0.407106781186549,0.0,-0.2419036261844866,0.013170547783374786
10.4,-0.01950511508951414,9.5046326433079,-0.002352941176470558,-0.6656854249492277,0.0,-0.2493753810387004,-0.008934278041124344
-15.0,-0.01950511508951414,9.267323017563086,-0.003529411764705781,-0.2414213562373071,0.0,-0.2493753810387004,-0.01593846082687378
17.5,-0.009371739130434764,3.55945211404898,-0.004117647058823448,0.0,0.0,-0.1285200420577782,-0.014340408146381378
83.2,-0.003426854219948816,-11.5947801523522,-0.004117647058823448,0.04142135623731846,0.0,-0.03682017493689238,-0.06298837065696716
-4.100000000000001,0.01330473145780048,10.23791535461442,-0.003529411764705892,-0.2828427124746185,0.0,-0.1281165604228534,0.007177907973527908
-53.0,0.01126598465473139,14.4844263832897,-0.001176470588235334,-0.782842712474622,0.0,-0.03541523785097245,0.10750733315944672
43.59999999999999,0.04388849104859338,-8.335374160877393,-0.0005882352941175562,0.1171572875253837,0.0,-0.377912714773063,0.09842737019062042
66.9,0.03515473145780051,-10.85530979381301,0.0,0.6656854249492419,0.0,-0.3996198841558108,-0.002634778618812561
65.9,0.04730217391304337,-7.107630380112113,0.0,-0.3242640687119334,0.0,-0.412703338081158,0.02431776002049446
26.1,-0.02019616368286448,-49.22391852698161,-0.005294117647058783,-1.06581410364015e-14,0.0,0.3623907954258724,-0.006676267832517624
-43.3,-0.0565485933503837,-42.3591851145238,-0.005882352941176339,-0.7414213562373071,0.0,0.383632407209072,0.05651175230741501
65.3,0.06210652173913039,-22.45815552427462,0.0,0.9656854249492355,0.0,0.0400203073235893,0.030049506574869156
20.9,0.04842378516624041,-22.9219410839639,0.0,-0.3242640687119192,0.0,-0.2484440105094695,0.09025883674621582
-12.89999999999999,0.002721739130434719,-13.40255287392151,0.0,0.4828427124746213,0.0,0.009358432865075317,0.05864257365465164
2.5,0.01261994884910472,-12.46776106557931,-0.0005882352941175562,0.2828427124746291,0.0,-0.05936844557348941,0.08788871765136719
42.6,0.05391035805626598,-15.6082961854278,-0.001176470588235223,-0.1414213562373021,0.0,0.128438072129495,0.060960330069065094
-42.40000000000001,-0.04617391304347829,-4.051119273449387,0.0,-0.7656854249492291,0.0,-0.0156935791349247,0.02837512455880642
16.2,-0.002760613810741663,-8.495289011439013,0.0,0.0,0.0,-0.003904495187223911,-0.0253138467669487
-26.7,-0.01500345268542191,-7.090491825024401,0.0,0.3828427124746092,0.0,-0.04311457798207241,0.08456753194332123
30.3,-0.02902365728900247,-7.090491825024401,0.0,0.2414213562373106,0.0,0.138421687606288,-0.02300645038485527
-63.40000000000001,-0.009589258312020399,-12.96500452442109,-0.002352941176470558,-0.6656854249492419,0.0,0.01978006883606792,0.11391130089759827
-46.9,-0.02347723785166239,-1.905443059164611,0.0005882352941176672,-0.5828427124746192,0.0,-0.09491592357348944,0.026663389056921005
-3.799999999999997,-0.00503005115089511,-4.604305512213699,0.0005882352941176672,-0.2585786437626929,0.0,-0.07255706811712354,-0.03105318173766136
25.00000000000001,0.04537186700767259,-62.2735620778713,0.0,-0.5414213562373114,0.0,0.05603819279747346,0.0684480220079422
31.5,-0.007585677749360586,0.6468119001872026,0.0,-0.9242640687119312,0.0,-0.06826455724804431,-0.04177507758140564
39.5,0.00775460358056268,3.99209609900592,0.0005882352941176672,-0.3414213562373192,0.0,0.1853991973913967,-0.011608574539422989
11.4,0.004911764705882282,8.856417377125808,0.0,0.04142135623731136,0.0,0.2446314195050853,0.028678882867097855
2.800000000000001,0.02350907928388746,8.856417377125808,0.0005882352941176672,0.4343145750507631,0.0,0.3188841743913967,0.041418883949518204
-96.30000000000001,0.006525191815856701,1.49804343286408,-0.0005882352941176672,0.1999999999999886,0.0,0.3631803622961005,0.11476518213748932
-34.09999999999999,0.01730434782608703,-0.9854597436245172,-0.00176470588235289,-0.2414213562373035,0.0,0.1013091462455386,0.11883838474750519
-15.4,-0.003358056265984621,-2.474087557714284,-0.0005882352941176672,0.2071067811865426,0.0,0.1556706558998696,0.022878434509038925
-49.09999999999999,-0.0154998721227621,2.51076324001022,-0.0005882352941176672,0.8071067811865511,0.0,0.299869819770613,0.05365820229053497
15.5,0.01835140664961632,6.23006821008579,-0.0005882352941176672,-0.1414213562373199,0.0,0.3246575998390892,0.03702602908015251
-89.7,-0.008242071611253177,13.04791868443289,-0.0005882352941176672,0.7899494936611724,0.0,0.324638229770613,0.058693718165159225
-17.3,0.001947058823529357,14.75321483313968,0.0,0.6242640687119199,0.0,0.5300439755915213,-0.003691352903842926
-23.2,0.0122566496163683,10.89586816109909,0.0,0.458578643762678,0.0,0.4845616335915213,0.062272809445858
2.100000000000001,0.04047570332480821,20.6293743161082,0.0,1.048528137423848,0.0,-0.09996103049754412,0.060908153653144836
-31.8,-0.03167915601023019,45.6407412488536,-0.004705882352941115,0.9656854249492284,0.0,0.03529885469169319,0.030499707907438278
7.0,-0.02519245524296682,31.02094004210352,0.005882352941176561,-0.05857864376268651,0.0,-0.239161647445827,-0.11033633351325989
22.9,0.04320089514066494,-0.7974074519030978,-0.00176470588235289,-0.5656854249492405,0.0,0.4475367246952262,0.0727347582578659
-28.50000000000001,0.01455664961636832,10.35316611566421,-0.0005882352941176672,-0.2899494936611688,0.0,0.5115655795024558,0.12202738225460052
19.8,0.05332429667519178,6.729053160126711,-0.00176470588235289,-0.3585786437626872,0.0,0.3743311011148548,0.08347511291503906
1.100000000000009,0.05175920716112531,10.91794674726128,-0.00176470588235289,-0.2828427124746185,0.0,0.3839240486952262,0.09396542608737946
19.2,0.05427468030690541,4.377429329991884,-0.00176470588235289,-0.2414213562372964,0.0,0.3264485402455386,0.10410767793655396
72.9,0.06709578005115097,-1.784313481785404,-0.00176470588235289,0.1414213562373128,0.0,0.618758022129495,0.07794269919395447
-37.8,0.06491790281329918,2.065551213094579,-0.001176470588235223,0.0828427124746014,0.0,0.523105913618374,0.14910666644573212
5.0,0.0584580562659846,8.580937728221187,-0.002352941176470558,0.3414213562373085,0.0,0.2602907071148609,0.1066364273428917
13.5,0.0969566496163683,13.04541642317949,-0.002941176470588225,-0.124264068711927,0.0,0.2353110861380309,0.15730918943881989
4.600000000000009,0.0264273657289002,66.47353947268269,-0.003529411764705781,-0.7242640687119319,0.0,0.1117865955330393,0.03695601969957352
5.200000000000003,-0.063762020460358,91.62146938259508,-0.01000000000000001,0.4414213562373099,0.0,0.1114446174181608,-0.02117350697517395
-35.10000000000001,-0.0333768542199489,22.6794453778665,-0.005882352941176561,-0.6656854249492277,0.0,-0.1482550925882268,-0.0026573501527309418
-30.39999999999999,-0.03790997442455246,44.51750447839879,-0.004705882352941115,0.0242640687119291,0.0,-0.1779561751516169,0.02229129523038864
-34.49999999999999,-0.00399590792838872,12.83555370479638,-0.003529411764705892,-0.5242640687119184,0.0,0.2893396623682969,0.021290568634867668
-56.59999999999999,-0.02464322250639389,54.45808800508411,-0.01117647058823534,-1.024264068711929,0.0,0.323055855209072,-0.006001625210046768
-22.7,-0.04132378516624041,22.70092417352751,-0.0117647058823529,-0.5242640687119291,0.0,0.1092870328470113,0.030330222100019455
-68.6,-0.06459309462915602,80.6442516327092,-0.0117647058823529,-0.1000000000000085,0.0,0.1412189228587628,0.03825334459543228
0.0,-0.01923107416879799,65.9199844353908,-0.002941176470588225,-0.1414213562373199,0.0,0.2450103790117021,-0.04755914583802223
-22.0,-0.008387979539641877,15.7566597848527,-0.006470588235294228,0.0171572875253645,0.0,0.05973041027420573,-0.005783993750810623
-50.6,-0.04128849104859339,42.86985343309161,-0.0117647058823529,-1.365685424949241,0.0,0.4018834981135591,0.002962745726108551
11.3,-0.0234901534526854,55.37536704867563,-0.0117647058823529,-0.865685424949227,0.0,0.1857587445395582,0.015073658898472786
-26.1,0.007724040920715991,4.424082359690885,0.004705882352941115,-1.072792206135791,0.0,0.4692674663662799,0.042484644800424576
-63.7,0.006351278772378399,1.795090890992299,0.00588235294117645,-1.065685424949244,0.0,0.4022145463395421,0.022542592138051987
-42.7,0.01042391304347812,-44.17498333081821,0.005294117647058783,-1.14852813742386,0.0,0.5533806608766101,0.053050361573696136
-61.9,-0.0293549872122762,33.1804906366423,-0.0117647058823529,-0.07573593128807232,0.0,0.5104503968587628,0.06668441742658615
-31.7,-0.03895434782608692,50.105051434676,-0.0117647058823529,-0.4485281374238497,0.0,0.2052288968492998,0.016113165766000748
48.2,0.001135294117647068,-12.42308080886298,-0.008235294117647007,0.4242640687119312,0.0,-0.07771069737871567,-0.013645477592945099
-33.3,-0.0377010230179029,24.8373572905773,-0.01235294117647057,0.6071067811865483,0.0,0.1499141003115243,0.07280448079109192
-59.8,0.009745012787723772,-3.480918341410501,-0.008235294117647118,-0.05857864376270072,0.0,0.138282740157039,0.08444469422101974
12.8,0.01112749360613807,36.16854134088928,-0.01470588235294112,1.124264068711923,0.0,0.3556234748492998,0.02721450664103031
-29.5,-0.01195933503836322,77.65088670756532,-0.007647058823529451,0.6828427124746028,0.0,0.1132076652171364,0.02464623749256134
-31.09999999999999,-0.0216607416879796,67.59665121431487,-0.001176470588235334,0.1414213562373021,0.0,0.4358602480787186,0.013970205560326576
-12.8,-0.006154092071611272,52.4507753635263,-0.003529411764705892,0.1414213562373092,0.0,0.27161507403619,-0.01888182759284973
-3.299999999999997,-0.03639616368286447,53.7003788660582,0.0,0.4656854249492319,0.0,-0.04595747607033859,-0.05819419398903847
-16.39999999999998,-0.02775353260869573,0.0,0.0,-0.1171572875253801,0.0,-0.2165756227487686,0.02738475240767002
34.69999999999999,0.02430030261857707,-0.6569430503373894,-0.007500000000000062,0.2585786437627,0.0,-0.0460847644278205,0.019082244485616684
94.6,0.04628029891304342,-3.856171628800979,0.0006249999999999867,-0.1828427124746206,0.0,-0.2608600278379111,-0.0200667642056942
50.19999999999999,0.06552866847826078,7.230236633134012,0.005624999999999991,0.1585786437626808,0.0,0.05349589876102867,-0.03637268766760826
101.1,0.001988994565217395,12.94605163530858,0.004375000000000018,0.865685424949227,0.0,-0.2825370119774949,-0.02983396127820015
94.1,0.01472961956521734,4.063614125817423,0.004375000000000018,0.3242640687119263,0.0,0.07954066426223183,-0.07727247476577759
-3.599999999999994,-0.02552255434782613,0.05517923475319719,-0.002500000000000058,0.3242640687119298,0.0,-0.03726927038115402,-0.0289287231862545
-24.80000000000001,-0.04362364130434793,1.613552009443396,-0.004375000000000018,-0.2000000000000099,0.0,0.002953852710975924,0.009257607161998749
40.19999999999999,-0.006844157608695722,1.124981052771489,0.00374999999999992,0.1828427124746206,0.0,-0.160183355418516,-0.06226927787065506
32.19999999999999,0.01764986413043479,0.7034386051693957,0.004375000000000018,0.5071067811865504,0.0,-0.05504968461924398,-0.015969961881637573
64.80000000000001,-0.01979918478260867,2.970764415374603,0.0,0.2414213562373,0.0,-0.1545792371396789,-0.058847781270742416
43.69999999999999,-0.00398994565217381,-0.04829428946530356,-0.0006249999999999867,0.5414213562372971,0.0,-0.1104809624059395,-0.03702842816710472
10.19999999999999,-0.03212214673913028,0.0,0.0,0.2414213562373,0.0,-0.02860940319098249,-0.009598907083272934
37.90000000000001,-0.006478396739130421,0.3045754217104957,-0.002499999999999947,-0.3414213562373121,0.0,-0.1781484846951603,-0.011453106999397278
6.099999999999994,-0.05212065217391304,-5.61057751014819,-0.01312499999999994,-0.0242640687119291,0.0,0.1934294671265541,0.07005619257688522
48.19999999999999,0.01080910326086959,4.964161004161198,0.01000000000000001,0.8071067811865476,0.0,-0.2328458819049356,-0.04893135651946068
13.40000000000001,-0.03985788043478256,-2.692014379431399,-0.010625,0.1414213562373092,0.0,-0.08134334269183918,0.04245414957404137
-7.099999999999994,-0.02951535326086963,-1.810526759688798,-0.009375000000000022,0.09999999999999787,0.0,0.3303221427847691,0.011110048741102219
-9.199999999999989,-0.0216622282608695,2.623257519139216,0.0006249999999999867,0.1000000000000085,0.0,-0.1722196786112811,0.04158958047628403
16.5,0.01564687500000017,2.706699199814011,0.007499999999999951,-0.2171572875253815,0.0,-0.1697821367721983,0.0035548992455005646
29.5,0.02191521739130442,2.113995325873503,0.003124999999999933,-0.4242640687119312,0.0,-0.2849771945523999,0.01532970555126667
57.40000000000001,-0.001096874999999997,1.065668648528501,0.004999999999999893,-0.1828427124746206,0.0,-0.108137609542283,-0.09361544251441956
28.90000000000001,-0.005728532608695658,4.921833676602404,0.01687499999999997,0.3242640687119192,0.0,0.01722277660658522,-0.09250496327877045
44.19999999999999,-0.003376358695652115,0.855298784978288,0.004999999999999893,0.3000000000000007,0.0,-0.161402435379557,-0.12117047607898712
85.4,-0.008993342391304449,1.663539418962202,0.001249999999999973,-0.6071067811865518,0.0,0.03230406078697212,-0.01938745006918907
99.4,-0.03587853260869561,1.740401234675801,0.00187499999999996,0.1828427124746099,0.0,-0.2193287592375182,-0.02390335127711296
-18.40000000000001,0.07537391304347824,-2.914975509080989,0.0,-0.5656854249492298,0.0,-0.001826135821979213,0.12130497395992279
-12.5,-0.001023369565217314,1.867432792194606,0.006250000000000089,0.3828427124746199,0.0,-0.2857566047718899,-0.002379216253757477
24.7,-0.01864442934782606,0.5206407797491011,0.005000000000000004,-0.04852813742386175,0.0,-0.1798301209925087,-0.08976125717163086
57.0,-0.0115474184782608,-2.525131835807997,0.0006249999999999867,0.3000000000000007,0.0,-0.1258455575817046,-0.03315318375825882
86.8,-0.01361847826086948,1.420993592459908,0.005000000000000004,0.05857864376269006,0.0,-0.08317504699250877,-0.11073578894138336
5.799999999999997,-0.03862812500000001,1.7926783000445,0.004375000000000018,0.6071067811865518,0.0,-0.1775630704167669,-0.05756622925400734
24.40000000000001,-0.02791195652173917,0.8387802002142024,0.001875000000000071,-0.5828427124746192,0.0,0.08647683268660022,-0.006580222398042679
-19.66666666666667,-0.003460434782608712,-5.720586459128498,-0.1306666666666667,2.230118645762833,0.0,0.001393072627788539,-0.05721009895205498
10.77777777777777,-0.02851666666666663,-41.44782879606822,-0.003333333333333299,-0.3523969861392899,0.0,0.063720779864195,0.03150756657123566
8.499999999999996,0.03444550135219476,10.3975484872071,0.005263157894736858,0.1242640687119305,0.0,-0.05014230665832486,0.003625083714723587
30.3,-0.003104004576658992,-7.665954155699808,0.0,-0.5828427124746192,0.0,-0.4167483724310986,0.012056946754455566
-16.4,0.03807929061784898,3.211260664152604,0.01315789473684215,-0.4414213562373099,0.0,-0.08430147243858443,-0.039781179279088974
15.40000000000001,0.00905572082379863,79.5519889481746,0.01263157894736844,-0.317157287525383,0.0,-0.3145541893633011,-0.09732566028833389
-24.90000000000001,-0.01844256292906177,73.2373593855018,0.01105263157894742,-0.1999999999999993,0.0,-0.2553352473313796,-0.09817595779895782
-5.0,0.06524645308924482,-57.074383171954,0.002631578947368429,-0.2585786437626894,0.0,-0.2845366289096189,0.06199643760919571
-31.59999999999999,-0.01375343249427918,-5.024607073555501,0.01315789473684204,-0.0414213562373007,0.0,-0.2309306333610518,-0.05221102759242058
4.900000000000006,0.01665469107551493,-7.465879476625304,0.01631578947368428,0.2414213562373106,0.0,-0.2104947973821302,-0.027391180396080017
12.5,0.01634508009153307,-83.2651184378962,0.0189473684210526,-0.3828427124746199,0.0,-0.123014628929643,-0.01553640142083168
31.09999999999999,0.08816418764302059,-115.7995294008517,0.01947368421052631,-0.8656854249492163,0.0,0.1726202733246447,-0.06139100715517998
37.09999999999999,0.08071784897025175,-120.2326029876198,0.02105263157894743,-1.024264068711922,0.0,-0.01157067788888083,-0.03750903904438019
-21.2,0.02934279176201371,-68.4842208725392,0.0273684210526316,-0.0414213562373007,0.0,-0.0630877945864669,-0.0441371388733387
67.00000000000001,0.09379267734553781,-83.30056471506839,0.01578947368421046,0.2414213562373106,0.0,0.250583753581276,0.015171876177191734
22.3,0.06220228832951952,-81.93755817887049,0.01421052631578945,-0.1414213562373092,0.0,-0.04383939697419315,-0.018839996308088303
39.89999999999999,0.06406910755148731,-108.521130686375,0.0,-0.7071067811865532,0.0,-0.2032090749481313,0.003032177686691284
-5.299999999999997,-0.0325860411899313,13.2519504054994,0.0273684210526316,-1.02426406871194,0.0,-0.7086555403449,-0.09864211082458496
-4.599999999999994,-0.01927906178489697,15.74133987469531,0.02684210526315789,-0.5414213562373114,0.0,-0.4304078821958688,-0.08942371606826782
6.0,0.0411908466819223,-5.628517848855381,0.0273684210526316,-0.1000000000000014,0.0,-0.1091981012656409,-0.05317449942231178
17.59999999999999,0.0454867276887872,-70.07230724455871,0.0273684210526316,-0.4485281374238603,0.0,0.01572880944005206,-0.0101766437292099
8.5,0.0498405034324943,-88.1577605296267,0.0273684210526316,-0.1414213562373092,0.0,0.1486469396210014,-0.044051747769117355
13.09999999999999,0.0592608799667152,-20.27081730256711,0.005789473684210567,-0.07573593128806877,0.0,-0.0147872397116513,0.03395804762840271
22.0,0.05181956001664251,-75.68428466273181,0.003684210526315734,-0.6242640687119305,0.0,-0.3645521620099805,0.1033528670668602
13.5,0.1148798627002287,-96.06329081257022,0.01631578947368428,0.1999999999999886,0.0,0.08004282033046367,0.07935938239097595
44.89999999999999,0.1268853546910755,-97.21902335073321,0.01631578947368428,0.3828427124746305,0.0,0.1550163343716215,-0.019602157175540924
24.5,0.1303372997711671,-115.9812763669011,0.01473684210526316,0.04142135623731136,0.0,0.06366578258127603,-0.01449265331029892
51.0,0.1017859267734552,-105.2548187631778,0.002631578947368429,-0.6071067811865447,0.0,-0.1301718915261593,0.005106791853904724
51.6,0.1024744851258581,-114.162925323347,0.01368421052631574,-0.5585786437627007,0.0,-0.07586683197419308,-0.06215867027640343
45.40000000000001,0.09154669232369461,-113.5661771716093,0.01263157894736844,-1.331370849898473,0.0,-0.1083599967116513,0.018160531297326088
6.700000000000003,0.05792311212814638,-4.891329804013992,0.02052631578947373,-1.02426406871194,0.0,-0.3545909444081673,-0.006296951323747635
17.0,0.02891315789473681,-94.00883531712319,0.02052631578947373,-0.5171572875253823,0.0,-0.2844791685599479,-0.015389587730169296
15.0,0.06316430205949647,-94.00883531712319,0.02052631578947373,-0.407106781186549,0.0,0.2073657366210014,-0.07923971116542816
9.099999999999994,0.09633283752860405,-99.46631130185011,0.02052631578947373,0.265685424949254,0.0,0.09225666647797737,-0.025219101458787918
36.3,0.1007472540045766,-134.6868205296562,0.02157894736842103,0.4242640687119312,0.0,-0.1425660707151173,0.0041214823722839355
48.6,0.1538998855835239,-131.8685478709733,0.02157894736842103,0.4828427124746248,0.0,-0.1476476304174443,-0.04668596759438515
63.50000000000001,0.1341069794050342,-128.7794567991546,0.0,0.4242640687119312,0.0,-0.0004942156719437985,0.04690265282988548
29.0,0.1232522883295194,-140.8150699606929,0.02631578947368418,0.1828427124746099,0.0,0.03394821028488271,0.03625456616282463
44.6,0.1615239130434783,-134.2748843761965,0.01631578947368417,-0.8656854249492412,0.0,0.25840741131518,-0.10823971033096313
32.2,0.09969221967963376,-122.695261849994,0.01473684210526316,-0.3414213562373014,0.0,-0.02804036230865264,-0.018908660858869553
44.60000000000001,0.11386647597254,-111.0268969282511,0.02052631578947373,-0.04142135623731136,0.0,-0.3755905208605227,-0.018661443144083023
35.9,0.1184971395881007,-106.8694734622854,0.01736842105263159,0.317157287525383,0.0,-0.1284941265657921,0.007731249555945396
-12.59999999999999,0.1178319221967964,-102.5500099532462,0.018421052631579,-0.182842712474617,0.0,-0.1049709225957099,-0.034830380231142044
48.50000000000001,0.1575407322654462,-135.6507961220143,0.01157894736842102,0.6656854249492277,0.0,-0.176378465190035,0.009026993066072464
38.4,0.1663346681922197,-140.3295024358267,0.01473684210526316,0.4242640687119312,0.0,0.08266148485231367,-0.01534433662891388
56.0,0.1655473684210526,-114.7225531616997,0.02578947368421047,-0.1585786437626808,0.0,-0.2027802528605227,-0.05143735930323601
-12.8,0.08536853546910761,-109.5463197987917,0.01421052631578956,0.282842712474622,0.0,-0.3921204142691965,-0.020583994686603546
-38.5,0.0224140732265446,17.1864580725385,0.02473684210526322,0.1999999999999886,0.0,0.171913385090323,0.026785295456647873
3.399999999999991,0.08357254004576664,3.946135383302277,0.02473684210526322,-0.2999999999999972,0.0,0.09172800064257935,0.024142149835824966
8.800000000000004,0.07239942791762011,2.305799358251392,0.02473684210526322,-0.2585786437626894,0.0,0.06388539864257936,0.018187502399086952
33.39999999999999,0.1060756292906178,-40.4118459299751,0.02578947368421064,0.1999999999999886,0.0,0.1127037744258874,0.049039535224437714
39.40000000000001,0.153354118993135,-111.891259168985,0.02684210526315783,0.2585786437626822,0.0,0.07055791767208919,-0.05969579145312309
56.40000000000001,0.1366533180778031,-134.8759150304519,0.02000000000000002,-0.1242640687119341,0.0,0.1518052141488575,-0.04832286760210991
37.09999999999999,0.123587643020595,-79.82930888167779,0.02947368421052637,-0.2414213562373106,0.0,0.1868000535434988,-0.0028940439224243164
70.6,0.1229100686498856,-146.9710196931246,0.02105263157894732,0.09999999999999787,0.0,-0.01313564038749093,-0.013694971799850464
53.0,0.1152656750572083,-140.6773837452223,0.02105263157894732,-0.1828427124746206,0.0,-0.04752608149797322,-0.004629004746675491
29.40000000000001,0.03234839816933638,-131.5037251497457,0.0189473684210526,0.02426406871191844,0.0,-0.2317754108086008,-0.07724949717521667
21.9,0.07028318077803197,-111.6122293848963,0.02000000000000002,-0.1414213562373128,0.0,-0.2463332488511425,-0.047419190406799316
41.8,0.1201151029748282,-3.902102245015499,0.02473684210526322,-0.2000000000000028,0.0,-0.08859306575460352,-0.033485736697912216
72.10000000000001,0.0881340961098398,-18.81600819373028,0.02473684210526322,-1.031370849898479,0.0,-0.01314076457411262,0.011950783431529999
-7.799999999999997,0.1125781464530893,-65.76048904775539,0.02473684210526322,-0.3828427124746128,0.0,0.06660227354349879,0.04213910922408104
70.1,0.1499823798627003,-79.7543309288404,0.02526315789473693,0.1414213562373092,0.0,-0.03399968381943685,0.030115850269794464
101.0,0.160787757437071,-130.431306190415,0.01736842105263159,0.641421356237295,0.0,0.0618760801517747,-0.08525468409061432
71.0,0.1469280320366134,-112.5133335369602,0.02421052631578952,0.9242640687119064,0.0,0.071727877092437,-0.0713430792093277
-13.40000000000001,0.08426167048054933,-156.9126504193688,0.01631578947368428,0.5828427124746085,0.0,-0.003182846314548349,0.0016470924019813538
44.3,0.1464151029748283,-138.9063303817335,0.0178947368421053,-0.1414213562373092,0.0,0.2260915717758203,-0.08731408417224884
14.7,0.09896716247139581,-159.7585663463274,0.01947368421052631,0.0414213562373078,0.0,0.2209067447026482,-0.005092557519674301
13.90000000000001,0.0974616704805491,-155.8312014425034,0.02052631578947373,-0.565685424949244,0.0,0.1085941643432858,0.022431505843997
16.69999999999999,0.1074322654462243,-130.6031753886075,0.02736842105263154,-0.4828427124746177,0.0,-0.1447305051514,-0.015014126896858215
67.1,0.1281303203661327,-122.6236182640706,0.02157894736842103,-0.2000000000000099,0.0,-0.2200262429626413,-0.06335124373435974
51.10000000000001,0.03408958810068646,-112.2673340200644,0.01631578947368417,0.08284271247461916,0.0,-0.1436407524935733,-0.12351465970277786
-32.40000000000001,0.01092368421052642,-90.19202309575599,0.01157894736842102,0.3000000000000114,0.0,-0.08908055141123639,0.09911499917507172
78.5,0.1571802059496567,-107.9801806572535,0.01421052631578951,-0.1999999999999957,0.0,-0.1870961859890303,-0.08524703979492188
-6.699999999999996,0.1004558352402746,-127.7715695854988,0.01315789473684209,-0.1757359312880702,0.0,-0.01091213397763086,-0.023229725658893585
-19.2,0.1015171624713958,-104.4394547909198,0.01684210526315794,-0.2757359312880716,0.0,0.045256556202731,-0.06575125455856323
20.40000000000001,0.07407437070938211,-137.7028290968572,0.01736842105263159,-0.3999999999999986,0.0,-0.292653144433271,-0.01095106452703476
34.59999999999999,0.1239392448512586,-148.0576656382038,0.01421052631578956,0.0,0.0,0.06983511734328585,0.022783750668168068
-1.299999999999997,0.1041983981693365,-138.8065013666374,0.01947368421052625,0.4000000000000128,0.0,-0.09309138240712478,0.05162825807929039
-14.30000000000001,0.09025606407322673,-151.3314274713933,0.01999999999999996,-0.5,0.0,0.1107242851455541,-0.00903208926320076
3.900000000000006,0.08739336384439372,-93.48455555678461,0.01157894736842102,0.3000000000000007,0.0,0.05155190819139921,0.0830581784248352
-16.90000000000001,0.09464965675057202,-123.9806100299236,0.01421052631578951,-0.2414213562373178,0.0,-0.3460815112294482,0.010018263012170792
26.9,0.07397826086956533,-100.6139177796972,0.0142105263157894,-0.8071067811865511,0.0,0.0580494640223691,-0.030289463698863983
34.8,0.0788933638443936,-112.9577708606274,0.01631578947368423,-0.4585786437626922,0.0,0.06664453728883407,-0.036895301192998886
95.5,0.1662814645308924,-128.3352318717594,0.01105263157894742,0.4414213562373064,0.0,-0.0743934582271557,-0.01952463388442993
-2.0,0.08252826086956522,-120.7698372003804,0.0178947368421053,-0.1585786437626879,0.0,-0.1529944275437608,-0.023688048124313354
29.89999999999999,0.0765473684210527,-113.5407575073866,0.01421052631578956,0.2999999999999901,0.0,0.07464346880111594,-0.06991446018218994
52.2,0.09847048054919905,-148.4043275356493,0.01473684210526316,0.3414213562373121,0.0,0.101949199350714,-0.03325989469885826
-14.60000000000001,0.08741132723112122,-98.9227514237833,0.01473684210526316,-0.2414213562372893,0.0,-0.1270530951567664,-0.025455400347709656
14.5,0.04700686498855844,-112.3905914773381,0.008947368421052593,0.0828427124746085,0.0,-0.328559516576897,-0.005641769617795944
55.9,0.1057360411899315,-115.1039853519024,0.01105263157894737,0.5999999999999979,0.0,-0.02201439358834678,0.024116970598697662
34.59999999999999,0.0857169336384439,-117.7016289660295,0.01157894736842102,-0.1656854249492454,0.0,0.3280132225526625,-0.047348495572805405
11.8,0.06638363844393591,-93.73382684292679,0.01473684210526316,-0.3999999999999844,0.0,-0.2237401207461812,-0.04418914392590523
-2.799999999999997,0.05628089244851259,-91.7329947265107,0.004736842105263095,0.3242640687119263,0.0,-0.2775983653049537,0.03659551963210106
-16.60000000000001,0.02863009153318069,-66.82008665814791,0.005263157894736858,-0.1414213562373128,0.0,0.2464038535526625,0.017380649223923683
-4.900000000000006,0.04269828375286044,-14.4170921169808,0.005263157894736858,0.6242640687119163,0.0,0.05531131942310297,0.024653347209095955
-46.9,-0.02240663615560651,19.1525240325627,0.01052631578947372,-0.2414213562373106,0.0,-0.2034590272687552,-0.050233013927936554
5.400000000000006,-0.00985148741418762,-2.044873063057793,0.01263157894736838,-0.4414213562373064,0.0,-0.530327341164004,-0.07648608088493347
58.40000000000001,-0.01005812356979424,19.6502635076599,0.01105263157894737,0.0,0.0,-0.2370015463780336,-0.16213683784008026
-34.5,-0.1009451945080092,52.64361737255112,-0.003684210526315845,-0.3242640687119298,0.0,-0.5271400674616935,0.01910320855677128
-40.5,-0.01544221967963405,52.64361737255112,-0.002631578947368429,0.0,0.0,-0.4004256440608995,0.020970923826098442
-3.5,-0.0363847826086956,50.1673059586505,0.007894736842105288,0.0414213562373007,0.0,-0.2492610860993439,-0.10914747416973114
106.5,0.1033691075514875,32.10063295491881,0.008421052631578996,-0.7485281374238539,0.0,-0.02216844528500472,-0.021815557032823563
83.0,0.08646247139588087,-3.244016869414793,0.009473684210526412,-0.2585786437626894,0.0,-0.1198778682850047,-0.007788144052028656
16.7,-0.01863535469107558,26.04900111582469,0.01473684210526316,-0.4828427124746177,0.0,-0.3380290656115021,-0.12282665073871613
43.6,0.05618020594965684,-4.013233814242483,0.01052631578947372,-0.6656854249492312,0.0,-0.0689324265968023,-0.07785531878471375
27.0,0.05618020594965684,-6.263380950652675,0.01421052631578956,-0.6000000000000014,0.0,-0.0689324265968023,-0.017662309110164642
39.90000000000001,-0.01094519450800918,2.62795731258521,0.02789473684210531,-0.2828427124746078,0.0,-0.06224021306818828,-0.14570578932762146
55.7,0.03587723112128161,23.66239393301791,0.02263157894736845,-0.3414213562372979,0.0,-0.1717168898896822,-0.14141754806041718
49.89999999999999,0.03033741418764307,4.743077818341504,0.02789473684210531,-0.2171572875253815,0.0,-0.2762601300536515,-0.1131567507982254
34.5,0.08100663615560644,-2.592290646277291,0.03052631578947373,0.6242640687119199,0.0,-0.3736271199759876,0.015729481354355812
29.3,0.03222391304347827,8.433682229624907,0.02421052631578946,-0.01715728752537871,0.0,-0.3145807170775325,-0.08999118953943253
59.2,0.004114073226544723,10.13770109709529,0.03105263157894744,0.3828427124746199,0.0,-0.4174989033755707,-0.10267648100852966
30.2,0.01503032036613261,1.210025228330807,0.03526315789473689,0.6242640687119305,0.0,-0.2010718659045473,-0.07870211452245712
24.8,0.03266716247139589,9.014050978313293,0.02789473684210531,-0.1171572875253801,0.0,-0.437682238927065,-0.06576414406299591
14.39999999999999,0.06163798627002276,4.585182280738195,0.01526315789473687,-0.2828427124746185,0.0,-0.1719534121836778,-0.03444483503699303
0.0,0.02301155606407318,7.997981699657998,0.03526315789473689,0.05857864376268651,0.0,-0.1216209807079307,-0.03166338428854942
44.8,0.02078320158102764,7.951704341351586,0.04315789473684212,-0.0242640687119291,0.0,-0.279915642118428,-0.09288297593593597
60.6666666666667,0.053119420289855,4.523603906850411,-0.00666666666666671,-2.034856499887212,0.0,-0.08887084021238661,0.00813160091638565
43.88888888888884,0.01504666666666665,-21.26662938650978,-0.01400000000000001,1.517428249943588,0.0,-0.140263348462588,0.11267487704753876
30.88888888888889,0.09771014492753632,-54.8555117271103,-0.02266666666666672,0.9618726943880382,0.0,-0.2044129361913883,0.18586745858192444
66.44444444444444,0.09771014492753632,-57.1372770888201,-0.01666666666666672,1.71269039581923,0.0,-0.2044129361913883,0.12673062086105347
-4.888888888888886,0.05795753623188393,-59.75864709859428,-0.04266666666666663,0.869825236082896,0.0,-0.1365499826631171,-0.0649774968624115
72.99999999999997,0.04978275362318851,-69.94280288689097,-0.001999999999999891,-0.5825156319021403,0.0,0.2414912273804265,0.0992424339056015
59.09999999999999,0.0321289855072463,-2.094656686785896,0.006111111111110956,0.6414213562373092,0.0,-0.06452561537575088,-0.09285257756710052
50.2,0.1330598398169339,-88.8957219289476,-0.006842105263157761,-0.3828427124746199,0.0,-0.6392177219884001,0.19541651010513306
109.1,0.09172451690821243,-3.597350783462588,0.002222222222222237,0.3585786437626872,0.0,-0.1239690522920036,0.12813639640808105
-63.6,-0.02635907928388742,-89.2979163084363,-0.002352941176470558,-0.2585786437627036,0.0,0.4695670684404391,0.08263853192329407
-48.6,0.0160107416879795,-98.4343368674898,-0.002352941176470558,0.5242640687119291,0.0,0.2999025267571984,0.12909449636936188
29.5,0.01945294117647062,-64.9771005929129,-0.004705882352941115,0.0171572875253645,0.0,0.5042987563182412,-0.018731527030467987
-44.39999999999999,-0.01892122762148341,-89.99197802114429,-0.001764705882353002,0.1585786437626879,0.0,0.1903066142569299,0.09897153079509735
90.5,0.07108887468030695,-91.56223353789588,-0.005882352941176339,0.1999999999999922,0.0,0.6284992590317167,0.029771793633699417
-45.6,-0.01970434782608699,-9.28841608539679,-0.005882352941176339,-0.3000000000000114,0.0,-0.06093552267374902,0.049537599086761475
3.042857142857152,-0.07622749360613817,-30.8781873534588,-0.004705882352941115,0.2414213562373106,0.0,0.2378962988132717,0.04176950827240944
40.5,0.04338132992327359,-44.10691412692708,-0.008823529411764564,-0.1171572875253908,0.0,-0.02938811456731111,0.06675773859024048
-26.01428571428572,-0.06445562659846549,-59.74023496997512,0.002352941176470558,-0.4563017928136262,0.0,0.2674923289175712,0.05762319266796112
54.21428571428571,-0.07737787723785167,-40.23545700210471,-0.004705882352941115,0.3420160785279158,0.0,0.3224336031472638,0.016238870099186897
29.5,-0.0231453964194373,-33.8521414834691,-0.004117647058823448,-1.414213562373099,0.0,0.4753639220811993,0.002002868801355362
26.59999999999999,-0.07901227621483381,-15.54882917402111,0.0,0.1071067811865518,0.0,-0.009581012302859682,0.03737742081284523
26.90000000000001,-0.05745664961636832,-66.96612364693559,-0.004705882352941115,-0.117157287525373,0.0,0.5295705046924762,0.07104269415140152
-48.7,-0.03102634271099752,-22.65822735992307,-0.007058823529411673,-0.4656854249492426,0.0,0.0837921031876139,0.060144294053316116
-1.9,0.0521523017902813,-3.866654432181093,-0.004705882352941115,-0.6828427124746348,0.0,0.087851401171825,0.0930619165301323
30.3,-0.0124512787723785,2.395418459906693,-0.007058823529411673,-0.5414213562373007,0.0,0.2644010152483091,-0.04190056398510933
65.0,-0.00675370843989781,-63.38407295412551,-0.001176470588235223,-0.2171572875253815,0.0,0.1917128123528014,-0.03773222863674164
21.3,0.00956751918158566,-24.82173563005512,0.003529411764706003,-0.3000000000000007,0.0,0.1372334323478008,0.004403252154588699
4.600000000000009,-0.0256310741687979,-2.700728654658292,-0.007058823529411673,-0.5,0.0,-0.08651367959257811,-0.01792960986495018
15.8,-0.03802365728900248,4.975688874037985,-0.005294117647058783,-0.3414213562373121,0.0,0.13985259568438,-0.023190032690763474
-84.3,-0.07555485933503847,37.02655042441711,-0.005294117647058783,-1.448528137423875,0.0,0.2234965775619896,0.007385309785604477
-67.1,-0.03846074168797958,19.57048768030788,-0.005294117647058783,-0.4000000000000021,0.0,-0.1500416119581063,-0.003649868071079254
-39.90000000000001,-0.008334910485933433,28.4020285263895,-0.00588235294117645,-0.5414213562373114,0.0,0.3401522345361019,0.025609083473682404
56.0,-0.01889705882352949,-67.4609689691421,0.003529411764705892,-1.00710678118655,0.0,-0.09079181389667379,0.007309511303901672
-28.6,-0.02002263427109968,-42.77624741566291,0.004117647058823448,-0.3656854249492305,0.0,-0.1511434201319178,0.046385008841753006
-19.2,-0.04571560102301786,5.868903698240899,-0.004705882352941115,0.02426406871192199,0.0,-0.1265585409581063,0.01650635525584221
-71.7,-0.009955626598465439,38.86678394434398,-0.001764705882353002,-0.1828427124746099,0.0,-0.2798893017824405,0.037595685571432114
32.6,-0.01399117647058828,16.24671587844901,0.004117647058823448,-0.2585786437627,0.0,-0.2564548545371718,-0.10544951260089874
-17.9,-0.03416521739130429,70.28110639957163,0.004705882352941226,-0.5414213562373078,0.0,-0.2824772676203504,-0.08291701972484589
-71.6,-0.02257289002557539,88.09325105313809,-0.004705882352941115,-0.07573593128806877,0.0,-0.2828812026200684,-0.008032146841287613
-74.9,-0.03939603580562673,90.2943637513234,-0.004705882352941115,-0.341421356237305,0.0,-0.03329761567778944,-0.03252742066979408
22.6,0.06120294117647063,-85.87703886435739,0.003529411764705781,-0.2828427124746185,0.0,0.4102854841651581,-0.015725623816251755
10.2,0.01790051150895139,-72.15720029267558,0.003529411764705781,-0.09999999999999432,0.0,0.2242754720092237,0.023124851286411285
-74.4,-0.04301636828644501,71.8535982180205,0.004705882352941226,-0.3000000000000043,0.0,-0.3685183591522542,-0.09493012726306915
-34.8,-0.04484705882352935,98.59606623741428,-0.002352941176470558,-0.965685424949239,0.0,0.1092396411243473,-0.020191792398691177
-40.0,-0.03650856777493605,49.62355800538259,0.004705882352941226,-0.8142135623730979,0.0,-0.2607248633916747,-0.01430436223745346
-49.5,-0.01065728900255747,78.62900425901142,0.00176470588235289,0.458578643762678,0.0,-0.0752828113916747,-0.00936167687177658
-26.6,0.0482809462915601,-0.1336748506717811,0.001176470588235223,0.4414213562373135,0.0,0.3598470372691565,0.13281098008155823
-96.2,-0.02910319693094632,102.1755023549614,0.002352941176470558,0.1414213562373163,0.0,0.06844469899345923,-0.07015077769756317
-30.3,-0.07113337595907931,24.65786876427171,-0.002352941176470558,-0.7414213562373071,0.0,0.06384308921247378,0.04719514399766922
-16.3,-0.04359066496163677,31.71805006132809,0.0005882352941176672,-0.4828427124746177,0.0,0.1796013644735077,-0.025395065546035767
-48.59999999999999,-0.008336189258311866,11.89091100264469,-0.005882352941176339,-0.5656854249492511,0.0,0.3421116649113286,0.052466295659542084
1.599999999999994,0.01572416879795402,16.95641458783368,0.008823529411764786,0.1656854249492419,0.0,0.4502847171074816,-0.06174733117222786
-51.2,0.008521994884910511,15.80182782686489,0.008823529411764786,0.1000000000000156,0.0,0.2966965453154155,0.01839294470846653
3.399999999999991,0.02836278772378514,21.68590754645149,0.008823529411764786,0.7242640687119213,0.0,0.13604062542668,-0.0445634089410305
-14.6,0.02779565217391289,31.64083698841389,-0.004117647058823448,0.4656854249492426,0.0,0.1697429841312011,0.06652826815843582
0.2999999999999972,0.01599462915601008,25.67939293767839,-0.004705882352941115,0.1000000000000014,0.0,0.0772317217661403,0.03370514512062073
-6.799999999999997,0.001489258312020458,1.72924846817881,-0.002352941176470558,-0.3414213562373085,0.0,-0.08585857363244812,0.006020821630954742
31.6,0.009723785166240506,16.700396039444,-0.005882352941176339,0.3414213562373121,0.0,-0.1385594026058754,0.016145382076501846
-14.1,0.01392237851662415,17.09272166596608,-0.002352941176470558,0.8485281374238589,0.0,-0.0641373891797527,0.1207580715417862
0.6999999999999957,0.01697276214833771,24.35979201591132,-0.002352941176470558,0.4242640687119206,0.0,-0.1101369955454167,0.0656035840511322
-23.8,-0.02215984654731457,-46.4495580877059,-0.002941176470588225,-0.07573593128807232,0.0,0.0365552001095199,0.035608768463134766
8.099999999999998,-0.02196943734015339,-16.78189732577562,-0.002941176470588225,-0.2000000000000028,0.0,-0.05163844818372199,0.00711953267455101
-20.40000000000001,-0.002044117647058807,11.29787222709029,-0.002941176470588225,-0.0414213562373078,0.0,-0.0352643484797544,0.032090503722429276
0.2000000000000028,0.008633248081841405,24.76111010267638,0.0,0.2242640687119284,0.0,0.03326600935860297,0.04027572274208069
-5.599999999999994,-0.020444757033248,94.76155991721771,-0.001176470588235223,0.4414213562373099,0.0,-0.07428059276112409,-0.02480890229344368
23.4,-0.01426061381074178,-12.44977332066512,-0.002941176470588225,-0.4656854249492355,0.0,-0.2085798383972456,-0.0073201023042202
-18.8,-0.007255370843989806,17.39515822359269,-0.002941176470588225,-0.4414213562373064,0.0,-0.1873774549078669,-0.007747486233711243
-1.0,-0.008151023017902936,42.64448310173478,-0.002941176470588225,0.4828427124746248,0.0,-0.1548486023104798,-0.025977130979299545
48.5,0.02105434782608712,64.87403462305309,0.0,0.407106781186549,0.0,-0.0229395853651988,-0.014001596719026566
18.3,0.03761700767263432,71.4952551021353,0.0,0.07573593128806522,0.0,0.1470870108866063,0.02666134387254715
23.0,0.0359175191815857,17.83868059989041,-0.008235294117647007,-0.6242640687119305,0.0,0.3381960870485346,-0.039840396493673325
29.2,0.04098593350383645,20.38946904903511,-0.008235294117647007,-0.1171572875253801,0.0,0.09211306525358809,-0.017031624913215637
62.1,0.05337531969309461,14.16210671235879,-0.00588235294117645,-0.08284271247461916,0.0,0.3443404447370698,-0.00285358726978302
-51.0,-0.0313957800511509,21.0943373790314,-0.002941176470588225,0.1414213562373092,0.0,-0.0692688154904259,0.06081552058458328
36.8,0.02907327365728896,43.13634567951073,-0.001764705882353002,-0.6071067811865518,0.0,-0.0490842458766737,0.04058139771223068
2.699999999999996,0.03594002557544751,69.0223709647176,-0.0005882352941176672,0.5828427124746192,0.0,0.2168494058586919,0.04177215322852135
-79.1,0.008427621483375891,42.64952857815879,0.001176470588235334,0.182842712474617,0.0,0.05828176504203286,0.07288482785224915
-94.0,-0.0004667519181586477,21.83079048985149,0.0,-0.2656854249492397,0.0,0.1960022938067011,-0.009775467216968536
-17.2,-0.01389015345268541,82.48992572646051,-0.001176470588235223,0.5242640687119327,0.0,-0.09164069953293391,0.007375098764896393
-64.6,0.01097749360613809,20.50643701054551,0.0005882352941176672,1.072792206135777,0.0,0.1435397103163586,0.10399610549211502
-77.5,0.02058785166240396,-2.137303824931621,0.001176470588235334,0.3656854249492412,0.0,0.01260117964362678,0.10674817860126495
-11.5,0.009546419437340192,31.4713859379427,-0.003529411764705892,-0.6485281374238632,0.0,0.002759305540508905,0.05939710512757301
-56.2,0.00963734015345269,30.1704465326462,0.003529411764705781,0.09999999999999432,0.0,-0.3241382658227013,0.0726853758096695
-129.5,-0.006109974424552522,75.22178948539201,0.002941176470588225,0.2585786437626965,0.0,-0.1545499499632195,-0.022858235985040665
-62.90000000000001,-0.02677365728900261,37.2975873625156,-0.00176470588235289,-0.04142135623731136,0.0,0.06409708877925269,0.05814260244369507
28.5,0.02878401534526848,-2.842405089189214,0.0,0.5414213562373185,0.0,0.4250721442066447,0.03974054381251335
-63.8,0.02500907928388729,52.4391765758607,-0.005294117647058894,-0.4242640687119241,0.0,0.2049577678224714,0.0903637707233429
-35.5,-0.0134734015345267,16.94510652975109,-0.00176470588235289,0.4828427124746177,0.0,-0.1964712432496861,0.06868908554315567
3.200000000000003,-0.005549360613810728,20.17050208560829,0.003529411764705892,-0.01715728752538936,0.0,-0.04240770379948072,-0.07628323137760162
-90.19999999999999,-0.083943094629156,102.7443477441806,0.003529411764705781,0.3585786437626908,0.0,-0.3834935516048732,-0.10199395567178726
27.0,0.03387314578005118,95.17359785608281,0.004705882352941226,0.2414213562373249,0.0,-0.1774652740054447,-0.022253014147281647
-23.9,-0.04740421994884914,102.8447054767519,0.007647058823529451,-0.08284271247462272,0.0,-0.2516446478604968,-0.14004845917224884
20.59999999999999,0.02759232736572892,-26.82755365264711,0.0,0.1171572875253766,0.0,0.1940824762836655,0.0791546106338501
11.5,0.0231434782608696,-21.54931429545601,-0.001764705882353002,-0.2242640687119426,0.0,0.1865677653866437,0.08725765347480774
9.399999999999999,0.006372250639386068,2.896970823621103,-0.001764705882353002,0.5656854249492298,0.0,0.2715346951254439,0.07053723931312561
-85.8,0.01065447570332489,95.6741180161236,0.002941176470588114,-0.3828427124746234,0.0,-0.1769030710054447,-0.00642651692032814
-98.80000000000001,-0.05731739130434776,101.021084435758,0.003529411764705781,-0.2414213562373035,0.0,-0.2317421654434572,-0.08060740679502487
-37.3,0.009865473145780013,-0.3256420735123982,-0.001176470588235334,-0.2242640687119319,0.0,0.3315339987146402,0.1274612545967102
23.3,0.02386585677749359,-15.7192404474728,-0.002352941176470558,0.2585786437627,0.0,0.3886947929026719,0.10123999416828156
27.3,0.0017742966751918,-44.3590208675555,-0.004705882352941115,0.282842712474622,0.0,0.295722325255647,0.08043389022350311
-24.6,-0.04924948849104854,-1.482259494978109,-0.004705882352941115,0.2585786437626929,0.0,0.168567989558999,0.055400729179382324
-26.4,-0.02642289002557541,-18.0125155955019,-0.002941176470588225,0.282842712474622,0.0,0.3278493787719626,0.07060766220092773
-74.7,-0.05157864450127858,66.52000459248669,-0.002352941176470558,0.4071067811865596,0.0,0.5727697971725646,0.010312419384717941
33.8,-0.01543874680306895,14.9958676783896,-0.002941176470588225,-0.3242640687119298,0.0,0.5441109875902609,-0.08762574195861816
2.099999999999994,0.07039283887468029,53.98166311744581,-0.008823529411764564,0.2828427124746185,0.0,0.315168461865954,0.1343172937631607
58.33333333333333,0.08841521739130426,-8.437371000776693,-0.01058823529411768,0.8633164978870482,0.0,0.2384573445496147,0.13777677714824677
74.8,0.04527698209718678,-31.83020046003369,-0.0005882352941175562,0.8242640687119227,0.0,0.3022175965970778,0.010509610176086426
23.8,0.01549948849104865,-66.3588479352571,-0.003529411764705781,0.4999999999999858,0.0,0.3234815174173208,0.10557626187801361
-67.5,0.008616112531969311,38.3561695971828,0.0,0.1242640687119234,0.0,0.09376550426026425,0.07297826558351517
54.61111111111111,0.02209194373401541,25.64215179524632,0.003529411764705781,0.283959435401151,0.0,0.1964582345042985,-0.0761188492178917
23.23333333333333,0.01943312020460369,-14.9290898605195,0.00176470588235289,0.4096673076120894,0.0,-0.01351978044289692,0.09026192128658295
2.099999999999994,0.03321918158567772,12.3502996155384,-0.001176470588235445,-0.2242640687119177,0.0,0.06816769817589016,0.034360531717538834
-63.4,0.004951918158567825,59.14703359050031,0.0005882352941176672,-0.9485281374238532,0.0,0.1637382400575222,0.060453057289123535
20.19999999999999,0.02425012787723779,8.696914506955011,0.0,-0.6242640687119412,0.0,0.0218302541472285,0.052590545266866684
29.37777777777777,0.0634576726342711,18.61778092809391,0.006470588235294006,-0.2211054992956889,0.0,-0.1174611921656925,-0.03625385835766792
-60.3,0.006394245524296682,62.19275847423862,-0.0005882352941177782,-0.4828427124746177,0.0,-0.03495583656300538,0.09553401172161102
45.0,0.02091291560102299,-24.36621761607688,0.001176470588235223,-0.01715728752537871,0.0,-0.3356616988527715,0.02086605876684189
23.0,0.02381815856777481,1.267183651967599,0.0,-0.7414213562373106,0.0,0.1339911863327476,0.06161019206047058
66.95555555555556,0.03179207161125319,22.89859631630259,0.002352941176470558,-0.415713484026373,0.0,-0.1754395937095967,-0.04733513668179512
60.19999999999999,0.0182186700767264,17.8252487558934,-0.001176470588235445,-0.01715728752537871,0.0,0.003612122605741674,-0.027348771691322327
74.89999999999999,0.02399066496163688,24.05725081984559,0.002352941176470558,-0.282842712474622,0.0,-0.3362724957095967,-0.03307857736945152
90.80000000000001,0.01717634271099738,61.1105448164862,0.006470588235294006,-0.2046023729152573,0.0,-0.4260214784037767,-0.10222457349300385
23.8,-0.004438874680306848,26.10936820597399,0.002941176470588225,-0.3414213562373085,0.0,0.002577410175890193,-0.060923170298337936
-44.09999999999999,-0.003966751918158595,31.47375681398839,-0.0005882352941177782,-0.3585786437626801,0.0,0.2229233770575222,0.00991741195321083
-59.40000000000001,-0.002510997442455254,83.6099657301707,-0.0005882352941177782,-0.5,0.0,0.1487417764369946,0.0015221945941448212
-74.9,-0.0159713554987212,51.7108545658929,0.0,-0.1000000000000014,0.0,-0.02438479208506231,-0.01645013317465782
-25.0,0.003092710997442405,64.1669131217702,0.002941176470588336,0.2414213562373106,0.0,0.0404547043888365,-0.02944173291325569
10.39999999999999,0.06524654731457802,48.05986440453222,0.0,0.3828427124746092,0.0,-0.200439778968449,0.1111542135477066
52.8,0.05423913043478246,-55.81632887911729,-0.004705882352941115,0.665685424949249,0.0,-0.4298942485403608,0.06953125447034836
-18.7,0.03607327365728891,-65.27541087312929,-0.004117647058823448,-0.1999999999999993,0.0,-0.43611082234823,0.09730127453804016
4.400000000000006,-0.007551328502415522,-84.7506828225699,0.004444444444444362,-0.6000000000000014,0.0,0.1270706933756526,-0.024606619030237198
7.600000000000001,0.007922946859903413,-52.4872753812015,0.006111111111111178,0.1999999999999993,0.0,0.01888977163424133,-0.0043233297765254974
3.199999999999996,-0.07322596618357491,13.99580697713373,-0.0005555555555555314,-0.7828427124746185,0.0,-0.1058347349421458,-0.030360262840986252
-23.7,-0.052445652173913,7.064763029423602,-0.0005555555555555314,-0.6414213562373057,0.0,0.1938629650273484,0.013896580785512924
-17.2,-0.07671582125603871,13.91335409006692,0.001111111111110952,-0.5242640687119255,0.0,0.121106543171012,-0.0025355033576488495
-39.4,-0.04767657004830922,9.405107648388793,-0.003333333333333299,-0.4242640687119312,0.0,0.2140050043327799,0.007385537028312683
9.700000000000003,0.003498209718670153,43.59803977532158,-0.003529411764705892,0.465685424949239,0.0,-0.2423760161120124,0.02570185251533985
26.40000000000001,0.09987140810276685,7.108472099741107,0.009000000000000119,-0.2242640687119319,0.0,0.2252347634328366,0.06146087497472763
71.4,0.05000041007905154,-19.81464555455571,0.006000000000000005,0.1999999999999957,0.0,-0.2356377824271566,-0.01836969703435898
