AGB_diff,NDVI_diff,LFMC_diff,VPD_diff,Sc_diff,Rd_diff
0.03447693586349487,0.023000242188572884,-0.0031864282209426165,0.03354246914386749,-0.16154266893863678,0.0
0.05353480204939842,-0.024696603417396545,0.0003157127066515386,0.0485866405069828,-0.16869863867759705,0.0
-0.04148787632584572,-0.029340464621782303,-0.02782854437828064,0.06861508637666702,-0.16955116391181946,0.0
0.04596593230962753,-0.03484553098678589,-0.020503230392932892,0.057688307017087936,-0.17125071585178375,0.0
-0.0651327446103096,-0.03926160931587219,-0.029215333983302116,0.0672023743391037,-0.17683538794517517,0.0
0.052712470293045044,-0.0340496227145195,-0.020505329594016075,0.05759330838918686,-0.17061683535575867,0.0
0.025983544066548347,0.008395460434257984,-0.0223325677216053,0.04815414175391197,-0.1554451882839203,0.0
0.012279205024242401,-0.026557086035609245,-0.010782991535961628,0.06718560308218002,0.34209635853767395,0.0
-0.042584098875522614,-0.04108388349413872,-0.009277712553739548,-0.029441043734550476,0.18026147782802582,0.0
-0.03672051429748535,-0.03378221392631531,-0.013628123328089714,-0.03937845677137375,0.015522895380854607,0.0
-0.06804756075143814,-0.022226013243198395,-0.008789262734353542,-0.04476514458656311,-0.013522247783839703,0.0
-0.054337888956069946,-0.07677627354860306,-0.027654951438307762,-0.021847013384103775,0.29708269238471985,0.0
0.015172429382801056,-0.04014304280281067,-0.019712259992957115,-0.019811730831861496,0.10985036939382553,0.0
-0.02444586344063282,-0.019174937158823013,-0.018081137910485268,-0.00822801049798727,0.19580554962158203,0.0
0.003847398329526186,-0.020934363827109337,-0.023029541596770287,-0.053708840161561966,0.2986595630645752,0.0
-0.0001244277518708259,-0.018573176115751266,-0.013448445126414299,-0.0036112351808696985,0.13926073908805847,0.0
-0.06314431875944138,0.0386611707508564,-0.0172616895288229,0.005081702023744583,0.10483244806528091,0.0
-0.03173235431313515,-0.026219017803668976,-0.027190858498215675,-0.007012601941823959,0.05310710147023201,0.0
-0.01648716628551483,-0.06487374007701874,-0.030703403055667877,-0.03159685432910919,0.13139301538467407,0.0
-0.031326666474342346,-0.04310266673564911,-0.028649592772126198,-0.02820144221186638,0.13870613276958466,0.0
0.022697830572724342,-0.04526905342936516,-0.019044499844312668,-0.05112787336111069,0.00965365581214428,0.0
-0.005246818996965885,-0.04432344436645508,-0.015474505722522736,-0.03823976218700409,0.06470164656639099,0.0
-0.017020830884575844,-0.05438864976167679,-0.003185512498021126,-0.03633487597107887,0.0509859137237072,0.0
-0.022146204486489296,-0.048496197909116745,-0.011852164752781391,-0.03132450580596924,0.04684412106871605,0.0
-0.02705632895231247,-0.10007928311824799,-0.010506119579076767,-0.03852873295545578,0.056684914976358414,0.0
-0.0013110764557495713,-0.048966288566589355,-0.026078829541802406,-0.029525334015488625,-0.18731461465358734,0.0
-0.00843092892318964,-0.06507575511932373,-0.020666537806391716,-0.06495774537324905,-0.16197650134563446,0.0
0.04505905508995056,-0.058279916644096375,-0.021308287978172302,-0.05126162990927696,-0.12212923914194107,0.0
-0.0017325128428637981,-0.07178885489702225,-0.022719524800777435,-0.03967820480465889,-0.07558534294366837,0.0
0.019085850566625595,-0.08045579493045807,-0.025586917996406555,-0.008844872936606407,-0.012537561357021332,0.0
-0.005395230371505022,-0.04190636798739433,-0.020196078345179558,-0.029977360740303993,0.10597600042819977,0.0
-0.004214367363601923,-0.014264513738453388,-0.008109811693429947,-0.05743541941046715,0.05180293694138527,0.0
-0.0056492481380701065,-0.0359685905277729,0.010466284118592739,-0.01947670988738537,0.12361041456460953,0.0
0.010408788919448853,-0.03291819989681244,0.021004710346460342,-0.037124842405319214,0.31409430503845215,0.0
-0.041035402566194534,0.006109626032412052,-0.018433870747685432,-0.046473968774080276,0.03753973916172981,0.0
0.019429886713624,-0.03893386945128441,-0.004988632630556822,-0.04514326527714729,0.003358178772032261,0.0
0.04337150231003761,-0.041108034551143646,-0.007966127246618271,-0.03749862313270569,-0.14563919603824615,0.0
0.04934050887823105,-0.0636598989367485,-0.006010630168020725,-0.0772688239812851,-0.07682354748249054,0.0
0.04009171202778816,-0.06148696318268776,-0.031003473326563835,-0.06357241421937943,-0.16656595468521118,0.0
0.04419435188174248,-0.050970736891031265,-0.028782907873392105,-0.060939058661460876,-0.18287393450737,0.0
-0.02106173150241375,-0.07688479125499725,-0.03149789199233055,-0.09547612071037292,-0.15012681484222412,0.0
-0.010246471501886845,-0.05221131443977356,-0.01619669608771801,-0.0671728178858757,0.2924259603023529,0.0
-0.031993795186281204,-0.10417632013559341,-0.0011318401666358113,-0.10764490067958832,-0.06268320232629776,0.0
-0.028548788279294968,-0.060689106583595276,0.0033295652829110622,-0.07256079465150833,-0.07806926220655441,0.0
-0.02299988642334938,-0.045669686049222946,-0.01696467399597168,-0.05636731535196304,0.06290130317211151,0.0
-0.005449698772281408,-0.053423743695020676,-0.017895570024847984,-0.04096432030200958,0.06617604196071625,0.0
0.011127241887152195,0.009438837878406048,-0.025858992710709572,-0.038267217576503754,0.470996230840683,0.0
-0.0014663131441920996,-0.037950363010168076,0.02291298471391201,-0.04501156508922577,-0.03665934503078461,0.0
0.001479958649724722,0.014506759122014046,0.012537832371890545,-0.07799899578094482,0.3109809160232544,0.0
0.0008662546752020717,-0.0453886017203331,0.019013013690710068,-0.019944721832871437,0.3231653869152069,0.0
-0.01920757070183754,0.0743471086025238,0.024808067828416824,-0.05327506363391876,0.3248630166053772,0.0
0.006696291267871857,-0.03692123293876648,0.001605214667506516,-0.05060096085071564,-0.14280016720294952,0.0
0.023908846080303192,-0.039127249270677567,-0.021120585501194,-0.028558269143104553,0.050809167325496674,0.0
0.007454385980963707,-0.04232291877269745,-0.015544096939265728,-0.04657740890979767,0.15282666683197021,0.0
-0.009465957060456276,-0.0663456916809082,0.016121897846460342,-0.03726234659552574,0.07082606106996536,0.0
0.004619913175702095,-0.09338308125734329,0.01038453821092844,-0.06725136190652847,-0.0777992457151413,0.0
0.003815232776105404,-0.07121774554252625,0.01670985110104084,-0.008736095391213894,0.11694661527872086,0.0
0.030316540971398354,-0.01857248693704605,0.006954119075089693,-0.03646432235836983,0.19141851365566254,0.0
-0.03167589381337166,-0.08603997528553009,-0.05708371475338936,-0.07006074488162994,-0.20447054505348206,0.0
-0.0009206882677972317,-0.04241262003779411,-0.02327456697821617,-0.03827834874391556,0.4046185314655304,0.0
0.04112111032009125,-0.05719423294067383,-0.010094709694385529,-0.04960593581199646,0.06047053635120392,0.0
0.02173091471195221,-0.04836849868297577,-0.008924881927669048,-0.008664396591484547,0.08778955042362213,0.0
-0.008496049791574478,0.027533777058124542,0.020066214725375175,-0.04108043387532234,0.49959489703178406,0.0
0.004253183025866747,-0.037415508180856705,0.006395461969077587,-0.04104803130030632,0.04215262830257416,0.0
0.0012027054326608777,-0.03332250565290451,0.006085941102355719,-0.044210486114025116,0.04100102558732033,0.0
-0.034384727478027344,0.046481795608997345,0.024571208283305168,-0.027822017669677734,0.32930848002433777,0.0
0.006007419899106026,0.009469511918723583,-0.001626762910746038,-0.03691565617918968,0.043203629553318024,0.0
-0.0446709468960762,-0.0021051138173788786,0.015793059021234512,-0.031644903123378754,-0.029410947114229202,0.0
0.012781104072928429,-0.022161878645420074,0.0042497445829212666,-0.022972609847784042,0.03451857715845108,0.0
0.0027808095328509808,-0.04418959096074104,-0.004213010426610708,-0.031168479472398758,0.0484902486205101,0.0
0.0009625704842619598,-0.01370969507843256,7.988132711034268e-05,-0.07653124630451202,0.07586872577667236,0.0
0.025927383452653885,-0.02168198674917221,0.005153735168278217,-0.06126652657985687,0.05933396518230438,0.0
0.0027104958426207304,-0.03297291696071625,0.03142179548740387,-0.14330901205539703,0.05329573526978493,0.0
0.0059167006984353065,-0.040301039814949036,0.011262617073953152,-0.20179483294487,-0.07363500446081161,0.0
-0.032980773597955704,-0.06212418153882027,0.018697941675782204,-0.21298326551914215,-0.13826268911361694,0.0
-0.056556809693574905,-0.07058335095643997,0.008298779837787151,-0.2614695727825165,0.12948380410671234,0.0
-0.05125949904322624,-0.05697935074567795,-0.025645054876804352,-0.16466902196407318,0.3075815439224243,0.0
0.007819619961082935,-0.04561001807451248,-0.005156026221811771,-0.024439368396997452,-0.04107853025197983,0.0
0.04692571610212326,-0.02124398574233055,0.011860232800245285,0.06363695859909058,0.15298737585544586,0.0
0.020358124747872353,0.020185839384794235,-0.02654021792113781,-0.005711302161216736,-0.01820310764014721,0.0
-0.029982246458530426,-0.04146505147218704,-0.022754214704036713,-0.02056131325662136,0.07289126515388489,0.0
0.01080405618995428,0.003916736226528883,0.03417643532156944,0.017317594960331917,0.3072889745235443,0.0
-0.05300403758883476,0.045309994369745255,0.005959080532193184,-0.020073387771844864,0.08486554771661758,0.0
-0.04387448728084564,0.10588660836219788,0.02906057797372341,-0.008679733611643314,0.2224544882774353,0.0
-0.040775004774332047,0.047645553946495056,0.024876857176423073,-0.04593666270375252,0.049110379070043564,0.0
-0.0008124826708808541,0.06947189569473267,0.020687351003289223,-0.016679786145687103,-0.12852400541305542,0.0
0.027625858783721924,0.028285933658480644,0.01963197812438011,-0.005195579491555691,0.057010967284440994,0.0
-0.023808550089597702,-0.07739898562431335,-0.007836179807782173,-0.1380130499601364,-0.21018821001052856,0.0
-0.005367062985897064,-0.030797038227319717,0.005808611400425434,-0.041313301771879196,-0.06207892298698425,0.0
0.044854894280433655,-0.04386524483561516,-0.007501633837819099,-0.0377536378800869,0.00031425722409039736,0.0
-0.03205905854701996,-0.059182699769735336,0.004319170024245977,-0.030365435406565666,0.45897823572158813,0.0
0.025603655725717545,-0.042471595108509064,-0.01627694070339203,-0.01310996524989605,0.3302273452281952,0.0
0.03936317190527916,-0.015606153756380081,-0.020706117153167725,-0.03309979289770126,0.0811653733253479,0.0
-0.0481768436729908,-0.0636243224143982,-0.0005342115182429552,0.007228271570056677,0.30331429839134216,0.0
-0.055139582604169846,-0.035801686346530914,-0.0021197637543082237,0.05018964782357216,0.4751580059528351,0.0
-0.0023987528402358294,-0.03203889727592468,-0.00021663427469320595,0.05405578017234802,0.29443737864494324,0.0
-0.0011706417426466942,-0.06819377094507217,-0.0007657385431230068,0.07262653112411499,0.39338669180870056,0.0
0.03728959709405899,-0.03349900245666504,-0.0077255587093532085,0.05173669010400772,0.5019473433494568,0.0
-0.025472000241279602,-0.015895036980509758,-0.03564172983169556,0.08212517946958542,0.289919912815094,0.0
0.0046635945327579975,0.10639390349388123,-0.013969451189041138,0.06521894037723541,-0.07025860249996185,0.0
-0.007301161531358957,0.0532807894051075,-0.02685944177210331,0.09535843878984451,-0.020724598318338394,0.0
-0.017020897939801216,-0.06583920866250992,-0.042408667504787445,-0.08265430480241776,-0.21146360039710999,0.0
0.037798210978507996,-0.0665205642580986,-0.017805764451622963,-0.1254546046257019,-0.17321212589740753,0.0
-0.008132672868669033,-0.04352876543998718,-0.0431990921497345,-0.0438394770026207,0.32604506611824036,0.0
0.011106601916253567,-0.002792725106701255,-0.027718987315893173,-0.020564820617437363,0.2858487069606781,0.0
0.008313346654176712,0.015766290947794914,-0.002177773043513298,0.03211960196495056,0.12596243619918823,0.0
-0.018711579963564873,-0.027467528358101845,-0.024562615901231766,0.06713257730007172,0.26873067021369934,0.0
0.01978716440498829,-0.0201851986348629,-0.023658854886889458,0.05245641618967056,0.31165286898612976,0.0
0.033937759697437286,-0.04966859519481659,-0.007118540350347757,-0.005378769710659981,0.3947595953941345,0.0
0.03491916507482529,-0.031202400103211403,-0.014222566038370132,0.05782787874341011,0.33425551652908325,0.0
-0.03223942965269089,0.08088391274213791,0.0012256928021088243,0.09666651487350464,0.1274028718471527,0.0
-0.03281238675117493,0.09562971442937851,0.048269499093294144,0.1227947473526001,0.13014116883277893,0.0
-0.04329174384474754,-0.0013301362050697207,-0.00493925716727972,0.041229307651519775,-0.10495041310787201,0.0
-0.0019923404324799776,-0.007328850217163563,-0.007224416360259056,0.08080676943063736,0.11368779838085175,0.0
-0.07174936681985855,0.09665140509605408,-0.0010706450557336211,0.021428322419524193,0.0034663148690015078,0.0
-0.06830447167158127,0.06126561760902405,0.02365368977189064,0.02199130319058895,0.3278242349624634,0.0
-0.0014714892022311687,0.013133267872035503,0.02121586725115776,-0.006329718045890331,0.298841267824173,0.0
0.005317355040460825,-0.034295182675123215,0.010848913341760635,-0.026611899957060814,0.3521382510662079,0.0
0.03157589212059975,-0.03443918377161026,-0.01400345005095005,-0.1544983983039856,-0.044322773814201355,0.0
-0.03384645655751228,-0.030364738777279854,-0.007707897108048201,-0.10943586379289627,-0.024654923006892204,0.0
0.017308341339230537,4.0016901039052755e-05,-0.031208055093884468,-0.08251534402370453,0.25644704699516296,0.0
0.01388660166412592,-0.03838299214839935,-0.030216827988624573,-0.22573401033878326,0.30389776825904846,0.0
0.01240784116089344,-0.0451943576335907,-0.006257242988795042,0.12039345502853394,0.14791017770767212,0.0
-0.0015597682213410735,0.06197040528059006,0.03162165731191635,0.07998120784759521,-0.0687178298830986,0.0
0.005563400220125914,0.08149497210979462,0.033840447664260864,0.012253373861312866,-0.14475637674331665,0.0
-0.07578596472740173,0.0721992701292038,0.003041438991203904,-0.016954731196165085,0.071781687438488,0.0
-0.0032610248308628798,-0.017085401341319084,0.017929378896951675,-0.03980303555727005,0.33189865946769714,0.0
0.01941641792654991,-0.022820550948381424,0.017777126282453537,-0.041435327380895615,0.13595819473266602,0.0
0.061255455017089844,-0.0378325879573822,0.005369196180254221,-0.025770820677280426,0.3431263864040375,0.0
-0.030125392600893974,0.03174508735537529,0.0079190107062459,0.07402603328227997,0.07375393062829971,0.0
-0.07582057267427444,0.08333686739206314,-0.014004538767039776,0.03567350655794144,0.05524917319417,0.0
-0.028196264058351517,-0.03999989852309227,0.018536586314439774,-0.04410186782479286,0.1811891347169876,0.0
0.02724642865359783,-0.010624578222632408,-0.004845625255256891,-0.1092274934053421,-0.12884153425693512,0.0
0.04230087250471115,0.03234279155731201,-0.0342361181974411,-0.09587384015321732,-0.11389533430337906,0.0
-0.011090103536844254,-0.0626794621348381,-0.01493017841130495,-0.0076591926626861095,0.07077085226774216,0.0
0.03136357665061951,-0.03729640319943428,0.009583194740116596,0.04834339767694473,0.04190341755747795,0.0
0.002034516306594014,-0.04775409772992134,0.015184057876467705,-0.026075607165694237,0.04050645977258682,0.0
-0.04460461437702179,0.027058115229010582,-0.013802261091768742,-0.04162042587995529,0.05775602161884308,0.0
-0.027380317449569702,-0.024293726310133934,-0.02390633337199688,-0.21972185373306274,0.09532935917377472,0.0
0.03762788698077202,0.01038312166929245,-0.004736378788948059,-0.24412858486175537,0.04649052396416664,0.0
-0.01113577838987112,0.04799950495362282,0.010152267292141914,-0.2105647623538971,0.27324166893959045,0.0
-0.009742675349116325,-0.017168859019875526,0.00855792686343193,0.06351147592067719,-0.05126690864562988,0.0
0.00016404810594394803,-0.03378397598862648,0.008633674122393131,0.04407808929681778,0.08718599379062653,0.0
0.008894115686416626,-0.03596800938248634,-0.012414696626365185,0.05763440206646919,-0.10194730013608932,0.0
0.031449396163225174,-0.03917292132973671,-0.032411180436611176,0.10515133291482925,-0.0730908066034317,0.0
0.041249632835388184,-0.04681989178061485,-0.029174678027629852,0.0672043040394783,-0.04582972824573517,0.0
0.039293017238378525,-0.038573991507291794,-0.036945536732673645,0.06165187060832977,-0.14236070215702057,0.0
0.02781500108540058,-0.07376553863286972,-0.049842868000268936,0.04403257369995117,-0.059563446789979935,0.0
0.07461100071668625,-0.04245422035455704,-0.03203471377491951,0.03841722756624222,-0.06269843876361847,0.0
0.039074067026376724,-0.05600995197892189,0.0047415453009307384,0.03781353309750557,-0.048366084694862366,0.0
0.03844825550913811,-0.014667503535747528,0.006332903169095516,0.055773478001356125,-0.0665457546710968,0.0
0.050248075276613235,-0.048168621957302094,-0.04555772617459297,0.1526152789592743,-0.13421407341957092,0.0
0.01817924529314041,-0.01673530600965023,-0.01993631012737751,0.0581919327378273,0.1325632929801941,0.0
0.03245764970779419,-0.024459358304739,0.012151801027357578,0.04852461814880371,-0.05254056304693222,0.0
0.04444798454642296,-0.049895238131284714,0.0010389444651082158,0.04648498073220253,-0.01582389511168003,0.0
-0.025181366130709648,-0.0011624166509136558,0.011647394858300686,0.04854131489992142,0.05259251967072487,0.0
0.04594428092241287,-0.08732794970273972,-0.057112693786621094,0.05272548645734787,-0.19689004123210907,0.0
-0.02744450978934765,0.0024954855907708406,-0.025717655196785927,0.041863493621349335,0.2804007828235626,0.0
0.04068855568766594,-0.07867252081632614,0.018635788932442665,0.046828798949718475,-0.06956920772790909,0.0
-0.005704629700630903,-0.014031019993126392,-0.02420252002775669,0.029897402971982956,0.05315330997109413,0.0
0.03709672763943672,-0.012972058728337288,0.03393668681383133,0.06483417004346848,-0.004708862863481045,0.0
-0.0422881580889225,0.023487554863095284,0.003074429929256439,0.04413832351565361,-0.008983938954770565,0.0
-0.0062642949633300304,-0.02828042022883892,-0.009127854369580746,0.050824832171201706,-0.05564863979816437,0.0
0.00400465028360486,-0.006132450420409441,0.014538218267261982,0.13335800170898438,0.2559651732444763,0.0
0.016379062086343765,-0.07926508784294128,-0.007478761486709118,0.04782099276781082,-0.16487471759319305,0.0
-0.0010513890301808715,-0.04777754470705986,0.0091304462403059,0.04504481330513954,-0.1714252084493637,0.0
-0.045584388077259064,0.015480227768421173,-0.0031675142236053944,0.040263451635837555,0.030202364549040794,0.0
0.03940774127840996,-0.07069586217403412,-0.01863107644021511,0.05007196217775345,-0.1670970320701599,0.0
0.053264692425727844,-0.07824154943227768,-0.01761852577328682,0.05879758670926094,-0.15272441506385803,0.0
0.024468522518873215,-0.012520008720457554,0.01552366092801094,0.10639545321464539,-0.002752605127170682,0.0
-0.013892299495637417,0.044562727212905884,0.018703056499361992,0.06811028718948364,-0.015342951752245426,0.0
-0.003127258736640215,-0.06224634870886803,0.015330671332776546,-0.022939475253224373,0.14482837915420532,0.0
0.006612604018300772,-0.03890827298164368,0.0179213285446167,0.0642925277352333,0.3413912057876587,0.0
0.060420725494623184,-0.023692524060606956,0.02002556435763836,0.017491472885012627,0.12638142704963684,0.0
-0.024971388280391693,-0.023598583415150642,0.008842802606523037,0.050719309598207474,0.3613119423389435,0.0
0.07023316621780396,0.014094254933297634,0.022212080657482147,0.08014052361249924,0.023082185536623,0.0
0.06354673951864243,0.010748137719929218,0.023968730121850967,0.0027934559620916843,0.4412201941013336,0.0
0.007122441194951534,-0.0412486270070076,0.024530654773116112,0.10749700665473938,0.5325680375099182,0.0
-0.0220025721937418,0.048969388008117676,0.052873965352773666,0.1677200198173523,0.363657146692276,0.0
0.001811806345358491,0.019873712211847305,-0.008836233988404274,0.06024576351046562,0.049281489104032516,0.0
-0.027828935533761978,0.02163168415427208,0.032163940370082855,-0.02266014739871025,0.4966365396976471,0.0
-0.031208109110593796,0.03642965108156204,0.006903237197548151,0.12383440881967545,0.16825659573078156,0.0
0.01390696782618761,0.054244447499513626,0.031446706503629684,0.11942965537309647,0.5387747883796692,0.0
-0.035992808640003204,0.02003287896513939,0.010186729021370411,0.11457502096891403,-0.012301809154450893,0.0
-0.032876137644052505,0.004243784584105015,0.0210206788033247,0.08269119262695312,0.47340327501296997,0.0
-0.042152728885412216,0.10442546010017395,0.04665200039744377,0.16636957228183746,0.3710196316242218,0.0
-0.043162330985069275,0.013155307620763779,0.009897475130856037,0.061523985117673874,0.06073669716715813,0.0
0.007670735474675894,0.07620833814144135,0.040566183626651764,0.11403664201498032,0.4679972231388092,0.0
0.02905144728720188,0.11301469057798386,0.041277479380369186,0.1349320411682129,0.488442599773407,0.0
-0.016342196613550186,0.07536449283361435,-0.02472049556672573,0.0764961764216423,-0.006406743545085192,0.0
0.006748951971530914,0.006083324551582336,0.01699153706431389,0.10680171102285385,0.33512598276138306,0.0
-0.0016203257255256176,0.07637940347194672,0.03524305671453476,0.134279265999794,0.3637053072452545,0.0
-0.046662118285894394,0.023302800953388214,0.012608281336724758,0.07420621067285538,-0.04916202649474144,0.0
0.0391947403550148,-0.03467174991965294,0.023137178272008896,0.10756164789199829,0.43470022082328796,0.0
-0.0242195725440979,0.0799105316400528,0.02994455024600029,0.1291414499282837,0.1540168970823288,0.0
-0.029132043942809105,0.0013431984698399901,0.011777344159781933,0.031436849385499954,0.08523359149694443,0.0
-0.014316179789602757,0.11614222824573517,0.04465654864907265,0.06448719650506973,0.5033815503120422,0.0
-0.02032521180808544,0.08845492452383041,0.04680314287543297,0.11153296381235123,0.35020971298217773,0.0
-0.08509005606174469,0.07619041949510574,-0.00367154274135828,0.0685807466506958,-0.031290967017412186,0.0
-0.01851101964712143,0.08987242728471756,0.021383587270975113,0.130997434258461,0.3525168299674988,0.0
0.00740008382126689,-0.015484659932553768,0.0024357165675610304,0.0869765430688858,0.3124777674674988,0.0
0.02522771619260311,0.06852579861879349,0.010559196583926678,-0.03656163811683655,0.459347128868103,0.0
-0.04453274980187416,0.1053595095872879,0.037418827414512634,0.09944134950637817,0.15910322964191437,0.0
-0.0440213717520237,0.06938312202692032,0.015189516358077526,0.07263664156198502,-0.0032183988951146603,0.0
0.014982003718614578,0.053236138075590134,0.001605312805622816,-0.0479104220867157,0.3017134368419647,0.0
0.02437547780573368,-0.02281104400753975,-0.0021290183067321777,0.05755716934800148,0.28470122814178467,0.0
0.0070030963979661465,0.013338174670934677,-0.015630869194865227,0.04465769603848457,0.12409284710884094,0.0
-0.033137667924165726,0.024465901777148247,0.014609158970415592,0.05784810334444046,0.3387455344200134,0.0
-0.006616995204240084,0.013312739320099354,0.014569764956831932,0.09130692481994629,0.29180270433425903,0.0
-0.01617598906159401,0.031480710953474045,0.026471242308616638,0.10127164423465729,0.2860586643218994,0.0
0.04753568395972252,-0.03180008381605148,0.020152831450104713,0.054679855704307556,0.4298148453235626,0.0
-0.055117227137088776,0.09497129917144775,-0.007922789081931114,0.056173793971538544,-0.011496467515826225,0.0
0.036771200597286224,-0.03317764401435852,0.024716731160879135,-0.00857360940426588,0.04039030894637108,0.0
-0.022306667640805244,-0.0022186541464179754,-0.002360312733799219,0.06392566114664078,0.41764768958091736,0.0
-0.02168259769678116,0.031118160113692284,0.006378414575010538,0.13855010271072388,0.3027847707271576,0.0
0.01994081400334835,-0.011546151712536812,0.023993559181690216,0.05309413745999336,0.2826571464538574,0.0
0.03508589044213295,0.06306901574134827,-0.0008337954059243202,0.0772429034113884,-0.008512360975146294,0.0
-0.0419556088745594,0.061068546026945114,0.01481676660478115,-0.009291975758969784,-0.07766599953174591,0.0
-0.0012984212953597307,0.01532001979649067,0.016865238547325134,0.08128269761800766,0.48679664731025696,0.0
-0.03456975892186165,0.013197626918554306,0.02181556448340416,0.060952652245759964,0.3261740505695343,0.0
0.06108223274350166,-0.06265119463205338,-0.036094337701797485,-0.011494443751871586,-0.005194919183850288,0.0
-0.0029000849463045597,0.011433979496359825,-0.008094663731753826,-0.046212565153837204,-0.07765880972146988,0.0
-0.00993309635668993,-0.024898426607251167,-0.004612830467522144,-0.029407266527414322,0.0019688154570758343,0.0
-0.04720686376094818,-0.073893241584301,0.007391330320388079,-0.03977404534816742,0.05470544472336769,0.0
0.047860026359558105,-0.08190127462148666,-0.007844315841794014,-0.040503185242414474,0.01814574934542179,0.0
0.009586713276803493,0.02601286582648754,-0.015496673993766308,-0.04430035129189491,-0.07295429706573486,0.0
-0.04912594333291054,0.051947977393865585,0.014668022282421589,0.039731115102767944,-0.06668272614479065,0.0
-0.0017035803757607937,-0.052028968930244446,-0.0026838660705834627,-0.02517656423151493,-0.0678076222538948,0.0
0.0353657528758049,-0.02153944782912731,0.02946336753666401,-0.053994372487068176,-0.10232651233673096,0.0
0.02170218527317047,-0.04301343113183975,0.02015603892505169,-0.05880184471607208,-0.141889289021492,0.0
0.032110486179590225,0.008761465549468994,0.010022688657045364,-0.054286859929561615,-0.016394058242440224,0.0
-0.05774835869669914,0.0833708867430687,0.026085805147886276,-0.05577371269464493,-0.03023713082075119,0.0
0.005883817560970783,-0.050140753388404846,-0.010330446995794773,0.08631715178489685,-0.0489988699555397,0.0
-0.05751347914338112,0.005343221127986908,-0.029715456068515778,-0.037505894899368286,-0.13270705938339233,0.0
-0.031327687203884125,-0.031031854450702667,-0.029370823875069618,0.07410862296819687,-0.14632739126682281,0.0
-0.010064414702355862,-0.035038724541664124,-0.021012980490922928,0.08258026093244553,-0.14240752160549164,0.0
0.07130556553602219,-0.027469251304864883,0.015994902700185776,0.02156067080795765,-0.15308909118175507,0.0
0.04666417837142944,-0.03240422159433365,0.044335804879665375,0.09915346652269363,-0.11698821932077408,0.0
0.03901426121592522,-0.03775618597865105,-0.015028814785182476,0.0714331567287445,-0.061734411865472794,0.0
0.026565836742520332,-0.04142109677195549,-0.03943610191345215,0.028975116088986397,-0.029705438762903214,0.0
0.017048420384526253,-0.038027018308639526,-0.03541143611073494,0.031314074993133545,-0.020132679492235184,0.0
-0.0019885869696736336,-0.021041151136159897,-0.031014131382107735,0.06909351050853729,-0.044211748987436295,0.0
0.026855815201997757,-0.0442340224981308,-0.05780601501464844,0.10941851884126663,0.060075778514146805,0.0
-0.012440469115972519,-0.029857946559786797,-0.028861770406365395,-0.0553777813911438,0.04778638854622841,0.0
-0.0033596314024180174,-0.03817795217037201,0.02819228731095791,-0.027675217017531395,0.1193731501698494,0.0
-0.006611887831240892,0.019401300698518753,0.02062162011861801,-0.041579071432352066,0.05581677332520485,0.0
0.0010371230309829116,0.0061054108664393425,-0.002385006519034505,0.08565233647823334,-0.008252878673374653,0.0
0.0048672412522137165,-0.03810572251677513,-0.0027129098307341337,0.011829458177089691,-0.06944002211093903,0.0
0.035820621997117996,-0.07079268991947174,-0.0076221595518291,-0.039828553795814514,-0.17680777609348297,0.0
-0.045222505927085876,0.10323658585548401,0.029008399695158005,0.048479143530130386,-0.005762830376625061,0.0
-0.012750369496643543,0.009752207435667515,0.014032960869371891,0.04732700064778328,-0.004123331513255835,0.0
0.033034149557352066,-0.022032413631677628,0.016489634290337563,-0.009170467965304852,-0.011744934134185314,0.0
0.03687671944499016,-0.03775886818766594,0.013600517995655537,-0.0075723035261034966,0.05189480632543564,0.0
-0.033492907881736755,0.005068622995167971,0.01905263587832451,-0.05666356906294823,0.3330134451389313,0.0
0.028625518083572388,-0.039932578802108765,-0.02481788396835327,-0.058729272335767746,-0.05955251306295395,0.0
0.015366606414318085,-0.05357024446129799,-0.025246689096093178,-0.08583226799964905,-0.1421741098165512,0.0
-0.012264708057045937,-0.051780421286821365,-0.033636633306741714,-0.14113250374794006,-0.07835603505373001,0.0
-0.049328550696372986,-0.08848647028207779,-0.024474462494254112,-0.14014273881912231,-0.08992626518011093,0.0
-0.0009422805160284042,-0.04008369520306587,0.001989522250369191,-0.06180872023105621,0.025125378742814064,0.0
-0.008487872779369354,-0.08965250104665756,-0.024997949600219727,-0.10798443108797073,-0.0012288003927096725,0.0
0.03125879913568497,-0.07179086655378342,-0.0008413229952566326,-0.19769954681396484,-0.1791606843471527,0.0
-0.003170402254909277,-0.035804953426122665,-0.003583192126825452,-0.04842717573046684,0.0440150685608387,0.0
-0.043529950082302094,-0.04350616782903671,-0.0074128261767327785,-0.04107852280139923,0.03319959715008736,0.0
0.006020933389663696,-0.029213761910796165,0.004116433206945658,-0.007294336333870888,-0.05264603719115257,0.0
0.005605091340839863,-0.07110368460416794,0.007829154841601849,-0.04507746547460556,-0.13683366775512695,0.0
0.013360441662371159,-0.08160844445228577,0.01004359032958746,-0.0636107474565506,-0.13985666632652283,0.0
-0.05587634816765785,0.020545993000268936,0.0204500462859869,0.054158613085746765,-0.1229950338602066,0.0
0.034335214644670486,-0.017491845414042473,-0.0022290872875601053,-0.005963458213955164,-0.11638689041137695,0.0
0.017315540462732315,-0.01523448247462511,-0.024328885599970818,-0.12887658178806305,0.2983880639076233,0.0
-0.00884224008768797,-0.03686606511473656,-0.011670210398733616,-0.17079511284828186,0.1495048999786377,0.0
-0.046209514141082764,-0.03111359477043152,-0.034307293593883514,-0.050316136330366135,0.14621637761592865,0.0
-8.037788211368024e-05,-0.030280355364084244,-0.015093818306922913,-0.10176005214452744,0.16291560232639313,0.0
-0.04047416150569916,0.015533615835011005,-0.01582801342010498,-0.17708805203437805,0.05251777544617653,0.0
0.0011133704101666808,-0.032207734882831573,-0.026482488960027695,-0.03496163710951805,0.28719547390937805,0.0
0.027627231553196907,-0.05770542472600937,-0.014782787300646305,-0.039078108966350555,0.2859207093715668,0.0
0.05526471510529518,-0.0538376122713089,0.011270614340901375,-0.006644632667303085,0.3229655623435974,0.0
0.022041236981749535,-0.032304052263498306,0.008212540298700333,-0.004307841416448355,0.3162192106246948,0.0
0.0016784195322543383,-0.07836879044771194,0.0019457645248621702,0.05099719762802124,-0.010511288419365883,0.0
-0.009346908889710903,-0.057961177080869675,0.005639238283038139,-0.005966301076114178,0.4585435092449188,0.0
-0.0009537377045489848,-0.06138552725315094,0.004148260224610567,0.08119650185108185,0.29203933477401733,0.0
0.00810612365603447,-0.03628190606832504,0.004764579702168703,0.08485544472932816,0.4655382037162781,0.0
-0.0007763871108181775,-0.03936956450343132,0.008951153606176376,-0.06490741670131683,0.13110505044460297,0.0
0.00865410640835762,-0.01493466179817915,0.004637627396732569,-0.0091829439625144,0.32128220796585083,0.0
-0.02403174340724945,0.0043903738260269165,0.012076023034751415,0.03443007916212082,0.43836063146591187,0.0
-0.00023483946279156953,-0.020790668204426765,0.013685339130461216,0.06570383161306381,0.4895763695240021,0.0
-0.026836061850190163,0.09468287974596024,0.03379715234041214,0.09150069952011108,0.4100976586341858,0.0
-0.034280143678188324,0.12134096771478653,0.04086277633905411,0.15526162087917328,0.4114208221435547,0.0
-0.02544127218425274,0.11084872484207153,0.025755425915122032,0.07550566643476486,0.4860229194164276,0.0
-0.014660320244729519,0.02995510771870613,0.008885543793439865,0.07144937664270401,0.32517218589782715,0.0
-0.03802121430635452,0.08634503930807114,0.0016270795604214072,0.16101229190826416,0.25999704003334045,0.0
-0.024028079584240913,0.08105091005563736,-0.010075260885059834,0.07673081010580063,0.4067302644252777,0.0
-0.03186222165822983,0.08445000648498535,0.008788016624748707,0.08541569113731384,0.3022972345352173,0.0
-0.054167669266462326,0.08274990320205688,0.014511950314044952,0.05209184065461159,0.3363575339317322,0.0
-0.007889969274401665,-0.06251537054777145,-0.017346393316984177,0.0029579424299299717,0.3857583999633789,0.0
-0.1051701083779335,-0.015633583068847656,-0.0016720967832952738,-0.0026984738651663065,0.005386624485254288,0.0
-0.010430879890918732,-0.025407860055565834,0.008204062469303608,-0.007216930855065584,0.28874117136001587,0.0
-0.09257054328918457,0.10622201859951019,0.020828820765018463,-0.0016134692123159766,-0.09351152181625366,0.0
0.04700639843940735,0.021734172478318214,0.009188435040414333,-0.06737025082111359,-0.15600989758968353,0.0
-0.0047517926432192326,-0.02075245976448059,0.012644562870264053,0.0507357232272625,-0.06894464045763016,0.0
0.0020628951024264097,-0.04875045642256737,-0.004583131056278944,0.04911656677722931,-0.07132882624864578,0.0
-0.0443844236433506,-0.0395214706659317,0.0113796666264534,0.03451794013381004,-0.0795644000172615,0.0
0.0472005233168602,-0.008381175808608532,0.021344222128391266,0.04568803682923317,-0.04206221178174019,0.0
-0.0038102231919765472,0.00013158057117834687,0.0064532081596553326,0.05358516052365303,-0.06887496262788773,0.0
0.055590514093637466,-0.04540202394127846,0.013517020270228386,0.044109124690294266,-0.012258071452379227,0.0
0.052996572107076645,0.019817577674984932,0.01531914621591568,0.017018359154462814,-0.07359156757593155,0.0
0.06624647974967957,0.03143934905529022,0.0013449102407321334,-0.003430970711633563,-0.07201755046844482,0.0
-0.005522352643311024,0.016271254047751427,0.021845517680048943,0.03845382481813431,-0.15537765622138977,0.0
0.0036967878695577383,0.019284581765532494,0.018628470599651337,-0.005056023132055998,-0.1490246206521988,0.0
0.06474320590496063,0.01966891437768936,0.004438241012394428,0.07175035774707794,-0.06377401947975159,0.0
-0.0015439045382663608,-0.005309466738253832,0.012686464935541153,0.008638736791908741,-0.0970914289355278,0.0
0.009580425918102264,-0.046887874603271484,0.01544931996613741,0.007506158668547869,-0.06584925949573517,0.0
-0.0656849592924118,0.0011789012933149934,-0.0018306438578292727,0.0504424013197422,-0.06542734801769257,0.0
0.005847336258739233,0.04840956628322601,0.0129341846331954,0.055415019392967224,-0.07693107426166534,0.0
0.0025910718832165003,-0.024123111739754677,0.001392593141645193,0.013123957440257072,-0.058096565306186676,0.0
0.0402306467294693,0.01518311258405447,-0.0017705261707305908,0.0750497505068779,-0.07694675028324127,0.0
-0.03629136085510254,0.07476730644702911,-0.010562053881585598,0.053225863724946976,-0.04194985702633858,0.0
0.008928200230002403,0.016588788479566574,0.027951236814260483,0.05742067098617554,-0.11326350271701813,0.0
-0.046569276601076126,0.0007335435948334634,0.03029261715710163,0.057696301490068436,-0.05573739483952522,0.0
0.015385693870484829,0.03723711147904396,0.02715912275016308,0.07579048722982407,-0.15011554956436157,0.0
0.02204430103302002,0.03747968748211861,0.013431224040687084,0.05143871158361435,-0.06394896656274796,0.0
0.057158347219228745,-0.018586304038763046,0.016760319471359253,0.01773236319422722,-0.1033787801861763,0.0
0.0034528272226452827,0.032233014702796936,0.004957191646099091,0.010188623331487179,-0.0648423284292221,0.0
0.00047590056783519685,0.020489569753408432,0.011181325651705265,0.039099887013435364,-0.015577997080981731,0.0
0.000649724155664444,0.018831655383110046,-0.0007054083398543298,0.04855027049779892,-0.004751613363623619,0.0
-0.02301567792892456,-0.01833834871649742,-0.019512774422764778,0.052230190485715866,-0.1565490961074829,0.0
-0.016700737178325653,-0.03355446457862854,-0.016651980578899384,0.05919323116540909,-0.15383939445018768,0.0
0.00017049249436240643,0.016146160662174225,-0.010363576002418995,0.03677402064204216,0.06519436091184616,0.0
0.004737024661153555,0.026514966040849686,0.0028910997789353132,0.042440686374902725,0.07059984654188156,0.0
0.001186169101856649,0.01703023724257946,0.002033805474638939,0.054574575275182724,0.06784262508153915,0.0
-0.00553901307284832,-0.04431586340069771,-0.002584356116130948,0.053542401641607285,-0.07603557407855988,0.0
0.003713624319061637,0.02300918474793434,-0.0050206417217850685,0.057558558881282806,-0.13215316832065582,0.0
-0.03653833270072937,-0.027039365842938423,-0.03447083756327629,-0.04303954169154167,0.41889688372612,0.0
0.001538382493890822,-0.038497038185596466,-0.0059057180769741535,-0.03756680712103844,0.4234037697315216,0.0
-0.00973168108612299,-0.030012283474206924,-0.009741337038576603,-0.028643833473324776,0.4202757775783539,0.0
0.020942270755767822,-0.03152826428413391,-0.0010839116293936968,-0.02682320773601532,0.5552029609680176,0.0
0.007161394692957401,-0.0498894639313221,-0.013725126162171364,-0.07559435814619064,0.08192717283964157,0.0
0.0006852926453575492,-0.026067107915878296,0.0049311332404613495,-0.028056645765900612,0.11835570633411407,0.0
-0.03069428727030754,0.01121587585657835,-0.023219292983412743,-0.0503862164914608,0.12726469337940216,0.0
0.017793774604797363,-0.03679310530424118,0.017646370455622673,-0.06148707866668701,0.30468347668647766,0.0
-0.011190684512257576,-0.043856050819158554,-0.0009579297038726509,-0.06659719347953796,0.30803564190864563,0.0
0.053220104426145554,0.02633758820593357,-0.0004571443423628807,-0.07455959171056747,0.13628801703453064,0.0
-0.0032814776059240103,-0.03896600380539894,-0.019227003678679466,-0.03755933418869972,0.2054007649421692,0.0
0.031936656683683395,0.02407844550907612,-0.01951085403561592,-0.06335312873125076,0.20937572419643402,0.0
0.02054203860461712,-0.023347405716776848,0.04097763076424599,-0.02884693816304207,0.37137550115585327,0.0
-0.007071733940392733,-0.04671703279018402,-0.011179517954587936,-0.03319605812430382,0.1334339827299118,0.0
0.01827213540673256,-0.04062243551015854,0.009518134407699108,-0.011326586827635765,0.34908831119537354,0.0
0.015940722078084946,-0.037919770926237106,-0.014709693379700184,-0.03437972068786621,0.04605839401483536,0.0
0.0006373313372023404,-0.03471710905432701,-0.030377347022294998,-0.025483375415205956,0.07212858647108078,0.0
0.06941141933202744,-0.02493879199028015,-0.011439292691648006,-0.046280939131975174,0.11264123022556305,0.0
-0.018837064504623413,-0.021802721545100212,0.012675493955612183,-0.05138799920678139,0.3323465883731842,0.0
0.011570042930543423,-0.06318285316228867,-0.003998282831162214,-0.009018639102578163,0.48139795660972595,0.0
0.038699183613061905,-0.06456094235181808,-0.0025172734167426825,-0.034518804401159286,0.46732133626937866,0.0
-0.017156731337308884,-0.0760272815823555,0.028782028704881668,-0.028993641957640648,0.08946764469146729,0.0
-0.001727288356050849,-0.022147346287965775,-0.02687450498342514,-0.09923794865608215,0.05401591211557388,0.0
0.032944388687610626,-0.02862880751490593,-0.01676822640001774,-0.11050582677125931,0.05784899368882179,0.0
0.033292096108198166,-0.047498151659965515,0.029250752180814743,-0.047553595155477524,0.15698719024658203,0.0
-0.02057894878089428,-0.04450512304902077,0.02418612875044346,-0.026938747614622116,0.3283848762512207,0.0
-0.0028456004802137613,-0.027678612619638443,-0.009380117990076542,-0.05853801220655441,0.09743727743625641,0.0
0.0031350734643638134,-0.04491039738059044,0.01946045272052288,-0.025276608765125275,0.35007867217063904,0.0
0.026503687724471092,-0.023964138701558113,-0.022775033488869667,-0.06675516813993454,0.06091023236513138,0.0
0.010683911852538586,-0.10196714848279953,-0.0038928978610783815,-0.04268491640686989,-0.012300831265747547,0.0
4.933828313369304e-05,-0.038201868534088135,-0.01597370207309723,-0.04590154439210892,0.07391025871038437,0.0
0.04130611568689346,-0.04005308821797371,0.011734948493540287,-0.020907249301671982,0.3080731928348541,0.0
0.0025427783839404583,-0.05595749244093895,-0.0007723718881607056,-0.007093306165188551,0.15530091524124146,0.0
-0.00753328762948513,-0.09779372066259384,0.023724380880594254,-0.03237748146057129,0.10139447450637817,0.0
0.014139961451292038,-0.04726383462548256,-0.036591995507478714,-0.05094027891755104,0.056671351194381714,0.0
0.03955339267849922,-0.03470604121685028,-0.018077900633215904,-0.045006830245256424,-0.05675819143652916,0.0
0.04584350809454918,-0.022772135213017464,-0.00815676897764206,-0.026065358892083168,0.32998836040496826,0.0
0.002399184973910451,-0.032252341508865356,-0.015168484300374985,-0.056410424411296844,-0.016482671722769737,0.0
0.026281993836164474,-0.014574257656931877,-0.009579992853105068,-0.11990192532539368,0.04095790162682533,0.0
0.028928210958838463,-0.06298641860485077,-0.029603537172079086,-0.1267414391040802,-0.0052858865819871426,0.0
0.025399191305041313,-0.08450158685445786,-0.01224774494767189,-0.06439713388681412,0.0030514674726873636,0.0
0.05691637843847275,-0.047780148684978485,0.013320629484951496,-0.045514464378356934,0.32303693890571594,0.0
0.055907655507326126,-0.024395612999796867,-0.002926906803622842,-0.05120685324072838,0.0643242821097374,0.0
-0.03478546813130379,-0.05637224391102791,-0.0404319167137146,-0.026377052068710327,-0.07085779309272766,0.0
0.0305071659386158,-0.043976057320833206,-0.016980139538645744,-0.062123123556375504,0.0773439034819603,0.0
-0.0021635633893311024,-0.03652072697877884,-0.004084488842636347,-0.04375222697854042,0.10325241088867188,0.0
-0.05688343197107315,0.009067283943295479,0.01111050508916378,-0.0624258778989315,-0.004716860596090555,0.0
0.00038897048216313124,-0.06835367530584335,-0.007811436895281076,-0.06044667959213257,-0.055603642016649246,0.0
0.03288745507597923,-0.03605462610721588,0.003136238781735301,-0.2192925065755844,-0.04379430040717125,0.0
0.04448797181248665,-0.06493310630321503,-0.0001252736838068813,-0.17744354903697968,0.1245729848742485,0.0
0.022536518052220345,-0.05331926420331001,0.00958141777664423,-0.03939999267458916,0.3834085166454315,0.0
0.005085995886474848,-0.06616479158401489,-0.0014720321632921696,0.0007581592653878033,0.13580021262168884,0.0
0.01768726296722889,-0.08610468357801437,-0.009594859555363655,-0.09567021578550339,0.025554265826940536,0.0
-0.00894173514097929,-0.049842819571495056,0.0029812657739967108,-0.06730549782514572,-0.017020488157868385,0.0
-0.008400018326938152,-0.06296507269144058,0.01113874837756157,-0.05099187791347504,0.010183279402554035,0.0
-0.03571200743317604,0.014358608983457088,0.02338983677327633,-0.08013494312763214,0.1510666459798813,0.0
-0.07466630637645721,0.008139300160109997,-0.011275235563516617,-0.04282698035240173,0.31742340326309204,0.0
-0.005446858238428831,-0.043660711497068405,-0.007556237280368805,-0.05499592795968056,0.014721558429300785,0.0
-0.052430666983127594,0.018630672246217728,-0.0030693451408296824,-0.03844166174530983,0.3147929310798645,0.0
-0.0014584747841581702,-0.055677127093076706,0.01173127070069313,-0.02754826657474041,-0.14778590202331543,0.0
-0.004078862722963095,-0.055738162249326706,-0.01717621646821499,0.0452178418636322,-0.060377102345228195,0.0
-0.0169062577188015,-0.06453245133161545,-0.004157648421823978,-0.2056466042995453,-0.0003467135247774422,0.0
0.08118043094873428,-0.0673045665025711,0.008112643845379353,-0.2431671917438507,0.05838334932923317,0.0
0.006879348773509264,-0.051168043166399,-0.016530310735106468,-0.12076380848884583,0.05501704663038254,0.0
0.03819676488637924,-0.05238853767514229,-0.018255162984132767,-0.09564556181430817,0.1375172883272171,0.0
0.01632705330848694,-0.048360295593738556,-0.012287278659641743,-0.025842217728495598,0.055351901799440384,0.0
0.04174291342496872,-0.01985127478837967,-0.011248668655753136,-0.039396848529577255,0.2887364327907562,0.0
-0.02823236957192421,-0.034542620182037354,0.018683824688196182,-0.044535815715789795,0.10074496269226074,0.0
0.0034411249216645956,-0.052022382616996765,0.010916109196841717,-0.004336431622505188,-0.02492108941078186,0.0
-0.03298141434788704,-0.04673096537590027,0.007907465100288391,-0.07609117031097412,0.10143844783306122,0.0
-0.04160941019654274,0.018085885792970657,0.016014331951737404,-0.042101163417100906,0.07604313641786575,0.0
-0.003983913920819759,-0.05245529115200043,0.03805512562394142,-0.16535206139087677,0.16190923750400543,0.0
0.029100241139531136,-0.04705478623509407,0.019508041441440582,-0.17921550571918488,0.16640955209732056,0.0
0.04467257857322693,-0.03539393097162247,0.0009602780337445438,-0.053740374743938446,0.1446487307548523,0.0
0.011742760427296162,-0.06198718771338463,-0.018892182037234306,-0.03834308311343193,0.11958437412977219,0.0
-0.03484036400914192,-0.025637967512011528,-0.0019334539538249373,-0.05108434334397316,0.07561004906892776,0.0
-0.026640988886356354,-0.01004547718912363,0.013848884031176567,-0.10318183153867722,0.15018299221992493,0.0
-0.03870927169919014,0.00961699616163969,0.016239510849118233,-0.035938117653131485,0.14236076176166534,0.0
-0.031490158289670944,-0.03662111982703209,0.019639911130070686,-0.17140591144561768,0.15595537424087524,0.0
-0.015524454414844513,-0.028753871098160744,0.0080325398594141,-0.055329758673906326,-0.060018640011548996,0.0
0.011528609320521355,-0.08635789155960083,-0.005204883869737387,-0.19387850165367126,-0.046155497431755066,0.0
-0.05012337118387222,-0.03113478049635887,-0.014082945883274078,-0.0443907305598259,0.06144207343459129,0.0
0.0034866142086684704,-0.06053972989320755,-0.018152711912989616,-0.23124735057353973,0.15452241897583008,0.0
-0.04312596097588539,-0.040564097464084625,-0.006992114242166281,-0.03843414783477783,-0.030145343393087387,0.0
-0.03948415815830231,-0.029285401105880737,0.016326885670423508,-0.13526573777198792,0.08423932641744614,0.0
-0.036802954971790314,0.014270473271608353,0.016981661319732666,-0.032768599689006805,0.10828538984060287,0.0
-0.0321820005774498,0.01922476477921009,-0.011120811104774475,-0.057301197201013565,-0.013863782398402691,0.0
-0.03280668705701828,0.0003940379247069359,-0.023418735712766647,-0.03369259834289551,0.1923934519290924,0.0
-0.039238639175891876,0.012136373668909073,-0.0016834861598908901,-0.05384290963411331,0.04373576119542122,0.0
-0.007030793931335211,0.018182793632149696,-0.00459270877763629,-0.05987870693206787,-0.06551525741815567,0.0
-0.011344678699970245,-0.024409130215644836,0.01400717068463564,-0.05098191648721695,-0.05781475454568863,0.0
0.004826008807867765,-0.032613735646009445,0.014558391645550728,-0.22479090094566345,0.05413391813635826,0.0
0.003398640314117074,0.0076648397371172905,-0.0012608832912519574,-0.0504482239484787,0.14238131046295166,0.0
-0.025812536478042603,0.07253268361091614,-0.006013362668454647,-0.0627889558672905,0.07248280197381973,0.0
1.859660005720798e-05,-0.03931683301925659,0.016240259632468224,-0.12699337303638458,0.020838085561990738,0.0
-0.006579709239304066,0.05795939639210701,0.023345988243818283,-0.05456232652068138,-0.11135417222976685,0.0
0.02982434444129467,-0.026537036523222923,0.004929296672344208,-0.04619159922003746,-0.012849844992160797,0.0
0.04186278581619263,0.029758404940366745,-0.003661669557914138,-0.2161647528409958,0.054954662919044495,0.0
-0.02137446589767933,-0.028204018250107765,-0.004359887447208166,-0.18324699997901917,-0.023090675473213196,0.0
-0.04477459564805031,0.0190754197537899,-0.02297004498541355,-0.14193084836006165,0.1259564459323883,0.0
0.0487992987036705,-0.028978446498513222,-0.0034992198925465345,-0.0820789709687233,0.0053612724877893925,0.0
0.05439954623579979,-0.03490268811583519,-0.021420782431960106,-0.04173078387975693,0.1586010903120041,0.0
0.03110400028526783,-0.03313993662595749,-0.0008532512583769858,-0.2237173616886139,0.07551507651805878,0.0
-0.037882473319768906,0.01055091992020607,-0.009683230891823769,-0.05882324278354645,0.04014361649751663,0.0
0.006366583053022623,0.01602519117295742,-0.03991932049393654,-0.058710549026727676,0.29722291231155396,0.0
0.046149641275405884,-0.03980559855699539,-0.0033148343209177256,-0.0509377084672451,0.11536324769258499,0.0
-0.04114256054162979,0.0721781924366951,0.0012062102323397994,-0.06926840543746948,0.044535040855407715,0.0
-0.035736311227083206,0.01875762827694416,0.01897605136036873,-0.011335535906255245,0.09982433170080185,0.0
-0.054078761488199234,0.011894786730408669,0.014064168557524681,-0.05953477695584297,-0.06186307221651077,0.0
-0.02245260775089264,0.07405363768339157,-0.011988967657089233,-0.0611841045320034,0.14281365275382996,0.0
0.04565580561757088,-0.0325060710310936,-0.0064944191835820675,-0.07656117528676987,-0.036272138357162476,0.0
0.0493791401386261,-0.02266526222229004,-0.007756761275231838,-0.05868189036846161,0.21531160175800323,0.0
0.053406693041324615,0.030706604942679405,-0.024066977202892303,-0.050319403409957886,0.10976886749267578,0.0
0.011578360572457314,-0.0266213808208704,-0.01753086969256401,-0.042429935187101364,0.193884938955307,0.0
0.01854078657925129,-0.032622940838336945,-0.022440070286393166,-0.07865661382675171,0.2560727596282959,0.0
0.03064039908349514,0.01581936702132225,-0.0022951550781726837,-0.062495846301317215,0.29251164197921753,0.0
-0.003770500188693404,-0.043184418231248856,0.01880592480301857,-0.04233367741107941,0.08003005385398865,0.0
-0.033320654183626175,0.08083442598581314,-0.008926455862820148,-0.07964400202035904,0.05427946522831917,0.0
0.011033094488084316,0.030482521280646324,0.008753093890845776,-0.0754401907324791,0.27790799736976624,0.0
-0.03635084629058838,0.08827952295541763,0.027684088796377182,-0.048149507492780685,0.1373092532157898,0.0
-0.009448589757084846,0.01117933914065361,0.023766130208969116,-0.08835753053426743,0.329479843378067,0.0
-0.02334008365869522,0.01175607182085514,-0.01379399560391903,-0.06069779768586159,0.15534716844558716,0.0
0.0541960708796978,-0.03159065172076225,0.013782101683318615,-0.06298307329416275,0.22230014204978943,0.0
-0.04639428108930588,0.0297084990888834,0.000999388750642538,-0.04340402036905289,0.07298369705677032,0.0
0.007220875006169081,-0.027642641216516495,0.003552523907274008,-0.14632968604564667,0.15539111196994781,0.0
0.029917258769273758,-0.025266354903578758,-0.00042148175998590887,-0.03899984806776047,0.33664757013320923,0.0
0.0014357587788254023,-0.03178856149315834,-0.035685401409864426,-0.058279894292354584,0.2839656174182892,0.0
-0.03470129892230034,0.046200286597013474,-0.028383810073137283,-0.06730512529611588,0.13161742687225342,0.0
0.01235075294971466,-0.023267770186066628,-0.014443447813391685,-0.04351913928985596,0.3206724524497986,0.0
0.05397200584411621,-0.044077321887016296,0.015128076076507568,-0.20438113808631897,0.08299484103918076,0.0
0.030867746099829674,-0.031204847618937492,0.011626780964434147,-0.05469585955142975,0.13370907306671143,0.0
-0.02364722639322281,0.10661759227514267,0.02354734018445015,-0.0795716941356659,0.048641279339790344,0.0
-0.03983107954263687,0.015102391131222248,0.025362512096762657,-0.04398970305919647,0.3271588385105133,0.0
-0.028568092733621597,0.048372864723205566,0.02195558324456215,-0.06124891713261604,0.14485834538936615,0.0
-0.0015831104246899486,-0.014146005734801292,0.013585063628852367,-0.21214792132377625,-0.04816105216741562,0.0
-0.022165372967720032,0.014680201187729836,0.0018321287352591753,-0.1659834235906601,0.13404853641986847,0.0
-0.039402175694704056,-0.004543521907180548,0.023040300235152245,-0.04334520548582077,0.13580851256847382,0.0
-0.05166570842266083,0.11879204958677292,0.0200670026242733,-0.03598088026046753,0.012501612305641174,0.0
0.04334491118788719,-0.034950342029333115,0.005241704639047384,-0.02662980929017067,0.044536106288433075,0.0
-0.006059182807803154,-0.019967040047049522,0.023514483124017715,-0.05440843477845192,0.32202160358428955,0.0
0.04133809357881546,-0.024088483303785324,0.014876549132168293,-0.07771491259336472,0.2643679678440094,0.0
0.01588432677090168,-0.027677219361066818,-0.004770710598677397,-0.18410992622375488,0.05990936979651451,0.0
0.025798585265874863,-0.03781566023826599,-0.010397275909781456,-0.18857942521572113,0.054549481719732285,0.0
0.00636419327929616,-0.01703765243291855,-0.0028509420808404684,-0.0482393354177475,0.12554338574409485,0.0
0.04581892862915993,-0.03202400356531143,0.013591215014457703,-0.22472620010375977,0.11709819734096527,0.0
0.06447803974151611,0.05342448502779007,0.025583509355783463,-0.015674835070967674,0.09882306307554245,0.0
-0.03450630232691765,0.009195350110530853,0.0015090140514075756,-0.055167023092508316,0.1260775774717331,0.0
0.017483441159129143,-0.03682735562324524,-0.0012964413035660982,-0.03719398006796837,0.07849520444869995,0.0
0.00557120842859149,-0.03966428339481354,0.011749820783734322,-0.19088754057884216,0.08210676163434982,0.0
0.008321407251060009,0.03499443084001541,0.017411168664693832,-0.022073207423090935,0.04303932934999466,0.0
0.0022245009895414114,0.02399086020886898,0.021249203011393547,-0.061226893216371536,0.07891155779361725,0.0
0.044192422181367874,-0.06444049626588821,0.0002053022908512503,-0.229770690202713,0.06853605806827545,0.0
-0.035909462720155716,-0.02137455902993679,0.018086008727550507,-0.040229909121990204,0.34635689854621887,0.0
-0.031816136091947556,0.02045627124607563,0.009798914194107056,-0.03937896341085434,0.12204742431640625,0.0
-0.03102857433259487,0.040505435317754745,0.024446189403533936,-0.05540202185511589,0.14030703902244568,0.0
0.015471717342734337,-0.04539607837796211,0.005602026358246803,-0.22524209320545197,0.009330173023045063,0.0
0.0007740375585854053,-0.034907884895801544,0.015036643482744694,-0.08145831525325775,0.29004088044166565,0.0
-0.062455084174871445,0.02995787374675274,0.019944865256547928,-0.0549219474196434,0.07411603629589081,0.0
-0.051373887807130814,0.009987018071115017,0.0071509587578475475,-0.038747597485780716,0.13064752519130707,0.0
0.04106806963682175,-0.0336545966565609,0.01574036292731762,-0.15669499337673187,0.07334841787815094,0.0
-0.043098412454128265,0.012071128003299236,0.024450331926345825,-0.041514404118061066,0.14334531128406525,0.0
0.02133035846054554,0.04867789149284363,0.01951119676232338,-0.07825156301259995,0.2792860269546509,0.0
-0.04136629402637482,0.023877864703536034,0.019559992477297783,-0.013255688361823559,0.06419207900762558,0.0
0.042080048471689224,-0.08037539571523666,-0.0002544778399169445,-0.19433559477329254,-0.03878263756632805,0.0
-0.04262697324156761,-0.0018792427144944668,0.004651830997318029,-0.017171470448374748,0.2945011258125305,0.0
-0.03961488977074623,0.07629001140594482,0.01673305034637451,-0.0229350533336401,0.04677940532565117,0.0
-0.06572660058736801,0.06684403121471405,0.015536580234766006,-0.07894464582204819,0.05434604734182358,0.0
0.02882583811879158,-0.03869587182998657,0.011302256025373936,-0.22367003560066223,-0.061498962342739105,0.0
0.006496971007436514,-0.06512054055929184,-0.012845121324062347,-0.20606620609760284,0.007416698150336742,0.0
-0.03798231855034828,-0.08939944952726364,-0.006491099484264851,-0.2326762080192566,-0.0661514475941658,0.0
0.00040512255509383976,-0.05256514996290207,-0.019508926197886467,0.04330316558480263,-0.1476888358592987,0.0
0.03985936939716339,-0.03792449086904526,-0.011900143697857857,0.0898486077785492,0.0019073132425546646,0.0
-0.002240398433059454,-0.047450244426727295,-0.014203432947397232,-0.03265142813324928,0.09873805940151215,0.0
0.024975841864943504,-0.10047866404056549,-0.009931905195116997,-0.22519396245479584,-0.1631793975830078,0.0
-0.04736191779375076,-0.016786795109510422,-0.02480994164943695,-0.03792887181043625,0.052511438727378845,0.0
0.01136371586471796,-0.0349612794816494,-0.011602496728301048,-0.018923703581094742,0.34025079011917114,0.0
0.047285743057727814,-0.028819050639867783,0.017460385337471962,-0.04824162274599075,-0.05981052294373512,0.0
-0.010072721168398857,-0.09169654548168182,-0.017499420791864395,-0.01032092235982418,-0.2052990347146988,0.0
-0.0014502097619697452,-0.07919377833604813,-0.01378356758505106,0.08260706067085266,-0.17005757987499237,0.0
-0.007004305720329285,-0.046833883970975876,-0.0027314459439367056,0.08319808542728424,-0.1665877103805542,0.0
-0.0202405396848917,-0.05187056213617325,-0.027022337540984154,0.0918707400560379,-0.13047586381435394,0.0
0.08004850149154663,-0.03969767689704895,0.008745674043893814,-0.1786101758480072,0.10247587412595749,0.0
-0.053984712809324265,-0.03355076536536217,-0.032613079994916916,-0.011150483973324299,0.05324836075305939,0.0
-0.03732047975063324,-0.03831692785024643,0.01488333661109209,-0.0039273337461054325,-0.005969257093966007,0.0
-0.007057658862322569,-0.02982999198138714,0.017101876437664032,0.040157970041036606,-0.06621026247739792,0.0
-0.013493683189153671,-0.114812932908535,-0.018779074773192406,-0.048856545239686966,-0.17704364657402039,0.0
-0.03606414422392845,-0.0915280133485794,-0.014295041561126709,-0.02557126246392727,-0.20076262950897217,0.0
0.02439422346651554,-0.02121412567794323,0.007808055263012648,-0.03249822184443474,0.043919309973716736,0.0
-0.030850332230329514,-0.049049440771341324,-0.006603861693292856,-0.037594228982925415,0.05297836661338806,0.0
0.05581243336200714,0.026657765731215477,0.005993179976940155,-0.041525885462760925,-0.013351469300687313,0.0
0.052358441054821014,0.021443314850330353,0.020954107865691185,-0.03598589450120926,0.0017170358914881945,0.0
0.044343333691358566,0.016113201156258583,0.03281534090638161,-0.04520608112215996,-0.0641937106847763,0.0
0.0011608920758590102,0.0199414249509573,0.022625338286161423,-0.04229389503598213,-0.059464916586875916,0.0
0.0007453550351783633,-0.019827257841825485,0.018863072618842125,-0.03369190916419029,-0.040751807391643524,0.0
-0.014010146260261536,0.04806538671255112,0.018811337649822235,0.09546098858118057,0.00016371988749597222,0.0
0.02953425608575344,0.11514729261398315,0.004784692078828812,0.08974699676036835,-0.00936893280595541,0.0
-0.03332502022385597,0.09735935926437378,0.007013397291302681,0.061309896409511566,0.021085575222969055,0.0
0.0105972271412611,-0.03364555165171623,0.009327088482677937,-0.03711900860071182,-0.02481473982334137,0.0
-0.04524144157767296,0.014072148129343987,0.03699781745672226,0.00465458445250988,-0.11533033847808838,0.0
-0.053275831043720245,0.10521237552165985,0.010611573234200478,-0.0387185737490654,-0.0744420737028122,0.0
0.04548506811261177,0.015638474375009537,0.00804848037660122,0.06476335227489471,-0.044918086379766464,0.0
0.013683123514056206,0.01192131731659174,0.009058604948222637,0.04849647730588913,-0.03287719935178757,0.0
-0.045941270887851715,0.061607033014297485,0.02348649688065052,-0.05650137737393379,-0.05800054594874382,0.0
0.07314956933259964,0.08247946202754974,0.03090015985071659,-0.06468331068754196,-0.05620661377906799,0.0
0.004923796746879816,0.026276132091879845,0.02745702862739563,0.06312405318021774,0.012959918938577175,0.0
-0.05548391863703728,0.06678792834281921,0.029313750565052032,0.10848075151443481,0.04684271290898323,0.0
0.051845867186784744,0.01894468627870083,0.013079509139060974,-0.040592800825834274,-0.04995660483837128,0.0
0.020369650796055794,0.02807094156742096,0.03801608085632324,0.019042136147618294,-0.08516868948936462,0.0
0.06293486803770065,0.002410992281511426,0.02067888341844082,0.12509113550186157,-0.06660190224647522,0.0
0.03355610370635986,-0.02435428276658058,0.038898054510354996,0.14764508605003357,-0.05884735658764839,0.0
0.013232484459877014,0.07357034832239151,0.032045330852270126,0.058762550354003906,-0.06088728457689285,0.0
0.03636900708079338,0.01606263592839241,-0.007909088395535946,0.027935735881328583,-0.018222564831376076,0.0
-0.04753677546977997,-0.017095135524868965,-0.02955807000398636,0.12430106103420258,-0.04021883383393288,0.0
-0.046990904957056046,0.033193524926900864,-0.010339080356061459,0.0224355086684227,0.038766734302043915,0.0
-0.02794433943927288,0.07743335515260696,-0.02047758363187313,0.06861788034439087,0.05936906486749649,0.0
0.04317920655012131,0.02362821064889431,-0.01389036700129509,0.023523274809122086,0.04940701276063919,0.0
-0.05327796936035156,-0.00218820758163929,0.0035811844281852245,0.04853823408484459,-0.051630567759275436,0.0
0.07397687435150146,0.017657652497291565,0.017922764644026756,0.03982715681195259,0.0008102593710646033,0.0
0.02324293553829193,0.008190439082682133,0.01996941678225994,0.03774101287126541,0.0004502589290495962,0.0
0.013714039698243141,0.0186429675668478,0.0039774090982973576,0.02365127019584179,0.05399354547262192,0.0
0.0576489232480526,0.029382698237895966,-0.00045005467836745083,0.1304103583097458,0.04561217501759529,0.0
-0.01611638255417347,0.012250295840203762,-0.0023483550176024437,0.0648035854101181,-0.020497184246778488,0.0
-0.00399083411321044,-0.04375565052032471,0.004751255735754967,0.062096260488033295,-0.027673231437802315,0.0
0.014979950152337551,-0.029101544991135597,0.04828585311770439,0.04941796883940697,-0.02532775327563286,0.0
0.05383320897817612,-0.030278280377388,0.034480493515729904,0.051709774881601334,-0.042508456856012344,0.0
0.007834143936634064,-0.03107847087085247,0.024133291095495224,-0.01195860467851162,-0.053898707032203674,0.0
-0.004403784871101379,-0.02256101928651333,0.02754487842321396,0.051127076148986816,-0.041881952434778214,0.0
0.06310171633958817,0.01499495655298233,0.035338982939720154,0.07077841460704803,-0.038592517375946045,0.0
0.02891889214515686,0.040370289236307144,0.03866897150874138,0.07551026344299316,0.007142417598515749,0.0
-0.04732932895421982,0.03893449902534485,0.026271982118487358,0.05301943048834801,-0.05568163841962814,0.0
0.00984249822795391,0.012078573927283287,0.03779970109462738,0.08377384394407272,-0.03555005416274071,0.0
-0.04694560542702675,0.008364351466298103,0.01722371019423008,0.045638833194971085,-0.004690544214099646,0.0
0.02542238123714924,-0.032107580453157425,0.010538560338318348,0.053799230605363846,0.0397195965051651,0.0
-0.0027739726938307285,-0.0009837907273322344,-0.005085750948637724,0.06827376782894135,-0.04677416756749153,0.0
-0.036078210920095444,0.04833749681711197,0.003983468748629093,0.11459752172231674,-0.023420333862304688,0.0
-0.03956777602434158,0.040296103805303574,0.0038627455942332745,0.10720853507518768,-0.01844164915382862,0.0
0.013007856905460358,-0.000663913378957659,-0.024635205045342445,0.04190346971154213,-0.03817126154899597,0.0
0.03985682129859924,-0.05426226928830147,-0.011770357377827168,0.07762284576892853,0.0035232577938586473,0.0
0.01037635002285242,-0.05100245028734207,-0.024664027616381645,0.08534872531890869,0.05329100415110588,0.0
0.042160049080848694,-0.03036024235188961,0.01888374052941799,0.04902145639061928,-0.057540155947208405,0.0
-0.0014763851650059223,-0.034409016370773315,0.011799074709415436,-0.04925467446446419,-0.007764155976474285,0.0
0.006976535078138113,0.008001694455742836,-0.0726766586303711,-0.0592401847243309,-0.1691201627254486,0.0
-0.011459806002676487,-0.03382806479930878,-0.0271132942289114,-0.04825999587774277,-0.0415215902030468,0.0
-0.053936667740345,0.038510728627443314,-0.002363120671361685,-0.04725205525755882,-0.029667479917407036,0.0
-0.041604142636060715,0.0709696114063263,0.003907181788235903,-0.048917923122644424,-0.08056402951478958,0.0
0.002177676884457469,0.016359910368919373,-0.006446461193263531,-0.03123306669294834,-0.0764850378036499,0.0
-0.042049992829561234,0.015247540548443794,-0.013083581812679768,-0.03698475658893585,-0.011167318560183048,0.0
0.0013318525161594152,-0.0311033446341753,-0.05908821150660515,-0.044960957020521164,-0.1354140341281891,0.0
-0.015099888667464256,-0.040855903178453445,-0.03600476309657097,0.029368599876761436,0.08205268532037735,0.0
-0.0087925735861063,-0.04316446930170059,-0.014066498726606369,-0.012502681463956833,0.07860168814659119,0.0
0.048068348318338394,-0.011953516863286495,0.012243188917636871,-0.052322868257761,-0.12670139968395233,0.0
-0.0025291095953434706,0.034951794892549515,0.0016422969056293368,-0.022784588858485222,-0.1263282150030136,0.0
-0.04306262731552124,0.10961174219846725,-0.019123965874314308,-0.02317340299487114,-0.072913758456707,0.0
-0.047578319907188416,6.70484805596061e-05,-0.027289139106869698,-0.05226290971040726,-0.15002824366092682,0.0
-0.0350760854780674,0.0870920717716217,0.033184587955474854,-0.019440626725554466,-0.07952938973903656,0.0
-0.03821855038404465,0.07600264251232147,-0.024194059893488884,-0.07242277264595032,-0.07005855441093445,0.0
-0.013247374445199966,0.11092565208673477,-0.004208052530884743,0.09438778460025787,0.07424264401197433,0.0
-0.03176811710000038,0.10111487656831741,0.001904455479234457,-0.01748804561793804,-0.1199372261762619,0.0
0.0291639044880867,-0.005404694005846977,-0.016721386462450027,0.03828214481472969,-0.05168452858924866,0.0
0.0010739356512203813,-0.0386018231511116,0.011619525030255318,0.04259811341762543,-0.11799735575914383,0.0
-0.0035654667299240828,0.016722362488508224,0.006730717606842518,0.06990496814250946,-0.071623295545578,0.0
-0.0012561794137582183,-0.04625168442726135,0.016535000875592232,0.003833469469100237,-0.0790175348520279,0.0
-0.0006447397754527628,0.005102624651044607,0.0067930095829069614,0.04794854670763016,-0.04459024965763092,0.0
0.05108754709362984,-0.029200904071331024,0.013967716135084629,0.06135839596390724,-0.06978447735309601,0.0
0.00531218945980072,0.00852322019636631,0.007793382275849581,0.038066450506448746,-0.013079829514026642,0.0
0.001936787855811417,0.024915024638175964,0.010270663537085056,0.04494573920965195,-0.01964118890464306,0.0
-0.005544908344745636,-0.03711693361401558,0.009232639335095882,0.05469566956162453,-0.05788836255669594,0.0
-0.009580726735293865,0.0035776011645793915,-0.00644291378557682,0.057716794312000275,-0.06935272365808487,0.0
0.028368011116981506,-0.03892254829406738,0.0021635075099766254,0.06936422735452652,-0.11142829060554504,0.0
-0.003020560834556818,-0.03510960564017296,0.0168220866471529,0.04399638622999191,-0.09559827297925949,0.0
0.023556862026453018,-0.019216321408748627,-0.001226441585458815,0.050127435475587845,-0.07740018516778946,0.0
-0.0183230172842741,-0.040841419249773026,0.015844307839870453,0.055159807205200195,-0.11007362604141235,0.0
-0.008988344110548496,-0.006560973357409239,-0.02500448189675808,0.07012656331062317,-0.11420951783657074,0.0
0.05411800369620323,-0.04212752357125282,-0.02966613695025444,0.056384555995464325,-0.07951122522354126,0.0
-0.004560024477541447,-0.02599259652197361,-0.0021688456181436777,0.03983175754547119,-0.06596379727125168,0.0
-0.001686885952949524,-0.02956342324614525,0.009571142494678497,0.0685143917798996,-0.11553759127855301,0.0
-0.0008972252253443003,0.01134312991052866,0.017377568408846855,0.05160144343972206,-0.019445182755589485,0.0
-0.03567413613200188,-0.03717781975865364,-0.017483895644545555,0.07026595622301102,-0.0014786880929023027,0.0
-0.0013807553332298994,0.025664756074547768,-0.015372663736343384,0.062021516263484955,0.014359118416905403,0.0
-0.011305157095193863,0.00953044556081295,0.017584679648280144,0.0455520860850811,-0.024813227355480194,0.0
0.001355029409751296,-0.012820045463740826,-0.031077563762664795,0.059347786009311676,-0.0030823848210275173,0.0
-0.002253149636089802,0.01824544556438923,0.0019595217891037464,0.043459679931402206,-0.015457016415894032,0.0
0.0035100984387099743,0.025124086067080498,0.01275154110044241,0.05758696794509888,-0.05316183343529701,0.0
0.003086018143221736,0.015965398401021957,0.0467088483273983,0.06822638213634491,-0.028905624523758888,0.0
0.0118578365072608,0.029692059382796288,-0.008542799390852451,0.04998180270195007,-0.0056740399450063705,0.0
0.017482930794358253,0.03748873993754387,0.010672044940292835,0.03467440605163574,-0.14723998308181763,0.0
-0.013536394573748112,-0.03714047744870186,0.0216483473777771,0.03723544627428055,-0.1673600673675537,0.0
0.05990911275148392,0.02682928554713726,-0.010378861799836159,0.045205749571323395,-0.1431221067905426,0.0
-0.000740734045393765,-0.06685134768486023,-0.0029933664482086897,0.04306233674287796,-0.07522161304950714,0.0
0.035482510924339294,-0.03879106417298317,-0.056812774389982224,0.04963917285203934,-0.09568028897047043,0.0
0.0025519365444779396,0.016654711216688156,0.017883241176605225,0.047651417553424835,-0.0639396533370018,0.0
0.005769773852080107,0.013465586118400097,0.02619640715420246,0.07710950076580048,0.04819527268409729,0.0
-0.06069076061248779,0.021876167505979538,0.015265950933098793,0.05398303270339966,-0.06459681689739227,0.0
-0.004570963326841593,-0.02820725180208683,0.008217197842895985,0.03534812107682228,-0.07635106146335602,0.0
0.011568442918360233,-0.015528771094977856,0.03259226307272911,0.04047241061925888,-0.06262365728616714,0.0
-0.008725917898118496,-0.038362134248018265,0.011935025453567505,0.048335492610931396,-0.07754906266927719,0.0
-0.04568063095211983,0.012595470063388348,0.014909380115568638,0.058662910014390945,-0.07479474693536758,0.0
-0.055549804121255875,0.01940680854022503,-0.0030116522684693336,0.0535096637904644,-0.07719513773918152,0.0
-0.043920259922742844,0.03770354017615318,0.007886942476034164,0.04932631552219391,-0.007080403156578541,0.0
-0.061480119824409485,0.0004614809586200863,0.023283815011382103,0.04493054747581482,-0.01819128729403019,0.0
-0.009460553526878357,-0.04449618235230446,0.0010251121129840612,0.060610461980104446,-0.04165772348642349,0.0
-0.05996309593319893,0.0024762717075645924,0.0049873050302267075,0.053339749574661255,-0.016255132853984833,0.0
-0.04895124211907387,-0.02913868986070156,0.0015783774433657527,0.03855937346816063,-0.025810254737734795,0.0
-0.009523164480924606,-0.039045300334692,0.006397525314241648,0.04060786962509155,-0.015807516872882843,0.0
-0.058289989829063416,-0.0390193909406662,-0.004231149330735207,0.040849581360816956,-0.05063251405954361,0.0
-0.0026210169307887554,-0.03578253090381622,0.008195324800908566,0.043114226311445236,-0.004833405837416649,0.0
-0.0033265037927776575,-0.03765520825982094,-0.0030939735006541014,0.04104781523346901,-0.0010552643798291683,0.0
-0.01715622842311859,-0.03468630090355873,-0.005141798872500658,0.05318129062652588,-0.009646819904446602,0.0
0.03935602307319641,0.04873044788837433,0.007811688352376223,0.08049401640892029,-0.0488688200712204,0.0
0.04824329912662506,0.048811011016368866,0.0006768876919522882,0.06025072559714317,-0.12968511879444122,0.0
0.028092844411730766,-0.03320440277457237,0.02634786069393158,0.052844274789094925,-0.13599884510040283,0.0
0.02628236450254917,0.019258782267570496,0.015124250203371048,0.06396932154893875,-0.13053303956985474,0.0
0.0020378967747092247,-0.013222262263298035,0.019504502415657043,0.05473172664642334,-0.15974310040473938,0.0
0.010248491540551186,-0.03758537769317627,-0.030381882563233376,0.0547483004629612,-0.03149945288896561,0.0
0.02965301088988781,-0.028142757713794708,-0.01575304940342903,0.06163478642702103,-0.13081365823745728,0.0
0.019835013896226883,-0.03235391899943352,-0.009717786684632301,0.04626675695180893,-0.04156597703695297,0.0
-0.003689781529828906,-0.04933087155222893,-0.0431649275124073,0.057618893682956696,-0.0814778283238411,0.0
-0.024546222761273384,-0.04044175148010254,-0.01988842897117138,0.053823210299015045,0.032121408730745316,0.0
-0.03213084116578102,-0.026357946917414665,0.014758564531803131,0.05497071519494057,-0.14225496351718903,0.0
-0.008337778970599174,-0.0022625704295933247,-0.004665389657020569,0.04171723127365112,-0.11010763049125671,0.0
-0.010274410247802734,-0.027184544131159782,0.011788081377744675,0.048540838062763214,-0.12292421609163284,0.0
0.021618010476231575,-0.04627455025911331,0.00046086529619060457,0.03726924955844879,-0.06991062313318253,0.0
-0.013148120604455471,-0.023246342316269875,-0.009037108160555363,0.04428587481379509,0.004145283252000809,0.0
0.04280842840671539,-0.03008507937192917,0.014825939200818539,0.0524633452296257,-0.05829232931137085,0.0
0.002385724801570177,-0.0347631573677063,0.005804901942610741,0.04048975184559822,-0.01874474622309208,0.0
-0.03913387283682823,-0.03287608548998833,0.007371223531663418,0.0355425588786602,-0.05843380093574524,0.0
0.036081619560718536,-0.03801264613866806,0.012967844493687153,0.04144122451543808,-0.06520985066890717,0.0
0.047523923218250275,-0.040282949805259705,0.010621159337460995,0.04935406893491745,-0.05278812721371651,0.0
-0.05224640667438507,-0.03134974464774132,0.006455679424107075,0.054398395121097565,-0.06242077425122261,0.0
0.04366748780012131,-0.010587804019451141,-0.002985746134072542,0.05956427752971649,-0.020531080663204193,0.0
-0.04368923604488373,-0.03419491648674011,0.0045860204845666885,0.045914437621831894,-0.06650929898023605,0.0
-0.006480031181126833,-0.029465600848197937,0.011831150390207767,0.03987203165888786,-0.07937202602624893,0.0
-0.042619746178388596,-0.01082478929311037,0.007483286317437887,0.013365195132791996,-0.06274378299713135,0.0
-0.042301204055547714,0.014954017475247383,0.0015789340250194073,0.012261911295354366,-0.05005861818790436,0.0
-0.024144018068909645,0.10289546102285385,0.03393970802426338,0.04930419102311134,-0.06496020406484604,0.0
-0.04437825828790665,0.01466367393732071,0.017979783937335014,-0.01335123460739851,0.003029601415619254,0.0
-0.04585300013422966,-0.015290336683392525,0.004990122281014919,0.03926004469394684,-0.06636202335357666,0.0
-0.008081086911261082,-0.04001035913825035,-0.0010194411734119058,-0.011000759899616241,-0.0344773605465889,0.0
-0.04861170053482056,0.007271280512213707,0.0344402976334095,0.03854401037096977,0.014792248606681824,0.0
0.006727213505655527,0.0038258375134319067,0.013848071917891502,0.046227503567934036,-0.017194388434290886,0.0
-0.054961685091257095,0.011583283543586731,0.014889048412442207,-0.019210010766983032,0.050964243710041046,0.0
-0.07143475115299225,-0.014938987791538239,-0.00997646152973175,-0.027831515297293663,0.04133177176117897,0.0
-0.034214481711387634,0.07223552465438843,0.03114319033920765,0.06271820515394211,-0.006005971692502499,0.0
-0.06795528531074524,0.011734606698155403,0.014085277915000916,0.023100998252630234,-0.05729278549551964,0.0
-0.05380996689200401,0.03423422574996948,-0.009717298671603203,-0.01102498173713684,0.03232189640402794,0.0
-0.03818938881158829,0.023235775530338287,9.105197023018263e-06,0.03787335753440857,0.04645167663693428,0.0
0.002647056709975004,-0.015331381931900978,0.020422136411070824,0.07153105735778809,-0.017434116452932358,0.0
-0.039271533489227295,0.014208316802978516,0.023251274600625038,0.044941600412130356,0.018969476222991943,0.0
-0.06263360381126404,-0.007114690262824297,0.006807423662394285,0.05699032545089722,-0.04760458320379257,0.0
0.010424514301121235,0.012902413494884968,0.014300407841801643,0.04716411605477333,0.04862713813781738,0.0
-0.004597985651344061,-0.04373976215720177,-0.005376010201871395,-0.002697140211239457,-0.0054451655596494675,0.0
0.05964292585849762,-0.03903608396649361,0.012527618557214737,0.059990011155605316,-0.02619677595794201,0.0
-0.08720578253269196,0.024471454322338104,-0.013994206674396992,0.03172855079174042,0.034464526921510696,0.0
-0.03749702870845795,0.09440076351165771,0.011054025031626225,0.07683344930410385,0.024465493857860565,0.0
-0.03726090118288994,0.04379639774560928,0.03582345321774483,0.08739639073610306,0.007643365301191807,0.0
0.05779257044196129,0.03808445483446121,0.008719194680452347,0.05592833459377289,-0.06484749168157578,0.0
-0.04451247677206993,0.014464771375060081,0.009843415580689907,0.061081040650606155,0.008425053209066391,0.0
-0.010457479394972324,0.1051587164402008,0.011197472922503948,0.06722638756036758,0.0023527508601546288,0.0
0.006874027196317911,-0.061854105442762375,-0.01245152484625578,0.006180959288030863,0.015461359173059464,0.0
-0.0013070086715742946,0.01835472323000431,0.021192168816924095,0.004723504651337862,-0.07704795151948929,0.0
0.0058046067133545876,0.10192259401082993,0.01997598260641098,0.04800508916378021,-0.10645872354507446,0.0
-0.017475439235568047,0.01052219420671463,0.016498493030667305,0.05696970596909523,-0.053752075880765915,0.0
-0.03824983909726143,0.041786547750234604,0.05751010775566101,0.05916953459382057,-0.11387258768081665,0.0
0.012947081588208675,0.01935938186943531,0.02976868860423565,0.05267460644245148,0.016705676913261414,0.0
0.011101498268544674,0.024922871962189674,0.04829055443406105,0.05027664452791214,-0.06364215910434723,0.0
-0.05092765390872955,0.051137372851371765,0.007848024368286133,0.02886233665049076,-0.05932626500725746,0.0
-0.003936870023608208,-0.023015419021248817,0.01644325442612171,-0.0029924253467470407,-0.028344538062810898,0.0
0.002839460037648678,0.013913546688854694,0.033254388719797134,-0.0011275248834863305,-0.057415593415498734,0.0
0.02190266363322735,0.014783010818064213,0.012631869874894619,0.01813279278576374,-0.06608609855175018,0.0
-0.005094789434224367,-0.019817225635051727,0.016362439841032028,-0.004062739200890064,-0.04483582824468613,0.0
-0.03772672265768051,0.0011906357249245048,0.047263965010643005,-0.003979163244366646,-0.09405356645584106,0.0
-0.012898021377623081,0.08964105695486069,0.029789283871650696,0.012761974707245827,-0.10587392002344131,0.0
0.0217828880995512,0.016888625919818878,0.008024957962334156,-0.0010222842684015632,-0.11448459327220917,0.0
-0.06837810575962067,0.05711344629526138,0.001489866990596056,-0.011050354689359665,-0.06175125762820244,0.0
-0.04952141270041466,0.07862339913845062,0.010958518832921982,-0.011867806315422058,-0.1278986632823944,0.0
0.07608199864625931,0.03621259704232216,0.017289752140641212,-0.014774050563573837,-0.14463849365711212,0.0
-0.002056791912764311,0.006516220048069954,0.03121507540345192,-0.0030373733025044203,-0.06298159807920456,0.0
-0.04060482606291771,0.09324739128351212,0.020683296024799347,-0.018930520862340927,-0.1506918966770172,0.0
-0.014439240097999573,0.09164890646934509,0.02107761800289154,-0.011829008348286152,-0.06343531608581543,0.0
0.0003897445276379585,-0.02547517418861389,-0.010037391446530819,-0.009443534538149834,0.003111516823992133,0.0
-0.0019914733711630106,-0.025096429511904716,0.06483296304941177,-0.009618397802114487,-0.060026220977306366,0.0
0.006313823163509369,0.024568254128098488,-0.022219635546207428,-0.011143910698592663,-0.06242384389042854,0.0
0.009116331115365028,0.005448976065963507,-0.022883296012878418,-0.0018964912742376328,0.008995071053504944,0.0
-0.01947459951043129,0.005156301893293858,-0.03229706361889839,-0.010023688897490501,0.010163777507841587,0.0
-0.05102916061878204,0.027764052152633667,0.02471315488219261,-0.0015706649282947183,-0.06805632263422012,0.0
-0.04327721148729324,0.0772574245929718,0.011841465719044209,-0.0040747118182480335,-0.1181616485118866,0.0
-0.004405084997415543,0.01944761537015438,0.0266471765935421,-0.010336808860301971,-0.13717959821224213,0.0
-0.05572046339511871,-0.020205754786729813,0.03232083097100258,-0.008468697778880596,-0.07434450089931488,0.0
-0.011975733563303947,0.08593790978193283,-0.015605381689965725,0.008814877830445766,-0.03758925572037697,0.0
0.01903555355966091,0.11264768987894058,0.02097521349787712,-0.005356293171644211,-0.07188111543655396,0.0
0.009501327760517597,0.13533122837543488,0.02035105787217617,6.170685810502619e-05,0.018386829644441605,0.0
0.0010413862764835358,0.02520897053182125,0.033946678042411804,0.009090901352465153,0.006773604080080986,0.0
0.0008433235343545675,-0.01074814423918724,0.04394456371665001,-0.010573750361800194,-0.05724255368113518,0.0
0.003620459232479334,0.03313244506716728,0.03485579416155815,-0.000980933546088636,-0.06814001500606537,0.0
0.0025912602432072163,0.013777829706668854,0.022155914455652237,0.0015973151894286275,-0.08733974397182465,0.0
-0.00561226112768054,0.013038001023232937,0.01507064513862133,-0.0005468502640724182,-0.09936173260211945,0.0
-0.010276434943079948,0.006076592952013016,0.049068283289670944,0.0030415707733482122,-0.03736592084169388,0.0
-0.029674004763364792,0.025267550721764565,0.02080652490258217,-0.0004946838016621768,-0.06287342309951782,0.0
-0.017015637829899788,0.0760372057557106,-0.010016347281634808,0.007076845970004797,-0.04973312467336655,0.0
0.014056069776415825,0.0975722149014473,0.02707424759864807,-0.024270670488476753,-0.019406059756875038,0.0
0.0035993994679301977,0.1021038144826889,-0.017901303246617317,0.0027078757993876934,-0.016987496986985207,0.0
-0.014519378542900085,0.05766703933477402,0.046417612582445145,0.0029810869600623846,-0.021392308175563812,0.0
-0.01121077872812748,0.04963970184326172,0.004982008598744869,0.001430800068192184,-0.008647866547107697,0.0
-0.017301689833402634,0.10092873871326447,0.06363102048635483,-0.004572459962219,-0.0030868789181113243,0.0
-0.0010178707307204604,0.04477647319436073,0.033877402544021606,-0.001998489024117589,0.01075874362140894,0.0
0.004189752507954836,0.03823542967438698,-0.02624197117984295,-0.02505347691476345,-0.0644739419221878,0.0
-0.0007901359349489212,0.01630624197423458,0.012252721935510635,0.0018013794906437397,-0.019480299204587936,0.0
0.03980287164449692,0.05876898020505905,-0.005971814040094614,0.001760586746968329,0.020104385912418365,0.0
0.010982303880155087,0.01820254698395729,-0.008430596441030502,-0.02034718170762062,0.03750644251704216,0.0
-0.0024630872067064047,0.010075269266963005,-0.019349977374076843,-0.01740901917219162,-0.011754093691706657,0.0
0.044964998960494995,0.04322892054915428,-0.07578670233488083,-0.035476695746183395,-0.05761822685599327,0.0
-0.004534368868917227,0.09412223100662231,0.023407673463225365,-0.011040391400456429,0.0040318020619452,0.0
0.012852643616497517,0.1081196591258049,0.001650907564908266,-0.039833348244428635,-0.06428004056215286,0.0
-0.00626878859475255,0.01804589293897152,0.017803600057959557,-0.005592170637100935,-0.041603948920965195,0.0
-0.001339099952019751,0.03622479364275932,0.011915967799723148,-0.007460248190909624,-0.06946687400341034,0.0
0.044437650591135025,-0.045078907161951065,0.009375256486237049,-0.008034942671656609,0.006876475643366575,0.0
0.028073761612176895,-0.03438441455364227,-0.005547045264393091,-0.00014256002032198012,-0.04204591363668442,0.0
-0.04974237456917763,-0.04428572580218315,-0.006167029496282339,-0.011272920295596123,-0.06400814652442932,0.0
0.004936416633427143,0.049499839544296265,0.001771382987499237,-0.011626729741692543,-0.05057118833065033,0.0
0.0608053095638752,-0.0005609965301118791,-0.0071112895384430885,-0.002878959756344557,-0.04138841852545738,0.0
0.048250533640384674,-0.04430273547768593,-0.0028908448293805122,-0.06190747022628784,-0.057392340153455734,0.0
0.029411735013127327,0.014963422901928425,-0.02248973213136196,-0.038121480494737625,-0.0665893480181694,0.0
0.031065596267580986,0.017827685922384262,0.005113707855343819,-0.035411424934864044,-0.01560619194060564,0.0
0.009199199266731739,0.004520629532635212,-0.021815482527017593,-0.04166077449917793,-0.06773626804351807,0.0
0.0423114039003849,0.024391522631049156,-0.05122906714677811,-0.054908186197280884,-0.1262008398771286,0.0
0.03150879219174385,0.016985340043902397,-0.0013736425898969173,-0.04070749506354332,-0.12206507474184036,0.0
0.021132061257958412,-0.03498924523591995,-0.019193341955542564,-0.03700215741991997,-0.07628490030765533,0.0
0.004451171029359102,0.04240172356367111,-0.022642066702246666,-0.04932783171534538,-0.07365730404853821,0.0
0.004576016683131456,0.025780541822314262,-0.021252386271953583,-0.048602424561977386,-0.07393220067024231,0.0
-0.04578801989555359,0.031346045434474945,-0.011295659467577934,-0.0366659089922905,-0.06928658485412598,0.0
-0.0022644188720732927,0.01669757440686226,-0.014542926102876663,-0.03564288467168808,-0.07198914885520935,0.0
-0.027912667021155357,0.0382654033601284,-0.009518956765532494,-0.04067433252930641,-0.12900903820991516,0.0
0.010538319125771523,0.03342064470052719,0.004074630793184042,-0.043474338948726654,-0.05214841291308403,0.0
-0.025308391079306602,-0.03640349581837654,-0.04191301763057709,-0.046173498034477234,-0.12732702493667603,0.0
0.0014561027055606246,0.021681971848011017,0.02826777845621109,-0.042755600064992905,-0.13579393923282623,0.0
0.002446109661832452,0.07768508791923523,0.01942666433751583,-0.053312622010707855,-0.1483963131904602,0.0
-0.034476883709430695,0.05575050786137581,-0.028136475011706352,-0.04168573394417763,-0.06498640775680542,0.0
-0.038532186299562454,0.09120691567659378,-0.018558122217655182,-0.04004775360226631,-0.11488278210163116,0.0
-0.04206104204058647,0.05239966884255409,-0.016042442992329597,-0.0563359372317791,-0.04883303865790367,0.0
-0.02830534242093563,0.012255847454071045,-0.029470086097717285,-0.009464154951274395,-0.09632762521505356,0.0
0.05097602680325508,0.033516835421323776,0.026771096512675285,-0.008933378383517265,-0.04616912081837654,0.0
-0.033043764531612396,0.08550553023815155,0.03328486904501915,0.0040002730675041676,-0.06579585373401642,0.0
-0.00885060802102089,0.010289973579347134,0.05989384651184082,-0.00572834350168705,-0.04544120281934738,0.0
-0.0685674175620079,0.06032566353678703,0.038576312363147736,-0.011388496495783329,-0.04509730264544487,0.0
-0.03296351432800293,0.03699013218283653,-0.0026888647116720676,0.005319767165929079,-0.10015258193016052,0.0
-0.040351223200559616,0.043172258883714676,-0.008289801888167858,-0.005201500840485096,-0.07474297285079956,0.0
-0.047419752925634384,0.08106762170791626,-0.023699520155787468,-0.016570700332522392,-0.05616670474410057,0.0
0.04740079119801521,-0.022236784920096397,0.009784488007426262,-0.0406159982085228,-0.08012703061103821,0.0
0.02868150733411312,-0.0270828977227211,0.014642726629972458,-0.04213400185108185,-0.08054553717374802,0.0
-0.01252783089876175,0.05851275473833084,0.0070547848008573055,-0.04760586842894554,-0.11583525687456131,0.0
-0.039309024810791016,0.10744480788707733,-0.008423556573688984,-0.05234001949429512,-0.13234925270080566,0.0
-0.0024431513156741858,0.10132657736539841,0.01855603978037834,-0.05249854177236557,-0.12403959035873413,0.0
0.0010502910008653998,0.01443682424724102,0.02364407293498516,-0.043452344834804535,-0.07773428410291672,0.0
0.003536402713507414,0.04080066457390785,-0.00034040590981021523,-0.047589533030986786,-0.0558171309530735,0.0
-0.026352576911449432,0.02232971601188183,0.008015108294785023,-0.0031778232660144567,-0.05901797488331795,0.0
0.04908723011612892,-0.07173117250204086,-0.05077727511525154,-0.013927610591053963,-0.08072838187217712,0.0
0.054868556559085846,-0.04361065849661827,-0.04911470785737038,-0.023809893056750298,-0.06358174979686737,0.0
0.025255102664232254,-0.07971063256263733,-0.06223795562982559,-0.025094205513596535,-0.07580702006816864,0.0
0.03970792517066002,-0.07958699017763138,-0.05092272907495499,-0.04007510095834732,-0.07128909230232239,0.0
-0.001268211635760963,-0.033993639051914215,-0.02212578058242798,-0.008021384477615356,-0.055931560695171356,0.0
0.004666783846914768,-0.07501070201396942,-0.06205814704298973,-0.032940033823251724,-0.04918752238154411,0.0
0.012950887903571129,-0.06843085587024689,-0.05119752511382103,-0.013411625288426876,-0.059580326080322266,0.0
-0.01632259227335453,-0.04551827535033226,-0.034956905990839005,-0.04819229245185852,-0.03790144622325897,0.0
0.03845279663801193,-0.04053131863474846,-0.0004710885987151414,0.06171785667538643,-0.08185015618801117,0.0
0.01593935862183571,-0.012870019301772118,-0.038874752819538116,0.05982900410890579,-0.06946974247694016,0.0
0.02135445363819599,-0.04574454203248024,-0.026677651330828667,0.0486784428358078,-0.061940230429172516,0.0
0.018216172233223915,-0.03873204067349434,-0.01955367624759674,0.030493805184960365,-0.06162044033408165,0.0
0.05400225520133972,-0.022914281114935875,-0.03435662016272545,0.055852778255939484,-0.06865493953227997,0.0
0.03487396985292435,-0.046237386763095856,-0.039914291352033615,0.08771553635597229,-0.07166630029678345,0.0
0.014006262645125389,-0.015717877075076103,-0.020592348650097847,0.05441998690366745,-0.06631895154714584,0.0
0.04412374645471573,-0.037634942680597305,-0.04906659200787544,-0.04149078577756882,-0.004967636428773403,0.0
-0.022747045382857323,-0.050309356302022934,-0.037715088576078415,0.08627347648143768,-0.07885341346263885,0.0
0.03671466186642647,-0.04321921616792679,-0.049398113042116165,-0.056913796812295914,-0.06028061732649803,0.0
-0.03763821721076965,-0.043275535106658936,-0.0023051113821566105,0.09397239983081818,-0.04943215101957321,0.0
-0.013188498094677925,-0.03948003426194191,-0.007286611944437027,0.03958610072731972,-0.07508350908756256,0.0
0.001896251575089991,-0.07646477967500687,-0.05679728463292122,-0.01471626479178667,-0.057828374207019806,0.0
-0.050820574164390564,-0.013539250940084457,-0.022003361955285072,0.06386233121156693,-0.06029810383915901,0.0
0.03733900189399719,-0.07163165509700775,-0.05340513586997986,-0.040604740381240845,-0.05153193324804306,0.0
0.002610327210277319,-0.06096632406115532,-0.028187934309244156,-0.011649912223219872,-0.053068630397319794,0.0
0.03159167990088463,-0.038419242948293686,-0.05511289834976196,-0.04848545044660568,-0.07804561406373978,0.0
0.0036255111917853355,-0.05792002007365227,-0.021193651482462883,-0.041689664125442505,-0.07629076391458511,0.0
0.008327038027346134,-0.07523315399885178,-0.06425534188747406,-0.04611015319824219,-0.07968669384717941,0.0
0.029091469943523407,-0.058046579360961914,0.0007458910695277154,-0.01697765663266182,-0.04379170387983322,0.0
0.0017119370168074965,-0.077857606112957,-0.04144344478845596,-0.05676183104515076,-0.07499527931213379,0.0
-0.012241984717547894,-0.04218263179063797,-0.0228154044598341,-0.05853400006890297,-0.04822547733783722,0.0
0.0072897798381745815,-0.06562543660402298,0.005164159461855888,-0.050583600997924805,-0.08697021007537842,0.0
-0.009099004790186882,-0.05909039080142975,-0.03239402920007706,-0.035948511213064194,-0.06672731041908264,0.0
0.003537805750966072,-0.01752636209130287,-0.005349087528884411,-0.021761339157819748,-0.06855820119380951,0.0
0.00032310138340108097,-0.023347938433289528,-0.0012902767630293965,-0.012694803066551685,-0.05401712656021118,0.0
-0.005567872431129217,-0.01986810192465782,-0.030223609879612923,-0.04230912774801254,-0.0688050240278244,0.0
0.058374542742967606,-0.014488625340163708,-0.01489104051142931,-0.054057370871305466,-0.0730547308921814,0.0
-0.018073635175824165,0.03931364417076111,-0.009816695936024189,-0.057752955704927444,-0.0680989995598793,0.0
-0.03534967452287674,0.030636657029390335,0.004185857251286507,-0.042867545038461685,-0.08365655690431595,0.0
-0.03654390946030617,0.038333870470523834,0.00404340960085392,-0.062397174537181854,-0.04969197139143944,0.0
0.027210380882024765,-0.05677218735218048,-0.025291619822382927,-0.020153796300292015,-0.08049182593822479,0.0
0.06776563078165054,-0.04474988952279091,-0.010962500236928463,-0.018239734694361687,-0.05282275378704071,0.0
0.0006626700633205473,-0.04749911651015282,-0.022925598546862602,-0.021090194582939148,-0.07221239060163498,0.0
-0.04168916493654251,0.019680282101035118,-0.008918157778680325,-0.027252914384007454,-0.061992086470127106,0.0
-0.057637520134449005,0.036547962576150894,0.003993735648691654,-0.06262841075658798,-0.05434257537126541,0.0
0.00947426725178957,0.07961209118366241,0.00578621169552207,-0.03203761577606201,-0.08183325827121735,0.0
0.007826056331396103,0.04405956342816353,0.024340610951185226,-0.033770132809877396,-0.07006926834583282,0.0
0.0002653003321029246,-0.04515417665243149,-0.02716551162302494,-0.04043936729431152,-0.08277734369039536,0.0
-0.03842112049460411,0.013854896649718285,-0.0003047975478693843,-0.04135455936193466,-0.07606592774391174,0.0
-0.029988396912813187,0.061455029994249344,-0.010348625481128693,-0.0633828267455101,-0.04207095131278038,0.0
0.030713867396116257,0.0651995912194252,-0.008101174607872963,-0.04277263954281807,-0.06989376246929169,0.0
0.006209902931004763,0.034640803933143616,-0.012473826296627522,-0.06037810817360878,-0.06391182541847229,0.0
0.019386334344744682,0.024721501395106316,-0.018395693972706795,-0.011546557769179344,-0.05251741036772728,0.0
-0.03768898919224739,0.031220264732837677,-0.021332979202270508,-0.008180947974324226,-0.049343790858983994,0.0
-0.005117923952639103,0.01937711425125599,-0.00411670096218586,-0.042125992476940155,-0.07507004588842392,0.0
0.05147923529148102,-0.029867999255657196,0.015442091040313244,-0.04827534407377243,-0.07141726464033127,0.0
-0.0005331719294190407,0.11205212026834488,-0.020037107169628143,-0.03246091306209564,-0.01106963399797678,0.0
-0.004005761817097664,0.01712435483932495,-0.03287588059902191,-0.03754214197397232,-0.04950934648513794,0.0
-0.002283542649820447,-0.0384240485727787,0.02510795183479786,-0.037707626819610596,-0.04052439704537392,0.0
0.0021511323284357786,0.011154517531394958,0.02459658309817314,-0.04175162315368652,-0.06624475121498108,0.0
-0.037461914122104645,0.014750993810594082,-0.010313143953680992,-0.054584942758083344,-0.054392293095588684,0.0
0.04822482168674469,-0.04055337980389595,0.014771402813494205,-0.04085267335176468,-0.07724954932928085,0.0
0.04398159310221672,-0.07515168190002441,-0.016670113429427147,-0.015863506123423576,-0.04389585927128792,0.0
0.04244401678442955,-0.04202266409993172,0.011527062393724918,-0.03954039141535759,-0.07621047645807266,0.0
-0.010240650735795498,0.02085958793759346,0.02939804643392563,0.006780004128813744,-0.04180936515331268,0.0
-0.0011909079039469361,0.013619360513985157,-0.005992884282022715,-0.05458933860063553,-0.06781531870365143,0.0
0.05770501866936684,-0.04878219589591026,0.005056785885244608,-0.03280625119805336,-0.05535447597503662,0.0
-0.0010824366472661495,-0.03667055815458298,0.01002314779907465,-0.042076513171195984,-0.07457470148801804,0.0
0.05281206965446472,-0.028821570798754692,-0.0008929020259529352,-0.018733931705355644,-0.08218596130609512,0.0
0.016415489837527275,-0.030682910233736038,0.03387242928147316,-0.04723121225833893,-0.08553386479616165,0.0
0.004592773504555225,0.031569138169288635,0.030838271602988243,-0.056729525327682495,-0.05436444655060768,0.0
0.003160933731123805,0.036803267896175385,0.014249158091843128,-0.053285013884305954,-0.049154989421367645,0.0
0.0006147425156086683,0.019894860684871674,0.02587205357849598,-0.00038841780042275786,-0.04898731783032417,0.0
0.01653393544256687,-0.027851475402712822,0.012798025272786617,-0.011876747943460941,-0.07093994319438934,0.0
0.03154830262064934,-0.03808657452464104,0.016359660774469376,-0.03907891735434532,-0.07347705960273743,0.0
0.0003097696462646127,-0.030062440782785416,-0.0004174434288870543,-0.05303312465548515,-0.07897453755140305,0.0
0.004481566604226828,-0.040556106716394424,-0.005216904915869236,-0.040235236287117004,-0.07659211754798889,0.0
0.05455659702420235,-0.03691719099879265,-0.005288252606987953,-0.04168853536248207,-0.07986383885145187,0.0
0.011362983845174313,-0.03713332116603851,0.003100859932601452,-0.05295807123184204,-0.07749640196561813,0.0
-0.013682082295417786,-0.02591138519346714,0.006925305351614952,-0.046016961336135864,-0.08084394037723541,0.0
-0.04936304688453674,0.02232678420841694,0.018911000341176987,-0.03817029669880867,-0.07597992569208145,0.0
0.017052244395017624,0.022593220695853233,0.006204935256391764,-0.03783109784126282,-0.04949566721916199,0.0
0.006823674775660038,0.02811833657324314,0.0006973645067773759,-0.02281654253602028,-0.0396110825240612,0.0
-0.044773995876312256,0.020038869231939316,0.006682689301669598,-0.08204667270183563,-0.05228596553206444,0.0
-0.01957065798342228,-0.031401656568050385,0.016627639532089233,-0.043688271194696426,-0.05136233568191528,0.0
-0.01027838233858347,-0.03264347091317177,0.0173184871673584,-0.04387965053319931,-0.06106214225292206,0.0
-0.0013418239541351795,-0.03467542305588722,0.014664243906736374,-0.035894282162189484,-0.06204592436552048,0.0
-0.018551809713244438,-0.03227460756897926,0.011008813977241516,-0.059160128235816956,-0.05323589965701103,0.0
-0.05188094452023506,0.028267350047826767,0.0198591947555542,-0.06568809598684311,-0.06107163801789284,0.0
0.005100125912576914,0.032015226781368256,0.03219880163669586,-0.02661469765007496,-0.06782904267311096,0.0
-0.008870327845215797,-0.004646968562155962,0.010631024837493896,-0.053624678403139114,-0.07790488749742508,0.0
0.054280079901218414,-0.03950856253504753,-0.004692558664828539,0.045421723276376724,-0.06582847237586975,0.0
0.05242256447672844,-0.027605339884757996,-0.0021168123930692673,-0.0430760532617569,-0.05412902310490608,0.0
0.022688664495944977,-0.030973484739661217,-0.006859718821942806,-0.05181080475449562,-0.08180641382932663,0.0
-0.013879450038075447,-0.038809239864349365,0.007124694064259529,-0.046520546078681946,-0.08381196111440659,0.0
-0.005432383622974157,0.017843810841441154,0.010162395425140858,-0.05977529287338257,-0.07056038826704025,0.0
0.009719012305140495,-0.04913532733917236,0.01670076511800289,-0.028180548921227455,-0.07808652520179749,0.0
-0.003107750089839101,0.019857017323374748,0.001983147580176592,-0.046394359320402145,-0.07127316296100616,0.0
0.04080815240740776,0.022816527634859085,-0.010757825337350368,-0.044794872403144836,-0.08651755005121231,0.0
-0.028596464544534683,0.01487694587558508,0.00904561672359705,-0.030344000086188316,-0.07204686850309372,0.0
0.0023722785990685225,-0.038161855190992355,0.013650745153427124,-0.012023013085126877,-0.06453513354063034,0.0
0.05539044365286827,-0.01594066061079502,0.02890115976333618,-0.04778031259775162,-0.06040538474917412,0.0
0.017779648303985596,-0.020085353404283524,-0.00021638520411215723,0.05032067373394966,-0.08309514820575714,0.0
-0.013577648438513279,-0.044575706124305725,-0.003120169509202242,-0.012336017563939095,-0.06848771870136261,0.0
0.05421127378940582,-0.02773638255894184,-0.002202782081440091,-0.04709808528423309,-0.07328115403652191,0.0
-0.0028570382855832577,-0.03141799569129944,0.0027438076213002205,-0.01901661604642868,-0.07028258591890335,0.0
0.013043534941971302,0.015223008580505848,-0.0016116277547553182,-0.042850691825151443,-0.08173329383134842,0.0
0.009908661246299744,0.019031498581171036,0.00904916599392891,-0.05540721118450165,-0.06437282264232635,0.0
0.009792533703148365,0.025438664481043816,0.012855662032961845,-0.04740031063556671,-0.07484744489192963,0.0
-0.011973346583545208,-0.02979416586458683,0.009830186143517494,-0.02860972471535206,-0.07691004127264023,0.0
0.02521931566298008,0.001790115493349731,0.00910364929586649,-0.049435537308454514,-0.0569208599627018,0.0
0.0064294901676476,0.014652656391263008,0.022358154878020287,-0.02233649604022503,-0.07617874443531036,0.0
-0.038498640060424805,0.01010309997946024,-0.0060177999548614025,0.06091857701539993,-0.08195597678422928,0.0
0.0050688679330050945,0.020589450374245644,-0.02557603269815445,-0.009452181868255138,-0.0746094137430191,0.0
0.004696627147495747,-0.033305823802948,-0.02574775740504265,-0.015379002317786217,-0.07245094329118729,0.0
-0.0566817931830883,0.013291426002979279,-0.036134812980890274,-0.036415182054042816,-0.06523510068655014,0.0
0.017861897125840187,0.02907893806695938,0.014407978393137455,-0.0004791364190168679,-0.06648633629083633,0.0
0.0004974069888703525,-0.039443887770175934,0.001453456818126142,-0.04899902269244194,-0.07736294716596603,0.0
0.0055090212263166904,-0.023624787107110023,-0.0007061318028718233,-0.05491046607494354,-0.058876119554042816,0.0
-0.004695224575698376,0.026119941845536232,0.012639437802135944,-0.016822075471282005,-0.04980946332216263,0.0
-0.00659438781440258,0.020783809944987297,0.014516164548695087,-0.010878157801926136,-0.0775093138217926,0.0
-0.003313810331746936,-0.04348822310566902,-0.036080408841371536,-0.014952213503420353,-0.06617821007966995,0.0
-0.024864014238119125,-0.03795411065220833,-0.015445959754288197,-0.03190368413925171,-0.05667490512132645,0.0
0.05650636553764343,-0.03456142544746399,-0.011100973933935165,-0.04971037805080414,-0.0727408155798912,0.0
-0.017625439912080765,-0.014000372029840946,0.01930328831076622,-0.04228825867176056,-0.06055110692977905,0.0
-0.009501351043581963,-0.03609844669699669,-0.00732698617503047,-0.04692487418651581,-0.07769984006881714,0.0
-0.06669693440198898,0.10125952214002609,0.015249938704073429,-0.054820623248815536,-0.05523570999503136,0.0
0.011387715116143227,0.026995906606316566,0.01900607906281948,-0.054498638957738876,-0.04369087144732475,0.0
0.005627351347357035,0.1025879830121994,0.023441791534423828,-0.009766664355993271,-0.08197835087776184,0.0
0.0588427297770977,0.02396630495786667,0.015332049690186977,-0.003316187532618642,-0.05728635564446449,0.0
-0.001155075733549893,0.005228680558502674,0.016647126525640488,0.06554792821407318,-0.046357281506061554,0.0
-0.05313379317522049,-0.003199778962880373,0.023909108713269234,0.14166159927845,-0.06923003494739532,0.0
-0.0024233851581811905,0.045427631586790085,-0.0010168758453801274,-0.0035720113664865494,-0.051877208054065704,0.0
-0.07996546477079391,0.07791566103696823,0.013866470195353031,-0.044428255409002304,-0.08189797401428223,0.0
-0.02149747684597969,0.06979743391275406,0.025637613609433174,0.1196841225028038,-0.05296860262751579,0.0
-2.6220564905088395e-05,0.009607990272343159,0.015948347747325897,0.0532795749604702,-0.057234980165958405,0.0
-0.0064747822470963,0.013898675329983234,0.0011438719229772687,0.05271254479885101,-0.058932796120643616,0.0
-0.0003033652901649475,-0.04691169038414955,0.017274878919124603,0.09245283156633377,-0.06312554329633713,0.0
-0.002764094853773713,-0.03033897466957569,0.012422111816704273,0.0925619974732399,-0.08312427997589111,0.0
-0.000315081822918728,0.056380514055490494,0.04139397665858269,0.11472325026988983,-0.07902985066175461,0.0
-0.045032400637865067,0.006032022647559643,-0.00811021588742733,0.047268327325582504,-0.0710044726729393,0.0
-0.0007543941610492766,0.02939695119857788,0.007464067544788122,0.048212070018053055,-0.051947541534900665,0.0
0.021949732676148415,-0.030715038999915123,-0.013843291439116001,0.05359763279557228,-0.039467621594667435,0.0
0.00749572180211544,0.013906557112932205,0.017242122441530228,0.07014070451259613,-0.05928276851773262,0.0
0.03018435835838318,0.03624485060572624,0.022202057763934135,0.03916773200035095,-0.06710750609636307,0.0
0.004491480998694897,0.04286646470427513,0.04521254822611809,0.0828041210770607,-0.060725148767232895,0.0
-0.034318916499614716,0.07766912132501602,0.04257607087492943,0.0678379088640213,-0.05429605394601822,0.0
-0.004604627378284931,-0.031799182295799255,-0.02938489429652691,0.04431937262415886,-0.06032835692167282,0.0
-0.05224988982081413,0.03604084998369217,0.011944490484893322,0.047594837844371796,-0.04727516695857048,0.0
0.03588423132896423,0.008215639740228653,0.020960340276360512,0.051342181861400604,-0.06979203969240189,0.0
-0.006377450656145811,-0.036266203969717026,0.026405710726976395,0.056743074208498,-0.07220308482646942,0.0
-0.003878106130287051,-0.04588693380355835,-0.004108007065951824,0.06751491874456406,-0.0640377476811409,0.0
0.02427895925939083,-0.042181920260190964,-0.0010078311897814274,0.04543660581111908,-0.07768528908491135,0.0
-0.0042024040594697,-0.028459830209612846,0.01346621848642826,0.04340545833110809,-0.08234213292598724,0.0
-0.058437246829271317,-0.029826316982507706,0.006052085664123297,0.04361051693558693,-0.06258729845285416,0.0
-0.013452915474772453,0.005880207289010286,-0.0009791126940399408,0.04862981289625168,-0.0710999146103859,0.0
0.052236407995224,0.01861957274377346,-0.008700000122189522,0.06817275285720825,-0.059722401201725006,0.0
-0.03913901746273041,0.04702190309762955,0.010361399501562119,0.08231353759765625,-0.041124358773231506,0.0
-0.05285533890128136,0.004351757001131773,0.00719131575897336,0.04606408253312111,-0.04558641463518143,0.0
-0.04849105700850487,0.03573736920952797,0.017079774290323257,0.05173474922776222,-0.07661158591508865,0.0
0.009622983634471893,-0.0402737557888031,0.015711888670921326,0.0412614531815052,-0.07679113000631332,0.0
0.04004321247339249,-0.033744264394044876,0.02042291685938835,0.04629110172390938,-0.06136971712112427,0.0
-0.04960070922970772,0.031740617007017136,0.006348413415253162,0.04961763322353363,-0.04625630006194115,0.0
0.012076074257493019,0.03579370304942131,0.022559894248843193,0.047974321991205215,-0.06610818207263947,0.0
0.020634692162275314,-0.007934906519949436,0.004954352043569088,0.04941059276461601,-0.052214451134204865,0.0
0.005372235085815191,0.01582159474492073,0.00859254039824009,0.06823769956827164,-0.04535635933279991,0.0
-0.045688219368457794,0.03624923899769783,0.021487141028046608,0.07278775423765182,-0.06536518782377243,0.0
0.06141521409153938,-0.04340087249875069,-0.006010348442941904,0.03752301633358002,-0.06261347234249115,0.0
-0.001967037795111537,-0.035776011645793915,0.008100067265331745,0.03617934510111809,-0.07331179827451706,0.0
0.06877905130386353,-0.03345603868365288,0.02281460538506508,0.056528277695178986,-0.0715879574418068,0.0
-0.019279059022665024,-0.031300656497478485,0.0023656839039176702,0.03910664841532707,-0.05323439836502075,0.0
0.05006294697523117,-0.0253317728638649,0.022494031116366386,0.07451694458723068,-0.04932042583823204,0.0
0.046937521547079086,-0.03674878925085068,0.004895103629678488,0.043588027358055115,-0.07134383171796799,0.0
-0.00947963073849678,-0.026617104187607765,0.0011273681884631515,0.04024871066212654,-0.07532644271850586,0.0
0.007733394391834736,0.017093908041715622,-0.0009904676117002964,0.059049006551504135,-0.05592741817235947,0.0
-0.02305053174495697,-0.0362589955329895,0.011893381364643574,0.043827105313539505,-0.0775214284658432,0.0
-0.032355863600969315,0.010542227886617184,0.012724587693810463,0.039883580058813095,-0.08139704167842865,0.0
0.0033897969406098127,-0.001693587051704526,-0.0026036270428448915,0.05146366357803345,-0.06007720157504082,0.0
-0.001862482400611043,0.021992024034261703,-0.001319963950663805,0.040877971798181534,-0.05973024666309357,0.0
0.019137727096676826,0.017862584441900253,0.01831672526896,0.05967487022280693,-0.04401898384094238,0.0
0.052341628819704056,0.019324012100696564,0.015894537791609764,0.06329626590013504,-0.07581032067537308,0.0
0.024231532588601112,-0.04212835058569908,-0.00012546335346996784,0.05982528626918793,-0.055825553834438324,0.0
0.045327071100473404,-0.04592841491103172,0.007443343289196491,0.06783696264028549,-0.056241750717163086,0.0
0.004007584415376186,0.018849726766347885,-0.004703962244093418,0.05280929058790207,-0.07189961522817612,0.0
0.03774544969201088,-0.03728504478931427,-0.001376182190142572,0.05732893571257591,-0.035682447254657745,0.0
0.010945151560008526,-0.0292223934084177,-0.008503717370331287,0.03894336149096489,-0.057315342128276825,0.0
0.02025703154504299,0.010842502117156982,-0.00399260688573122,0.04308588430285454,-0.04691391438245773,0.0
0.00969928689301014,0.020510222762823105,-0.009370327927172184,0.06223911792039871,-0.06365972757339478,0.0
0.04577944055199623,-0.0356488972902298,-0.016776712611317635,0.04590523988008499,-0.04695919528603554,0.0
-0.010274626314640045,-0.03217090293765068,-0.014932441525161266,-0.015691978856921196,-0.07248721271753311,0.0
0.0007843405473977327,0.022975994274020195,0.017509644851088524,0.06661360710859299,-0.07448418438434601,0.0
0.06405089050531387,0.013876324519515038,-0.0023214113898575306,0.06996862590312958,-0.0684155821800232,0.0
-0.002932243747636676,0.05491209030151367,-0.0017318169120699167,0.07353290170431137,-0.08409811556339264,0.0
0.008773698471486568,0.05495704710483551,-0.001498289406299591,0.07101957499980927,-0.07450763881206512,0.0
0.003894282504916191,0.04792553931474686,0.02467077597975731,0.07201701402664185,-0.07962092757225037,0.0
-0.06101721152663231,0.05172852426767349,0.005115552339702845,0.08855322003364563,-0.045431312173604965,0.0
0.05113563314080238,0.03187386319041252,0.012738082557916641,0.07535389065742493,-0.06348442286252975,0.0
-0.0017148145707324147,0.0516546256840229,0.001932644983753562,0.07303986698389053,-0.05973748862743378,0.0
0.009249216876924038,0.11866684257984161,0.009819962084293365,0.05156652256846428,-0.07578571885824203,0.0
0.003476990619674325,0.020280856639146805,-0.004422756377607584,0.04215039685368538,-0.06599105149507523,0.0
-0.0061973948031663895,-0.03813868388533592,-0.038103289902210236,0.07479845732450485,-0.05252651870250702,0.0
0.05216848477721214,-0.045592132955789566,-0.03144816681742668,0.042073577642440796,-0.0613207072019577,0.0
0.05575820058584213,-0.0396331325173378,-0.022023120895028114,0.05332187935709953,-0.06333237886428833,0.0
0.04928164929151535,-0.04081437364220619,-0.006533684674650431,0.038429517298936844,-0.05597352236509323,0.0
0.03088339976966381,-0.04383942484855652,-0.03781881928443909,0.07355060428380966,-0.06567837297916412,0.0
0.014682949520647526,-0.050606124103069305,-0.02386469580233097,0.11568521708250046,-0.06456105411052704,0.0
0.006407037377357483,-0.04328672215342522,-0.060534242540597916,0.15589401125907898,-0.06509526818990707,0.0
-0.009253503754734993,-0.04957171157002449,-0.013686276972293854,0.05387602373957634,-0.067917600274086,0.0
0.011892049573361874,-0.026646681129932404,-0.016062896698713303,0.04953759163618088,-0.06349799036979675,0.0
0.03649912029504776,-0.04442746192216873,-0.057981304824352264,0.09451312571763992,-0.06254171580076218,0.0
-0.003808043897151947,-0.032634131610393524,-0.007365289609879255,0.09896466881036758,-0.07941889762878418,0.0
0.052466630935668945,0.01940443553030491,0.015895148739218712,-0.012619683519005775,-0.0695628747344017,0.0
0.0470409095287323,0.017697902396321297,0.007197572384029627,-0.019434720277786255,-0.06792207807302475,0.0
0.045972440391778946,0.009476739913225174,0.030726516619324684,-0.012539745308458805,-0.05878542736172676,0.0
0.04187270626425743,-0.033207375556230545,-0.01860787533223629,0.10980837047100067,-0.07697369903326035,0.0
0.04186279699206352,-0.04638451337814331,-0.04303029924631119,0.09035468101501465,-0.06359048187732697,0.0
-0.03722970187664032,-0.02149384655058384,0.01506411749869585,0.041047628968954086,-0.05002761259675026,0.0
0.0510299876332283,-0.0530751571059227,-0.028289003297686577,0.11549651622772217,-0.0538194514811039,0.0
0.06045698747038841,0.020864350721240044,0.004583254456520081,0.035209476947784424,-0.07357034832239151,0.0
-0.003668621415272355,-0.011429043486714363,-0.028878893703222275,0.04790041595697403,-0.021577848121523857,0.0
0.057886503636837006,-0.0417790450155735,-0.03538553789258003,0.05752379074692726,-0.051562484353780746,0.0
0.04448283091187477,-0.04948139190673828,-0.028168393298983574,0.06365027278661728,-0.05341411009430885,0.0
-0.006008690223097801,-0.040686242282390594,-0.005390750244259834,0.04615287855267525,-0.050912097096443176,0.0
-0.006105832289904356,-0.04760527238249779,-0.041137561202049255,0.051001809537410736,-0.05124838650226593,0.0
0.028156835585832596,-0.032445307821035385,0.01435018889605999,0.048815518617630005,-0.07528478652238846,0.0
-0.029479537159204483,0.015476427040994167,0.007354215253144503,0.03648700192570686,-0.04974977672100067,0.0
-0.059924978762865067,0.03333740681409836,0.007513232529163361,0.04492494836449623,-0.08113837242126465,0.0
-0.04382634907960892,0.030832042917609215,0.0039947181940078735,-0.009390800260007381,-0.05947190895676613,0.0
-0.029428303241729736,-0.011409378610551357,0.013700982555747032,0.0016903991345316172,-0.04817996174097061,0.0
-0.06274966895580292,0.015484679490327835,0.009788273833692074,-0.007368262391537428,-0.07391703873872757,0.0
-0.02017352171242237,-0.04530541971325874,0.01216853130608797,0.04236721247434616,-0.05618540570139885,0.0
0.02535627968609333,-0.04180851951241493,0.014305781573057175,0.04647403210401535,-0.07440531253814697,0.0
-0.031274620443582535,-0.036603573709726334,0.012288804166018963,0.00348096014931798,-0.049496207386255264,0.0
-0.023910891264677048,0.016908587887883186,0.010804928839206696,-0.003644731128588319,-0.0551217682659626,0.0
-0.05026457831263542,-0.04468511417508125,0.004817922133952379,0.05276581272482872,-0.06297140568494797,0.0
-0.04800109937787056,-0.036135975271463394,0.006960330065339804,0.06700649112462997,-0.06834777444601059,0.0
-0.0048998016864061356,-0.051444798707962036,0.015908870846033096,0.043598052114248276,-0.05209657549858093,0.0
-0.017774617299437523,-0.034226804971694946,0.012559439055621624,0.0560925118625164,-0.07297214865684509,0.0
-0.005560322664678097,-0.03118453361093998,0.012633992359042168,0.1288028061389923,-0.07259874790906906,0.0
-0.050944723188877106,0.0009274855256080627,0.013785974122583866,-0.006448979023844004,-0.04421413317322731,0.0
-0.00801937747746706,-0.0424874909222126,0.010668435133993626,0.08439011871814728,-0.04143289104104042,0.0
-0.024782419204711914,-0.05167940631508827,0.011701436713337898,0.08997885882854462,-0.05557001009583473,0.0
0.023034313693642616,-0.042282771319150925,0.015336254611611366,0.04941409081220627,-0.047704603523015976,0.0
-0.0010191599139943719,0.02754318155348301,0.020471345633268356,-0.006508186925202608,-0.07626761496067047,0.0
-0.027191603556275368,0.02548244595527649,0.023213179782032967,0.02831708826124668,-0.07828366756439209,0.0
-0.03188689053058624,-0.027121037244796753,0.014189724810421467,-0.01505644153803587,-0.07860930263996124,0.0
-0.02310745231807232,-0.02559482492506504,0.009155234321951866,-0.03135630488395691,-0.0653938576579094,0.0
-0.051922209560871124,-0.03740617632865906,0.014742935076355934,-0.020647935569286346,-0.06283799558877945,0.0
-0.024166088551282883,-0.029545767232775688,0.016032781451940536,0.043384477496147156,-0.06888516992330551,0.0
-0.027173541486263275,-0.04265432432293892,0.013975260779261589,0.04470296576619148,-0.05654600262641907,0.0
0.01581239327788353,0.06952757388353348,0.0027430146001279354,0.05764307081699371,-0.06132206693291664,0.0
0.02064266800880432,-0.012386929243803024,0.017594648525118828,-0.007568586617708206,-0.06445326656103134,0.0
-0.003769691800698638,-0.045912954956293106,0.012575828470289707,-0.018520236015319824,-0.07233408093452454,0.0
-0.02179153636097908,-0.03569326549768448,0.0008840609225444496,0.04112473130226135,-0.05701255425810814,0.0
-0.05649696663022041,-0.037244461476802826,0.007679665926843882,0.0020241355523467064,-0.06466110050678253,0.0
-0.00711694685742259,-0.04799171909689903,0.006078608799725771,0.006942578125745058,-0.05344171077013016,0.0
0.0005808195564895868,-0.03870294243097305,0.01274360902607441,0.0454106479883194,-0.06481222063302994,0.0
0.006952481810003519,-0.023644357919692993,0.01670398749411106,-0.05387505516409874,-0.042341046035289764,0.0
-0.008158060722053051,-0.014902958646416664,0.04712344706058502,0.0444747693836689,-0.0722506120800972,0.0
-0.006466124672442675,0.015050790272653103,-0.004932641051709652,0.002690420486032963,-0.042052727192640305,0.0
-0.01739095337688923,-0.027621902525424957,0.01851835288107395,0.056341297924518585,-0.0592794269323349,0.0
0.02403048425912857,0.02058209292590618,0.01134815625846386,-0.059785958379507065,-0.07391898334026337,0.0
0.009073011577129364,0.014180109836161137,-0.03241563215851784,-0.04943149909377098,-0.0801931619644165,0.0
0.03300335630774498,-0.03780519589781761,-0.04004373773932457,-0.013640008866786957,-0.07765328884124756,0.0
-0.00016896531451493502,0.04391557723283768,-0.005686040967702866,0.04081881791353226,-0.06175146624445915,0.0
0.04931904748082161,-0.03824849799275398,0.013739866204559803,-0.04837837815284729,-0.0735115110874176,0.0
-0.007538714911788702,0.0257383082062006,0.01140088401734829,-0.04451562091708183,-0.05181147903203964,0.0
0.0021136882714927197,0.01690688729286194,0.04137137532234192,-0.041255611926317215,-0.0728726014494896,0.0
-0.010112793184816837,0.06307585537433624,-0.028527863323688507,-0.0503566637635231,-0.07237052172422409,0.0
-0.00438332837074995,0.06906303763389587,-0.03954334184527397,-0.037984661757946014,-0.06612227112054825,0.0
0.019850917160511017,-0.010410807095468044,0.02456754632294178,-0.04451678320765495,-0.06884895265102386,0.0
-0.03480924293398857,0.07805006951093674,0.029804909601807594,-0.052673034369945526,-0.04453619569540024,0.0
-0.00802804995328188,0.02335456945002079,0.03226088732481003,-0.04129315912723541,-0.06892653554677963,0.0
-0.024111689999699593,0.023624438792467117,-0.02896585687994957,0.06237366423010826,-0.06678935885429382,0.0
0.010303454473614693,-0.048576679080724716,-0.003557024523615837,-0.03415060043334961,-0.06415088474750519,0.0
-0.00021936280245427042,-0.03917723521590233,-0.002933117328211665,-0.031226487830281258,-0.057357143610715866,0.0
0.0020964599680155516,0.021421395242214203,0.014314071275293827,-0.05040949583053589,-0.07855989784002304,0.0
-0.00570662971585989,0.030652113258838654,0.031121041625738144,-0.03952689841389656,-0.07050855457782745,0.0
-0.004578760825097561,0.02426717057824135,0.011435710825026035,-0.05283138155937195,-0.06721298396587372,0.0
0.00448481272906065,0.03665536642074585,0.011112765409052372,0.0014620712026953697,-0.05909232050180435,0.0
0.007263743318617344,0.048740457743406296,0.047194954007864,0.01325028482824564,-0.05458614602684975,0.0
0.009078968316316605,0.10268433392047882,0.009726340882480145,-0.03555363044142723,-0.048038192093372345,0.0
-0.04028759151697159,0.05794282630085945,0.018100950866937637,-0.0389225147664547,-0.051656801253557205,0.0
-0.00538658257573843,0.06612271815538406,-0.014925544150173664,-0.04638897255063057,-0.04913525655865669,0.0
-0.043051544576883316,0.07773206382989883,-0.039389804005622864,0.03115912526845932,-0.06621157377958298,0.0
-0.041075922548770905,0.07479456812143326,-0.02286728471517563,-0.04389914497733116,-0.06731078773736954,0.0
-0.029439378529787064,0.0776129886507988,0.004643809981644154,-0.02894374169409275,-0.04504851624369621,0.0
0.007016291841864586,0.04423645883798599,0.0014572403160855174,-0.0354531928896904,-0.06501534581184387,0.0
0.0011542802676558495,0.012602386996150017,0.01413009874522686,-0.027081137523055077,-0.057656802237033844,0.0
-0.001053732936270535,0.010380920022726059,0.005274408496916294,-0.047709934413433075,-0.08135233074426651,0.0
-6.446504266932607e-05,0.07774586230516434,-0.040304459631443024,-0.05106734484434128,-0.050522662699222565,0.0
-0.009547781199216843,0.07592809200286865,0.00012284079275559634,-0.051335327327251434,-0.050381701439619064,0.0
-0.0539899580180645,0.06488824635744095,-0.02067197673022747,-0.030398892238736153,-0.050305746495723724,0.0
-0.04234350472688675,0.05444317311048508,-0.00363564514555037,0.0451740063726902,-0.04572930186986923,0.0
-0.00908020418137312,0.07607786357402802,0.023914990946650505,-0.04620528221130371,-0.043673790991306305,0.0
-0.05076824128627777,0.046160224825143814,-0.02739572525024414,-0.043550752103328705,-0.06958624720573425,0.0
0.0016280208947136998,0.08925551921129227,-0.021238433197140694,-0.048225175589323044,-0.07932252436876297,0.0
-0.026118384674191475,0.07835222780704498,-0.0005942172138020396,-0.04570242762565613,-0.06393402814865112,0.0
0.007097119465470314,0.0849139392375946,-0.02302481420338154,-0.046252742409706116,-0.05296526849269867,0.0
-0.009385981597006321,0.08081534504890442,-0.03371803089976311,-0.04770192131400108,-0.06280280649662018,0.0
-0.03349032253026962,0.08196541666984558,-0.023820774629712105,-0.006198075134307146,-0.05091887712478638,0.0
-0.010218623094260693,0.03634751960635185,0.012781347148120403,-0.04529596120119095,-0.04829394817352295,0.0
-0.03810586780309677,0.060327645391225815,-0.018972085788846016,-0.027221694588661194,-0.07125771790742874,0.0
0.004621526692062616,0.05417338386178017,-0.028596367686986923,-0.04647156968712807,-0.039531975984573364,0.0
0.057046327739953995,0.031405575573444366,-0.007169914431869984,-0.036274395883083344,-0.05971190333366394,0.0
0.012871990911662579,0.08576115220785141,0.011208420619368553,-0.04195336252450943,-0.08523563295602798,0.0
0.008772208355367184,0.07006984949111938,0.024552857503294945,-0.04984152689576149,-0.07356572896242142,0.0
-0.004787514451891184,0.08539194613695145,0.03478953242301941,-0.041575297713279724,-0.06168011203408241,0.0
-0.0027832332998514175,0.04278850555419922,-0.03536314144730568,-0.04044184461236,-0.06079704686999321,0.0
-0.02675323560833931,0.07268481701612473,-0.01667376421391964,-0.05048920586705208,-0.06505448371171951,0.0
-0.010023512877523899,0.06979105621576309,0.02945619821548462,-0.062489788979291916,-0.06896332651376724,0.0
-0.04492880403995514,0.08020202815532684,0.006402384955435991,-0.047184012830257416,-0.04718050733208656,0.0
-0.034530799835920334,0.09249815344810486,0.004119707737118006,-0.03296025097370148,-0.07521740347146988,0.0
0.0037769561167806387,0.0034130543936043978,-0.012609914876520634,-0.04414961859583855,-0.06564295291900635,0.0
0.009448658674955368,0.049593232572078705,-0.053980447351932526,-0.028802286833524704,-0.06513991206884384,0.0
-0.0428018681704998,0.08904609829187393,0.01295556128025055,-0.04280802235007286,-0.08509843051433563,0.0
-0.03431536629796028,0.08359643816947937,0.013469437137246132,-0.03569039702415466,-0.05890157073736191,0.0
-0.0036920190323144197,0.08845110237598419,0.03835747763514519,-0.041144371032714844,-0.07882699370384216,0.0
-0.036064546555280685,0.06730730086565018,0.05065568536520004,-0.037848882377147675,-0.0554233081638813,0.0
-0.06387893110513687,0.03659340366721153,-0.002283927518874407,-0.05103546380996704,-0.043985143303871155,0.0
-0.04479944705963135,0.052020709961652756,-0.030581366270780563,-0.04395928606390953,-0.043017610907554626,0.0
0.011789974756538868,0.05074673518538475,-0.0016358838183805346,-0.05285219848155975,-0.0512700192630291,0.0
-0.04771576076745987,0.044321849942207336,0.0008998390403576195,-0.044079601764678955,-0.07764135301113129,0.0
0.004452782683074474,0.07757677137851715,-0.006793192122131586,-0.04789520427584648,-0.06933470070362091,0.0
0.005722062662243843,0.08670081198215485,-0.011366336606442928,-0.039525408297777176,-0.060589250177145004,0.0
0.0061517623253166676,0.08293409645557404,-0.03715043514966965,-0.039727240800857544,-0.06871195882558823,0.0
-0.0368930920958519,0.07842686027288437,-0.035819441080093384,-0.032818764448165894,-0.07770835608243942,0.0
-0.037620119750499725,0.0019905148074030876,-0.03537687659263611,-0.03298254311084747,-0.060987167060375214,0.0
0.06242824345827103,0.01904575526714325,0.037730682641267776,-0.003416333580389619,-0.05357430502772331,0.0
-0.04234471544623375,0.06454978883266449,-0.03701077774167061,-0.0428767167031765,-0.07243318110704422,0.0
0.0017763153882697225,0.0780365839600563,-0.023801833391189575,-0.04547238349914551,-0.06898942589759827,0.0
0.005760340951383114,0.0754302367568016,-0.06471367925405502,-0.04128672555088997,-0.08243105560541153,0.0
0.009666853584349155,0.05351424962282181,-0.0024078963324427605,-0.041607387363910675,-0.0683167427778244,0.0
-0.00985158421099186,0.09295391291379929,0.0014619416324421763,-0.04259423539042473,-0.06405477225780487,0.0
0.007724351715296507,0.10104312747716904,-0.008537274785339832,-0.0365278497338295,-0.05694257840514183,0.0
0.005558137781918049,0.07564974576234818,-0.014158043079078197,-0.044988732784986496,-0.07008708268404007,0.0
-0.0024345049168914557,0.09127918630838394,0.019994094967842102,-0.018894053995609283,-0.045880451798439026,0.0
0.021607011556625366,0.07811093330383301,-0.023720139637589455,-0.044404201209545135,-0.06644382327795029,0.0
0.010595764964818954,0.04909858852624893,-0.006108305417001247,-0.05282694846391678,-0.07038398087024689,0.0
-0.006377364508807659,0.07819835841655731,-0.036374036222696304,-0.04476897791028023,-0.06906285881996155,0.0
-0.05047351121902466,0.0588420145213604,-0.0024484700988978148,-0.014960329048335552,-0.04570533707737923,0.0
-0.00867829006165266,0.06306628882884979,-0.009621553122997284,-0.048520639538764954,-0.05926923453807831,0.0
-0.011787006631493568,0.05368293076753616,-0.030225738883018494,-0.05537279695272446,-0.06311284750699997,0.0
-0.04728470742702484,0.07745472341775894,-0.012486294843256474,-0.03757273778319359,-0.05716319382190704,0.0
0.00914438720792532,0.0549035370349884,-0.01197803858667612,-0.04930131137371063,-0.0675593763589859,0.0
-0.002851751632988453,0.01258177775889635,-0.012704444117844105,0.0048035853542387486,-0.04680631682276726,0.0
-0.02512483298778534,0.08188369125127792,-0.024374784901738167,-0.011407106183469296,-0.0350598506629467,0.0
-0.006946402136236429,0.052760783582925797,-0.019835002720355988,-0.04636248201131821,-0.07183386385440826,0.0
-0.0003955106367357075,0.028534136712551117,0.001524321734905243,-0.03873376548290253,-0.07891061156988144,0.0
-0.004920809529721737,0.0312877856194973,0.01609707623720169,-0.0027576969005167484,-0.03833181783556938,0.0
0.013191740959882736,0.012984631583094597,0.02870103530585766,-0.010847416706383228,-0.06813891977071762,0.0
0.009742200374603271,0.01671106554567814,0.026788586750626564,-0.007718636654317379,-0.06235945597290993,0.0
0.05457973852753639,-0.03862612694501877,-0.023148754611611366,-0.013522220775485039,-0.07097724080085754,0.0
-0.003353938926011324,-0.02251332998275757,0.007367334328591824,-0.027142828330397606,-0.07463555037975311,0.0
-0.04573408141732216,-0.030317530035972595,-0.024966269731521606,-0.031167730689048767,-0.07481977343559265,0.0
0.04225436598062515,-0.05193404108285904,-0.0025372870732098818,0.06293965876102448,-0.07648798823356628,0.0
0.06034021079540253,-0.03875560313463211,-0.007616378366947174,0.03592892363667488,-0.07038778811693192,0.0
-0.021622806787490845,-0.04383159801363945,0.00035258469870314,-0.01238017063587904,-0.07545770704746246,0.0
-0.06462793797254562,0.10296916216611862,-0.011782201938331127,-0.021732518449425697,-0.06813161820173264,0.0
-0.033955298364162445,0.07069243490695953,0.003558272495865822,-0.0087112532928586,-0.08316456526517868,0.0
0.002110859612002969,-0.03545234352350235,-0.016673292964696884,-0.04566049575805664,-0.0651143416762352,0.0
-0.04607420787215233,0.03269704058766365,-0.0077279238030314445,-0.026817020028829575,-0.0748017355799675,0.0
0.008443482220172882,0.04178445041179657,0.008405584841966629,-0.04891679808497429,-0.0655789002776146,0.0
-0.032937414944171906,-0.0307452529668808,0.006509867496788502,-0.051180049777030945,-0.07531586289405823,0.0
-0.0355621799826622,0.008964980952441692,-0.029310381039977074,-0.04675306752324104,-0.07695667445659637,0.0
-0.04565728083252907,0.010592549107968807,0.015773359686136246,-0.04663146287202835,-0.08872347325086594,0.0
-0.004207950551062822,0.10128732770681381,0.008262166753411293,-0.07380183786153793,-0.05377322435379028,0.0
-0.023001117631793022,0.006948535796254873,-0.00488279340788722,-0.036569803953170776,-0.07182134687900543,0.0
-0.039169635623693466,0.005525020882487297,-0.006394653115421534,-0.03780302777886391,-0.06173507496714592,0.0
-0.028123650699853897,0.020162293687462807,0.012336745858192444,-0.0643189549446106,-0.058093905448913574,0.0
0.0006349154282361269,0.014264765195548534,-0.006705918814986944,-0.045270223170518875,-0.07355614006519318,0.0
0.006402596831321716,0.026866119354963303,0.02055545710027218,-0.04300377890467644,-0.08048617094755173,0.0
0.0026244879700243473,0.03881305083632469,-0.0016855689464136958,-0.053012654185295105,-0.0632711723446846,0.0
-0.03677467629313469,0.019661705940961838,-0.003480083541944623,-0.03714767098426819,-0.07413620501756668,0.0
-0.04482496529817581,0.04937149956822395,0.02019699662923813,0.050017498433589935,-0.11149794608354568,0.0
-0.05721663683652878,0.004131713416427374,0.013896078802645206,0.11762408167123795,-0.003960237372666597,0.0
-0.003866863436996937,0.11661636084318161,0.015109584666788578,0.0710269883275032,-0.0520123615860939,0.0
-0.025098802521824837,0.09704763442277908,-0.01465893816202879,0.036832526326179504,-0.006727132014930248,0.0
0.003805897431448102,0.03620728477835655,-0.03579127416014671,-0.0628795251250267,-0.04322085902094841,0.0
-0.03984462842345238,0.029827749356627464,0.04890874773263931,0.09168979525566101,-0.0682402104139328,0.0
-0.05384143441915512,0.0029500240925699472,-0.0010321935405954719,-0.02373453415930271,-0.06206289678812027,0.0
-0.028872264549136162,0.09875430166721344,0.06709522753953934,0.07866093516349792,-0.05818459764122963,0.0
-0.03530168533325195,0.11668615788221359,0.0016398524167016149,0.06485827267169952,-0.06353849917650223,0.0
0.03486556559801102,-0.03187335655093193,0.027812771499156952,0.07502864301204681,-0.06465668231248856,0.0
0.041087113320827484,0.017838522791862488,0.0005623375764116645,0.08502531051635742,-0.05690842494368553,0.0
-0.024880466982722282,0.005395906046032906,-0.013021103106439114,0.03931281343102455,-0.06700027734041214,0.0
0.033688925206661224,-0.03264094144105911,0.02417796291410923,0.08128999918699265,-0.04903404787182808,0.0
-0.05769969895482063,0.045547354966402054,0.029992736876010895,0.035727523267269135,-0.060697104781866074,0.0
0.045673735439777374,-0.03754471614956856,0.02489078976213932,0.05073040723800659,-0.07320652902126312,0.0
-0.004203454591333866,-0.020632706582546234,0.022113259881734848,0.053635187447071075,-0.04734261706471443,0.0
-0.026656774803996086,0.0320485383272171,0.026496604084968567,0.054763201624155045,-0.058887723833322525,0.0
0.05729195475578308,-0.030765684321522713,0.005743735004216433,0.04244696721434593,-0.06196228414773941,0.0
-0.02817974053323269,-0.019435551017522812,0.02863677404820919,0.05487069487571716,-0.06452182680368423,0.0
-0.015093157067894936,-0.03545253723859787,0.015978358685970306,0.05391465127468109,-0.05883403867483139,0.0
0.007780781947076321,-0.0625552088022232,0.046209096908569336,0.05936269089579582,-0.05490953475236893,0.0
0.008711880072951317,-0.01886214315891266,0.04664842039346695,0.05545509606599808,-0.06024591997265816,0.0
0.05223583057522774,-0.03137964382767677,0.023883523419499397,0.03009139560163021,-0.056148406118154526,0.0
0.006849159952253103,0.06155373901128769,0.013038071803748608,0.04881346598267555,-0.07241355627775192,0.0
-0.02091219834983349,-0.0318378284573555,0.006715277209877968,0.0357639454305172,-0.07062368094921112,0.0
-0.047343719750642776,-0.02830914780497551,0.014336273074150085,0.056718431413173676,-0.07246946543455124,0.0
0.011754358187317848,8.842278475640342e-05,0.02799287624657154,-0.004229559097439051,-0.06940270960330963,0.0
-0.006414894480258226,-0.03897200897336006,-0.0037854362744838,0.046034712344408035,-0.056281574070453644,0.0
-0.0016469605034217238,-0.05130380392074585,0.011883042752742767,0.057732559740543365,-0.08134445548057556,0.0
0.013660969212651253,-0.0284771416336298,-0.017304468899965286,0.05944882705807686,-0.06481138616800308,0.0
0.02478068135678768,-0.043125081807374954,-0.02326015569269657,0.05923202633857727,-0.06614585220813751,0.0
0.04631083831191063,-0.027667632326483727,-0.01681334152817726,0.05564304068684578,-0.07119917869567871,0.0
-0.01977352984249592,-0.030129270628094673,0.06860633194446564,0.017047826200723648,-0.06640481948852539,0.0
0.06590859591960907,-0.031269337981939316,0.04472874104976654,0.00023777279420755804,-0.07471035420894623,0.0
0.023514512926340103,-0.036192819476127625,0.009459005668759346,0.04667964577674866,-0.0707462877035141,0.0
0.026308320462703705,-0.017849504947662354,-0.00804759282618761,0.06629230827093124,-0.07290014624595642,0.0
-0.010374177247285843,-0.03199901059269905,-0.013100920245051384,-0.01873531937599182,-0.0694398358464241,0.0
0.02352067269384861,-0.04105081409215927,-0.03900846093893051,0.003922981675714254,-0.06826434284448624,0.0
0.021197738125920296,-0.03356697037816048,-0.034670256078243256,0.06833315640687943,-0.07081542909145355,0.0
0.027280595153570175,-0.04543255269527435,-0.0397072359919548,0.060585860162973404,-0.07345400005578995,0.0
-0.014763674698770046,0.014860340394079685,0.01933353580534458,0.0006186757236719131,-0.07099548727273941,0.0
-0.01145854126662016,0.012478153221309185,0.040114253759384155,0.01124371774494648,-0.07074230909347534,0.0
0.018943918868899345,-0.04519260674715042,-0.04298395663499832,0.006007593125104904,-0.06966798007488251,0.0
0.038813039660453796,-0.044715918600559235,-0.05558766424655914,0.06394998729228973,-0.06644352525472641,0.0
0.05022474378347397,-0.03340087831020355,0.003048146376386285,-0.003847988788038492,-0.06554944068193436,0.0
0.04306090623140335,-0.02890205569565296,-0.05130710452795029,0.04233124479651451,-0.04976574331521988,0.0
0.045954629778862,0.03858882188796997,0.017568105831742287,0.044029224663972855,-0.05023082345724106,0.0
0.01034583244472742,-0.033240675926208496,-0.0758902058005333,0.034804567694664,-0.051038775593042374,0.0
0.053382474929094315,-0.02207815647125244,-0.032165251672267914,0.07121048122644424,-0.06461597979068756,0.0
0.013112644664943218,-0.03950744867324829,-0.013895227573812008,0.037346817553043365,-0.06391343474388123,0.0
0.04578544944524765,-0.023213282227516174,-0.004205857869237661,0.055218655616045,-0.060112569481134415,0.0
-0.0019282485591247678,0.004637213423848152,-0.027404682710766792,-0.023461882025003433,-0.05845823884010315,0.0
0.04327746108174324,0.0055195242166519165,-0.00992665532976389,-0.015769800171256065,-0.04290744662284851,0.0
0.0012768739834427834,0.015278930775821209,-0.025500325486063957,-0.02134917676448822,-0.05913819000124931,0.0
0.03211783245205879,0.0207437165081501,-0.015564548783004284,0.03908486291766167,-0.046754591166973114,0.0
-0.00013705446326639503,0.018978582695126534,-0.0250820592045784,0.047311484813690186,-0.0455656461417675,0.0
-0.009265703149139881,-0.022282514721155167,0.016198622062802315,0.058803021907806396,-0.07676796615123749,0.0
-0.02973346784710884,0.006302249617874622,-0.004861448425799608,0.06161848083138466,-0.06097272410988808,0.0
0.0332505889236927,0.01898258551955223,-0.0071596549823880196,0.07246873527765274,-0.03368516266345978,0.0
0.006622375920414925,0.018590034916996956,-0.013101834803819656,0.07824225723743439,-0.06623884290456772,0.0
0.02526411972939968,-0.03311853110790253,0.026679856702685356,0.03853192180395126,-0.06321017444133759,0.0
-0.0054033491760492325,-0.035613078624010086,0.0339527502655983,0.04835519567131996,-0.0731658935546875,0.0
0.03096197172999382,-0.028473839163780212,0.0007536182529293001,0.05294186994433403,-0.06558271497488022,0.0
0.006203321274369955,0.003964724484831095,-0.012661862187087536,0.05897298827767372,-0.05769303813576698,0.0
0.0035985074937343597,-0.04347890242934227,-0.032812025398015976,0.07477524131536484,-0.06838133186101913,0.0
0.0015933713875710964,-0.04261679947376251,0.01963246427476406,0.03786613047122955,-0.06069623678922653,0.0
0.027805151417851448,-0.025160817429423332,-0.015739552676677704,0.043898604810237885,-0.07377192378044128,0.0
-0.0033351595047861338,-0.03358462452888489,-0.015918534249067307,0.050528716295957565,-0.06515712291002274,0.0
-0.043924298137426376,0.013806039467453957,-0.0036094808019697666,0.04127267748117447,-0.0630081295967102,0.0
0.004029556643217802,0.02609323523938656,-0.0316997654736042,0.06430178880691528,-0.07755306363105774,0.0
-0.010253747925162315,-0.009812159463763237,-0.022597532719373703,0.039422839879989624,-0.07182077318429947,0.0
-0.00659343833103776,0.014497766271233559,-0.028989585116505623,0.03262000530958176,-0.07002796977758408,0.0
-0.051089752465486526,0.04659602791070938,-0.03012195974588394,0.056291621178388596,-0.06939803063869476,0.0
0.053146202117204666,-0.03412112593650818,-0.011743567883968353,0.05690649524331093,-0.04133547097444534,0.0
-0.025596968829631805,0.016878116875886917,-0.011617208831012249,0.0774909257888794,-0.058063071221113205,0.0
0.0022973502054810524,0.021252576261758804,-0.026843149214982986,0.0617116317152977,-0.05810783430933952,0.0
0.044223807752132416,0.004234665539115667,-0.015681860968470573,0.04753885790705681,-0.04563048109412193,0.0
0.02344856783747673,-0.030635515227913857,-0.027288155630230904,0.05859510600566864,-0.07079647481441498,0.0
0.017984403297305107,-0.041930120438337326,-0.0356135368347168,0.07663632184267044,-0.0486958809196949,0.0
0.054375238716602325,0.021911168470978737,-0.015413932502269745,0.05084853246808052,-0.04706021770834923,0.0
0.04154933616518974,0.031615518033504486,0.006948014255613089,0.04318997263908386,-0.05451768636703491,0.0
0.01787855103611946,0.006938823964446783,-0.008710495196282864,0.05366994068026543,-0.051869310438632965,0.0
0.05943336337804794,0.01691102795302868,-0.020037014037370682,0.01944970339536667,-0.04103474318981171,0.0
0.0033377765212208033,-0.013195843435823917,-0.04358686879277229,0.03412671759724617,-0.04733233526349068,0.0
0.05250915512442589,-0.029577018693089485,-0.020409557968378067,0.08124813437461853,-0.06462202221155167,0.0
0.0004554311453830451,0.018409647047519684,-0.0031571018043905497,0.04068598523736,-0.054616425186395645,0.0
0.053200867027044296,0.023162079975008965,0.011597838252782822,0.04574621841311455,-0.07856425642967224,0.0
0.052958015352487564,-0.03812198340892792,-0.020718540996313095,0.07922925055027008,-0.04365156218409538,0.0
-0.0030803713016211987,-0.02767781727015972,-0.02442472241818905,0.0030705018434673548,-0.06903934478759766,0.0
0.03245561942458153,-0.0695258229970932,-0.04433821141719818,-0.0011415937915444374,-0.060905423015356064,0.0
0.013010525144636631,0.021281059831380844,-0.03130351006984711,-0.013481131754815578,-0.053221527487039566,0.0
0.03416133671998978,-0.04813847318291664,-0.05215675011277199,-0.0300334170460701,-0.08208085596561432,0.0
0.0052077812142670155,0.011282465420663357,0.014597735367715359,0.055908676236867905,-0.05271057412028313,0.0
0.00634630536660552,0.025270644575357437,0.015301567502319813,0.07355164736509323,-0.0714123547077179,0.0
-0.00755757512524724,0.007719341665506363,0.017537426203489304,0.060788288712501526,-0.05174253135919571,0.0
0.042392145842313766,0.026596590876579285,-0.04658346623182297,0.015847133472561836,-0.08157989382743835,0.0
0.023684581741690636,-0.025482017546892166,-0.04717671126127243,-0.0015575762372463942,-0.07153725624084473,0.0
0.05227172002196312,0.012325101532042027,0.01892952062189579,0.06666000932455063,-0.06759361922740936,0.0
0.0024914101231843233,0.02042200043797493,0.024760277941823006,0.07399868965148926,-0.05733335018157959,0.0
0.00985798891633749,-0.02021746337413788,0.040028538554906845,0.053809236735105515,-0.03826543316245079,0.0
0.03943853825330734,-0.03945907577872276,0.011024761945009232,0.05826151371002197,-0.051828011870384216,0.0
0.04446966201066971,-0.024319566786289215,0.03348106890916824,0.03675364702939987,-0.05667812377214432,0.0
0.016952740028500557,-0.0376187264919281,-0.026093019172549248,0.08562887459993362,-0.07004707306623459,0.0
-0.02463269606232643,-0.04446396231651306,-0.021788600832223892,0.04689357802271843,-0.07885503023862839,0.0
0.0052681430242955685,0.08505785465240479,-0.001419460866600275,0.06093247979879379,-0.06039024144411087,0.0
-0.017330599948763847,0.08225968480110168,-0.0028545211534947157,0.08742021769285202,-0.051053356379270554,0.0
-0.05547543615102768,0.01141199842095375,0.0038422071374952793,0.07039593160152435,-0.06115468591451645,0.0
0.005781776271760464,0.0057242452166974545,0.05218369513750076,0.057136066257953644,-0.053212545812129974,0.0
0.018454112112522125,0.017602073028683662,-0.015038484707474709,0.04687858745455742,-0.033911947160959244,0.0
-0.041529636830091476,0.01511624176055193,-0.033176686614751816,0.001388921169564128,-0.05937926098704338,0.0
0.008292991667985916,0.02961026504635811,0.022009538486599922,0.04609190672636032,-0.060611288994550705,0.0
0.0013094161404296756,0.010458569973707199,0.00451579038053751,0.0556299202144146,-0.08134545385837555,0.0
0.04441048577427864,0.016705280169844627,-0.018812714144587517,0.053356707096099854,-0.07316970825195312,0.0
0.0038667244371026754,0.018564864993095398,-0.0022966917604207993,0.057258713990449905,-0.06967157125473022,0.0
-0.013664370402693748,0.04349052533507347,-0.022231366485357285,-0.008758671581745148,-0.07408388704061508,0.0
0.05538245290517807,0.019970130175352097,-0.027735039591789246,0.07138913869857788,-0.060373641550540924,0.0
-0.04670543596148491,0.011345041915774345,0.03303541615605354,0.054565075784921646,-0.0728636384010315,0.0
0.008569763042032719,0.021726783365011215,0.016068385913968086,0.040400709956884384,-0.06661702692508698,0.0
-0.04876164719462395,0.011047305539250374,-0.009782950393855572,0.03393232077360153,-0.07756248861551285,0.0
-0.059068381786346436,0.01619579829275608,-0.014291481114923954,0.06090196594595909,-0.07042209804058075,0.0
-0.036724191159009933,0.020337549969553947,-0.011054945178329945,0.03256339579820633,-0.0819927230477333,0.0
-0.04575575888156891,0.019175345078110695,-0.011771604418754578,-0.013348808512091637,-0.08951760828495026,0.0
-0.0024167499504983425,-0.034720808267593384,-0.018152054399251938,0.024703025817871094,-0.0682995617389679,0.0
0.04728781059384346,-0.04211758077144623,-0.024483932182192802,0.06740240752696991,-0.07507231086492538,0.0
0.03796631470322609,-0.03352668508887291,-0.039266739040613174,0.05768334120512009,-0.05929706618189812,0.0
0.022842394188046455,-0.03805822879076004,-0.01291157491505146,0.04698425531387329,-0.07327002286911011,0.0
0.02547467313706875,-0.010949619114398956,-0.0344310998916626,0.011469189077615738,-0.06249445304274559,0.0
0.005573973525315523,0.059868983924388885,0.00033423895365558565,0.06533493846654892,-0.06482647359371185,0.0
-0.0314994677901268,0.030443493276834488,0.02056775987148285,0.06021853908896446,-0.048162106424570084,0.0
0.030207963660359383,0.019430087879300117,0.002250522607937455,0.06074639782309532,-0.0602022185921669,0.0
-0.012958018109202385,-0.02559816837310791,0.04262789338827133,-0.0038510484155267477,-0.06004832684993744,0.0
-0.010687572881579399,0.012259180657565594,0.01097190659493208,-0.016139285638928413,-0.03594854846596718,0.0
-0.00466429116204381,-0.03563143312931061,-0.020573990419507027,0.056883081793785095,-0.0645735040307045,0.0
0.03355075791478157,-0.044280461966991425,-0.0037450778763741255,0.05657448619604111,-0.06640296429395676,0.0
0.027615388855338097,-0.02733715996146202,-0.02855149656534195,0.04934440553188324,-0.0684751570224762,0.0
0.04274432361125946,-0.04014033079147339,-0.007796355988830328,0.05135241523385048,-0.07810986042022705,0.0
-0.0002180817973567173,-7.135167106753215e-05,-0.0168588999658823,0.058237381279468536,-0.06025570631027222,0.0
0.00902736745774746,0.10217172652482986,0.0022748466581106186,-0.008811688050627708,-0.08699365705251694,0.0
-0.05198480561375618,0.032435398548841476,0.022935790941119194,-0.014885143376886845,-0.04833249747753143,0.0
