AGB_diff,NDVI_diff,LFMC_diff,VPD_diff,Sc_diff,Rd_diff,y_true,y_pred
213.4,0.001975250836120379,3.3542804640051,0.03461538461538449,3.345584412271563,-11.98972606658936,-0.1316821820867226,0.10019728541374207
74.59999999999997,-0.0189735785953179,2.340631230749509,0.01307692307692299,-0.3999999999999986,-13.53324413299561,-0.5468662365723375,-0.008538462221622467
33.19999999999999,0.02479866220735771,4.678641393091908,-0.03692307692307684,-1.165685424949245,-13.67979335784912,-0.5661112535723375,-0.023709602653980255
-68.39999999999998,0.03610066889632091,0.5580159661141977,-0.02769230769230768,4.097056274847709,-21.66498374938965,-0.3799415658295337,0.0777611956000328
-27.0,0.024572575250836,4.284467005269903,-0.02307692307692299,1.56568542494923,-13.82634258270264,-0.6258395853271357,0.017698977142572403
0.6000000000000085,0.03475364953886684,-4.621046303288082,0.007333333333333303,3.579898987322331,-27.76599502563477,0.0008509430923537842,0.14037391543388367
-322.2,0.01068536231884054,-6.502076619437588,-0.1566666666666667,1.365685424949241,28.65218544006348,0.1330557671513063,0.11916925758123398
-62.19999999999999,0.01652276962168253,0.806641018856098,-0.004285714285714892,1.297056274847709,-9.505680084228516,-0.0627826725701871,0.0329955630004406
81.19999999999999,0.01993857284020306,1.920914163765104,-0.007142857142857117,-3.628427124746182,-9.430938720703125,-0.1792803053643392,-0.023080240935087204
-35.79999999999995,-0.0007922571993224103,8.9146209711554,-0.02000000000000002,-0.248528137423861,-15.5369491577149,0.005724912834209894,0.013105321675539017
-34.80000000000001,0.005665062111801178,-2.956330157981,-0.03071428571428569,1.200000000000003,9.695663452148409,0.07683961966331182,0.020327728241682053
-53.39999999999998,-0.01778400621117993,-3.402444357769554,-0.02928571428571436,3.01421356237309,20.82945251464841,0.05630049934924802,0.05915949493646622
42.59999999999999,0.06113245341614915,-2.041091454328054,-0.04285714285714282,-0.8000000000000078,25.57328796386719,-0.1107539950677218,0.0881756916642189
-51.20000000000005,-0.003711872909699099,2.384789772145908,-0.01538461538461544,-1.44852813742386,-30.08982086181641,-0.2149488420690109,-0.046485669910907745
149.0,0.006919899665551954,2.156186785887499,-0.01538461538461544,-3.545584412271573,-21.90478324890137,-0.2613656688295337,-0.05726534500718117
266.0,0.03963461538461543,6.158721895508478,-0.02076923076923076,-4.22842712474619,-30.42287254333496,-0.2108038588358164,0.010101739317178726
-54.59999999999997,0.04239581939799342,4.352267527362002,-0.0007692307692307443,-6.111269837220799,-22.38438415527344,-0.3394971429800534,-0.07550987601280212
-11.59999999999997,0.02725267558528432,4.848276655063742,-0.003076923076922977,-6.34558441227156,-22.62418365478516,-0.2725231444966077,-0.09952990710735321
98.6,0.0160817725752509,6.285619755659965,-0.006923076923076921,-8.194112549695433,-30.75592231750488,-0.02002667392904953,-0.28793635964393616
123.6,0.01206872909698975,4.60784556595398,0.006923076923076921,-3.614213562373095,-63.15768051147461,-0.2406125893720673,-0.04049532487988472
328.2,0.06195685618729074,7.221654864566801,-0.002307692307692233,-3.097056274847709,-63.70928573608398,-0.2195580025866985,0.12678362429141998
183.0,0.07393946488294312,-1.021330299507696,-0.003076923076923088,-4.345584412271567,-71.49911499023438,-0.4872493864151468,0.09528370946645737
11.59999999999997,-0.007833612040133775,5.401318829797617,-0.01307692307692299,-3.179898987322325,-31.08897399902344,-0.06886589333498111,-0.0670536607503891
137.0,0.01494732441471558,2.710283449079,-0.01846153846153853,-1.448528137423857,-47.97859954833984,0.0151245319113525,-0.023004990071058273
94.20000000000005,0.01430016722408001,5.177367189975115,-0.0215384615384614,-4.276955262170045,-40.21986389160156,0.04826985770623181,-0.07764799147844315
122.0,0.06401086956521729,9.815603579641987,-0.003846153846153832,-1.434314575050763,-79.84054565429688,-0.2694053879803656,0.09544634819030762
317.8,0.1532627090301004,11.69540726072027,0.002307692307692233,-5.111269837220814,-87.41181945800781,0.2438963114513101,0.19429688155651093
220.0,0.15337491638796,10.96666972893387,-0.003076923076923088,-0.1656854249492525,-96.5234146118164,0.4706183015030024,0.2636486291885376
258.8,0.155245484949833,-7.749132471667295,-0.005384615384615432,-1.014213562373101,-88.95214080810547,0.3065677574513102,0.41096818447113037
177.6,0.1145984949832776,-1.750837696297594,-0.007692307692307776,-0.5514718625761397,-80.53785705566406,-0.3804720451633788,0.2481941282749176
373.0,0.1575518394648827,1.244968620657701,-0.01153846153846161,0.1999999999999993,-97.3664321899414,0.468340334250306,0.3830265998840332
-22.25,-0.005377282608695633,-4.206484093097856,0.09699999999999998,-2.767766952966369,0.0,0.06122063280536702,-0.049095313996076584
-15.0,0.0006657806324110727,-4.213343219988516,0.09999999999999998,-0.3964466094067234,0.0,0.05916525259618222,0.009148120880126953
-190.75,-0.03550876482213428,-9.433398490912055,0.06999999999999995,0.5000000000000142,-24.94307899475098,0.0451374471246184,-0.060385335236787796
10.25,-0.03570111660079056,-6.026554602142127,0.08199999999999996,2.121320343559638,-24.3104305267334,0.1110446185141041,-0.018706880509853363
129.8,0.01473160535117068,2.019009612772209,-0.005384615384615432,-2.497056274847708,-38.5146598815918,-0.0763923357103434,-0.024098720401525497
-105.8,0.004083277591973133,0.6244822409124993,-0.00846153846153841,-4.897056274847724,-38.08835983276367,-0.2180445507789886,-0.08514854311943054
27.0,0.04476797101449281,4.753633915802695,-0.04866666666666664,-2.55228474983079,30.00251007080078,-0.1498958034899535,0.07106923311948776
-102.6666666666667,0.0361505797101449,1.683121294054502,-0.05399999999999994,-4.259391531017329,36.9427795410156,-0.4251454450055677,0.009009290486574173
92.80000000000001,-0.008248221343873374,0.5060545883812892,-0.004545454545455074,-0.965685424949239,0.0,0.0008893851700945143,-0.017077196389436722
0.0,0.0,0.0,0.0,0.0,0.0,-0.03360166101315037,0.009014051407575607
17.83333333333329,0.03032374629446655,-17.5307652476215,0.02187499999999998,3.597631072937823,-7.065294265747067,0.03872456516475165,0.10391319543123245
-15.8333333333333,0.02025220479249012,-15.5061498545751,0.02375000000000005,6.437902832994912,-19.69726371765137,0.1876869829642773,0.1774083971977234
-155.6666666666667,-0.005446566205533632,-2.883140299781928,0.03437500000000004,-2.649915822768619,-97.1083974838257,-0.1266690057407654,0.01365814357995987
26.16666666666671,0.02234370059288526,-18.06800766542258,0.02374999999999994,0.1952621458756454,-34.58483505249023,0.2421987202515643,0.04462379217147827
69.66666666666664,0.03672377717391306,-18.59511900109793,0.01687499999999997,3.109475708248716,-21.3594913482666,0.03052473200609407,0.10343930870294571
-145.6666666666666,-0.01591695899209478,-2.26016141683175,0.04437500000000005,-0.02859547920896688,-105.0320048332214,-0.1295609348975636,0.08427570760250092
-163.6666666666667,-0.01341988636363634,5.505089830168203,0.04312499999999997,-0.06903559372884871,-104.9061603546143,-0.08908849155942666,0.07139589637517929
-98.0,0.02804825839920944,-4.586542934224099,0.006249999999999978,3.580880229039764,-20.13254165649414,0.1452044788385795,0.10506721585988998
21.83333333333329,0.02167506793478269,0.9009534116249682,0.006249999999999978,1.511844635310908,-31.04519748687744,0.2004657694193141,0.04397472366690636
48.66666666666657,0.04857190587944682,1.506214574953901,0.006249999999999978,3.092724864350672,-29.22815322875977,0.1826661381307558,0.09035897254943848
32.66666666666659,0.0640045022233201,-1.579627992891304,0.006249999999999978,2.276142374915402,-39.51136779785156,0.2172262303392393,0.12882556021213531
25.16666666666671,0.006803841403162147,2.646180551910376,0.001249999999999973,0.4309644062711513,4.637420654296875,-0.05415652939627508,0.023493528366088867
42.5,0.07631772480237142,0.0685547263854005,-0.03062500000000001,0.6548220313557422,-12.41234588623051,-0.02210478545882891,0.08208508044481277
24.16666666666657,0.03024339797430819,5.733190612384576,0.020625,-0.4714045207910189,23.9034729003906,-0.1319382709739069,0.11680260300636292
240.6666666666667,0.03560398344861659,6.375665435736394,0.02124999999999999,0.2642977396044799,23.5654296875,-0.1683097267853541,0.2125157117843628
-105.0,0.007346745306324176,-1.584934478685909,0.02562500000000001,-1.235702260395506,19.03267669677734,0.008535791244652924,0.006776288151741028
59.66666666666671,0.01413297307312267,-2.043342306414957,0.020625,0.5,18.42096710205078,-0.006433379916201798,0.048787638545036316
48.66666666666671,0.002388111413043403,-2.147801347861702,0.02000000000000002,-0.471404520791026,18.08293151855469,-0.0405201825677042,0.01743604987859726
-12.83333333333343,-0.02479167490118583,-1.712171442370021,0.01124999999999998,-0.5,13.50986480712891,0.03443499662426951,0.013778049498796463
37.0,0.008933930335968343,-3.330654651448469,0.01875000000000004,0.6094757082487234,8.132022857666016,0.0594112394868949,0.03349514305591583
-38.8333333333334,0.01319552248023725,4.447347859253199,-0.03062500000000001,-0.5976310729378156,-16.5971298217773,-0.1379844541134431,-0.013971220701932907
-56.83333333333331,-0.005408022480237196,-5.427835431783393,-0.015625,-0.7071067811865532,-2.316459655761676,-0.08540008460828481,-0.01719791069626808
-44.83333333333329,-0.0354388092885376,12.0388072165788,0.04562499999999992,-2.833333333333336,38.29872894287115,-0.09106934423515808,0.019647054374217987
60.83333333333331,-0.04069827692687755,14.23486633925251,0.041875,-3.011844635310908,37.45364379882812,-0.1167485832351581,0.07028388977050781
158.0,-0.02736794095849815,-13.6481323272922,0.04250000000000009,-2.942809041582073,36.60855484008789,-0.1767437551185599,0.007861874997615814
-4.666666666666714,-0.0443441452569171,-1.751193548837492,0.01937500000000003,0.2071067811865461,37.98474502563477,0.02807752808353169,0.0280943363904953
-43.16666666666657,-0.03987015810276684,4.420509658739704,0.05874999999999997,-5.161760458079534,42.63841247558589,-0.1742854032818735,-0.0365666002035141
-54.16666666666657,-0.06257408596837954,15.1198739030859,0.02937500000000004,-2.304737854124369,51.43025207519533,0.1064612431415504,0.08928761631250381
-86.16666666666669,-0.06462837821146239,1.051825180033589,0.03874999999999995,-5.495093791412863,46.11676788330078,0.003844788859788506,-0.04207594692707062
-57.6666666666666,-0.04105553977272736,-1.92621322012269,0.02687499999999998,-0.776142374915402,41.5331916809082,0.1155704987380381,0.013776730746030807
23.0,-0.05212929841897229,8.169534219741195,0.06812499999999999,-2.87377344785321,53.96612167358403,-0.2626779392571646,-0.02623702585697174
140.6666666666666,-0.00418526432806321,6.441069915222698,0.03125,1.776142374915402,44.7438850402832,0.06390145662388919,0.1349857747554779
-83.33333333333329,-0.02743019762845844,4.323609228238624,0.002666666666667039,1.069035593728856,-19.97750759124756,-0.00938618041964251,-0.007604081183671951
-163.0,-0.0606559420289855,-3.616718234435908,-0.001333333333333298,-0.5,2.594579696655281,-0.08318857329935725,-0.01680000126361847
-88.5,-0.02616000000000007,0.0,0.0006666666666668153,-1.345177968644251,2.746111869812013,0.0008706227006427536,-0.03287998214364052
-193.0,-0.06737347826086937,-3.711018907854211,-0.005999999999999894,-0.9714045207910331,0.6931362152099698,-0.1320680780971899,-0.04290413856506348
-168.8333333333333,-0.058484492753623,-5.048126449519714,-0.0006666666666667043,0.9714045207910402,-4.941249847412109,0.06214622629949207,-0.01989608258008957
-129.8333333333334,-0.05732333333333317,-5.890702917191518,-0.01000000000000001,0.1380711874576974,-1.538063049316399,-0.02428190510671835,-0.05488439276814461
-147.1666666666667,-0.04995115942028994,-4.033151424350677,-0.01133333333333342,0.4714045207910189,-1.386529922485359,-0.01640756135535582,-0.03325619921088219
91.83333333333337,-0.02286275362318846,0.0,-0.002000000000000113,2.080880229039757,-2.746112823486332,0.02502346664464422,-0.000809941440820694
46.66666666666663,-0.02498101449275369,-0.1113002243111936,0.00666666666666671,-0.5000000000000071,2.79349899291992,-0.08730011996810438,0.0019462965428829193
14.16666666666669,-0.04209173913043485,-1.299041372452251,-0.01000000000000001,1.580880229039771,-5.78489971160888,0.1182150089289217,-0.025419235229492188
-17.66666666666669,-0.01814782608695664,-2.645216391937808,-0.01000000000000001,-0.1094757082487305,-5.76158523559571,0.0944188805776901,-0.0062507279217243195
-95.99999999999994,-0.003006086956521714,-0.4917879728676979,-0.005999999999999894,2.816582489435277,-2.94477462768555,0.04106109357769011,0.015509672462940216
46.0,0.009627246376811782,0.5937341883230118,-0.009333333333333305,1.666666666666664,-2.92146110534668,0.05100735092709452,0.012343347072601318
-174.5,-0.0129871014492754,-2.04178758175469,-0.009333333333333305,2.109475708248723,-2.793498992919918,0.01178632893096493,0.02792445383965969
-58.66666666666663,-0.003482173913043285,0.04930522534569093,-0.007333333333333303,-0.0690355937288416,-3.038024902343752,-0.08970842845793137,-0.0025676600635051727
-133.1666666666666,-0.00133942028985512,-1.299041372452251,-0.008000000000000007,-0.0690355937288345,-3.014713287353512,-0.05102710627836893,-0.004190701991319656
16.83333333333331,0.007612876254180501,0.6929543954697976,-0.005384615384614877,-0.8737734478532246,-9.783035278320298,0.03880238661655822,-0.018622279167175293
-14.66666666666669,0.0197832775919734,-0.7731790449107052,-0.001538461538460822,0.2357022603955201,-9.509117126464801,0.0430383160511113,0.021830670535564423
56.66666666666669,0.01981555183946482,3.120925031126916,-0.009230769230770042,-2.080880229039767,-22.80107116699219,-0.1285962256880447,-0.022386636584997177
311.8333333333334,0.08787525083612024,-15.11957085987819,-0.004615384615385132,-1.914213562373092,-9.662269592285213,0.1439370555545477,0.36527377367019653
-109.6666666666667,-0.02252792642140489,0.01818034685391012,-0.008461538461538964,-1.540440114519896,-1.660865783691392,0.0758319120824778,-0.042800601571798325
-12.16666666666663,0.04800826086956522,2.167385174127602,-0.01200000000000001,-2.649915822768598,5.399085998535099,-0.09409229281255854,0.027980132028460503
124.1666666666666,0.02654318840579706,2.700451523227002,-0.01066666666666705,-2.747546895706442,10.11626434326169,-0.1810788167812311,0.022316358983516693
231.3333333333333,0.01994202898550734,1.059050385890103,-0.01866666666666617,-2.080880229039764,-1.165153503417997,-0.19302954585527,-0.005866400897502899
142.5,-0.03784347826086942,9.987927500719707,0.01066666666666682,-1.011844635310915,7.246131896972599,-0.2322891391490515,0.0821545198559761
-147.6666666666667,0.02365884057971013,-11.21856528707551,-0.01400000000000001,1.454653676892974,2.529190063476506,0.09094140238228188,0.08823946118354797
115.1666666666666,0.06939956521739121,2.372730983349712,-0.0006666666666661492,2.287987010226303,-5.882339477539105,0.1240763792571266,0.1609538048505783
-187.6666666666666,-0.008293333333333153,0.662153230939893,-0.01533333333333387,-1.097631072937819,-5.200447082519517,-0.0503691917048974,-0.030526310205459595
146.3333333333334,0.0882105797101449,1.122427803659804,-0.03866666666666685,-4.426058197684021,-0.9665222167967897,-0.1215689922137542,0.038797907531261444
78.0,0.005512173913043483,-2.865878551616504,0.01733333333333298,-1.05719095841793,6.337051391601591,-0.1186752483315345,-0.013399586081504822
224.6666666666666,0.03907884057971012,2.372730983349712,-0.005333333333332968,-0.264297739604487,-9.576683044433594,0.1289639703820801,0.035050760954618454
250.8333333333334,0.0641181159420291,0.4866349598060964,-0.03066666666666684,-1.304737854124376,-2.330307006835895,0.2223393690117149,0.06233886629343033
111.9999999999999,0.1158884057971014,3.240081352041699,-0.03799999999999981,-4.190355937288494,3.409713745117216,0.031117208559934,0.0645110160112381
200.3333333333333,0.0241785507246377,-1.084666807687697,-0.03800000000000003,-1.304737854124355,-0.2846221923827841,0.1070516514476758,-0.010235302150249481
20.66666666666674,0.02442550724637682,-2.251697179907197,-0.03599999999999981,-3.914213562373096,-2.889236450195284,-0.03313249432354098,-0.052030809223651886
27.0,0.0001313043478261555,-2.452733230996799,0.03600000000000003,-0.1262265521467789,6.319564819335909,-0.1481403117076806,0.04296382889151573
77.83333333333326,0.004476666666666573,-1.387635764774501,0.02333333333333298,0.1952621458756418,12.92427062988281,-0.0762727528951184,0.0284301545470953
134.5,0.01552521739130419,-0.4420439151346045,0.02000000000000002,-0.9023689270621809,12.9242706298828,-0.111812110282221,0.048969317227602005
-68.83333333333331,-0.003170013175230579,-2.260022786572705,0.0,0.5976310729378227,4.485496520996094,-0.06958923380348628,0.019383251667022705
56.16666666666663,-0.0006873847167326863,-0.1057312984037964,-0.01066666666666705,-0.5118446353109114,-1.083564758300781,-0.08127000203581158,-0.027117639780044556
39.66666666666669,0.006470625823452036,1.086334930002408,-0.01400000000000001,-0.638071187457701,-7.894012451171875,0.02236041635508762,-0.02317129448056221
41.83333333333331,-0.01652617918313593,-1.328923639888799,-0.02200000000000002,0.5285954792089598,-15.47235488891602,-0.02301072734750143,-0.016436167061328888
169.5,-0.005499644268774695,-1.227268233683006,-0.03066666666666706,0.5285954792089598,-15.00949478149414,0.01808322526945627,-0.019073214381933212
150.1666666666666,-0.006114677206851438,0.09437809148680287,-0.05133333333333367,-0.7071067811865497,-21.81995391845703,-0.1141141288083178,-0.02957569807767868
-26.66666666666669,-0.03342493412384706,-1.385044719241407,0.01066666666666671,-1.954653676892971,0.3156814575195312,-0.10588832810512,-0.02660501003265381
-124.8333333333334,-0.01826027009222664,-1.734245840857611,-0.004666666666667041,-1.638071187457701,-6.494773864746094,-0.1189872426877412,-0.021777037531137466
-120.8333333333333,0.01466668642951263,-1.044248249633,-0.03533333333333333,-0.4023689270621915,-38.51646423339844,-0.11346778565633,-0.02458076924085617
61.0,0.03842200263504625,0.4585449061060984,-0.08933333333333338,0.6380711874576903,-47.96755218505859,-0.01092329107244122,0.009341873228549957
97.0,0.03340703557312263,2.576807120709503,-0.08933333333333382,1.247546895706432,-49.36679458618163,0.1525009031266538,0.025810349732637405
-14.33333333333326,0.009315388669301483,0.4162674670847935,-0.04933333333333367,0.1380711874576903,-33.26308059692383,-0.1972026829309674,-0.017153237015008926
-41.33333333333331,-0.0002480368906456754,0.4162674670847935,-0.01399999999999957,-2.276142374915398,-17.93791198730469,-0.2820445607955681,-0.053241271525621414
86.16666666666669,0.04978937417654816,-0.4544460082287998,-0.1046666666666671,1.58088022903976,-65.60043716430663,0.1443275273678542,0.096144899725914
52.0,0.03277520421607394,-0.581003512700704,-0.07933333333333303,0.1952621458756312,-57.54858779907227,0.09080342141899267,0.019554562866687775
57.5,0.07123560606060608,2.033195907078792,-0.1286666666666664,-0.7761423749153984,-62.20915985107421,0.2511070430891981,0.08592280000448227
-139.8333333333333,0.04510027009222695,2.402958308228506,-0.04599999999999971,-1.81658248943528,-36.19149398803711,0.2380018222121906,-0.030092567205429077
-247.5,0.002493629776020967,4.661955141843904,-0.1206666666666665,-3.88561808316414,-58.81788253784183,0.231627254329498,-0.026942972093820572
43.83333333333337,0.05179400527009237,0.9373095803686056,-0.08866666666666712,1.483249156101948,-63.11763763427739,0.01130322251470972,0.09204740077257156
201.5000000000001,0.08071780632411063,3.189455865147295,-0.0680000000000004,-0.5690355937288416,-47.79246520996094,0.08568309943493169,0.11504293978214264
-93.66666666666669,0.04790907114624499,3.296837271852894,-0.03866666666666629,-1.287987010226306,-32.46730041503907,-0.02836672020145453,-0.03480134159326553
47.16666666666663,0.05714948616600801,3.867937837921303,-0.1060000000000004,-0.0690355937288416,-49.52462768554686,-0.0650373596321458,0.07199763506650925
108.0,0.03011732542819512,0.01750954820559514,-0.0733333333333338,-0.5,-37.59073638916011,0.3267489231846872,0.007481526583433151
-33.16666666666669,0.05850052042160736,-0.9284070393654957,-0.0833333333333337,-0.4714045207910402,-42.71417236328128,0.2054006968841641,0.040909260511398315
-193.8333333333333,-0.01069849143610013,-0.3271067267670986,-0.03866666666666629,1.511844635310929,-21.64486694335938,0.3855503239449058,-0.022176191210746765
-1.666666666666629,0.0009778853754939254,0.2483582508730962,-0.04866666666666708,-0.08088022903976011,-19.92574310302739,0.3173886310894872,-0.029589124023914337
121.5,0.04405341238471672,2.153553088686195,-0.1493333333333335,-0.9428090415820627,-60.83782577514648,-0.05443178323607489,0.014293588697910309
-280.1666666666667,0.02141469696969722,-0.2599692129511908,-0.1306666666666669,1.138071187457697,-54.02736663818358,0.1189658423978729,0.07335028797388077
-70.66666666666663,0.004691277997365129,0.3542974951348867,-0.02066666666666594,0.8047378541243688,-11.43782806396479,0.1464352960493827,-0.00925535336136818
73.66666666666669,0.01362305665349139,-0.2604123704368106,-0.01733333333333409,0.6380711874577045,-11.3970260620117,-0.00169690495923952,-0.0032567791640758514
105.6666666666667,0.00290304347826098,-3.475911310877095,0.01933333333333331,1.442809041582059,-2.921981811523438,-0.08137470494392829,0.019112005829811096
17.5,0.0491388405797103,-0.5715880394958077,0.01866666666666661,1.166666666666664,-9.675399780273438,-0.05478802813071809,0.04532173275947571
227.1666666666666,0.05743159420289845,-4.104937093308592,-0.07066666666666666,-1.190355937288494,63.33781003952026,0.3707587896390778,0.14700157940387726
157.5,0.01952028985507248,-3.820707388255499,-0.08533333333333337,1.247546895706428,64.40060710906982,0.3101710808911368,0.10037586092948914
175.0,0.09316536231884065,5.150698834589051,0.02600000000000002,-7.242640687119291,-61.58741760253906,-0.1320169529899899,-0.0029553622007369995
-294.5,0.03110521739130423,2.678600919413,0.0126666666666666,-1.804737854124358,-33.13572597503662,-0.1217484663617043,0.006320390850305557
181.6666666666667,0.04424072463768114,2.408326657644295,0.01600000000000001,-5.954653676892971,-18.84080696105957,-0.3484743023465739,-0.016611259430646896
301.8333333333333,0.03943724637681179,3.213141677663103,0.02266666666666661,-1.109475708248734,-25.62111282348633,-0.2186856675830306,0.03219376876950264
324.5000000000001,0.0596708695652175,3.34895307410261,0.01533333333333331,-4.868867239266073,-26.75333404541016,-0.01926200634657393,0.06678852438926697
91.16666666666669,0.04918811594202877,3.679388408879902,0.02133333333333332,1.666666666666671,-33.04407119750977,0.0653518190739451,0.07126032561063766
202.3333333333334,0.06592463768115941,4.048884154008803,0.03133333333333321,0.3047378541243617,-40.46703147888183,-0.1850610100003964,0.1702413558959961
-42.83333333333337,-0.02618057971014498,-1.528138961742101,-0.138,1.37377344785321,-88.47541046142578,0.1138630143449742,0.15051992237567902
205.8333333333333,0.01719188405797112,0.4234408994788907,0.01000000000000001,-3.868867239266073,4.872817993164105,-0.05007966134165343,0.014724534004926682
225.8333333333333,0.01587681159420307,1.127488844018103,0.01000000000000001,-0.4309644062711513,-8.113594055175767,-0.1484525945949792,0.027667565271258354
-227.0,-0.03457913043478245,-1.781070970117199,-0.1486666666666666,6.39746271847504,-91.4576644897461,0.169016901337141,0.22730737924575806
184.6666666666666,0.03525130434782608,0.0,0.01400000000000012,-0.8737734478532104,-0.4104156494141051,-0.1388155803101161,0.02501773089170456
104.6666666666666,0.02652333333333345,0.0,0.0159999999999999,-1.873773447853218,0.3443298339842897,-0.02795548471952253,0.02111014723777771
10.99999999999994,0.02820797101449302,0.0,0.01000000000000001,-2.609475708248731,1.099082946777301,-0.02741066459655428,0.013983182609081268
-154.6666666666667,-0.0338337681159423,-2.207199658192707,-0.14,5.230796051808369,-95.04199600219724,0.2432604406339991,0.2216833233833313
172.0,0.00785347826086924,0.1632597124013984,0.0126666666666666,-0.235702260395513,-1.165161132812614,-0.2341148776413137,-5.276873707771301e-05
98.00000000000006,0.009411739130434804,-2.061477988708205,-0.1413333333333332,9.283080801639159,-95.13079071044919,0.07319933159607578,0.30284246802330017
141.3333333333334,-0.01586260869565204,-1.970352891842694,-0.1593333333333333,3.385618083164118,-45.96173477172852,0.3316853797324589,0.1267668753862381
212.6666666666666,0.01073913043478247,-1.2206383229815,-0.1666666666666667,2.414213562373099,-63.1631908416748,0.1639793853577508,0.08845376968383789
-31.66666666666663,0.0,0.275757756206005,0.0,1.097631072937819,-1.919914245605398,-7.679329394605361e-11,0.0022003650665283203
124.5000000000001,0.017100579710145,-1.656012542076894,-0.1426666666666666,7.909307353785948,-101.5511741638183,-0.0224546894039242,0.30822527408599854
107.3333333333333,-0.005609710144927282,-1.894366937656997,-0.152,6.690355937288487,-107.5557212829589,0.1966753925170486,0.2811809480190277
315.9999999999999,0.005048550724637502,-0.4213126260244877,-0.1773333333333329,2.857022603955151,-44.43279266357422,0.2377948316862255,0.10417188704013824
-96.0,0.02041608695652186,0.06921897240400199,0.009999999999999898,-1.190355937288491,-1.919906616210994,-0.1323296164009187,0.009988106787204742
-31.5,0.03152043478260891,1.346579556415804,0.02200000000000002,-4.552284749830793,5.765655517578097,-0.2635207204711268,0.01832844689488411
151.1666666666666,0.01326536231884057,-0.9254902550863875,-0.1459999999999996,5.552284749830786,-107.9715538024902,-0.08944480555046469,0.26132944226264954
281.3333333333333,0.005545797101449201,-1.547458614438199,-0.1573333333333337,9.087818655763524,-114.334545135498,-0.0107555401985901,0.37079352140426636
133.1666666666667,-0.02578826086956543,-1.156297417854205,-0.198,5.995093791412856,-52.19179153442383,0.0797087376070672,0.1659729927778244
-78.33333333333337,0.01049623188405779,0.0697257627035981,0.01000000000000001,-2.966498312203889,2.404411315917898,-0.01881444372830993,-0.015144504606723785
200.8333333333334,0.01523115942028963,-0.17545234239509,0.002666666666666706,-2.926058197684014,1.1651611328125,-0.1127736730611089,0.007382232695817947
91.0,0.02640550724637691,-0.06803229101758745,0.03066666666666684,-4.454653676892974,6.728729248046903,-0.2749848870756201,0.033353254199028015
60.33333333333331,0.02320246376811608,-0.04956405531909525,0.02066666666666683,-5.21895141649745,11.0530548095704,-0.1093478478391047,-0.0068168677389621735
210.0,0.0427059420289857,0.5565484426479088,0.04800000000000015,-1.97140452079103,9.347396850585895,-0.1253031022647794,0.1224326491355896
178.3333333333334,0.03036869565217393,0.3646781584423877,-0.1840000000000001,4.080880229039757,-34.97278213500976,0.1146654941866035,0.10778599977493286
214.1666666666666,0.01058391304347828,-0.05692800844349222,0.03066666666666662,-3.276142374915395,6.318321228027301,-0.1464106457456738,0.007255192846059799
-69.5,0.006269420289854999,-0.3221464597646957,0.03666666666666674,-5.149915822768609,12.1521377563476,-0.03525763492565781,-0.029530484229326248
-18.33333333333337,0.009556956521739268,-0.1053790435158106,-0.001999999999999891,1.373773447853218,0.0,0.03177393722587629,0.02610318921506405
120.3333333333333,0.04277318840579691,-0.8435877807746976,-0.128666666666667,6.50693842672376,-101.1587524414062,-0.1677829681985901,0.24205690622329712
223.4999999999999,0.05198710144927554,0.9801601713255934,-0.1720000000000005,0.3214886980224207,-31.21533203124999,-0.1096146324119963,0.09311845898628235
220.0,0.04871000000000025,-0.2378022679556011,-0.1673333333333338,2.776142374915402,-27.19976043701172,-0.06649304106017043,0.08464604616165161
54.33333333333337,0.02665130434782614,1.515494607943893,-0.09799999999999964,-3.621320343559638,-20.25711059570318,-0.1177817165100023,-0.03198952227830887
132.5,0.05739130434782624,-0.5420777608670022,-0.1593333333333331,3.81658248943527,-35.23089599609375,-0.0451117362814516,0.1829194575548172
-10.83333333333326,0.0384939130434786,0.5954675092153963,-0.06066666666666665,6.023689270621819,-31.27482604980472,-0.05949496236617635,0.1276056319475174
244.4999999999999,0.0258950724637681,-0.2106600453222995,-0.03000000000000003,1.47140452079103,-7.713928222656307,-0.0388635911780113,0.03300848603248596
161.6666666666667,0.007900289855072629,-0.6961139051939966,-0.01800000000000002,1.05228474983079,-4.169891357421903,-0.002182106930491368,-0.011941999197006226
233.3333333333334,0.01776304347826096,-0.05436154269590077,-0.01266666666666705,-0.442809041582052,-7.364227294921818,0.003055543697304097,0.015699904412031174
36.66666666666674,0.02045231884057974,-0.2492016479133952,-0.04600000000000004,0.776142374915409,-7.713912963867216,-0.1453443087131756,0.016210246831178665
13.0,-0.02196304347826095,-0.4001306642094988,-0.05533333333333412,0.1903559372884907,-8.565170288085909,-0.05785209134974073,-0.012557785958051682
134.3333333333334,-0.007769710144927555,-1.962838094457496,-0.03133333333333299,2.385618083164132,-8.565185546875,-0.2300639169966537,0.0038859285414218903
23.16666666666663,0.007070144927535993,-0.4273044531849024,-0.02666666666666706,1.914213562373092,-7.818115234375,-0.0005196878515990044,-0.004251740872859955
75.5,0.03239173913043492,-0.4480076551712955,-0.05133333333333301,2.580880229039749,-14.83265686035159,0.1146150510112415,0.02664726972579956
-36.83333333333326,0.02385855072463761,-0.3057907928153867,-0.06800000000000006,1.776142374915388,-21.84718322753909,0.0533614617763627,0.031495630741119385
301.8333333333333,0.04501811594202898,0.2412189949730958,-0.04600000000000004,2.776142374915391,-27.1999816894531,-0.05208310547247741,0.053886979818344116
276.8333333333333,0.04984376811594193,0.5822797635681098,-0.1013333333333329,5.19035593728848,-33.673698425293,-0.06782939833642088,0.13786284625530243
318.8333333333333,0.002986521739130388,0.7661819038731892,-0.06933333333333302,-1.87377344785321,-16.57086181640628,0.0251203418580897,-0.035280127078294754
-3.333333333333314,-0.008016231884057867,-2.6515927426085,-0.06666666666666599,-0.6499158227686017,-12.03569030761719,0.05394986867625878,-0.023117810487747192
-31.16666666666663,-0.01393695652173932,-2.704097125869211,-0.04200000000000004,-0.09763107293780848,-12.42814636230472,-0.07153027714191029,-0.027569472789764404
-84.16666666666669,-0.006825652173913177,0.8473094174118927,-0.03866666666666707,0.09763107293781914,0.5051422119140057,0.01651356442243312,-0.002954140305519104
79.66666666666669,0.02689478260869571,-0.1538004283629988,-0.03333333333333299,0.4477152501692103,-3.52734375,-0.06945717628872217,0.005101971328258514
54.16666666666663,0.03524652173913057,-0.8005302603741029,-0.06066666666666598,5.299831645537228,-13.32969665527341,0.06356170936534877,0.10803553462028503
23.33333333333337,0.02594724637681167,0.01566079458169156,-0.04466666666666597,3.926058197684011,-19.13636779785151,0.01930437479062158,0.06970542669296265
239.1666666666667,0.04201579710144954,-0.8338525711860001,-0.09799999999999986,5.702200572599388,-14.52008056640619,0.03014664076060669,0.11866120994091034
213.3333333333333,0.03089028985507269,-0.3116449998228035,-0.1013333333333331,1.776142374915395,-4.724395751953097,-0.3549511379626065,0.06475804001092911
173.6666666666667,0.03353492753623188,0.8715027523250001,-0.08933333333333304,0.9714045207910402,-15.22647094726562,0.03925530082716044,0.022434426471590996
-12.5,-0.00894608695652166,-3.435276220425195,-0.06933333333333302,1.718951416497468,-15.4790344238281,0.08913619629950892,0.0007345825433731079
103.1666666666666,-0.01004391304347829,-4.806454643995494,-0.02666666666666595,2.345177968644251,-12.0085144042969,0.09208234496452272,-0.00402257964015007
-75.5,-0.01605101449275359,-3.248268978301496,-0.02800000000000091,2.81658248943528,-11.33631896972651,0.0182118792995089,0.00209943950176239
60.66666666666669,0.0373294202898552,0.008719660865494916,-0.05600000000000005,1.52859547920897,-1.964614868164119,-0.02105283705934813,0.022955812513828278
-12.33333333333331,0.01575869565217403,-0.7724549466508961,-0.07333333333333392,3.735702260395524,0.4167785644530966,0.03129319540976649,0.11369016766548157
172.9999999999999,0.03265057971014484,-0.8582794142208883,-0.07733333333333303,3.621320343559638,-0.9819793701172159,-0.09286716274041618,0.09824993461370468
207.3333333333333,0.03651449275362306,-0.298425789443499,-0.082666666666666,1.735702260395509,-2.3807373046875,-0.1121287638703761,0.0397004708647728
153.3333333333333,0.04095971014492761,0.6169061668614972,-0.0746666666666671,0.4428090415820591,1.940460205078196,-0.3093941009626064,0.04433378949761391
43.0,0.03892231884057973,0.4465582759826958,-0.04066666666666685,-0.2642977396044905,2.942169189453097,0.0002073299245174964,0.02005976065993309
93.16666666666663,0.01531507246376818,-0.3962954219035026,-0.06933333333333302,2.207106781186539,-7.220779418945312,-0.2478883159162443,0.0461919829249382
-83.83333333333331,-0.01150347826086962,-3.17196967650851,-0.04933333333333279,0.9714045207910296,-11.05656433105469,0.01712522165853841,-0.014029283076524734
-49.16666666666669,-0.03206231884057986,-1.515181930591098,-0.0493333333333339,1.845177968644251,-3.078063964843722,-0.1183981861329567,-0.007454883307218552
-76.83333333333331,0.03304362318840581,1.359529388633206,-0.02266666666666595,0.0,3.948486328125,0.0139912534057075,0.039633408188819885
55.0,0.0747778260869566,2.480806739180593,-0.0333333333333341,-1.690355937288487,-4.687278747558608,-0.2273910053086873,0.06266703456640244
-121.5,0.02887753623188405,-1.070144976304604,-0.05200000000000005,4.190355937288491,-6.773971557617216,-0.0203876902545666,0.0943978950381279
-12.16666666666674,-0.0202940579710148,0.8105532757168987,-0.02066666666666617,-0.06903559372885937,6.998794555664006,0.03806532273519669,0.003199029713869095
31.16666666666674,0.02326231884057994,3.391091228825303,-0.04666666666666686,-2.08088022903976,1.60714721679679,-0.1156701585651911,0.009406067430973053
115.8333333333333,0.0473301449275364,1.20585073898549,-0.037333333333333,-0.6666666666666572,-1.644264221191406,-0.291180516938996,-0.00011503323912620544
66.66666666666669,0.04015753623188412,-0.5493967157017039,-0.05333333333333301,2.885618083164132,-6.634094238281222,0.1187957437258527,0.036942753940820694
-90.16666666666669,-0.00755768115942046,-3.369799949753201,-0.04733333333333301,3.569035593728859,-6.494232177734318,-0.05186452399279617,0.05745097994804382
20.83333333333331,0.04000115942029003,2.125021708849602,-0.02000000000000002,0.8619288125423026,3.443344116210881,-0.08641771231708151,0.034994594752788544
172.1666666666667,0.04618057971014522,3.178097765630298,-0.03733333333333388,1.333333333333339,7.259872436523409,-0.07504113251183703,0.05665138363838196
-25.0,0.007274782608695518,2.271449064382992,-0.02200000000000002,-1.430964406271148,6.173858642578125,-0.2085098245453457,-0.019138958305120468
138.3333333333334,0.06768898550724645,4.389913804930572,-0.04666666666666619,1.37377344785321,-0.3341217041015057,0.2505869104091226,0.07946538925170898
76.6666666666666,0.0139515942028986,-1.594940025989601,-0.04333333333333389,4.5522847498308,-3.050888061523409,-0.07553786443382082,0.08873020112514496
155.1666666666667,0.04048898550724622,1.475550367578407,-0.02533333333333387,0.04044011451988183,3.835784912109403,-0.05011383717032331,0.038852062076330185
332.5,0.02674898550724636,2.01651006022621,-0.02133333333333387,-1.678511301977569,3.825042724609403,-0.16701969980176,0.04454687237739563
30.83333333333331,0.03897202898550733,3.6160699555994,-0.1193333333333331,-2.540440114519882,-12.6027069091797,-0.1591400498650183,0.004849743098020554
40.83333333333337,0.05882115942028976,6.235379899909603,-0.102666666666666,-0.516750843898059,-8.976142883300795,-0.2355129288795234,0.07111558318138123
87.99999999999994,0.05004884057971015,3.876560390315106,-0.1200000000000001,-2.138071187457697,-5.991180419921903,-0.2733033224154604,0.02645154856145382
353.0,0.08346855072463755,9.168959230845488,-0.1180000000000001,-1.78798701022631,-12.5751419067383,0.07820424871387888,0.24036258459091187
100.1666666666667,0.08411942028985486,1.100160399024304,-0.1259999999999999,-1.804737854124348,1.010772705078196,0.04034372043459789,0.11971189826726913
163.4999999999999,0.04576710144927543,8.642366492960477,-0.1206666666666669,-2.357022603955159,-6.508186340331989,-0.005234305666743877,0.046199411153793335
390.3333333333333,0.111665652173913,12.47089397433768,-0.1326666666666658,2.914213562373085,-6.12680053710929,0.283048477052029,0.2863016128540039
161.6666666666667,0.08089159420289849,5.020884939159103,-0.1260000000000001,-1.333333333333336,0.5319442749022869,-0.07203661556540214,0.1467064768075943
200.5,0.1268756521739133,9.381972334290822,-0.1199999999999999,2.442809041582059,0.7644805908202983,0.1306738441109776,0.29705700278282166
390.8333333333333,0.1752202898550723,-12.9703655425581,-0.127333333333334,5.926058197683997,-6.783676147460909,0.3893133867374275,0.4711829423904419
268.6666666666666,0.1492334782608695,12.41371826381551,-0.1093333333333328,1.13807118745769,1.084304809570298,0.3783926946654014,0.291260302066803
287.1666666666667,0.1102698550724635,13.13622775051965,-0.1419999999999999,1.414213562373099,-1.817604064941392,0.1084122551368955,0.26213139295578003
201.0,0.1100030434782607,13.13622775051965,-0.1446666666666669,1.304737854124355,8.661148071289077,0.2258379692880457,0.27567654848098755
423.0,0.1616117391304348,11.00494044562116,-0.1299999999999999,3.954653676892967,-9.764877319336009,0.3487278529805863,0.31922104954719543
383.6666666666667,0.1508643478260869,9.991660429503739,-0.1039999999999999,2.873773447853203,-14.9038391113281,0.3772081757258556,0.3458855152130127
13.33333333333337,-0.005474057971014634,1.639565088442296,0.03733333333333333,-0.9428090415820591,26.56502532958984,0.1737481540659953,0.03134111315011978
38.16666666666669,0.04155231884057997,1.989580568330098,0.02266666666666661,-0.1548220313557636,28.40345001220703,0.1627960253875866,0.07688894867897034
-48.66666666666669,0.02675840579710154,1.434729611799597,0.02333333333333298,2.138071187457701,31.38288116455078,0.1831476432439166,0.0987095832824707
298.8333333333333,0.1660384057971015,18.88454999456179,-0.137333333333334,2.845177968644244,-2.185691833496094,0.3749930847243877,0.2936747968196869
425.0000000000001,0.1539739130434781,19.38083450939459,-0.1239999999999999,1.776142374915388,10.54502868652339,0.3812293064634267,0.4735877215862274
154.5,0.1405771014492753,9.999819462283483,-0.1026666666666658,4.218951416497461,18.32769012451176,0.4130289717883308,0.36317411065101624
156.0,0.1063623188405796,9.444758932557377,-0.1013333333333328,0.9309644062711442,-2.856842041015597,0.07314768139480815,0.18357019126415253
386.8333333333334,0.1449181159420289,16.48552946669469,-0.08600000000000008,0.4714045207910402,6.954078674316506,0.3941006417767233,0.39612752199172974
150.8333333333334,0.05108652173913031,1.7603332343174,0.002666666666666706,-1.34517796864424,27.720703125,0.1284838111769491,0.08707036077976227
311.1666666666667,0.06087376811594192,2.031954840950291,0.01666666666666627,-2.759391531017336,30.3427619934082,0.04300741685213111,0.1614989936351776
57.0,0.04867463768115943,3.468207520223601,0.02599999999999958,-4.409307353785962,31.79494476318359,0.2778615711374783,0.0795857310295105
5.833333333333314,0.1352739130434785,12.46496759786534,-0.1353333333333329,2.430964406271151,13.12578582763672,0.2912279312689063,0.30022868514060974
430.6666666666667,0.1924839130434784,17.34541003098238,-0.1279999999999999,3.759391531017343,1.977943420410185,0.4800799113507004,0.4166410565376282
148.5,0.1017439130434784,11.24270163277015,-0.1226666666666658,4.718951416497458,25.90419006347656,0.2898284572570142,0.2977839410305023
35.66666666666663,0.1251818840579713,5.519041948714204,-0.1219999999999999,2.511844635310908,-14.09799957275391,0.04603301800446041,0.20521026849746704
313.6666666666666,0.1683986956521739,11.00594117991645,-0.1033333333333339,3.178511301977579,6.301017761230511,0.2549805881535043,0.4545913338661194
28.83333333333331,0.1054842028985508,10.47259301449574,-0.08800000000000008,-0.1666666666666714,0.7340469360351989,0.00899741841324131,0.16517049074172974
23.83333333333337,0.1198240579710145,4.046855422152305,-0.06799999999999984,-0.5285954792089669,-14.9877090454101,0.1086529621719898,0.11560998857021332
166.8333333333333,0.1016255072463769,4.385290154664901,-0.01933333333333298,2.914213562373092,33.45085144042969,0.01493855879534189,0.2577552795410156
175.8333333333333,0.08789478260869577,10.76739142303403,-0.1446666666666658,-1.845177968644251,17.43826293945312,-0.1148434261541769,0.23626141250133514
331.0,0.1327082608695653,14.37560630680407,-0.1359999999999999,1.121320343559642,11.25417327880859,0.06165878347539949,0.44982337951660156
358.0,0.1366705797101453,-4.430771636677704,-0.1246666666666658,0.1548220313557565,5.2332763671875,0.1901377632689063,0.40351343154907227
423.0000000000001,0.1760621739130435,8.221035230337236,-0.1173333333333328,2.483249156101934,-0.6244354248046875,0.2895197065047725,0.3665609359741211
101.5,0.1220826086956522,14.80411584446396,-0.1133333333333328,0.8737734478532104,23.02496337890625,0.1148346551601478,0.2629512548446655
133.6666666666666,0.06726362318840573,6.10624046173011,-0.1066666666666669,0.4023689270621844,-17.0092849731446,-0.08038357733232471,0.1179167628288269
221.1666666666666,0.1619920289855074,9.815210307480655,-0.08733333333333393,1.471404520791026,3.180786132812457,0.152898567906117,0.300873339176178
110.1666666666666,0.1337059420289854,6.691635165618095,-0.07733333333333303,-0.6666666666666714,0.1628875732421875,0.06897161698790977,0.2251957803964615
-20.66666666666669,0.08678840579710156,3.490184069601099,-0.06800000000000006,-2.040440114519882,-15.5588760375976,0.1245681730044604,0.06482613831758499
69.83333333333337,0.09337231884057962,4.189991522023703,-0.01733333333333298,1.471404520791019,29.89365386962891,-0.01913860537233758,0.24954909086227417
219.3333333333333,0.0800115942028986,6.537765833302203,-0.01466666666666594,-0.9428090415820698,33.59355545043945,0.03092631495720555,0.309207022190094
88.83333333333337,0.142819275362319,18.9072513229176,-0.1393333333333329,-3.914213562373103,8.87908935546875,0.1356033655711931,0.15898704528808594
397.1666666666667,0.1617188405797102,-1.556335623053698,-0.1293333333333329,-3.299831645537207,5.375213623046875,0.1552546557061661,0.24736818671226501
310.6666666666666,0.171931884057971,-9.824193664785199,-0.1173333333333328,-0.3333333333333357,-0.75933837890625,0.3383468635101972,0.4026190936565399
43.83333333333337,0.08959072463768114,6.698289623067794,-0.1073333333333328,-2.011844635310908,-17.69786834716793,-0.08148822157687396,0.07240389287471771
227.3333333333334,0.1996811594202899,-9.659137426562594,-0.08533333333333393,-1.069035593728856,2.528022766113281,0.2778802598732516,0.3021950125694275
113.5,0.1199323188405795,6.560285453498096,-0.07466666666666599,-1.373773447853218,-2.957351684570341,0.05871219117355225,0.12103454768657684
50.5,0.03703724637681161,5.558540593799307,-0.06733333333333302,-1.638071187457697,-18.434326171875,-0.06470786645002258,-0.01535918191075325
147.5,0.0444288405797103,3.688589293357396,-0.02266666666666595,-1.247546895706421,27.94122314453125,0.02966337938645791,0.06841666996479034
39.66666666666669,0.009357681159420372,2.855234872275204,-0.02200000000000002,-1.638071187457697,30.66489791870117,0.1881748453521194,0.011118881404399872
48.33333333333331,0.03197507246376796,2.407021061905695,-0.01666666666666594,-4.495093791412863,35.09322357177734,0.1714668998856535,-0.002466592937707901
265.6666666666667,0.1322391304347825,-12.1731494409795,-0.1286666666666658,-4.690355937288487,9.216262817382812,0.1171188885711931,0.261004775762558
282.5,0.1403847826086955,3.641529102816506,-0.1186666666666658,-3.483249156101952,2.723281860351562,0.07431969157119311,0.20188865065574646
296.3333333333333,0.1332853623188407,10.78150307638096,-0.1053333333333328,-2.138071187457701,20.98638916015625,0.07962944851440168,0.3485175371170044
76.5,0.09028376811594196,7.943437207176927,-0.09400000000000008,-2.638071187457705,-20.85391998291018,-0.0709528870765378,0.07520782947540283
151.1666666666667,0.123871884057971,0.2545324712537109,-0.07533333333333392,-2.345177968644236,-5.995986938476562,0.2519222466879474,0.08214163780212402
-10.16666666666669,0.06376768115942011,8.005326599748727,-0.07066666666666599,-2.649915822768598,-21.47296142578125,-0.145608156576874,0.020753920078277588
116.0,0.02363362318840589,1.702288615931309,-0.002666666666667039,-2.069035593728849,26.71722030639648,0.1818080653085977,0.032239362597465515
119.3333333333333,0.01026333333333329,1.255254362817809,0.004666666666665931,-5.673605093390442,30.75506210327149,0.1224814053521194,-0.03706919774413109
262.5,0.136924347826087,-12.90843494492931,-0.1133333333333328,-3.857022603955151,9.553443908691406,0.1386089560061066,0.2943435609340668
143.5,0.0632579710144926,7.466624242526507,-0.078666666666666,-2.666666666666671,-21.62410736083987,-0.0319359464878255,0.02290162444114685
108.5,0.1001976811594203,11.45001632235862,-0.06266666666666687,-2.178511301977565,-24.67478942871095,-0.07133159970306602,0.10058167576789856
143.1666666666666,0.1094639130434782,1.950075936979303,-0.04600000000000004,-0.09763107293780848,-9.585037231445312,0.2125806260284516,0.1341966688632965
21.5,0.06330681159420282,-0.3263057872530055,-0.043333333333333,-0.8451779686442507,-34.7272491455078,-0.1362872459307033,0.041160568594932556
-98.16666666666663,-0.001707246376811966,2.936294741875585,-0.03200000000000003,-1.569035593728849,-27.26396179199219,-0.09261266863864981,-0.05710054561495781
46.83333333333331,0.02795260869565219,0.7249262199200928,0.003333333333332966,-2.609475708248731,29.77884292602539,0.0782609483085977,0.033219583332538605
144.8333333333333,0.07347521739130436,1.342271716697397,0.0700000000000005,-3.040440114519875,7.339851379394531,0.05192370567406451,0.19761964678764343
105.3333333333333,0.07346666666666657,7.382966740849682,-0.03866666666666685,0.09763107293780848,-17.21150970458987,-0.07256641484846643,0.09462834149599075
47.33333333333331,0.008262028985507208,5.536023427856819,-0.03666666666666596,-1.304737854124355,-24.73564147949219,-0.1545928820802305,-0.04043389484286308
35.83333333333331,0.02910565217391292,0.0117692228619859,-0.01800000000000002,-2.718951416497468,-7.28074645996098,-0.07084715208415715,-0.0360381118953228
274.1666666666667,0.1190592753623189,-18.08945227780221,-0.009999999999999787,-4.109475708248745,-16.13113403320312,0.1025647522733277,0.30053508281707764
-81.83333333333331,-0.03814956521739121,-0.9985268723424952,0.001333333333333186,0.0,8.640365600585895,-0.01984624871771773,0.0017275810241699219
16.5,-0.01213521739130452,-1.690008570021902,-0.0006666666666667043,0.1666666666666572,116.5302352905273,0.0654387415473725,-0.020780887454748154
-20.83333333333337,0.002224927536231824,-3.19278614804719,-0.01933333333333342,5.121320343559638,-6.998992919921903,0.2128475327861128,0.09134816378355026
-149.9999999999999,0.01239101449275348,0.445885295501995,0.002666666666666706,-0.9023689270621844,104.5595474243164,-0.01528814324262495,-0.0014511272311210632
124.8333333333333,0.04614913043478264,0.759572976170702,-0.01533333333333331,3.109475708248731,27.91590881347659,0.2454508578102855,0.11400385200977325
-16.16666666666669,-0.01158130434782623,-0.0498591743424015,0.008000000000000007,-0.1666666666666643,123.5322265625,-0.03259590156677072,-0.019579023122787476
189.1666666666667,0.06483652173913046,0.159348154079396,-0.002666666666667039,6.564129385141708,69.29536437988278,0.1869411311186708,0.24499861896038055
216.3333333333333,0.0305753623188405,-0.7651561115371948,-0.002000000000000002,5.437902832994922,77.8504333496094,0.2210243352217492,0.1574091762304306
-1.666666666666629,0.02437797101449268,-0.6954313605997982,-0.005333333333333301,2.94280904158207,76.2188873291015,0.2271717962217492,0.08187520503997803
77.83333333333331,0.002772753623188629,-1.217474410091796,-0.01266666666666705,1.845177968644244,42.59199523925781,0.09259331344638,0.04230702668428421
220.8333333333334,0.06047420289855054,0.3262560976364028,-0.01866666666666628,7.092724864350668,42.97731018066409,0.2203327698076329,0.21448469161987305
25.83333333333331,-0.01218362318840582,0.2457389114930919,0.0126666666666666,0.0690355937288345,115.4737243652343,0.03362851414482559,-0.015670154243707657
-89.16666666666669,-0.03565594202898548,-0.4912809596077068,0.01400000000000001,-0.5404401145198747,110.546516418457,0.03262173597701029,-0.02637339010834694
-58.66666666666663,-0.01603536231884062,-0.4759054359237069,0.0126666666666666,0.1666666666666714,85.98937225341797,-0.0006181388013284939,-0.0023130401968955994
-85.0,0.02288840579710161,1.756987794440292,0.01533333333333331,-0.3047378541243688,68.5140151977539,-0.07166115528635136,0.07312165945768356
104.8333333333333,0.02582434782608678,1.778438565077806,0.01933333333333331,2.109475708248723,45.8667755126953,0.096613511647695,0.09325632452964783
-53.83333333333331,-0.001722463768115801,-2.392042656679209,-0.007333333333332859,0.9595598854801111,77.44709777832028,0.2010872381156571,0.034428343176841736
32.83333333333331,0.00334289855072456,-0.6836115200547965,-0.009333333333333638,3.771236166328272,79.01078796386722,0.1646724162066754,0.10835718363523483
127.5000000000001,0.01834782608695651,-1.965044145194298,-0.0106666666666666,2.707106781186546,75.32206726074222,0.1156834756676564,0.083533376455307
-53.83333333333337,-0.01498086956521705,-1.965044145194298,-0.01066666666666705,1.511844635310915,60.21009826660162,0.1412666380526013,0.046800583600997925
-45.0,0.01143884057971012,-0.763830748102805,-0.01266666666666705,6.397462718475037,63.8912658691406,0.09406627003004131,0.15407231450080872
-87.0,-0.02449623188405792,-2.085584085687202,-0.01600000000000035,3.690355937288487,38.6917419433594,-0.00169634429867771,0.08914865553379059
-87.33333333333337,-0.02049507246376825,-1.573197051092507,-0.01866666666666672,6.161760458079517,31.86058044433591,0.2617507316276512,0.12894558906555176
120.5,0.003807681159420317,-1.760015048229008,-0.01866666666666672,7.104569499661594,31.85301208496091,0.2437799029769835,0.1877085417509079
389.1666666666667,0.05151710144927535,2.070692816326513,0.004666666666666708,0.09763107293780848,60.17201995849609,-0.006283677609757787,0.1598653793334961
-53.66666666666669,0.02439014492753622,0.3990499247452135,0.001999999999999891,-2.483249156101927,54.60198974609379,-0.05536602533956458,0.030052796006202698
-91.66666666666669,-0.03285942028985511,2.55194821443699,-0.009999999999999676,2.995093791412852,61.18649291992179,0.1600154574309515,0.06328023225069046
5.333333333333371,-0.03495173913043459,-2.590902764814203,-0.00399999999999967,-0.6952621458756312,64.3213500976563,-0.1616187473777962,0.01222693920135498
-109.4999999999999,-0.01159623188405778,-2.629578553891406,-0.01399999999999968,1.333333333333339,84.3673400878906,0.1232258116630953,0.02356838434934616
-9.0,-0.02098260869565216,-2.704999555384802,-0.01199999999999957,1.885618083164125,86.59883117675781,-0.004487865601997099,0.019721630960702896
13.66666666666669,-0.03787086956521724,-2.717129917916992,-0.009999999999999565,-0.8451779686442507,71.66131591796872,-0.1455571391394947,0.0032085590064525604
-101.0,-0.02189942028985514,-2.645520387693097,-0.01199999999999957,-0.5857864376269006,62.0523681640625,-0.2586590136650404,0.01903121918439865
-55.0,-0.02280231884057971,-2.804875819277299,-0.01200000000000045,0.3905242917512624,45.71940612792969,-0.1207295427021453,0.03268568217754364
126.8333333333334,-0.0009756521739130442,-1.099955997796599,-0.00666666666666671,0.971404520791026,23.70326232910159,-0.06293033567050127,0.030123824253678322
-43.83333333333331,-0.01665101449275352,-1.019192323070897,-0.004666666666666597,0.1666666666666643,24.70741271972659,-0.0491008478060308,0.033357806503772736
127.9999999999999,-0.02732869565217411,1.225711591115498,-0.01333333333333375,0.7928932188134539,40.33380126953119,-0.1562176351056565,0.025671234354376793
183.3333333333333,0.003127681159420193,-1.451319772792289,-0.005333333333333523,-0.0690355937288416,22.35760498046878,-0.08398401812556411,0.02856343798339367
118.1666666666667,-0.01998768115942029,-2.486665038906096,-0.01599999999999968,0.7357022603955059,22.16981506347662,-0.2711970476650404,0.0366949662566185
-58.33333333333331,-0.01764855072463756,-2.657544689781901,-0.01533333333333331,0.5000000000000142,22.59457397460938,-0.09211068928695809,0.021795954555273056
-149.4999999999999,-0.02621826086956491,-2.854301946545405,-0.01866666666666661,1.678511301977572,21.61595153808591,-0.007838999981176598,0.0281673576682806
39.66666666666663,-0.03657840579710159,-3.399489010327898,-0.01666666666666672,3.592724864350679,30.95063781738281,-0.1798484964752491,0.09406337887048721
11.83333333333331,-0.02819826086956534,-2.422785376022503,-0.01733333333333331,3.080880229039757,25.45518493652349,-0.2374122264656398,0.06186810880899429
22.0,-0.017211449275362,-2.920846922858701,-0.02066666666666661,1.040440114519882,24.07321166992179,-0.06920776533427792,0.023274630308151245
-143.8333333333334,-0.0131723188405799,-4.685132970126404,-0.02266666666666661,5.730796051808365,56.91685485839841,0.0940210723624163,0.12174567580223083
57.16666666666663,-0.02649579710144923,-2.991758462639694,-0.02266666666666661,-0.1785113019775864,28.61146545410159,-0.06556941815337552,0.02576104737818241
33.0,8.362318840582361e-05,-1.841428109449396,-0.01666666666666661,3.885618083164125,20.9921875,0.04363589620072511,0.09406352043151855
16.5,-0.02205086956521762,-0.01690235875629753,-0.02199999999999969,1.195262145875638,13.69001770019528,-0.005621839660184313,0.023170240223407745
4.333333333333371,-0.003623188405797007,-1.216614483819498,-0.01866666666666672,2.690355937288487,10.50129699707028,-0.05821275665214931,0.038355983793735504
-54.33333333333331,-0.01454405797101455,-1.2930620490515,-0.02133333333333332,0.9023689270621631,7.312606811523409,0.022517298039407,0.010092854499816895
-173.1666666666666,-0.03061768115942043,-2.507020985264504,-0.03133333333333332,4.190355937288494,27.8586120605469,-0.06150681469504965,0.11516660451889038
-151.8333333333333,-0.02205260869565229,-2.821624550748112,-0.03200000000000003,3.55228474983079,23.76655578613281,-0.1787535591797307,0.0882398933172226
222.5000000000001,-0.005908550724637585,1.426197585601599,-0.02199999999999958,2.78798701022631,15.57199096679688,-0.005178342813698222,0.058868106454610825
170.6666666666667,0.00766507246376813,-0.1550439483058028,-0.02266666666666672,1.597631072937819,32.90789794921878,-0.02096763066846874,0.042286768555641174
-7.166666666666686,-0.01270840579710131,-0.5290289652202063,-0.02799999999999969,0.6666666666666714,6.984512329101591,-0.05107944222002347,0.005069509148597717
66.16666666666663,-0.005701739130434813,-0.3307186965819966,-0.03400000000000036,1.166666666666671,21.11029052734381,0.0500355984480701,0.022162143141031265
-60.83333333333331,-0.01214623188405783,-2.517744860586987,-0.01400000000000046,-0.3333333333333286,-7.88818359375,-0.1390952116584444,-0.011156465858221054
-0.6666666666666288,0.003080579710145082,-3.925210685020687,-0.02266666666666706,-1.069035593728834,-3.368087768554716,-0.335544444598522,-0.044546887278556824
162.6666666666666,0.001550724637680911,0.2735122795926088,-0.008000000000000118,-1.138071187457697,23.72142028808599,-0.1788062943944581,0.00459640845656395
49.5,0.001550724637680911,0.01243308603280013,-0.008000000000000118,-2.011844635310908,24.0347900390625,-0.1788062943944581,-0.012596625834703445
109.0,-0.003609420289855114,1.148397523011297,-0.02799999999999991,-1.328427124746202,28.8910827636719,0.005953395939038986,-0.009897056967020035
-63.5,0.002158405797101581,-0.302876081243312,-0.02666666666666595,0.1666666666666572,-6.18405151367179,-0.03705849666049421,-0.017520848661661148
-144.8333333333334,-0.009590144927536293,-0.3837594742786905,-0.01933333333333298,-5.78798701022631,-31.47265625,-0.2411030676548797,-0.091361865401268
90.66666666666669,0.01069275362318844,0.5443143909563872,-0.008666666666666822,-1.37377344785321,30.00016784667972,-0.03999142900655472,0.011044275015592575
47.33333333333331,0.00390869565217411,0.4812768120078914,-0.006000000000000116,-1.540440114519882,20.4373474121094,-0.1033729088477698,-0.0023409202694892883
196.5000000000001,0.001435217391304144,0.08536446092350047,-0.006000000000000116,-0.8737734478532104,25.15875244140622,0.01834700600281991,0.021464448422193527
60.0,0.004029999999999756,0.2639240723532055,-0.02466666666666706,0.3451779686442293,9.823699951171818,-0.06790291432405737,0.021405044943094254
38.66666666666663,0.00258623188405771,0.07799466757559514,-0.01933333333333409,-3.954653676892974,-32.30078125,-0.09098977366782579,-0.09486263990402222
24.83333333333326,0.03315942028985519,-1.229720187042403,-0.009333333333332972,-5.56412938514169,-20.689697265625,-0.1541986201918253,-0.06182832643389702
103.8333333333333,0.01756231884057968,-1.092151845336204,-0.01666666666666627,-0.7642977396044941,11.57170104980469,0.008330213813023402,0.03384394943714142
373.5,0.06085710144927525,-8.232236111535087,-0.01666666666666705,2.597631072937816,4.826568603515597,0.05584482189781559,0.3355146646499634
205.8333333333333,0.01476826086956518,1.090083166971596,-0.00666666666666671,-0.9428090415820662,16.2370910644531,-0.03560609634834561,0.04459000006318092
101.3333333333333,0.01053144927536231,0.9444608253651978,-0.01199999999999957,-0.8047378541243688,6.098800659179688,0.01594208089886151,-0.0010229386389255524
131.0,-0.001798405797101554,-4.395563788972098,-0.003333333333333299,-0.5,4.668548583984318,-0.05337268653755861,-0.007232867181301117
12.0,0.002345072463768139,0.346808250765406,-0.01933333333333298,-4.592724864350664,-31.32846069335938,-0.07014392964038269,-0.10067276656627655
162.0,0.01914637681159437,0.07715012805410026,-0.01533333333333364,0.3047378541243617,3.328796386718722,-0.07199712937485842,0.029157575219869614
155.8333333333334,0.01007333333333349,2.054580015602198,-0.004000000000000004,-1.345177968644236,-2.346267700195284,-0.02657701992623512,-0.02836696058511734
90.16666666666663,0.01888115942028978,-4.448771218093398,-0.008666666666666933,3.121320343559653,-6.048645019531222,-0.03226208835897904,0.08080801367759705
97.66666666666669,0.02583623188405781,1.553590994326598,-0.005999999999999894,-0.6952621458756312,-5.220611572265597,-0.0257567756933143,0.01010691374540329
92.83333333333337,0.03848782608695656,0.9844087699495958,-0.007333333333332859,-0.7642977396044799,-13.00733947753909,-0.03400551171885852,0.00513029471039772
45.66666666666669,0.01906260869565246,1.649865996124106,-0.005999999999999894,-0.511844635310915,-1.233978271484403,0.0297198497347228,0.018951766192913055
73.16666666666669,0.02499115942029007,0.764348235751811,-0.005333333333332968,0.5690355937288487,-7.063171386718807,0.07120510770347288,0.027845226228237152
190.1666666666667,0.01153956521739152,-1.52859505041792,0.0,0.0,-4.488922119140597,0.07058325169091478,0.0060142092406749725
-155.6666666666667,-0.005831304347826083,-2.573226840874824,0.002666666666667039,-1.316582489435277,4.488922119140597,0.01950793003020196,-0.007532186806201935
69.33333333333337,0.0369517391304347,8.665282709973013,-0.01400000000000001,-1.069035593728842,-14.33689880371091,-0.04951015894230709,0.0326131135225296
220.1666666666667,0.02282202898550745,8.035302495087777,-0.002000000000000002,-1.471404520791026,-4.182937622070312,-0.01585454495521949,0.05398702993988991
128.5,-0.009209275362318747,-0.4647408421062948,0.006000000000000005,-0.1666666666666714,13.13687896728521,-0.09312229262229538,0.027436956763267517
21.16666666666669,-0.004980579710144872,6.467859415462542,-0.004000000000000004,-1.109475708248745,-14.36079406738278,-0.05054787004972033,-0.025141775608062744
117.5,0.001885507246376705,4.873394879997917,-0.006666666666665932,-1.097631072937816,-18.84971618652341,-0.09538779833114214,-0.040157612413167953
-29.16666666666669,0.02703318840579705,5.113063692171806,-0.02000000000000002,-0.8333333333333286,-21.57963562011719,-0.0715368243326826,-0.012659583240747452
196.0,0.01007492753623185,4.440722507575884,-0.02066666666666683,-0.6666666666666714,-22.19158935546878,-0.130353919646027,-0.039912015199661255
358.1666666666666,0.07593057971014461,11.43024457312848,-0.02133333333333387,-0.971404520791026,-38.5934753417968,-0.01781086655424019,0.24150283634662628
216.5,0.06335811594202911,5.889791921154696,-0.037333333333333,-0.9023689270621773,-46.73023986816399,-0.07997014895961119,0.040540024638175964
125.5,0.03736492753623188,4.234159557366041,-0.03933333333333389,-0.3619288125423097,-47.9541702270508,-0.122736580676233,-0.01664222776889801
101.1666666666666,0.04680971014492752,8.648552122083899,-0.05133333333333301,-0.2357022603955201,-34.7933807373046,-0.09280482562656889,0.050851017236709595
-48.83333333333337,-0.03264130434782631,-4.064600765471411,0.01466666666666594,1.666666666666657,40.32859039306645,-0.1068285136407269,0.04731496796011925
118.6666666666667,0.106328115942029,-7.357373223536499,-0.02200000000000002,-2.914213562373099,-16.10133361816412,-0.01620995769336936,0.08362407982349396
190.6666666666667,0.01908028985507226,0.9929809507336103,-0.004666666666667041,-1.166666666666671,-2.421875,-0.05006967945230928,0.0016270838677883148
9.333333333333314,0.03470797101449286,1.237469558311503,-0.01266666666666705,-2.414213562373092,-17.91387939453122,-0.02652243448189673,-0.01723107323050499
-18.5,0.007367681159420325,1.588015674326897,-0.01800000000000002,-4.828427124746185,-8.369827270507812,-0.1613527396296249,-0.07266904413700104
116.3333333333333,0.04945391304347824,4.264547269896013,-0.02333333333333409,-4.983249156101941,-21.1767120361329,-0.1474183359102108,-0.0691257119178772
48.66666666666669,0.008029565217391288,1.704820809588,-0.01533333333333298,-4.857022603955159,-5.391586303710909,-0.2478106338032801,-0.06954316794872284
305.8333333333334,0.1226476811594204,6.771733270758332,-0.03266666666666707,-3.357022603955166,-34.50157165527349,0.004059643425880666,0.16248013079166412
1.0,0.02280884057971022,2.726242643302612,-0.02200000000000002,-3.149915822768598,-21.70536804199222,-0.3291472317424951,-0.04832713305950165
80.66666666666663,0.008965072463767987,2.254049917016403,-0.008666666666667044,-1.345177968644251,7.04119873046875,0.191836307954171,-0.008993316441774368
-278.3333333333333,-0.03020681159420269,-1.384854274193003,0.006000000000000449,-4.926058197684,43.48913955688478,-0.06541863761991751,-0.02918674424290657
-61.66666666666669,0.005666521739130514,0.6257758049080024,-0.0253333333333341,-7.173605093390432,-28.6751174926758,-0.2433089466813472,-0.23217672109603882
166.5,0.08628579710144935,3.516813704504997,-0.03400000000000003,-2.707106781186553,-60.91574859619141,-0.0154409248256156,0.06421031802892685
138.8333333333333,0.04183623188405805,4.379081183303995,-0.0273333333333341,-1.511844635310901,-40.71494293212891,-0.2301436540454948,-0.0269320011138916
193.1666666666667,0.04263173913043472,1.27232050955449,-0.01866666666666594,-1.776142374915395,-25.22294616699219,-0.2326562097144683,-0.004911430180072784
389.5,0.1740944927536231,3.699744804995902,-0.02000000000000002,1.276142374915388,-44.05413055419929,0.1802779979771947,0.30693238973617554
107.0,-0.01965927536231893,-0.9727041595278934,0.004000000000000004,-0.5690355937288487,-8.730773925781307,-0.1872812270650872,-0.008548129349946976
32.5,0.01051362318840576,2.697712767183091,-0.004666666666665931,-0.9714045207910296,16.30111694335937,0.03452006034544142,0.021521583199501038
-54.49999999999994,0.006844057971014506,2.300857516994995,-0.009333333333332972,-3.747546895706432,26.17300033569337,-0.002070035790665503,-0.01940421760082245
-86.16666666666663,-0.03813231884057966,-0.7274713679122016,-0.00399999999999967,-0.292893218813461,50.50276184082032,0.1007137915384487,0.005947288125753403
-172.5,-0.04404782608695679,-0.7251979905114894,-0.01200000000000001,-0.8737734478532175,51.72668075561523,0.0443524385008684,0.0040573179721832275
-302.0,-0.05411594202898518,-2.072693727167703,-0.01866666666666661,-1.402368927062192,66.18823623657227,0.1094588800095319,0.005389217287302017
-137.3333333333334,-0.05531202898550724,-2.355430451016602,-0.009999999999999676,-1.471404520791026,67.71813583374025,0.05903608835440471,-0.010377086699008942
-166.8333333333333,-0.05253289855072474,-2.725743836182701,-0.002000000000000002,1.345177968644251,72.42628479003906,-0.000998300772519889,0.020515210926532745
178.6666666666667,0.08590347826086964,5.378239550719428,-0.03533333333333299,-1.609475708248731,-40.16709899902341,-0.1086021094689212,0.0784107968211174
280.3333333333334,0.1380444927536232,2.7997256632583,-0.02200000000000002,-1.276142374915395,-36.37561035156251,0.2418117593507175,0.1847936511039734
-21.16666666666669,-0.003175362318840524,1.118905499425296,0.0006666666666659271,2.678511301977586,9.33074188232419,0.2877683796855955,0.04775743559002876
-79.5,-0.006453333333333422,-0.3081858648903051,0.002000000000000002,1.845177968644236,12.02654266357419,0.173019316624175,0.03674677759408951
48.16666666666669,-0.008783333333333254,-0.9528911930258062,0.003333333333334076,0.3047378541243688,10.93083953857419,0.1529632957220622,0.025557484477758408
-211.8333333333333,-0.005413333333333381,0.1030257118123075,-0.006000000000000005,-0.2071067811865461,15.07720947265625,-0.05239206842494398,0.0383911058306694
-4.5,0.02898159420289859,1.456569590869407,-0.02733333333333299,-1.718951416497454,-9.250450134277344,0.04142625377597742,-0.014075029641389847
-114.5,-0.03322014492753622,-0.5806464047943081,-0.008666666666666711,-0.9714045207910402,48.46167373657227,0.1407011190095319,0.0018340423703193665
-131.6666666666666,-0.03711434782608691,-1.1528049453389,-0.01066666666666671,-0.9309644062711513,62.61725425720215,0.1344156958190612,-0.0008421503007411957
-53.0,-0.03600623188405805,-1.475473600850393,-0.01333333333333298,0.7761423749153948,64.14715385437012,0.116706319428721,0.00691058486700058
-166.3333333333333,-0.05006840579710148,-1.99196453571831,-0.01999999999999957,-2.857022603955159,65.67704391479492,0.09120740009542433,-0.037070032209157944
8.666666666666686,-0.04572927536231886,-3.3823401954171,-0.01199999999999968,-0.7642977396044799,81.46697807312012,0.05794534956449354,0.003145933151245117
-217.1666666666666,-0.05624391304347864,-3.737375857772506,-0.01133333333333408,-1.207106781186553,83.30284786224365,0.07796949647441559,-0.05758145451545715
-215.9999999999999,-0.04638463768115941,-4.259160293863602,0.0,0.8737734478532104,87.12316513061523,0.06470810756449352,-0.009523004293441772
301.8333333333334,0.08935623188405784,1.963006177266394,-0.0253333333333341,1.816582489435284,-61.2417907714844,0.1423036438952879,0.21646860241889954
231.5,0.07398231884057971,11.9423153202722,-0.02333333333333409,-0.4999999999999929,-58.50254821777351,0.1637716323983329,0.15669846534729004
277.3333333333334,0.07398231884057971,5.740869472531131,-0.02133333333333409,-0.5690355937288487,-61.29388427734369,0.1232099507349428,0.12434393167495728
-80.16666666666669,0.001641304347826056,2.202132065211302,-0.02800000000000002,0.09763107293780848,-25.03731155395509,-0.01754301372402278,-0.03628283366560936
-175.0,0.04682666666666657,3.303509196986596,-0.01200000000000001,-0.2928932188134397,-11.72756576538087,-0.2462834430494343,0.032803624868392944
-182.5000000000001,-0.02444507246376815,-0.8055109585668987,0.004666666666667041,-3.52368927062183,57.71538925170898,-0.1460112893853482,-0.02795938029885292
135.1666666666666,-0.008120289855072182,-2.196975716451391,-0.01866666666666639,-0.3333333333333286,71.59626007080078,0.01927306777937959,0.029666250571608543
-35.5,-0.02572999999999992,-2.339928369467401,-0.01999999999999968,-1.316582489435284,73.33136749267578,0.0707798395296173,0.003010697662830353
-62.5,-0.0361510144927536,-2.328997479612198,-0.01933333333333376,-1.78798701022631,70.19954061508179,0.09656894895895635,-0.023417826741933823
-200.9999999999999,-0.04786913043478258,-3.455404331792508,-0.02000000000000002,-0.5690355937288416,76.80158233642578,0.113052534879446,0.008846506476402283
-196.6666666666667,-0.05120536231884087,-4.094601924248508,-0.01200000000000001,-1.81658248943527,78.53669738769531,0.0880565209252096,-0.033705197274684906
-104.5,-0.04128855072463755,-2.156692273084403,-0.009333333333332972,-0.02859547920896688,77.5787262916565,-0.0534505600112562,0.003483753651380539
-180.1666666666667,-0.04469028985507251,-3.21546821651151,-0.005333333333332968,-1.690355937288501,82.17820739746094,-0.06265785612055402,-0.026950068771839142
-329.3333333333334,-0.0579763768115944,-3.742505635143999,0.01933333333333298,-0.7642977396045012,48.0927505493164,0.06516863105068732,0.035849131643772125
-192.5,-0.06398565217391328,-2.998391414052705,0.02266666666666706,-0.7071067811865461,46.92291641235358,0.2035999580506874,0.01185232400894165
-287.1666666666667,-0.06984884057971019,-4.862828469825502,0.02466666666666595,-2.276142374915388,60.63706207275392,0.1178766122581796,-0.02294234186410904
-51.66666666666663,-0.04287144927536246,-3.201666451304604,0.03000000000000003,-0.1952621458756454,49.54457473754887,0.01536146645743147,0.012829732149839401
-187.1666666666666,-0.03399521739130418,-2.473222356782898,0.02933333333333299,0.6785113019775793,48.37474060058591,0.008883312617755101,0.030714083462953568
-332.6666666666666,-0.05921565217391322,-5.688520230673504,0.02933333333333299,-3.718951416497461,67.05021667480472,0.006916825050687303,-0.012405108660459518
12.16666666666663,-0.006531014492753728,-0.413856168278798,-0.01600000000000001,-0.4309644062711442,57.54143905639648,-0.05014831607479037,0.017999954521656036
12.16666666666663,-0.002937101449275281,-1.306769186241894,-0.01600000000000001,-0.4309644062711442,58.9705696105957,-0.04035578773829518,0.017515726387500763
125.3333333333333,-0.003637681159420425,-1.519046632009008,-0.02066666666666672,-0.1380711874576974,61.82883071899414,-0.01180638244414833,0.026639733463525772
-133.9999999999999,-0.0125615942028986,-2.660096961385904,-0.01866666666666661,0.4428090415820662,63.25795745849609,0.1484230155070634,0.03030737303197384
-156.6666666666667,-0.03242884057971018,-2.554753550931892,-0.01066666666666705,-0.6380711874577116,64.68708801269531,0.1334505175070634,0.010748103260993958
-123.0,-0.04222347826086958,-1.881528222702997,-0.01000000000000001,0.4428090415820591,68.56023406982422,0.03291465054282189,0.021672237664461136
-357.3333333333334,-0.03562043478260868,-3.108400339655901,0.006666666666665932,-3.149915822768612,34.97637176513671,0.09096387805503037,-0.02472231537103653
-258.1666666666667,-0.04675463768115962,-2.990145817565505,0.01066666666666705,-3.649915822768612,34.36895370483398,0.08969367662068961,-0.01967598870396614
-110.0,-0.05665449275362333,-3.282240673511495,0.01533333333333298,-4.19035593728848,30.6091423034668,0.1200401410506873,-0.03572104126214981
-310.3333333333333,-0.06510376811594198,-3.256248103337199,0.02000000000000002,-3.511844635310908,37.82695388793945,0.1748981660408159,-0.02906137704849243
-7.666666666666629,-0.03605217391304372,-3.071683440031308,0.02533333333333299,-2.483249156101955,28.81732177734375,0.007061599457431511,-0.010020222514867783
-137.1666666666667,-0.013036231884058,-0.2061614626055075,0.02800000000000002,1.207106781186553,27.92140960693359,0.06567896217020347,0.03860960155725479
-93.0,-0.02598376811594183,-2.639199849317095,0.02733333333333299,-1.540440114519868,31.98682403564452,-0.0151376153822449,0.010332286357879639
32.66666666666669,-0.05085014492753637,-3.039682065520196,0.02266666666666706,-4.023689270621816,49.41579437255861,-0.07469194781067978,-0.03228011354804039
-71.5,-0.01136637681159425,-1.192192587190107,0.02933333333333299,-1.235702260395513,35.15633392333983,0.01234489517020348,0.023741399869322777
-150.8333333333334,-0.005845362318840586,-1.462399495217497,-0.01666666666666705,-1.218951416497454,49.71433258056641,0.080742209857435,0.001166410744190216
-216.6666666666667,-0.02197623188405806,-1.080730858738406,-0.01533333333333298,0.2071067811865248,47.0403618812561,0.1525093176674003,0.026510506868362427
-154.8333333333333,-0.009118405797101325,-0.4545995619258036,-0.01400000000000001,0.06903559372884871,43.79788875579834,0.1034862017354563,0.03131982684135437
-275.1666666666667,-0.04046608695652165,-2.251561836108905,-0.0006666666666659271,-3.52368927062183,20.18730545043945,0.1050500894909572,-0.022291850298643112
-271.8333333333333,-0.03386710144927541,-1.350480646798403,-0.003333333333334076,-0.02859547920898819,30.9094066619873,0.04779015239236445,0.027135208249092102
-287.6666666666667,-0.0348040579710146,-2.136321856776803,0.006000000000000005,-2.787987010226303,24.48165130615235,0.09096165504634024,-0.020777102559804916
-307.1666666666667,-0.0386326086956521,-2.0195274607171,0.00733333333333297,-3.580880229039771,24.43665313720703,0.01964847017572868,-0.013651389628648758
-144.0,-0.03791260869565216,-3.295873516587008,0.006000000000000005,-4.287987010226317,39.83158493041992,0.01559184647855905,-0.03151607885956764
-103.6666666666667,-0.04153463768115928,-2.434625997519603,0.01466666666666594,-4.426058197684014,28.73099899291992,-0.0493331809476783,-0.046906404197216034
-101.8333333333333,-0.02663695652173925,-2.952809030608009,0.01866666666666705,-3.218951416497447,20.5722770690918,-0.05428616840849815,-0.03975483775138855
-151.6666666666667,-0.04188275362318816,-3.009036895935296,0.01666666666666705,-2.81658248943527,33.02534103393555,-0.1730421509476783,-0.029050108045339584
137.6666666666666,0.02181550724637704,-1.473009861057605,-0.01266666666666594,-2.718951416497461,14.95050811767578,0.06831794210949138,0.00303780660033226
-199.3333333333333,0.02945913043478265,0.2519972389298033,-0.01200000000000001,-1.178511301977579,23.98664093017578,0.3238297294446477,0.04268716648221016
-203.0,-0.02851362318840556,-0.9878063627264027,-0.0006666666666670373,-3.357022603955166,9.373664855957024,0.1492565097299434,-0.032709281891584396
-145.1666666666667,-0.03806999999999994,-1.012014667453499,0.004000000000000004,-3.55228474983079,14.50435256958009,0.1434379445510564,-0.049260690808296204
-254.0,0.0006618840579710739,-4.927623247217298,0.0,-3.52368927062183,25.78887176513672,0.1040565241010569,-0.015531674027442932
-54.33333333333337,-0.02190463768115936,-0.9760539587499011,0.00733333333333297,-2.16666666666665,15.53919219970702,-0.1060628088787607,-0.0018641650676727295
-259.1666666666667,-0.009194492753623162,-1.717159270566,0.01666666666666705,-1.609475708248723,3.925010681152344,-0.2328375508918841,0.0007782392203807831
-96.16666666666663,0.0192688405797099,1.916745271555698,-0.01600000000000001,-5.16176045807952,27.7063045501709,-0.004033036690494984,-0.018525298684835434
19.66666666666663,0.05382811594202896,0.840919389659291,-0.01266666666666594,-1.430964406271158,15.02045822143555,0.3439860017284569,0.07687169313430786
11.5,0.006194057971014466,-1.024521217600096,-0.0006666666666670373,-1.138071187457697,9.45923995971679,-0.05959734588524745,-0.011740170419216156
-33.66666666666663,-0.004102028985507711,0.07447429023149255,0.00733333333333297,-1.011844635310915,-4.534393310546875,-0.07270537590001164,-0.013386759907007217
185.3333333333333,-0.004972753623188275,0.186829889304704,0.006000000000000005,-0.8047378541243759,4.082180023193359,-0.1133612290121996,0.010253902524709702
49.83333333333337,0.02422942028985475,1.751108595271404,-0.01400000000000001,-5.868867239266073,14.08832836151123,-0.0415155410436433,-0.019672371447086334
373.8333333333334,0.01981115942028999,2.12609177246749,-0.008000000000000007,0.4023689270621915,-26.23659610748291,-0.0962096491014715,0.0328608900308609
-91.50000000000006,0.02016115942028984,-1.575059060246488,0.008000000000000007,-0.1952621458756241,-12.38653945922852,0.05957843359905879,0.01591550186276436
-74.33333333333331,0.03331768115942035,-1.575059060246488,0.00733333333333297,0.5404401145198889,-11.80955505371094,0.0851465520453854,0.03829552233219147
-53.99999999999997,-0.01857217391304355,2.816267290346204,0.0,-0.9023689270621773,-11.5271453857421,-0.0679467765975077,-0.014333367347717285
82.3333333333334,-0.009425362318840502,-1.635568674843995,-0.01666666666666672,-0.4428090415820662,4.606689453125,-0.1917371085975078,-0.013114698231220245
-79.66666666666671,-0.01746623188405816,1.335439403113796,0.00666666666666671,0.06903559372885582,-30.79774475097651,-0.05139652734849109,-0.00061064213514328
13.66666666666669,-0.005095072463767836,0.4334422890315039,0.0,0.207106781186539,10.95175170898438,0.02932621527719848,0.026920536532998085
75.16666666666669,0.006039275362319296,1.1169148108456,-0.0086666666666666,-0.9714045207910331,7.539047241210938,-0.139960202517239,-0.000939343124628067
42.0,0.001957536231883883,-0.2749099316885975,-0.01000000000000001,-0.5690355937288487,1.689254760742216,-0.0210417245842518,-0.011561516672372818
110.0,-1.028985507234292e-05,-0.6335360402042056,-0.01400000000000012,0.5118446353109185,-15.82676696777341,-0.1733002987859076,-0.015832073986530304
-138.8333333333334,-0.01670043478260874,-0.09365725295610616,0.004000000000000004,2.649915822768602,-12.17822265625,0.01907268078495183,0.019662581384181976
-109.5,-0.01409565217391306,-0.151568859304902,-0.0106666666666666,-1.223857625084609,14.25215148925781,0.007826350837946694,-0.0054732635617256165
-44.0,-0.009700869565217318,1.406893596791605,0.0006666666666665932,0.1785113019775793,0.8319854736328125,0.002289672269659204,0.018329117447137833
-121.6666666666666,-0.00504275362318829,1.03201942084209,-0.01466666666666672,-1.52859547920896,11.37199401855469,0.05718563217742301,-0.005969777703285217
84.83333333333331,0.006064782608695696,0.3949837065206054,-0.01000000000000001,0.9714045207910331,10.05714416503909,-0.0149672562682801,0.024264179170131683
33.33333333333331,0.00752188405797094,0.8081988736932999,-0.02000000000000002,0.9309644062711513,18.4908142089844,0.01255847840355456,0.028259336948394775
34.5,0.01274739130434799,2.032859627174204,-0.0113333333333332,-0.4999999999999858,15.0780944824219,-0.1556648754541143,0.04313074052333832
39.0,0.008635797101449239,0.2144783358798037,-0.009333333333333194,-1.37377344785321,22.09683227539068,0.09340736835638302,-0.009531725198030472
249.4999999999999,0.01924159420289862,1.594781092762304,-0.00666666666666671,-1.678511301977579,31.16914367675781,-0.1751948761657324,0.08073198795318604
-111.5,-0.01360536231884046,0.8719962463699034,0.004000000000000004,1.09763107293783,35.80137634277339,0.05721181799121805,0.038284461945295334
81.33333333333326,-0.008630144927535999,-1.203228883361504,-0.01333333333333331,2.540440114519878,-3.263885498046875,0.03240375708200699,0.013325512409210205
41.66666666666663,0.005420289855072813,0.5098778246032083,-0.01266666666666683,0.7642977396044728,9.162521362304688,0.02314327650425718,0.02495371736586094
128.6666666666667,0.005419420289855092,0.7182361741775907,-0.01866666666666672,1.23570226039552,26.7586975097656,0.09594252473171988,0.027917061001062393
105.5,0.009031884057971062,0.9047059918790978,-0.02066666666666683,2.454653676892967,36.6500549316406,-0.05395962495211126,0.05891691893339157
53.5,0.00927405797101477,3.500219301741893,-0.0213333333333332,1.540440114519868,31.77967834472653,-0.003948286454114269,0.04691000655293465
136.9999999999999,0.01527826086956519,6.516131484632908,-0.008666666666666711,-0.1380711874576903,10.22291564941409,-0.07079037446499348,0.12949097156524658
1.333333333333314,-0.009850579710144913,-3.60485352062274,-0.007333333333333303,-0.4714045207910402,0.1657867431640909,-0.1290793939438052,-0.0035084784030914307
35.16666666666669,0.04210159420289838,-0.5282732383257951,0.007999999999999896,0.8165824894352909,-7.539047241210909,0.04579913255472168,0.04044440761208534
-172.1666666666667,-0.00286840579710157,-0.02897288085630123,-0.0133333333333332,-0.06903559372885582,8.599456787109318,0.1135170384431575,0.01967409998178482
127.0,0.005400000000000071,0.7410215428077009,-0.03999999999999992,1.540440114519889,14.34925842285159,0.2009111836990946,0.01610032096505165
-26.5,0.007424782608695835,-15.71086321507541,-0.0106666666666666,1.16666666666665,32.739990234375,-0.1190159762269815,0.028081437572836876
-3.833333333333314,0.007014347826087231,1.927782026631206,-0.04333333333333333,0.4023689270621773,41.83680725097659,0.2096236975310067,0.028787218034267426
-63.16666666666663,0.01076463768115932,2.274610701752309,-0.01866666666666661,-0.2357022603955201,34.94291687011722,-0.06210056784116202,0.03864947706460953
-106.1666666666667,0.03890536231884045,0.1750199864903976,-0.004000000000000115,-1.247546895706428,22.03358459472659,0.3529559099707207,0.04542916640639305
117.0,0.00577086956521744,-0.4042305104812982,-0.01000000000000001,-1.20710678118656,16.93305969238281,-0.1807425210527183,-0.0024439096450805664
-5.666666666666686,-0.001762173913043674,-0.05303248092059221,0.01200000000000001,-1.23570226039552,21.24038696289062,-0.251771515646542,-0.002555467188358307
204.5,-0.002456376811594385,-0.184220625404393,0.002666666666666817,-1.540440114519882,32.40843200683588,-0.2351320137872798,0.02396295964717865
429.3333333333334,0.04513376811594205,0.324984199465888,-0.004000000000000115,-1.442809041582066,43.74224853515619,0.03478818158263602,0.12585508823394775
158.0,0.008914057971014522,1.567055136471708,0.0179999999999999,0.2071067811865532,31.8082733154296,-0.03440691123002326,0.04501618817448616
0.0,-0.004913623188405936,0.0,0.01733333333333331,0.0,3.601833343505859,0.1387330333762239,0.014495749026536942
204.4999999999999,-0.003164347826086988,-0.338765809029411,-0.004666666666666708,-3.080880229039757,21.4566650390625,0.04806728638744129,-0.015666525810956955
-205.0,-0.01414347826086937,-0.6831235728684959,0.008000000000000118,-2.540440114519875,22.86384582519531,-0.1814117530523097,-0.002174530178308487
38.33333333333331,-0.006167101449275236,0.1967598477019976,0.01200000000000001,-2.345177968644251,29.85505676269528,-0.151151627784161,-0.007839035242795944
-9.833333333333314,-0.02026217391304352,-0.2925840545418055,0.02000000000000002,-2.109475708248731,39.23384094238278,-0.1593131113458018,0.006874483078718185
243.5,0.04747072463768109,0.5980733873323061,-0.0113333333333332,-0.4595598854801324,10.83647155761722,0.3282026521554672,0.08424461632966995
-81.16666666666669,-0.007513768115942066,-0.3529939600275043,-0.007999999999999896,-2.718951416497461,16.25469970703122,0.1224598898644548,-0.02366035059094429
131.5,-0.01303217391304334,-1.0541845063198,0.0,-2.776142374915402,15.8726501464844,0.01249165699846222,-0.02514108642935753
-170.1666666666667,-0.02016130434782581,-0.6831235728684959,0.002666666666666817,-2.816582489435284,23.08012390136722,-0.1915112014009595,-0.016050029546022415
-141.3333333333333,-0.01386681159420311,-0.2558288506864983,0.001333333333333409,-1.511844635310915,33.43356323242182,-0.1736711257549945,0.01031918078660965
-70.16666666666674,0.0,0.0,0.0,0.7071067811865461,3.881614685058601,-2.358306883110117e-10,0.021359000355005264
-111.6666666666666,0.003046086956521532,0.1348396378668895,0.008000000000000007,0.7761423749154162,-7.411705017089851,-0.02367938953914706,0.010696925222873688
107.3333333333333,0.0171078260869566,14.2449493000197,-0.01666666666666672,-2.05228474983079,9.212997436523409,0.2482277652480127,0.12571662664413452
-222.8333333333334,-0.01528057971014518,-1.967788866340001,0.003999999999999893,-0.8619288125423026,5.086669921875,0.04254869362254921,0.0018290728330612183
-145.3333333333334,-0.000876811594203164,0.03535857756270389,-0.02000000000000002,-2.414213562373099,18.42601013183591,0.106837315561829,-0.016947947442531586
-25.33333333333331,-0.01677956521739143,-1.220076651028904,-0.0173333333333332,-3.52368927062183,16.0889129638671,0.2576394018606938,-0.037928566336631775
-126.0,-0.01877217391304331,-1.199896074087306,-0.009999999999999898,-1.942809041582059,18.17445373535159,0.1087573225253814,-0.009061530232429504
-197.8333333333333,-0.0216256521739131,-1.478221389132301,-0.0166666666666665,-1.845177968644251,24.869384765625,0.160002909195987,-0.0008220821619033813
-144.5,-0.04142956521739161,-1.752005356114807,-0.02000000000000002,-0.1666666666666856,31.86058044433588,0.1884337885034083,0.005644164979457855
102.8333333333333,0.003493913043478014,-0.07346504320879887,-0.01866666666666672,3.954653676892974,0.7069911956787109,0.06760018902456022,0.05642996355891228
-191.5,-0.01503507246376845,-0.6743494168899957,0.005333333333333301,2.05228474983079,8.001909255981449,0.3004601864309817,0.05993964895606041
18.5,-0.002358985507246336,-0.2194204423837078,0.009333333333333305,0.7761423749154162,-7.02705001831054,0.1358462335585844,0.005421105772256851
-151.5,0.0,-0.9902160427674005,0.003333333333333299,-0.6380711874576903,-4.689392089843807,-1.070393773616729e-10,-0.011653222143650055
-245.8333333333333,-0.01163086956521719,-0.3869872160887127,-0.01466666666666672,-1.23570226039552,11.94737243652341,0.1680258804278455,0.0046675801277160645
-133.6666666666667,-0.02220536231884074,-1.676107278148791,-0.03066666666666673,-1.37377344785321,13.40504455566409,0.2239418875605373,-0.029289275407791138
-74.0,-0.02721072463768126,-2.448940470610495,-0.03200000000000003,0.8737734478532104,17.49610900878901,0.2620491130399381,0.0032562725245952606
-298.1666666666666,-0.02160231884057973,-1.418897445068708,-0.01466666666666672,-0.3047378541243759,24.95513916015628,0.2597007657297464,0.032435912638902664
-84.33333333333326,-0.01089550724637667,0.2522976819265068,-0.01933333333333298,-1.718951416497461,-3.460824966430664,0.06948429998083983,-0.0452197901904583
50.33333333333337,0.009263768115942095,0.6942503208164936,-0.04000000000000004,2.569035593728849,-1.198848724365231,0.224541900567113,0.0019899867475032806
64.33333333333337,0.01465826086956501,0.09910427903800212,-0.04466666666666597,0.6785113019775793,-3.700408935546868,0.1995394397366143,-0.0038833245635032654
-14.16666666666663,-0.0001468115942030446,-0.1824265308164001,0.02266666666666661,0.1380711874576903,-6.642387390136719,0.191234176031404,0.015331581234931946
79.5,0.001796956521739057,0.1992869640021979,0.01000000000000001,1.442809041582066,-6.642391204833991,-0.0780777496068803,-0.0018072761595249176
213.8333333333333,0.1067808695652174,-10.20412556250119,-0.01266666666666671,2.569035593728863,14.4292755126954,0.480061607855117,0.37704727053642273
-55.83333333333331,0.002348695652173882,-0.06079735147609711,0.004666666666666708,0.6380711874576974,-7.589538574218807,0.03148121271139193,0.005855478346347809
63.33333333333331,-0.0086891304347827,-0.2485809652180961,0.002000000000000002,0.2642977396044799,-7.589538574218693,0.02716177854718127,-0.003822542726993561
-248.0,-0.02386449275362323,-1.971518664502895,-0.03466666666666673,-0.02859547920897398,11.99784851074219,0.2016877614747429,0.014291573315858841
-149.8333333333333,-0.03916246376811594,-1.857212780435304,-0.02133333333333332,-0.678511301977565,18.85856628417969,0.2168599607297464,-0.012566577643156052
-217.9999999999999,-0.0480321739130436,-2.630414148985295,-0.03066666666666662,1.207106781186525,20.69830322265631,0.2378227015369472,0.010746672749519348
178.6666666666666,0.006236521739130696,0.0,-0.009333333333332972,-0.3500841772314018,0.0,0.02183352927027959,-0.008913539350032806
208.3333333333334,0.01903405797101432,0.02427072236031336,-0.04333333333333411,1.983249156101934,-2.188503265380859,0.1035331227366142,0.028834205120801926
135.1666666666666,0.003966376811594285,0.04865142927251043,-0.02666666666666706,0.235702260395513,-3.747928619384766,0.1402431451322431,-0.02344643324613571
172.5,-0.006241884057970992,0.02086181536759568,0.01133333333333331,0.5404401145198818,-9.184379577636719,-0.06714584677718094,0.0028192922472953796
101.5,-0.009630289855072416,0.3069326900057945,0.01133333333333342,0.3333333333333357,-8.79972076416015,-0.11169734532599,-0.002032097429037094
-68.16666666666663,-0.0189165217391305,0.304220972520497,0.01533333333333331,0.6094757082487305,-8.415061950683594,0.1124595761170971,0.006921447813510895
-174.3333333333334,-0.0235252173913042,0.3230673122700978,0.01666666666666661,-0.09763107293781559,-8.030403137207031,0.1846350972742544,-0.004045780748128891
8.833333333333371,-0.01054289855072443,0.05238771050210289,0.02000000000000002,0.528595479208974,-6.257728576660156,0.01909817406889425,0.009824570268392563
32.33333333333337,-0.0006797101449275145,2.031510560571107,-0.003333333333333299,1.097631072937808,8.845245361328097,0.09887171862574429,0.024286950007081032
218.8333333333333,0.05272478260869584,-2.36582843425991,-0.02533333333333332,3.787987010226303,24.65219116210932,0.3125288112359931,0.15537990629673004
-142.8333333333334,-0.02442840579710126,-0.05489449950648861,0.01600000000000013,0.3737734478532175,-13.33934020996091,0.1882132423707191,-0.008732117712497711
-145.1666666666666,-0.01379768115942026,-0.000990148847506589,0.01000000000000001,0.6380711874576974,-2.900146484375,0.2095137047562063,0.007722511887550354
-41.33333333333331,-0.01329942028985498,-0.5663019282135053,-0.03933333333333322,0.3047378541243759,14.500732421875,0.1878736855095213,0.01171167939901352
-54.0,-0.006228260869565183,-0.2177346510754035,-0.04200000000000004,-0.06903559372886292,23.15068054199219,0.1761710722948059,0.007663600146770477
171.3333333333333,-0.0003892753623186973,-0.1595698187198025,0.0,-1.954653676892981,-6.498624801635739,0.0399169273222385,-0.03433794900774956
-159.1666666666667,0.03351550724637675,0.2844997810796031,-0.01000000000000001,-1.109475708248738,-5.860464096069339,0.1604503952938187,0.004335816949605942
141.3333333333334,0.03774913043478256,3.144847701384705,-0.04199999999999993,3.345177968644244,-7.984783172607422,0.1249737310073725,0.0788106918334961
295.1666666666666,0.05397695652173917,-0.3814563688580961,-0.01133333333333286,-0.4023689270621915,-5.153476715087891,0.1927975446508108,0.07661128789186478
-62.66666666666663,-0.02156855072463781,-0.1814685583414075,0.01333333333333298,0.6380711874577045,-9.184383392333977,0.1408207879973561,0.002234525978565216
-63.66666666666669,-0.01602884057971032,0.1397198064148881,0.01600000000000001,0.5690355937288558,-14.28813552856446,0.08236019543605,0.013394106179475784
27.83333333333331,0.05095391304347829,-3.490778985969101,-0.01466666666666672,1.707106781186546,23.2745361328125,0.2077584009370514,0.13219612836837769
220.3333333333333,0.0009726086956520774,1.963070191803013,0.006000000000000116,3.483249156101941,-0.7498016357421875,0.2568136996581149,0.05447065830230713
-70.66666666666669,-0.01928666666666667,0.7260403776924989,0.01133333333333342,0.2357022603955201,-10.02761840820318,0.173748451215153,0.0017952807247638702
-123.6666666666666,-0.02380463768115959,0.1785801825752031,0.0106666666666666,0.5404401145198676,-11.76637268066401,0.08900245061738354,0.008656229823827744
6.0,0.01050536231884081,0.7566443389757893,0.01999999999999991,0.707106781186539,-2.272293090820312,0.06270764821596203,0.020723264664411545
-45.83333333333331,0.005924927536231972,0.7566443389757893,0.01999999999999991,-0.6380711874577045,-6.016571044921875,0.1509837452005207,-0.008830845355987549
-259.8333333333334,-0.0283701449275362,-1.462378411126593,-0.03399999999999981,1.235702260395513,13.19453430175778,0.05653064403786889,0.014317035675048828
-1.0,-0.008184782608695595,-0.5811259144968091,0.02000000000000002,0.8047378541243546,-3.950632095336911,0.2642141449817184,0.00426173210144043
-97.33333333333331,0.007313478260869477,1.226798718160012,0.02933333333333343,0.3333333333333357,-5.081298828125,0.1038999985400872,0.01686108112335205
333.5000000000001,0.07075768115942038,3.227150221998698,0.01066666666666682,1.373773447853218,-8.26345252990723,0.08307924384599874,0.20190854370594025
282.5000000000001,0.1133497101449276,2.485683665926103,-0.001333333333333186,2.080880229039764,-9.11145210266113,0.2461133974085342,0.29803645610809326
381.3333333333334,0.1258147826086955,-0.7588413602180992,-0.03533333333333288,0.3619288125423026,-8.477287292480469,0.3767191260192939,0.26368793845176697
113.4999999999999,0.04391492753623172,3.142099457267307,-0.04199999999999993,1.345177968644244,-7.277793884277347,0.2115184555647529,0.021460410207509995
116.0,0.0288544927536234,3.775651986724299,-0.02800000000000002,2.138071187457705,-1.910480499267571,0.1480541793726324,0.037741709500551224
182.6666666666667,0.01253449275362306,2.895123061284991,-0.02133333333333298,-0.3451779686442507,-3.675310134887688,-0.008263989992627563,-0.015422884374856949
82.66666666666674,0.003510724637681095,0.2403821423999091,-0.01533333333333298,0.1380711874576974,5.481670379638672,-0.05121690861553541,0.002781238406896591
-172.8333333333334,-0.001191594202898605,0.005853109425402181,0.008000000000000007,0.6380711874577045,-8.4150619506836,0.03120936003214336,0.011254828423261642
361.4999999999999,0.1072601449275361,-10.266833604162,-0.01133333333333342,-0.4714045207910402,29.9189758300781,0.05249249093919484,0.5009240508079529
119.8333333333333,0.04316753623188396,2.098684275303796,0.01466666666666672,-0.4832491561019339,9.011032104492188,-0.04922295976109919,0.052241649478673935
351.5000000000001,0.06461260869565211,4.209031722139997,0.0,1.373773447853218,13.86622619628909,0.1001092732099716,0.2670243978500366
-81.83333333333337,-0.000459420289855017,-2.383280970757895,-0.006000000000000116,-0.5285954792089598,-19.32718658447265,0.2121383344451536,-0.022069182246923447
-73.66666666666663,0.02197768115942045,-0.6637082733706023,0.03533333333333355,1.0,-4.515966415405272,0.2256424926465309,0.06556020677089691
165.1666666666667,0.05316376811594192,3.41991913002181,0.03000000000000003,2.385618083164132,-8.26345252990723,0.06827737676943535,0.14210718870162964
124.6666666666667,0.1204523188405796,4.518537914487496,-0.006666666666666488,3.63807118745769,-9.11145210266113,0.1937366358638712,0.2884552776813507
63.5,0.05095376811594221,0.2392440171143022,0.03466666666666673,4.16176045807952,-1.405988693237308,0.1493292384589535,0.1996999830007553
-128.8333333333334,0.007501739130434726,-0.206990935222791,-0.03133333333333299,0.707106781186539,-1.340503692626946,0.01309813547260374,-0.019194014370441437
-129.5,0.0004762318840577651,0.1003892034598124,0.00733333333333297,1.31658248943527,-3.695972442626946,0.05279847152709638,0.007211357355117798
83.33333333333337,0.01676246376811608,-0.2275613316651004,0.006666666666665932,1.109475708248731,-3.311309814453132,-0.05224402604282186,0.030679458752274513
315.1666666666666,0.08455434782608684,5.410844981642796,0.007333333333333414,-1.069035593728863,14.68083190917972,0.04853821573705258,0.3856518268585205
229.5000000000001,0.01390318840579707,-2.121715969453703,-0.02800000000000047,-1.402368927062184,-17.09183216094971,-0.1585846841455071,-0.014447454363107681
-103.1666666666666,-0.004942753623188301,-3.137616193290697,-0.01733333333333287,-2.511844635310915,-29.2953872680664,0.0485639891269628,-0.06363040208816528
-166.1666666666667,0.02105913043478247,-0.6898947668370994,0.03600000000000014,-0.2475468957064137,-8.26345443725586,0.2091902908279182,0.05983057618141174
93.83333333333331,0.04875246376811604,-0.1636339033858007,0.04066666666666685,2.983249156101948,-9.11145210266113,0.2110151199185905,0.1455436795949936
364.3333333333334,0.0008027536231883792,-0.3838495368270998,-0.006666666666667043,0.7357022603955343,-3.743492126464837,0.06788166456363964,0.025212839245796204
129.3333333333333,-0.007405362318840591,-0.1114691299262063,-0.01000000000000001,-3.052284749830779,-31.37376499176025,-0.01467725779339935,-0.06575910747051239
242.6666666666667,-0.0008242028985505634,-0.9672663788046947,-0.008666666666666267,-4.218951416497458,-44.17446994781494,-0.2234994510690563,-0.05105312541127205
-71.0,-0.004662898550724326,-1.396788481079994,-0.001333333333333409,-4.954653676892978,-0.3481502532958984,-0.07331538287417627,-0.06422852724790573
76.33333333333337,-0.01426434782608677,-0.5687604194901041,0.002000000000000113,-3.345177968644244,-1.19614887237549,0.1151431078390047,-0.053224049508571625
-190.0,-0.01129492753623207,-0.7104202715695891,0.009333333333333416,-0.3047378541243546,1.986006736755371,0.04886732165455576,0.024280603975057602
-149.0000000000001,-0.003989710144927328,-0.9069045420744004,-0.01000000000000001,1.247546895706428,8.487977981567383,0.1732326361107868,0.03711888566613197
186.1666666666666,0.01002173913043491,0.3989471894025911,0.002000000000000002,0.3451779686442507,-20.60846328735351,-0.03140223922723839,-0.007689386606216431
96.50000000000006,0.03737507246376803,0.6582259902540954,0.01333333333333409,-2.580880229039757,-33.17895603179932,-0.2496183284553489,-0.010967928916215897
-109.8333333333333,0.03747028985507228,1.877711286414993,-0.01400000000000001,-1.845177968644251,-38.72018384933472,-0.2379406775073442,-0.01820852980017662
-27.5,0.02435623188405789,-0.3887774423546944,-0.02000000000000002,-4.385618083164118,4.033500522375106,-0.2979364591317772,-0.022608179599046707
108.5,0.02087202898550722,-1.603912909575712,-0.002000000000000002,-5.759391531017325,3.185502052307129,-0.201128983941347,-0.02221349999308586
-125.6666666666667,0.003855362318840649,-1.096528539142412,0.004666666666666708,-2.63807118745769,-7.736471176147459,0.01123145475415899,-0.0360223613679409
-241.0,-0.01811840579710167,-1.402849746148902,0.01066666666666682,-1.28798701022631,-8.30369472503662,0.2655571477817947,-0.01933041587471962
165.6666666666667,0.01541246376811578,-1.172295293214603,-0.03066666666666662,-0.8047378541243546,5.27125835418701,0.007273253269289848,0.013864345848560333
131.1666666666667,0.0131717391304349,-0.5213970635879974,0.01866666666666705,-1.316582489435291,-22.64451217651367,-0.1156885438617833,-0.025545358657836914
122.0,0.04593202898550708,0.3898044988704896,0.00733333333333297,0.9142135623730852,-30.2220573425293,-0.03038096443569072,0.038228780031204224
60.83333333333337,0.02583971014492781,0.6972194338354996,-0.01333333333333298,-1.402368927062177,3.151247978210453,-0.1366172479647522,0.01013147458434105
-240.8333333333333,0.02168057971014492,2.031727971504296,-0.03866666666666707,-0.3451779686442364,-16.30497360229492,-0.1009192370790049,0.0029215775430202484
103.8333333333333,0.05112043478260875,0.5272257049608982,-0.008000000000000007,-4.121320343559638,-4.410976409912109,-0.02525679253305901,0.003265153616666794
-182.6666666666666,0.03326405797101462,-0.2855294569503997,-0.0339999999999997,-4.75939153101735,-10.21388053894043,0.02772705187273639,-0.057585444301366806
250.1666666666667,-0.01018942028985514,-0.5135399010727042,-0.0159999999999999,-1.902368927062184,-13.96525955200195,0.10764608442313,-0.030675362795591354
-147.1666666666666,-0.01861000000000002,-1.419781981184101,-0.005999999999999894,0.6952621458756312,-13.78064918518067,0.2781378582230071,-0.0007580146193504333
23.16666666666669,-0.007984782608695729,-1.267564798467703,-0.05466666666666631,-0.3047378541243617,-4.39690971374511,0.1390394602858146,-0.013382390141487122
-120.3333333333333,0.02755985507246372,0.3602364561758975,-0.04666666666666641,0.3047378541243546,-7.984134674072273,0.1146838227552056,0.018937736749649048
-49.33333333333337,0.008520724637681054,0.5924976472403927,-0.01000000000000001,-0.0690355937288416,5.966049194336009,0.007466740924144344,0.0026460178196430206
244.3333333333334,0.0,0.6705378479330051,0.0,-0.8737734478532104,-9.843807220458991,6.005040908974024e-11,-0.0049826838076114655
126.6666666666667,0.0130652173913044,0.1138806684089957,-0.009333333333332972,-0.914213562373078,2.03604888916016,-0.08536575115124434,0.008404195308685303
6.0,0.05031724637681168,1.6474214692158,-0.001333333333332964,0.5522847498307968,-17.42134857177734,-0.01208234970987132,0.07254773378372192
-15.33333333333337,0.01573478260869576,0.2642348334806996,-0.01266666666666705,-0.5690355937288487,-14.47423267364502,0.2714025978727364,-0.009698361158370972
-197.6666666666667,0.01005260869565228,1.37540101398821,-0.04400000000000004,1.833333333333343,-33.36210703849792,0.2488242467933471,0.008455280214548111
232.3333333333333,0.05153826086956526,-0.03371103521800478,-0.02666666666666706,0.4428090415820591,-15.67897868156433,0.1373109587560777,0.042085759341716766
264.8333333333333,0.1063899999999999,-1.313108063238502,-0.05799999999999994,0.5404401145198889,-20.84083747863769,0.127079062931044,0.17180189490318298
240.5,-0.005492898550724767,-0.5961640294570998,-0.001333333333333298,2.385618083164132,-23.72959423065186,0.008997441237531767,0.019305817782878876
-6.666666666666629,0.004936956521738978,-1.402902160047802,-0.03066666666666662,0.971404520791026,-17.59873199462891,-0.04673012883529337,-0.022788554430007935
72.5,0.01605434782608683,-2.109808034580197,-0.05999999999999961,0.1666666666666643,-11.46786975860596,-0.01968028524121368,-9.611621499061584e-05
50.16666666666663,-0.01145478260869548,-0.4723058107444018,-0.05200000000000005,0.6952621458756241,-12.36578559875488,0.137717620660213,-0.0234103724360466
-192.6666666666666,0.06496449275362326,-0.02369690480729503,-0.0539999999999996,-1.776142374915402,-7.067306518554688,0.3194699126395835,0.04059262201189995
49.83333333333331,-0.03244985507246378,-1.897588914258804,-0.0326666666666664,-0.1094757082487234,-9.114799499511705,0.1064984424813612,-0.0348883680999279
-25.66666666666669,0.0,0.4053651807429048,0.0,0.04044011451987828,0.0,3.543011162232546e-10,0.015348855406045914
64.66666666666669,0.008173623188405532,-1.157771999642193,-0.01133333333333297,1.4210854715202e-14,-15.37541007995606,0.1701986528679528,-0.020276732742786407
156.3333333333333,0.08778478260869571,-1.036595120103001,-0.01200000000000001,1.580880229039757,-15.62838554382324,0.2535543656441466,0.20435452461242676
117.6666666666666,0.1077001449275361,0.5454205775690042,-0.03466666666666707,2.109475708248731,-43.04871463775635,0.3608420237966388,0.172096848487854
355.5,0.01685231884057969,-0.560750476107188,-0.01000000000000001,2.540440114519889,-35.28411421179771,0.07338850375878636,0.0583418607711792
151.6666666666666,0.002596811594202886,-0.9489689893097051,-0.009333333333334082,0.6380711874576974,-38.99852308630943,-0.02988274189699769,-0.007093746215105057
-228.1666666666666,-0.0197937681159418,-2.063426514759499,-0.05266666666666631,-0.3333333333333428,-25.86128997802734,-0.005413905733817059,-0.016407448798418045
-144.6666666666666,-0.02441579710144937,-4.2626773349579,-0.02266666666666672,4.828427124746188,-31.24027252197266,0.1112387786687687,0.09307420998811722
19.33333333333331,0.03078101449275361,-2.939657545493404,-0.08333333333333304,-0.9428090415820591,-23.09305572509766,-0.1867842827848475,-0.007693260908126831
237.8333333333333,-0.006182898550724625,-2.9623232556348,-0.05333333333333345,0.4309644062711584,-26.20484161376953,-0.05632936706817043,0.015599522739648819
221.0,-0.001018985507246328,-3.220148937380699,-0.078666666666667,-5.092724864350657,-15.17964553833008,-0.1283632327848475,-0.08789427578449249
292.0,0.008129130434782472,-2.006155732775397,-0.05866666666666631,-4.466498312203868,-11.44895553588869,0.1828605632972839,-0.046854276210069656
55.0,-0.01303492753623159,-1.979918318508695,-0.05466666666666631,2.011844635310911,-34.84645462036133,-0.02180102321321131,0.010939951986074448
-135.3333333333334,-0.03189565217391288,-3.753126237284306,-0.05133333333333345,0.8451779686442435,-36.94126510620117,0.1766321363592733,-0.038882460445165634
88.99999999999994,-0.007554202898550799,-2.599702719770008,-0.0646666666666671,-1.873773447853218,-32.61837005615234,-0.1309574482637093,-0.050857339054346085
243.1666666666666,0.0008760869565215268,-1.053330966915297,-0.08933333333333304,-3.580880229039757,-27.105770111084,-0.159549549570133,-0.0419742651283741
90.49999999999994,-0.03437289855072456,-2.227438063736301,-0.06466666666666665,-4.149915822768612,-27.62034988403321,0.03378883793720439,-0.09307506680488586
153.6666666666666,-0.02182637681159427,-0.2065489416499986,-0.07533333333333292,-7.535533905932738,-22.53951263427734,-0.08261439822044603,-0.2842642068862915
103.9999999999999,-0.004326231884058229,-0.4598090672592008,-0.07866666666666633,-6.564129385141698,-14.89887237548828,-0.03661368480650229,-0.14631859958171844
-338.5000000000001,0.02462811594202918,0.6794381633781938,-0.07199999999999984,-2.138071187457697,39.12153625488278,-0.05273947200070095,0.03980698436498642
-41.16666666666663,-0.002632318840579795,-0.9726628481530071,-0.03533333333333344,-0.6094757082487376,48.58659362792969,0.1576007650782702,0.019322063773870468
-52.66666666666663,0.07381507246376806,0.4206243328766988,-0.06333333333333335,1.247546895706442,35.6011962890625,0.07122414687123685,0.19612529873847961
-89.66666666666663,0.03652942028985506,1.480897357693095,-0.06000000000000005,-0.7071067811865461,42.79534912109378,-0.1135544478353087,0.06211891397833824
36.66666666666663,0.06312782608695655,4.74886936128749,-0.06799999999999995,-3.247546895706432,43.6883239746094,-0.0483213517820486,0.11385484784841537
5.833333333333371,-0.003110579710144945,0.8414050012236061,-0.03599999999999992,-0.9714045207910331,40.54690551757812,0.2234288173051711,0.007221575826406479
111.6666666666666,0.01952594202898561,1.83279550211509,-0.05399999999999994,0.7928932188134468,34.41845703125,-0.0395222902437562,0.0741109549999237
-85.66666666666663,0.07259492753623198,2.372918105668887,-0.05399999999999994,-0.08578643762690774,22.0649719238281,0.02988667395178568,0.14592374861240387
-143.0,0.05010710144927522,3.183085221246898,-0.05600000000000016,0.1666666666666643,30.5251159667969,-0.1295333072866541,0.09275682270526886
222.0,0.01980246376811579,1.904703837878799,-0.04200000000000004,2.373773447853214,27.82911682128901,-0.0373703358252474,0.08431045711040497
36.66666666666663,0.008824637681159264,-1.521285167335805,-0.07200000000000029,-4.621320343559653,-27.21070289611816,-0.08007964546488539,-0.08366203308105469
16.16666666666663,-0.01633130434782581,0.4783321536510101,-0.06466666666666643,-7.811676280848133,-15.65806961059571,-0.04170689421932072,-0.2283940315246582
-140.0,-0.01933768115942025,0.9201542591932963,-0.06400000000000006,-5.023689270621816,-14.71973419189453,0.05319466160445863,-0.09861604124307632
-40.0,0.005756666666666632,5.077631017421893,0.05800000000000016,0.2642977396044941,45.09944152832028,0.1968794142580644,0.07979165017604828
30.16666666666669,0.06028971014492746,2.580834995729603,-0.08266666666666667,1.638071187457697,64.21548461914071,0.03169136223170471,0.13723735511302948
150.1666666666666,0.07992159420289857,3.362556577751405,-0.07999999999999996,-1.138071187457687,68.06996154785159,-0.09666932785488108,0.1780649721622467
-234.0000000000001,0.0628549275362319,-0.2257100614131105,-0.08199999999999985,-0.4999999999999858,59.4039001464844,-0.0835009205026252,0.12081718444824219
206.1666666666667,0.03529565217391295,3.116238743943697,-0.08666666666666678,0.7810485835025318,72.67047119140628,-0.06957625070991114,0.11127801984548569
-26.5,0.0500157971014491,1.748353204013796,-0.07600000000000007,0.1380711874577116,63.6313934326171,-0.06553370660333258,0.09452573955059052
122.0,-0.002583768115941854,1.54978253315079,-0.04666666666666652,1.166666666666668,75.4531555175781,0.1729647450311,0.04694944992661476
112.6666666666666,0.01097347826086936,3.482067218251203,-0.07466666666666666,-1.873773447853221,68.74058532714841,-0.09708259331037689,0.04672641679644585
87.00000000000006,0.08890173913043464,1.274755227001393,-0.06199999999999983,-3.718951416497447,50.26934814453131,-0.05281098362918529,0.1308392882347107
146.1666666666667,0.03536000000000017,3.67466843510411,-0.07733333333333325,-2.011844635310908,64.2819061279296,-0.08960227732739667,0.07448271661996841
8.0,0.04333043478260878,2.145572027218392,-0.07066666666666621,-3.149915822768623,54.86982727050781,0.1539408761630454,0.0348016694188118
28.33333333333337,0.001039565217391347,1.306424959841991,-0.03733333333333333,-0.02859547920898109,63.45184326171879,0.1251340254197948,0.024574942886829376
-53.33333333333326,-0.002222318840579884,1.5366768405665,-0.05133333333333323,-1.76429773960448,56.4020462036133,0.05897207568962315,-0.002025436609983444
-11.0,0.01475782608695653,1.620184470662394,-0.06333333333333335,-2.649915822768619,53.4202117919922,-0.017682904510886,0.012132704257965088
-35.33333333333337,-0.00795376811594195,-0.2790279152732893,-0.0246666666666665,-3.41421356237311,-17.10297775268555,0.0670801901733459,-0.08558857440948486
43.5,-0.00847260869565214,-1.0191810215603,-0.05266666666666631,-5.328427124746185,-12.59169006347656,-0.03673380548358052,-0.08191022276878357
65.5,0.0151497101449275,-1.112565467844604,-0.05266666666666631,-3.069035593728856,-11.65335845947266,0.1152201301014518,-0.054596420377492905
85.16666666666669,0.04985971014492752,6.837525320009107,0.07066666666666666,1.149915822768619,37.98545837402338,-0.01966093809409097,0.20902004837989807
-2.333333333333371,0.06244753623188404,3.055291641941096,-0.1059999999999999,-2.569035593728849,94.59971618652341,0.02797474034256731,-0.0008593201637268066
150.8333333333334,0.04994985507246374,2.912191447063194,-0.09066666666666656,-0.9023689270621809,84.9049682617187,-0.02180737268885902,0.03667915612459183
-97.83333333333337,0.05525086956521719,3.858096159540693,-0.1153333333333334,-4.31658248943527,91.59649658203128,-0.06587991685492439,0.001961778849363327
-47.83333333333326,0.04325246376811598,2.147209757817606,-0.08666666666666678,-3.552284749830797,101.3520889282227,-0.1156415251170444,-0.0524577796459198
-22.66666666666663,0.03074434782608693,2.787487301462704,-0.09666666666666635,-2.649915822768619,94.0553970336915,-0.03346071099719161,-0.00194588303565979
203.8333333333333,0.03930101449275347,1.917561396178399,-0.0820000000000004,-1.26429773960448,77.36119842529291,-0.01047414646356842,0.06904014945030212
-109.6666666666666,0.05477043478260868,3.739930785938995,-0.09066666666666623,-5.966498312203889,84.7987365722656,-0.09432441573026018,-0.07618065178394318
125.3333333333333,0.05268811594202882,2.478868435777301,-0.06199999999999983,-2.207106781186553,89.8024520874023,-0.2113081649987711,-0.0036095045506954193
206.8333333333333,0.01792362318840601,1.651509791459006,-0.04133333333333322,-3.926058197684,81.69205474853518,-0.2416988355345222,-0.06701526045799255
249.4999999999999,0.04925956521739128,3.086437856073005,-0.07399999999999995,-2.816582489435284,87.2122650146484,-0.0337802126292383,-0.06022191792726517
1.833333333333371,0.05509550724637657,3.432756930608591,-0.0740000000000004,-1.87377344785321,74.45101928710939,0.03933602380939266,0.08991116285324097
-74.5,0.06509652173913072,3.291420965293099,0.06133333333333324,-0.4023689270621915,47.77452087402341,-0.09684928862908493,0.17919491231441498
110.3333333333333,0.008612318840579669,1.456690491698794,-0.02933333333333321,-0.02859547920897398,-22.24940490722653,0.06255489640854789,-0.024669386446475983
165.3333333333334,0.03053507246376808,1.589219996569994,-0.02333333333333332,-1.678511301977579,-23.56938171386719,0.02756303585352576,-0.029506046324968338
270.1666666666666,0.0479813043478261,2.275122307950696,-0.02400000000000013,-0.7928932188134539,-24.88937377929682,0.03472208468553062,0.0005509331822395325
178.1666666666667,0.03220927536231866,3.246249004764195,-0.02000000000000002,-2.55228474983079,-23.38705444335929,-0.01530158163747142,-0.02489781752228737
87.33333333333331,-0.004498840579710062,0.6970410635471893,-0.06200000000000006,-3.385618083164129,54.3005065917969,0.1692934626310116,-0.015018541365861893
-41.5,0.01717550724637684,5.055269740544006,-0.08733333333333337,-2.678511301977593,123.4227905273438,-0.1315382910758556,-0.02748926728963852
416.3333333333334,0.06000782608695643,6.689867305746205,-0.1026666666666662,-2.897462718475047,122.9280242919922,-0.02061833820473147,0.16765844821929932
-61.66666666666663,-0.03067144927536236,-0.05735888552639778,-0.03533333333333322,-4.190355937288487,42.60511779785159,0.03993199627609029,-0.05101269856095314
-113.6666666666667,-0.01990333333333349,1.440206544880994,-0.05666666666666675,-0.5,55.0584716796875,0.2725669679797542,0.0261493269354105
26.0,-0.01481420289855073,0.8566061928998892,-0.06466666666666676,-2.109475708248716,62.0149230957031,0.1507377534835048,0.0027260929346084595
73.5,-0.003818405797101576,1.508710454576203,-0.06933333333333336,-1.735702260395506,57.96295166015628,0.1645666035257939,0.01323511078953743
9.166666666666629,-0.005618840579710294,3.931615320638002,-0.06200000000000006,-1.442809041582066,37.4404602050781,0.3236918742829414,0.0506180115044117
164.6666666666666,-0.006597971014492887,2.855284713950496,-0.06066666666666665,-2.218951416497461,44.02392578125,0.1021803468370502,0.028091732412576675
140.3333333333333,-0.006597971014492887,0.946019354021999,-0.05533333333333335,-1.109475708248745,55.40534973144531,0.1021803468370502,0.011168882250785828
-152.0,-0.007890724637681368,2.468395142464601,-0.08733333333333326,-3.287987010226296,76.64302062988281,0.08077589595466372,-0.02369581162929535
138.3333333333334,0.06320449275362328,4.780192574579203,-0.1040000000000004,2.633164978870557,107.0728149414063,0.00355477297328366,0.13031964004039764
35.0,0.009396956521739108,0.262607621508991,-0.05066666666666664,-5.63316497887055,43.24943542480469,-0.1701695986924289,-0.03723306208848953
-188.1666666666666,-0.02551666666666663,2.108259798491105,-0.07266666666666666,-6.523689270621826,78.10656738281251,0.002184488431885678,-0.06814458221197128
-181.8333333333333,-0.006824782608695679,0.09258421615260204,-0.05466666666666664,-8.466498312203882,47.27293395996091,-0.0548875595075089,-0.2864750623703003
-299.1666666666667,-0.03821188405797116,0.7690134734939988,-0.05866666666666676,-8.60456949966158,56.09442138671878,0.01546657853960348,-0.3071732223033905
-52.0,0.008496666666666819,0.3058575213058958,-0.08799999999999997,-3.259391531017343,63.5212707519531,-0.3086468567894379,-0.02029106765985489
-34.16666666666669,0.005676376811594497,0.3272419620418958,-0.08333333333333326,-1.597631072937808,71.3140563964844,-0.3173336157894379,0.0036086998879909515
28.16666666666669,0.005204637681159308,0.6834763819454963,-0.08533333333333337,-3.454653676892967,72.89878845214838,-0.1634057027799782,-0.01378399133682251
-135.8333333333333,0.001978695652173901,2.283858416991109,-0.1066666666666662,-1.345177968644236,89.79945373535159,0.1736261270248782,0.022302336990833282
-178.6666666666667,-0.005683913043478483,1.8004658298008,0.02000000000000002,0.5118446353109114,73.69465637207028,-0.05333204461724977,0.05698569491505623
422.4999999999999,0.04852347826086978,2.520522640576189,-0.04533333333333334,-0.0976310729378227,66.36048889160159,-0.1099895844051834,0.1573382169008255
96.0,0.02399768115942014,-1.199204468780891,-0.08066666666666666,2.523689270621823,50.24249267578131,-0.1962220829358552,0.09040391445159912
203.8333333333333,0.01439217391304326,0.2362207903056088,-0.07133333333333336,-0.3619288125422884,77.0586547851562,-0.2810862414075819,0.08774043619632721
263.6666666666667,-0.005612028985507278,1.323981185824593,-0.07666666666666655,-1.333333333333329,70.477554321289,-0.2703346194267267,0.07905922830104828
226.8333333333333,0.01808463768115942,-0.7720730165959964,-0.06999999999999995,3.109475708248738,47.6831359863281,-0.2041136431512962,0.1296202540397644
226.8333333333334,0.008681884057970768,3.440119950477794,-0.04266666666666674,0.9142135623730923,81.22807312011719,0.1105045155692155,-0.049408406019210815
125.0000000000001,0.009839275362318545,-0.8207080383591006,-0.08799999999999997,4.857022603955148,56.4840393066406,0.04129301933268709,0.1428009420633316
131.3333333333333,-0.003412608695652297,-2.873510710133104,-0.07799999999999996,-3.78798701022631,86.078857421875,-0.4224337682892361,-0.061191342771053314
29.0,0.006373623188405841,-0.8433487404191027,-0.08133333333333326,-3.609475708248731,84.29808044433591,-0.3418133431822338,-0.06455057114362717
0.5,-0.0249743478260871,0.7018512367558998,-0.08666666666666634,-4.316582489435291,74.46638488769528,-0.09708696956056989,-0.019295334815979004
-135.8333333333333,-0.02616304347826104,0.02291014671180847,-0.1093333333333337,-2.052284749830797,41.38737487792969,0.06997128580532769,0.06526968628168106
10.5,0.004129710144927357,-0.7652992713262989,-0.06799999999999995,2.385618083164118,47.219482421875,0.0548225222501238,0.04744400084018707
142.0,0.007518550724637807,-0.9009574903137008,-0.0753333333333337,1.361928812542299,42.35420227050778,0.1415097054217986,0.045280031859874725
66.0,-0.05103057971014502,-1.687546636816094,-0.08466666666666667,-1.723857625084605,67.3833312988281,0.1842739443108906,-0.01790287345647812
39.0,-0.01365391304347829,-5.996192337249298,-0.06733333333333336,-4.069035593728856,71.83283996582031,-0.1847460248714271,-0.018784701824188232
105.5,-0.01857115942028997,-1.905536676789595,-0.07733333333333337,-2.638071187457697,58.32420349121088,0.05493528854721252,-0.004552267491817474
-137.1666666666666,0.002822463768115901,-3.0571880812345,-0.05000000000000004,-5.580880229039764,68.1425170898437,-0.3509152248538497,-0.05078762397170067
191.6666666666667,0.002360724637681111,-3.087730873508903,-0.03466666666666673,-5.178511301977558,72.16131591796878,-0.4554992382892361,-0.01745828241109848
58.0,0.01411130434782615,2.005949096858402,-0.04866666666666652,-1.845177968644244,120.6117095947265,0.01520940369641083,-0.06509515643119812
102.6666666666667,0.03771942028985509,7.524085208282855,-0.07599999999999996,-0.6094757082487305,68.75694274902341,0.1586687771939236,0.17395129799842834
19.0,0.01965391304347841,-0.7175357627558014,-0.07599999999999996,3.787987010226299,56.01658630371091,-0.05276215308390153,0.14517608284950256
-77.0,0.06233289855072466,0.4087504017522008,-0.07800000000000007,4.092724864350668,55.70939636230472,0.02812966759835439,0.1921175718307495
234.4999999999999,0.0471585507246377,0.7903656213645007,-0.07733333333333337,0.4714045207910225,52.8870849609375,0.08891249904130949,0.11656785011291504
96.0,0.05980855072463775,1.000027387589995,-0.09199999999999964,1.58088022903976,49.757568359375,0.03693870944322653,0.11783093214035034
-203.5,-0.03751043478260863,-3.538617515071095,-0.1053333333333337,-0.04044011451987117,77.89601135253909,0.2543974790064513,0.06571826338768005
65.33333333333331,0.004982463768115841,-11.10720874624991,-0.08266666666666667,-2.914213562373089,82.77378845214841,-0.2708674473794583,-0.06392578780651093
-38.5,-0.02658594202898545,-2.79986845279781,-0.09666666666666668,-2.16176045807951,68.60559082031261,0.1451051959273895,0.0024517811834812164
62.83333333333331,0.03855202898550703,-1.475585309334207,-0.08466666666666633,-0.7593915310173287,37.61128234863278,0.2316562313389053,0.04895990341901779
-132.5,-0.01658753623188414,-7.521266741154392,-0.0700000000000004,-5.064129385141698,76.9971313476562,-0.01067033072609591,-0.07320264726877213
-100.1666666666667,0.007262028985507096,-1.770487518969503,-0.08600000000000008,-4.690355937288491,31.8831787109375,0.1353554524846928,-0.0488237664103508
225.8333333333333,0.03899115942028997,1.736657715614399,-0.0479999999999996,-4.52368927062183,30.46336364746099,-0.1273570182825215,0.029296182096004486
72.66666666666669,0.01092333333333328,-6.095107711950604,-0.06466666666666632,-0.9142135623731029,57.1009216308594,0.03429483460108421,0.033746927976608276
-51.83333333333337,0.02755449275362321,-0.8367393200247903,-0.01866666666666705,0.4999999999999964,10.85487365722659,0.01548888148469285,0.039797037839889526
113.1666666666667,0.02304028985507267,3.083511731513198,-0.04933333333333345,-1.080880229039749,97.81095886230469,0.02731628642062861,-0.04562004283070564
81.16666666666671,0.03234275362318828,7.370099984803431,-0.05133333333333345,0.3047378541243759,104.4807739257813,0.1716495833832511,0.04040618985891342
145.3333333333333,0.02326115942028972,7.61027320369088,-0.07666666666666677,0.9309644062711513,73.4587707519531,-0.01363984642759081,0.18268664181232452
-36.5,-0.02475855072463751,4.22020750776251,-0.06733333333333313,-0.5976310729377943,65.44004821777341,-0.0796306782308896,0.05838315933942795
60.16666666666669,-0.0008588405797103071,3.683700992605694,-0.06399999999999983,-2.81658248943527,73.41255187988281,0.1001908319327348,0.006205923855304718
-81.83333333333331,0.02731724637681143,6.463002050771394,-0.07133333333333325,-2.414213562373099,55.90071105957028,0.06698312520517119,0.11043095588684082
28.5,0.01887710144927535,0.7721023516664047,-0.06800000000000006,-2.345177968644265,48.74595642089849,-0.07730065065500807,0.03114912286400795
63.66666666666669,0.01307536231884054,0.0854887705986016,-0.04800000000000004,-3.983249156101955,36.52958679199222,0.04355454813547338,-0.01727217435836792
189.5,0.05318376811594183,-0.5122759288932031,-0.09333333333333294,0.3737734478531962,29.69586181640619,0.1273429661869622,0.09633279591798782
15.5,-0.0156104347826086,-1.262458248488599,-0.05466666666666664,-5.426058197684,30.14068603515619,0.005603393144598789,-0.03975353017449379
4.333333333333371,-0.008676086956521667,1.085706831549899,-0.04466666666666663,-6.16176045807952,26.1988525390625,0.05075840914459878,-0.0797043889760971
257.1666666666667,0.01695000000000002,2.554094676705802,-0.05200000000000005,-4.304737854124358,23.38768005371091,-0.03253164337708903,0.040836066007614136
292.6666666666667,0.05726217391304322,2.6007951247649,-0.06266666666666676,-3.621320343559649,21.43354797363278,0.08890064033066564,0.1276625245809555
382.3333333333334,0.05585739130434764,-0.5669589278073062,-0.06133333333333335,-1.31658248943527,19.7530517578125,0.09164734033605487,0.13178123533725739
240.6666666666667,0.05701971014492746,-1.115455947951901,-0.06466666666666698,1.402368927062184,19.20320129394531,0.0112173648019217,0.13350848853588104
288.4999999999999,0.04951130434782613,3.464117587702006,-0.03200000000000003,-1.138071187457705,17.21807861328131,-0.1904837878463567,0.12445317208766937
431.6666666666666,0.04594768115942027,3.06427713627609,-0.05000000000000004,-0.4714045207910402,115.6600036621093,-0.07045841600323238,0.04248102381825447
183.8333333333334,0.05363811594202905,6.76824728302195,-0.08466666666666667,0.971404520791026,75.2649841308594,-0.003943554285949835,0.24819082021713257
30.66666666666669,0.03021492753623201,7.787601882326243,-0.08666666666666667,0.4714045207910331,76.3615417480469,0.01309344787555683,0.1756865382194519
-211.0,-0.01550985507246383,4.431192700577796,-0.07199999999999984,-0.4999999999999929,67.79319763183591,-0.08566354178140312,0.07052445411682129
45.0,0.01169014492753617,7.161191255069355,-0.07933333333333314,-1.861928812542295,72.74906921386722,-0.09641514831820286,0.11013785749673843
-7.833333333333371,0.01811971014492775,1.188624086065701,-0.0126666666666666,-4.299831645537221,42.123291015625,-0.04328472684965218,0.008833024650812149
36.66666666666669,0.0268884057971015,1.767071348741894,-0.06666666666666676,-6.259391531017339,26.41986083984372,-0.06187801012324756,-0.06154045835137367
-45.16666666666669,0.0208002898550721,1.593035054509102,-0.07466666666666699,-4.885618083164122,22.91365051269528,-0.1074296293960114,-0.015920519828796387
-88.66666666666669,-0.006762028985507484,2.170384040288596,-0.06533333333333369,-5.690355937288491,19.38131713867188,-0.06453037139601142,-0.03864837437868118
-31.66666666666663,0.03075347826086938,-0.3901531199014983,-0.09066666666666623,-3.661760458079517,17.7008056640625,0.05053320844879661,0.0024593397974967957
-30.66666666666669,-0.009747101449275597,2.123653211452606,-0.05866666666666631,-5.161760458079527,16.58819580078128,0.01762100760398855,-0.047203727066516876
39.33333333333337,0.02191550724637692,-4.103507785018095,-0.07933333333333292,-2.109475708248731,15.76216125488281,0.2201959995384102,0.024091623723506927
-35.83333333333337,-0.00843000000000016,3.296051110282704,-0.05200000000000038,-5.592724864350679,12.95356750488281,-0.09371711694867724,-0.04364080727100372
146.5,0.03740246376811573,3.625891356146695,-0.05133333333333301,-3.580880229039771,11.83839416503901,-0.08484125953287752,0.03625352680683136
66.0,0.04808463768115934,0.2840623747366067,-0.04999999999999971,0.983249156101941,10.4495849609375,-0.0165816059465243,0.05863862857222557
-46.66666666666663,0.005231449275362343,0.4252147030515943,-0.02266666666666672,-1.942809041582066,45.39976501464849,-0.08120897743824879,-0.006492435932159424
-64.83333333333326,0.02337608695652171,1.128617710758888,-0.04333333333333333,-2.845177968644236,38.11187744140622,-0.10301409538921,0.0035803616046905518
1.333333333333258,0.01799536231884047,-4.068945811036102,-0.09000000000000008,-3.523689270621816,71.5325012207031,-0.3061807338538497,0.018435657024383545
3.333333333333371,0.007816231884058,0.4275974160736098,-0.005333333333333301,-2.747546895706417,42.9808349609375,-0.142371939777297,-0.010340489447116852
140.0,-0.006535652173912943,2.779675859469691,-0.09200000000000041,-1.097631072937816,8.590957641601506,-0.1662559609486772,0.006159991025924683
-149.0,0.001595217391304415,1.309189416319199,-0.09000000000000008,-3.799831645537243,8.913619995117102,-0.2369200324097911,-0.03139550983905792
-348.8333333333334,-0.00879333333333332,-8.760147111401494,-0.0753333333333337,-1.097631072937819,61.99937438964841,-0.05020570414862208,-0.012929879128932953
70.0,0.008926666666666527,2.110991626587108,-0.08333333333333293,-5.149915822768623,8.105651855468807,-0.115728496777614,-0.047260116785764694
132.1666666666666,0.01127942028985507,3.983493306802004,-0.0513333333333329,-2.345177968644247,4.150894165039006,0.04944153330869827,-0.008240316063165665
43.83333333333337,0.003579275362318612,4.621541323606209,-0.06200000000000006,-0.4595598854801182,3.035720825195312,-0.1589001904097911,0.023429024964571
47.33333333333331,-0.004652173913043511,2.734820797647288,-0.04800000000000004,-2.621320343559653,3.100265502929688,-0.2037711380578146,-0.036971669644117355
290.3333333333334,0.03155434782608713,0.4726423896374001,-0.02266666666666661,-2.442809041582059,-2.114212036132812,-0.1665269882540139,-0.00027603283524513245
140.1666666666667,0.02216579710144972,0.2341951103920081,0.007333333333333414,-0.7071067811865461,16.88250732421869,-0.1915577672422968,0.04478640854358673
215.0,0.0179726086956522,1.069623203749501,-0.02200000000000002,0.4023689270621702,-7.444854736328182,-0.2386755132480138,0.005685102194547653
326.6666666666666,0.01620043478260891,0.4272447030967044,0.004666666666666708,0.971404520791026,4.718826293945312,-0.1371805532422968,0.10149511694908142
265.3333333333333,0.01664173913043465,1.021133228752106,-0.01400000000000001,0.6380711874576903,-2.615005493164006,-0.2359590120905383,0.04029252380132675
8.166666666666686,0.001153043478261395,1.164306155657002,-0.02333333333333321,0.511844635310915,-8.074722290039091,-0.0671666045813255,-0.009697068482637405
276.6666666666667,0.004843768115941893,1.197433155724497,-0.004666666666666597,0.7357022603955201,-4.61819458007821,-0.173242819056695,0.025225728750228882
2.166666666666742,-0.003708115942029022,1.656792522626404,-0.005333333333333301,1.609475708248723,-6.314193725585881,-0.1226734109542618,0.007790330797433853
123.6666666666667,-0.002179565217391599,-0.4773659213390005,-0.01466666666666672,0.7357022603955201,-8.010192871093693,-0.2028773797753419,-0.013032559305429459
171.3333333333334,-0.001590724637681062,1.390054425840503,-0.02666666666666673,-0.1666666666666643,-15.6511993408204,-0.1381238918525685,-0.024667780846357346
-21.33333333333337,-0.009144202898550668,0.5605863511693059,-0.02933333333333332,0.3047378541243617,-10.24052429199219,-0.1025927051167683,-0.01889311894774437
-61.33333333333331,-0.007491884057970966,0.3561116893970961,-0.02200000000000002,0.2357022603955201,-9.659698486328097,0.021969652938993,-0.016923081129789352
240.5,0.02041797101449294,0.5327943342173995,-0.0119999999999999,0.04044011451987473,-5.976013183593807,-0.0652361221600567,0.029940538108348846
280.3333333333333,0.01001072463768127,1.909366871450302,-0.02266666666666672,-1.552284749830775,-14.8432312011719,-0.172662319702825,-0.03189830109477043
182.5,0.01089884057971002,2.0483685837998,-0.02133333333333332,-0.6666666666666714,-16.5392150878906,-0.113871786669325,-0.0341542512178421
190.3333333333333,0.05651666666666655,3.023444037469503,-0.02999999999999992,-0.8047378541243546,-18.23521423339841,0.048193643540064,0.015698380768299103
182.8333333333333,0.01991536231884039,-3.047428640009898,-0.03399999999999992,-0.5404401145198889,-27.00691223144531,-0.1188146676447916,-0.0065783485770225525
264.0,0.1252360869565217,-4.363857370984505,-0.02066666666666661,3.05228474983079,-14.53602600097651,0.1469054172150278,0.3895389437675476
96.66666666666669,0.04022999999999999,3.936717602899705,-0.03466666666666673,0.0,-22.74237060546872,-0.05630895009602432,-0.006667371839284897
165.1666666666667,0.008146376811594247,1.7664823812935,-0.03533333333333333,-0.3333333333333499,-22.7268981933594,-0.1674282178525685,-0.026287123560905457
-118.3333333333333,0.006763768115941926,0.2204890375775932,0.007333333333333303,-1.26429773960448,7.47628784179679,-0.1122521374648048,-0.006517503410577774
15.33333333333337,0.007321884057970962,0.1518749504360954,0.0086666666666666,-1.483249156101934,5.519256591796903,-0.03460480230504348,-0.010651268064975739
242.5,0.03165565217391286,0.1552771910894961,-0.008666666666666822,2.638071187457683,-10.27151489257812,0.08109716662946043,0.05916919559240341
150.0,-0.006285474308300509,1.32594047502441,0.01200000000000001,0.3737734478532033,17.12920379638672,-0.043078235449517,0.03784235566854477
285.3333333333334,0.008607938076416355,2.1784196711329,0.0006666666666668153,-1.166666666666664,-2.845947265625,0.1141429233333119,-0.00855918601155281
78.83333333333326,0.03199940711462423,3.168304654387796,0.004000000000000004,-2.873773447853221,-0.7475433349610086,-0.07708823589086705,-0.008121628314256668
181.3333333333333,0.01525720026350463,2.505689089576308,0.00666666666666671,-3.080880229039749,14.96611785888668,0.1374599142544015,0.02737368643283844
-39.33333333333331,-0.00142261528326737,0.6498196649654062,0.006666666666666488,-0.6380711874577116,17.47910308837888,0.1917405008573089,0.014510847628116608
259.5000000000001,-0.00663828722002624,1.007140483322303,0.0126666666666666,-1.442809041582059,22.97103881835935,0.06565759485941058,0.04519791901111603
-126.5000000000001,0.01109812252964393,0.9645772411352027,-0.0006666666666665932,-0.7071067811865603,-0.9936981201171875,0.2048442400382063,-0.006844282150268555
-22.66666666666674,0.002317826086956631,2.356427883269504,-0.01000000000000001,-1.069035593728849,1.068351745605511,-0.01961083713088108,-0.019475329667329788
30.66666666666669,0.001332872200263679,3.544405494100005,-0.01600000000000001,-3.121320343559638,2.113204956054588,-0.06348252432116352,-0.03020366281270981
-119.3333333333334,0.0347884387351779,3.354879646034703,0.0,0.06903559372885582,-1.002410888671903,0.129581564624309,0.02828609198331833
77.49999999999994,0.003007542819499331,1.752512978216402,-0.0086666666666666,-3.552284749830775,1.994514465332003,-0.0330663271209588,-0.03830234706401825
185.6666666666667,-0.007214387351778928,1.518597252502801,0.01266666666666671,-3.385618083164118,24.34516906738278,0.3340496319238683,-0.005533754825592041
180.0,0.01743193675889332,0.4883410166094961,0.002000000000000113,-0.1380711874576832,-2.466888427734403,0.2266516460603489,0.014817271381616592
281.0000000000001,0.01008331357048742,1.6033346228092,-0.0006666666666665932,-3.149915822768605,-1.773109436035199,-0.09010977763036299,-0.02412812039256096
126.8333333333333,0.001114519104084222,2.248624500583801,-0.003999999999999893,-1.833333333333329,-3.782112121581989,-0.1616123029877662,-0.03227229788899422
191.0,0.01987596837944683,2.659583599439699,0.009333333333333305,1.276142374915388,-5.319641113281193,0.1354753802099753,0.03980327025055885
-105.3333333333334,-0.00428885375494048,1.780007309986402,0.0,-2.402368927062184,0.1197433471680114,0.05344317110764196,-0.01778266951441765
95.83333333333331,0.03967793807641629,1.959437735976906,0.02333333333333343,-1.37377344785321,32.90153503417972,0.06313694551456522,0.06334612518548965
190.3333333333334,0.02632847167325447,1.155919824667407,0.01466666666666672,-0.5285954792089598,30.39728546142575,0.3356867723623311,0.05989689379930496
205.1666666666666,0.02345962450592887,0.05544920336019743,0.00666666666666671,-0.4714045207910189,-5.244010925293011,0.2031657791971763,0.008250094950199127
88.0,-0.01398789855072446,0.762838384035291,0.002666666666666706,-2.776142374915402,-4.969856262207102,0.08523464607253806,-0.06038017198443413
-41.5,-0.02330737812911754,0.803811295047808,0.0086666666666666,-4.966498312203875,-3.086425781249986,-0.1708366101157804,-0.04789707064628601
-146.8333333333333,-0.01606743741765471,0.9761676070809955,0.0,-0.4023689270621702,-1.548896789550781,0.005750242178125087,-0.012586258351802826
-116.8333333333333,0.003460362318840726,1.119176402197795,0.001333333333333409,0.4023689270621666,0.626251220703125,-0.04984802946789091,0.007725968956947327
161.0,0.05158105401844548,1.971527127966596,0.02533333333333332,-3.121320343559653,23.13983917236332,0.3050647923896584,0.09588989615440369
270.6666666666666,0.03114347167325426,1.125970184195509,0.04399999999999993,-0.9546536768929812,36.37414550781246,0.2808048645902439,0.16026128828525543
11.0,-0.006584235836626928,-0.5170567184541994,0.01533333333333331,-1.207106781186539,-6.18817901611331,-0.06991220537801462,-0.028562866151332855
24.16666666666663,-0.004311890645586014,-0.249082988187908,0.01666666666666672,-4.954653676892974,-4.545745849609418,-0.1736356958054877,-0.04301737621426582
-129.3333333333334,-0.009931864295125159,0.1112009840986019,0.01333333333333331,-4.178511301977579,-4.376495361328168,-0.1336777048978912,-0.04991593584418297
168.8333333333333,0.02163407114624527,0.1005822052438958,0.03000000000000003,-2.023689270621823,-11.27738952636716,0.2875578026397944,0.022225074470043182
-325.1666666666667,-0.03858163372859036,-1.675185814671607,0.01733333333333331,-2.483249156101941,-4.178642272949261,-0.06091264133151342,-0.04402612894773483
163.6666666666666,-0.005613675889327818,-0.6971706078495998,0.04066666666666663,-3.552284749830797,-8.23786926269527,0.08156113539021465,-0.02179073542356491
130.6666666666666,-0.01393717391304328,-0.589823841278104,0.04533333333333334,-1.37377344785321,-10.6546630859375,0.007796357100832707,-1.9259750843048096e-05
218.6666666666667,0.03023551383399203,0.996142789699789,0.04733333333333334,-0.3619288125422955,29.42369842529297,0.1315878195759304,0.14252343773841858
263.6666666666667,0.04000647562582349,1.503121551080099,0.04066666666666663,-3.247546895706421,22.0029296875,0.081692920144112,0.11054249107837677
218.9999999999999,0.0494821277997366,0.9274491117050871,0.03333333333333344,-3.483249156101941,-12.31449890136719,0.4137079933949519,0.049357615411281586
-123.0000000000001,-0.0004217852437418124,0.5040990537342083,0.05599999999999994,-7.035533905932741,-11.35438537597656,-0.1459410566345301,-0.08164450526237488
201.1666666666667,0.02803703557312254,5.077931729052708,0.02799999999999991,-6.868867239266077,6.379859924316406,0.07893541748119337,0.021662011742591858
103.8333333333333,-0.00146941370223963,-0.4293590874405027,0.04599999999999993,-2.264297739604476,26.87335205078125,-0.04798489268357053,0.02581186220049858
59.16666666666669,0.03047768774703552,9.584421399253827,0.04000000000000004,-5.857022603955159,2.608001708984375,0.2456384215020334,0.06763114780187607
207.3333333333334,0.02280843214756267,0.4696471865622982,0.03666666666666663,-3.747546895706432,27.27072906494141,0.04301843624920498,0.08074059337377548
365.3333333333333,0.08432184453227953,11.96832586682301,0.04999999999999993,-3.149915822768605,-1.033279418945312,0.4997640442254325,0.28543928265571594
151.0,0.06173224637681174,8.118452128716726,0.05466666666666675,-4.926058197684,-27.61045837402349,0.335520363749527,0.1186555027961731
212.6666666666667,0.07671370223978913,17.46538699876788,0.06066666666666665,-5.28798701022631,-24.18674468994145,0.2739877127064858,0.15716519951820374
191.8333333333333,0.06789241106719357,2.285466435139398,0.03533333333333344,-5.690355937288484,-19.663330078125,0.3319813663189924,0.09669499099254608
249.6666666666667,0.04955678524374163,2.037728199194007,0.04200000000000004,-7.426058197684007,-20.64805603027345,0.2054445412732407,-0.028563540428876877
170.6666666666666,0.04206611989459819,3.597591457823398,0.02733333333333332,-9.283080801639166,-33.99200439453128,0.1843219599135667,-0.1943693459033966
42.0,0.03690895256916982,8.413515028494857,0.03466666666666673,-8.645009614181458,-31.12141418457027,0.1472772067064858,-0.1815129667520523
83.5,0.05009688405797086,10.65387976466077,0.04266666666666674,-6.592724864350668,-31.8536758422852,0.3076048020501944,-0.008340343832969666
38.83333333333331,0.03653604743083017,-1.314489773193202,0.05866666666666664,-4.535533905932727,-25.782096862793,0.4508281725530758,0.05442405864596367
272.1666666666666,0.06313639657444026,6.502838121062297,0.04933333333333334,-3.885618083164125,-35.39270782470699,0.2463659372459625,0.16655711829662323
179.8333333333333,0.06098378787878811,10.83369875012414,0.05866666666666676,-4.66176045807952,-36.54750061035151,0.3243538803212879,0.14645418524742126
406.3333333333333,0.07335364295125157,-6.769371870916302,-0.1766666666666666,3.71895141649745,43.98607635498047,0.07557791548980342,0.5053499341011047
439.4999999999999,0.1361683596837941,-4.373691419944805,0.01933333333333342,0.5690355937288487,-12.47447204589849,-0.03945016136881846,0.46346771717071533
154.8333333333333,0.08662793807641633,-7.824130848288604,0.01866666666666661,-2.080880229039764,-23.39611053466793,0.3057782262613667,0.22384795546531677
390.1666666666667,0.1565896903820815,-3.653642495077008,0.03066666666666662,-1.580880229039753,-15.14220428466801,0.01448284023764396,0.4278843402862549
280.0,0.1730515217391305,-2.143066900280104,0.03600000000000003,-4.023689270621833,-24.1685485839844,-0.09339808101740876,0.29926320910453796
272.6666666666667,0.07110864953886709,-8.468121927538007,0.04200000000000004,-6.190355937288501,-36.41870880126955,0.4885645067729071,0.2750406563282013
237.6666666666666,0.01486554677206842,-1.533790275495903,0.05733333333333335,-4.63316497887056,-27.89730834960935,0.1387238262279835,0.06686221808195114
192.6666666666667,0.071098471673254,-12.4191645282818,0.04933333333333334,-5.092724864350682,-33.13529205322266,0.1978318961220553,0.23617152869701385
-204.5,0.0411302371541501,-6.564806753759356,0.05466666666666664,-5.621320343559628,-43.48455810546872,0.3894830961983181,0.06248542666435242
89.6666666666666,-0.005236343873517679,-4.443085623190953,0.06466666666666665,-3.149915822768602,-31.27307128906254,0.1134519159801882,0.023059938102960587
206.1666666666667,0.08843364953886701,-7.760271369747201,0.06200000000000006,-1.971404520791026,-45.51977539062497,0.3490796763050402,0.3552584648132324
92.0,0.07129146245059292,3.834634678081486,0.07000000000000006,-3.218951416497461,-49.74610900878903,0.4954164146969471,0.20141416788101196
150.1666666666667,0.08983536231884048,1.763401443808803,0.07400000000000007,-3.218951416497468,-51.90026092529297,0.4272165505138185,0.2761576175689697
273.1666666666667,0.06528245059288518,4.967953616626218,-0.1020000000000001,-1.080880229039764,61.72840690612793,0.1174059568595102,0.274260550737381
329.1666666666667,0.1651704150197628,4.835623430018501,0.001333333333333409,-3.052284749830804,-36.28929138183597,-0.06259534526069327,0.23018552362918854
191.1666666666667,0.1044312121212122,1.671660018827808,0.01000000000000001,-5.25939153101735,-44.09521484375003,0.0397540335278736,0.13469094038009644
103.0,0.03345482872200245,0.6431829802103977,0.005999999999999894,-6.506938426723764,-36.65126037597659,-0.0126273445283886,-0.09221833944320679
217.1666666666667,0.0424307114624507,0.7963275415096973,0.01666666666666672,-5.995093791412863,-54.89549255371094,0.02289567277873134,-0.034842588007450104
303.9999999999999,0.09881650197628444,3.3076741927309,0.04533333333333334,-6.799831645537228,-41.42561340332031,0.2427396764101494,0.180469810962677
166.8333333333333,0.0392494532279315,0.3292853560737967,0.02733333333333332,-7.437902832994922,-64.52799987792969,-0.01143621961212343,-0.10159420967102051
317.8333333333333,0.1302714361001317,-15.3466744066036,0.04133333333333344,-7.299831645537221,-73.24264526367185,0.3005560092859159,0.2654707729816437
302.0,0.1565266337285904,0.8588743783937076,0.06533333333333335,-7.535533905932731,-47.91056823730472,0.6342745393023778,0.13651028275489807
93.33333333333337,-0.02383663372859035,-4.369943578289195,-0.0006666666666665932,-0.3737734478532104,-31.05609893798832,0.405113978525102,-0.03130069002509117
87.16666666666669,-0.003634051383399117,-5.713703885890894,-0.02466666666666661,-2.207106781186546,-29.4203262329102,0.1663351745412271,-0.06921960413455963
63.0,0.002852088274045039,-2.46190042806829,-0.05266666666666597,-1.707106781186546,69.74255847930908,0.2536733895384722,-0.002928648144006729
180.8333333333333,-0.01587942028985512,-2.373467948849395,-0.03333333333333299,-1.804737854124369,73.08411502838135,0.2550935990615553,0.011275514960289001
107.3333333333334,0.04809186429512524,3.059332837178701,-0.05666666666666598,0.8047378541243546,72.64565849304199,0.1444261559305616,0.09616833925247192
183.9999999999999,0.08246843873517784,-0.7790021346569915,0.0006666666666665932,-5.368867239266063,-68.54634857177737,0.1732903019625023,0.08679883182048798
62.16666666666663,0.02113505928853732,-1.508195459301206,0.008000000000000007,-6.592724864350672,-65.80985260009763,-0.08415493168185928,-0.0850052684545517
203.6666666666667,0.01622090250329367,-0.4593777657053977,0.0159999999999999,-7.380711874576967,-64.9577331542969,0.01435658631526837,-0.15368176996707916
174.5,0.07591605401844559,-1.151697906315491,0.03599999999999992,-5.771236166328272,-81.82089996337893,0.1512616995268849,0.1415042132139206
7.333333333333258,0.001449545454545675,-1.143220336306598,-0.01200000000000001,1.276142374915402,-34.11437225341798,0.2955213758448387,-0.012903712689876556
155.1666666666667,0.01559660079051362,-0.1813465169272064,0.04599999999999993,-7.437902832994919,-81.01589965820315,-0.02420864468185929,-0.061486609280109406
17.83333333333331,0.02371872859025037,2.828527219158303,0.05399999999999994,-5.926058197684014,-79.396240234375,0.006517435039182451,0.05805511772632599
285.8333333333333,0.0766022002635044,1.362236286470207,0.09466666666666668,-4.466498312203885,-53.99214172363281,0.2512828155054415,0.23063382506370544
-72.0,0.02749929512516469,1.799455134222896,-0.1266666666666669,-2.276142374915409,41.54040527343751,0.0777955624534008,0.05519372224807739
151.5,0.02558977602108048,2.128732822353143,-0.04666666666666686,-4.995093791412849,52.75950050354004,0.2156225149855364,0.001008346676826477
291.0,0.0108688471673255,-3.377956975049102,-0.02600000000000002,-5.771236166328251,59.9065113067627,0.1030732916064937,0.059417724609375
177.6666666666667,0.0005275032938076851,-4.097983007642597,-0.01600000000000001,-3.995093791412852,63.03824710845948,0.1672722400751485,-0.012900728732347488
-2.833333333333314,-0.01401086956521747,-4.391243282863698,-0.02000000000000002,-1.678511301977565,66.16999053955078,0.1015777030751486,-0.001905485987663269
196.3333333333334,0.02313792490118571,3.863587436659202,-0.001333333333333298,-4.926058197683997,-63.25435638427732,0.001422111127239611,-0.0444384403526783
184.8333333333333,0.03513843873517775,2.874479819836679,-0.01533333333333353,-5.230796051808365,-59.63710021972651,-0.07320253603635923,-0.07810673862695694
260.6666666666667,0.05598525691699585,-1.203576467096298,0.0246666666666665,-6.564129385141708,-86.22025299072268,0.1607999925199169,-0.009067054837942123
265.3333333333333,0.003885948616600632,0.6745850880533055,0.03399999999999992,-7.535533905932731,-83.87582397460935,-0.04944780400769466,-0.17310605943202972
216.6666666666666,0.02854528985507232,4.367123299307693,0.04399999999999993,-8.047378541243653,-81.62494659423831,-0.006406470239933404,-0.15853054821491241
163.6666666666666,0.04990111989459833,7.185624977871456,-0.09600000000000009,-1.499999999999996,-57.4909973144531,0.2378959818560669,0.044278666377067566
370.0,0.0991849868247695,4.357979823580195,-0.09133333333333338,-3.357022603955159,-60.70255279541016,0.4393207289303946,0.10209527611732483
47.33333333333331,0.1038213570487484,11.52021719028468,-0.1046666666666667,-1.902368927062167,-63.88629913330075,0.197386666823594,0.061459142714738846
370.3333333333334,0.04269627140974963,9.006508333096619,-0.1099999999999999,-4.092724864350672,44.10354614257812,0.1454825672586727,0.2835068702697754
160.0,0.01172517786561256,4.586537284137506,-0.0533333333333339,-3.511844635310922,39.06611251831055,0.1389354942586727,0.06028690189123154
-127.1666666666667,-0.02325252964426883,-4.68631227644947,-0.002666666666665929,-2.316582489435277,62.99653577804565,0.1437261630636808,-0.018582727760076523
158.1666666666667,0.06953093544137023,6.866739543590086,-0.007999999999999896,-5.149915822768616,-67.55699157714844,0.007697487984765217,0.016988560557365417
292.3333333333334,0.06153250988142311,6.974242221154896,-0.02200000000000002,-6.271236166328247,-61.400016784668,-0.08689971710658123,-0.015835322439670563
323.1666666666667,0.07003973649538853,1.874270946154098,0.007333333333333414,-4.995093791412852,-90.19998168945315,0.2698942412258095,0.10611729323863983
197.4999999999999,0.01615102108036892,1.562568218788797,0.01733333333333331,-7.771236166328258,-88.10404968261724,-0.04406625271284659,-0.19302359223365784
-0.5,-0.007460223978919767,-5.147701077953755,0.002000000000000002,0.1666666666666501,6.58737182617179,0.02908819769764903,0.01387074589729309
-106.0,-0.02085469038208176,-1.75260563800984,-0.00733333333333297,2.052284749830797,-3.070396423339801,0.0498517772665602,0.01448332890868187
-297.1666666666666,-0.07091424901185761,-10.22233715206346,0.01000000000000001,1.954653676892974,-11.1649627685546,-0.1615359460912679,-0.05068697780370712
119.8333333333333,-5.995388669299828e-05,0.0,-0.002666666666665929,-0.5571909584179267,0.3790359497070312,0.04761774069838864,-0.01632552221417427
9.0,0.02108797101449289,-0.04441371505321001,-0.004000000000000004,-0.2642977396044799,0.0,0.08916875227901133,0.04519028961658478
-49.0,0.01334730566534903,-0.3267966536409119,-0.008666666666667044,0.0976310729378227,-0.6939544677734375,0.1225512608590993,0.015055183321237564
21.66666666666663,0.02623965085639013,0.7850225119378962,-0.01133333333333297,1.109475708248716,-5.98883056640625,0.1517019503127132,0.022161241620779037
180.6666666666667,0.001545757575757811,-0.8344737073247899,0.006000000000000005,-0.235702260395513,1.28831863403321,-0.06939696754946617,0.004264652729034424
257.1666666666666,0.006913827404479322,0.0,-0.00733333333333297,0.0976310729378298,-5.825801849365234,0.0292101089995247,0.006716631352901459
161.6666666666667,0.008342371541501858,0.0,-0.00733333333333297,-0.1952621458756312,-5.860610961914062,0.123381712512362,-0.018749572336673737
74.66666666666663,0.04500751646903811,3.90105662736886,0.01599999999999957,1.678511301977586,11.53451919555664,0.07706861337325477,0.11128458380699158
118.1666666666667,0.02845698287220044,3.932361682918724,0.01400000000000001,1.373773447853232,11.59862899780273,0.05393174628508002,0.11758856475353241
-64.66666666666669,0.01921338603425571,-0.7493784266769126,-0.01266666666666705,1.621320343559638,-6.997703552246087,0.1437983615800619,0.020473137497901917
-60.0,0.0001636956521738897,-0.5567280099709109,-0.006000000000000005,2.52368927062183,-0.6298446655273438,0.01983489463559307,0.02025308459997177
122.1666666666667,0.03451571805006581,-0.3417286677214975,-0.01000000000000001,2.316582489435284,-6.714836120605469,0.1054921528164552,0.04534430056810379
-42.0,-0.002095500658761629,-0.5703487889760055,0.007333333333333414,0.8047378541243617,6.458450317382805,0.1444081859107463,0.020535781979560852
234.1666666666667,0.02622018445322793,1.540352389914389,0.01000000000000034,1.442809041582059,5.860610961914055,0.09285101823163394,0.08467830717563629
275.1666666666666,0.03708536890645597,2.553880252781184,0.01866666666666661,2.816582489435284,11.78533172607423,0.130867112836179,0.14926649630069733
191.3333333333334,0.02881146245059296,4.403927601932565,0.01733333333333331,3.718951416497461,11.84944152832031,0.2111665023471998,0.1480867862701416
82.16666666666669,0.03024627140974956,4.855279015394103,0.02000000000000035,2.816582489435277,11.91355133056641,0.2180537773457816,0.13007164001464844
42.0,0.02507740447957851,5.354863042982714,0.01400000000000001,1.178511301977565,11.9776611328125,0.107361197792575,0.11343306303024292
177.8333333333334,0.02016827404479582,-0.6503011389420976,-0.008000000000000007,3.287987010226303,-6.650730133056634,0.0253445559023735,0.08258727937936783
57.16666666666669,0.01935100131752321,0.6245578468406023,-0.002666666666665929,0.971404520791026,-0.56573486328125,0.005175862150109012,0.026214545592665672
136.6666666666667,0.02540574440052701,0.7309813191588006,-0.006000000000000005,1.942809041582059,-0.56573486328125,0.03283429205539901,0.03970741108059883
-228.1666666666667,-0.01845470355731227,-1.9443282588241,-0.004666666666665931,1.345177968644251,-5.866237640380859,-0.03773351369700145,0.024074669927358627
-166.0,-0.03410038208168631,-2.64977225544942,-0.005333333333332968,2.023689270621816,-5.898292541503906,-0.07184756741572101,0.01069529727101326
136.1666666666667,0.01704920948616595,3.255206980491565,0.02000000000000035,2.609475708248723,11.97765731811524,0.2405521385142793,0.09628289937973022
50.0,0.02678058629776014,3.769651068747621,0.01000000000000001,1.971404520791033,12.04176712036134,0.1839047030502821,0.09543754160404205
132.1666666666666,0.03203666007905115,4.206298044791339,0.01000000000000001,1.333333333333329,11.9191780090332,0.2081409250034121,0.11438524723052979
184.6666666666666,0.03290595520421613,4.782603469377264,0.01800000000000002,0.4309644062711442,11.98328781127929,0.1604466114208783,0.12056349217891693
85.66666666666669,0.04380953886693006,4.842918837965556,0.01733333333333409,-0.3047378541243759,12.04739761352539,0.1807150024986026,0.10684028267860413
-51.33333333333337,0.0106741699604741,-2.930684031593259,-0.01133333333333297,1.638071187457676,-11.9832878112793,-0.02533385419154055,0.02131955698132515
38.16666666666669,0.01818212121212115,1.871310282212065,0.02466666666666595,-1.638071187457697,18.54347801208496,-0.0009800778959915823,0.05162687972187996
-141.1666666666666,-0.04420831357048771,-4.486907204190118,-0.01666666666666705,1.735702260395506,-18.29266357421876,-0.08835709547149923,-0.02544136345386505
37.33333333333331,0.007362318840579696,0.2664722112993019,0.005333333333333301,1.069035593728856,5.623065948486314,0.06237541069988817,0.02003452181816101
95.83333333333337,0.006372213438735064,0.9573669131701479,0.02000000000000035,3.78798701022631,6.394287109375,0.1060823157920236,0.07836614549160004
76.33333333333337,0.01627718708827408,2.003510555858711,0.02066666666666694,3.816582489435284,12.10587882995605,0.04097195149834543,0.1273527890443802
206.1666666666667,0.01223855731225287,3.126192438919816,0.02066666666666694,3.926058197684,12.16998863220215,0.0896758748181814,0.1426883041858673
106.3333333333333,0.02507509222661375,2.926299665571719,0.01266666666666705,-0.6380711874576974,12.0794506072998,0.01684109831234287,0.07369829714298248
82.83333333333331,0.02020621212121221,3.084667072654227,0.02799999999999958,0.6666666666666572,12.45285606384277,0.1447075446750641,0.10332784801721573
80.49999999999997,0.007905652173913036,2.141612104666876,0.03800000000000037,3.759391531017343,12.82626152038575,0.09247760183899639,0.1323915421962738
9.166666666666629,-0.04255534914360992,-5.702730985633607,-0.02333333333333298,3.580880229039757,-24.85285568237305,-0.04508350490973323,0.01988639310002327
45.66666666666669,-0.01405602766798408,-2.120873820897515,0.03266666666666707,2.149915822768627,12.48491096496582,-0.0746621460482369,0.05745533108711243
2.0,-0.01664955862977602,-5.025016806918089,0.03933333333333378,0.6952621458756312,18.73018074035645,-0.005016719853604024,0.043126631528139114
147.6666666666667,0.01813942028985549,2.096247447628997,-0.004000000000000004,-2.885618083164132,0.0,-0.03691760222641344,0.012696471065282822
133.5,0.02182710144927535,1.674299301224991,-0.0006666666666667043,-2.218951416497461,9.000450134277344,-0.03705070014426659,0.028194596990942955
127.8333333333334,0.02635318840579726,0.697642423223698,0.002666666666666706,-1.207106781186553,5.917393684387205,-0.0746983585921171,0.023800699040293694
143.1666666666666,0.04460405797101452,1.297713132501997,0.007333333333333192,2.02368927062183,6.184868812561033,-0.007628315460228186,0.08172575384378433
1.333333333333314,0.05829550724637678,2.318485752395105,0.0006666666666667043,0.3737734478532104,-0.04027795791625977,-0.1686599220434216,0.10244685411453247
214.0,0.07967666666666684,5.543560923305634,0.0086666666666666,-0.4428090415820591,5.355523109436037,-0.1841695240995668,0.27966538071632385
285.6666666666667,0.04116695652173918,2.161841512578803,0.0006666666666668153,-0.8737734478532104,-21.73805809020996,-0.2499776508992068,0.011150572448968887
153.3333333333334,-0.008571449275362353,-0.6302386807320914,-0.0006666666666667043,-0.5522847498307897,1.145146369934082,0.0781463565184049,-0.005054585635662079
12.66666666666669,0.02120115942028999,3.119251281071911,0.0006666666666667043,0.776142374915402,-1.290331363677978,-0.2293370330245244,0.037322841584682465
249.8333333333334,0.06127289855072471,4.490595829773739,0.007333333333333303,1.149915822768619,5.403847694396974,-0.1003715530995668,0.180099755525589
-99.16666666666657,0.0399753623188408,0.762652587966798,0.008000000000000118,1.926058197684007,-0.8829803466796875,-0.1292035285947333,0.060694992542266846
103.5,0.0687839130434783,0.2037091672008984,0.001333333333333409,2.690355937288487,5.04482269287109,-0.1789929967498668,0.21685278415679932
64.33333333333337,0.03020231884058,-0.8043383415634935,0.0,1.483249156101941,-14.29584407806397,-0.1422198268992068,0.04517282545566559
-212.1666666666666,0.006181449275362128,-0.9145960966764903,-0.00666666666666671,2.149915822768612,-14.30750274658204,-0.0240395216749848,0.03219382092356682
37.0,0.02725405797101454,-0.490460117947805,0.0006666666666667043,-0.1380711874577116,-0.6585226058959996,0.07396753758362207,0.01776210591197014
29.66666666666663,0.001127681159420191,-0.2203859693817947,0.0,-0.3619288125422884,-7.488840103149411,0.06297881001809658,-0.01762542873620987
-2.666666666666629,-0.02456666666666685,-0.6138172542077882,0.0,-0.471404520791026,-14.33081245422364,-0.02564344965934762,-0.027972102165222168
-219.6666666666667,0.02272507246376809,2.720588052896005,-0.08733333333333371,1.080880229039771,-9.435150146484318,-0.137527498525672,0.037847794592380524
-129.3333333333333,0.008285217391304167,0.1454324572452919,-0.102,-1.166666666666664,-4.189971923828097,-0.2100901899064825,-0.0005610920488834381
-123.6666666666667,0.0006788405797101271,3.21063240298831,-0.08933333333333349,2.621320343559638,-8.408386230468722,-0.2374561230578146,0.016971617937088013
186.5,0.05405098155467714,-1.4986132893346,-0.0006666666666668153,-0.6903559372884871,14.33953857421869,0.2105377570383805,0.11485370993614197
-272.6666666666666,0.007334176548089544,-2.418668173788191,-0.0006666666666667043,1.511844635310908,14.33955383300781,0.03166560004304278,0.04810080677270889
47.5,-0.01191991436100126,1.536880846709394,-0.03266666666666662,-4.149915822768598,42.5373229980469,-0.0845979992474622,-0.015447288751602173
-171.5,-0.02096793807641628,-0.7394088712680968,-0.00333333333333341,-0.2928932188134539,14.33953857421872,-0.0002572052933533242,0.03125126287341118
-7.833333333333286,0.002483109354413759,-1.1160931148777,-0.002000000000000002,0.04044011451987473,22.61897277832031,-0.1443721199461419,0.02920066937804222
13.66666666666671,0.02451617918313576,-4.421548073172701,-0.008000000000000118,2.05228474983079,33.972900390625,0.1013791303005602,0.09347227215766907
79.8333333333333,0.02167879446640331,0.8412958859350965,-0.01600000000000013,1.276142374915402,46.98834991455071,0.1442945366224715,0.07021531462669373
-32.66666666666671,-0.0104444005270089,0.008969923816792402,0.001333333333333186,0.3333333333333428,19.75434875488281,0.01477769387086103,0.023486288264393806
-176.3333333333334,-0.02789551383399191,-4.320508955558708,-0.00666666666666671,0.4309644062711726,21.1752471923829,0.03308206029700461,0.019855618476867676
-42.50000000000003,-0.01724999341238476,-6.908237434441503,-0.01133333333333331,1.707106781186553,41.06761169433591,0.03282939757989742,0.04029204696416855
60.83333333333331,-0.001906139657443906,0.01661055863830541,0.005333333333333301,1.930964406271141,9.188171386718807,-0.2507233126006561,0.043182969093322754
31.33333333333329,0.0119379578392621,0.9069586244497998,0.0,0.6094757082487305,18.3695373535156,0.05564658914934839,0.04134843125939369
-20.33333333333329,0.01658277997364932,0.1513486331676006,0.001333333333333186,3.28798701022631,20.02473449707031,0.01490346502241346,0.1262207329273224
31.0,0.01370566534914364,-0.5250983121459996,0.007999999999999896,2.345177968644236,21.37757873535151,-0.06547172177244553,0.059850819408893585
116.1666666666667,0.01849167325428203,-3.597233628107801,-0.006000000000000005,1.040440114519882,32.55427551269531,-0.0603068978498424,0.07404079288244247
79.33333333333331,0.05810031620553346,-2.0288559013118,0.001333333333333298,4.368867239266073,5.786270141601591,0.0721393564376023,0.191649928689003
24.0,0.008244328063240824,0.9516189190804027,-0.001333333333333409,3.357022603955159,28.46138000488278,-0.03474533549952097,0.09374990314245224
24.33333333333343,0.00936544137022366,0.9264256738912025,0.005999999999999894,4.759391531017325,19.1971435546875,0.00287034147792703,0.1355295330286026
35.33333333333343,-0.003283162055336075,0.01695213377350058,0.005333333333333301,4.299831645537207,20.54998779296878,0.05333889852249429,0.09900078177452087
196.5,0.06502918313570505,-14.72810819787509,0.0126666666666666,6.259391531017339,-22.19044494628901,0.2818057921059048,0.31554967164993286
51.33333333333331,-0.001439802371541732,-3.689872808642505,0.01266666666666671,3.21895141649745,12.5454864501954,-0.1223040770077853,0.07762948423624039
90.0,0.01301764163372821,0.6977694945237971,0.004666666666666486,4.414213562373089,17.84429931640619,0.008841978122501981,0.14897681772708893
148.0,0.004803669301712499,0.7403531191962003,0.005999999999999894,5.564129385141708,18.36953735351568,0.01366040194748341,0.11999242007732391
167.6666666666667,-0.007405415019762995,-0.3507554821401015,-0.007333333333333303,5.857022603955169,59.78739929199219,-0.1383055663753663,0.14645569026470184
217.5,-0.006736284584980101,-0.6326794753308036,-0.001333333333333298,5.759391531017336,21.79138183593761,-0.001752742477505731,0.12631356716156006
184.5,0.003503583662714083,-0.1235562077960992,0.005333333333333301,4.621320343559638,13.76853942871099,-0.0221980962368111,0.1324065774679184
98.83333333333341,0.01172322793148872,-0.1187787710939006,-0.001333333333333186,5.926058197684,27.5223388671875,-0.06992563936207008,0.16093766689300537
154.3333333333333,0.00792655467720682,-0.1271746153089026,0.003333333333333299,6.633164978870557,27.21998596191401,0.01811285174224359,0.13650387525558472
154.8333333333333,0.003523544137022161,-0.1631938934101953,0.0,6.035533905932738,27.7452087402344,0.04956716794748339,0.1296282708644867
187.0,0.008844947299077477,-0.8082368298393021,0.004000000000000004,5.995093791412856,20.9637756347656,-0.01235922621528085,0.12537050247192383
171.6666666666667,-0.003992740447957832,-0.7242443980957916,0.001333333333333409,5.523689270621819,29.0980682373046,-0.0504274921263656,0.13982918858528137
120.5,-0.01590602766798432,8.862088889757501,0.006000000000000005,2.580880229039767,15.83753967285159,-0.05387430213330421,0.12437452375888824
118.0,0.03552256258234521,-6.026567276444609,0.001333333333333409,1.926058197684,25.73907470703122,-0.0359688704223205,0.11661162972450256
268.0,0.0604583926218708,-2.044708399172293,-0.0126666666666666,2.080880229039757,29.66615295410151,-0.06264533482669063,0.19958597421646118
115.5,0.002654222661396477,-0.5622053435130994,0.005333333333333301,3.345177968644251,12.41569519042969,-0.005347767663720304,0.07047645002603531
128.6666666666667,-0.004125138339921119,18.70439349923031,0.001333333333333298,2.276142374915402,29.9256591796875,-0.1794109707887524,0.16524218022823334
-47.66666666666657,-0.03323150197628455,-9.211376485500494,-0.01000000000000001,1.540440114519878,32.97859191894531,-0.07508911357737941,0.00860564410686493
-65.3333333333334,-0.01080356389986836,-1.17344613063301,0.01666666666666661,-4.454653676892971,14.54684448242179,-0.2519796236263752,-0.02001546323299408
25.5,-0.0114031093544138,0.6549591365145062,0.002000000000000002,2.926058197684014,3.2786865234375,-0.08637840888460158,0.05624847859144211
-72.33333333333331,-0.01535841897233192,0.02176295297309139,0.0,1.488155364689092,2.441558837890597,0.03983304979725844,0.02319469302892685
-135.3333333333333,-0.02139360342555974,-0.4780087424851018,-0.01666666666666672,0.321488698022435,1.0579833984375,-0.08630428828391018,-0.00926392525434494
33.5,-0.009457661396574335,-0.5044310089744073,-0.008666666666666711,0.6380711874576903,2.584243774414091,-0.07877573008107547,0.008273951709270477
107.5,0.01083654808959156,-0.02831369219660473,0.005999999999999894,0.0976310729378227,4.16360473632821,-0.1086674364490358,0.015211306512355804
-78.99999999999997,0.001951936758893158,0.2146093894017014,0.004666666666666708,2.178511301977579,3.545822143554688,-0.03691835012547706,0.032283853739500046
-20.0,0.01855432806324087,-4.175034441426604,-0.0006666666666667043,1.069035593728856,-0.1791076660155966,-0.01012083380336137,0.04045753926038742
40.5,-0.01374804347826064,-0.1941054661912034,0.004000000000000004,0.6262265521467754,3.854721069335909,0.05092940122868927,0.008567385375499725
-44.66666666666669,-0.02759890645586283,-1.058791854624999,0.004000000000000004,1.080880229039749,3.545822143554688,-0.0008792465959328588,0.002308495342731476
16.6666666666666,-0.01313461791831338,0.5851835252351947,-0.004666666666666708,-2.483249156101934,8.277404785156307,0.03980629210997988,-0.018969226628541946
-183.1666666666666,-0.02759890645586283,-0.8550568764132009,0.006000000000000005,-0.2642977396044799,0.8189086914061932,-0.0008792465959328588,0.0017521940171718597
-129.5,-0.007590889328063288,0.1587170532053932,0.0,-0.1262265521467896,2.399795532226619,-0.002011986810998401,0.009775370359420776
-6.333333333333286,-0.008017635046113192,-0.7013944424560066,0.001999999999999891,-1.885618083164125,1.146011352539006,-0.02408475168386481,-0.01572892814874649
-141.1666666666667,-0.02012716073781295,0.2029014313412034,0.01666666666666672,1.764297739604487,5.506076812744141,-0.0678414844238481,0.03309996426105499
-34.33333333333331,-0.00241137022397897,1.986192233564296,0.02400000000000002,1.569035593728852,4.590171813964837,-0.1334662396154769,0.03542749583721161
-101.3333333333334,-0.04019166666666674,-0.151282562048408,0.02266666666666672,2.345177968644244,16.91087341308594,-0.2665374149869685,0.037335485219955444
71.33333333333331,-0.03515048748353089,15.0459000832255,0.02666666666666673,-5.621320343559628,-7.670661926269531,-0.0226343632636011,-0.047397252172231674
64.50000000000003,0.01620695652173931,12.12743521101079,0.02000000000000002,-2.735702260395506,-11.70650482177734,0.2109552111530406,0.014569032937288284
43.83333333333329,0.004487266139657442,2.418092836055095,0.02333333333333343,-2.511844635310919,2.998558044433594,-0.04700102900401951,-0.005283106118440628
-51.16666666666671,0.02401243741765469,0.8165357598610967,0.02933333333333343,-1.178511301977579,-8.05426025390625,0.06164036071685131,0.04014355316758156
-68.33333333333331,0.003068511198946133,-1.636943566920706,0.01999999999999991,1.528595479208967,-1.791007995605469,-0.01975234048789126,0.0069593824446201324
69.8333333333334,0.02360206851119906,0.7440946612387904,0.02933333333333343,-1.13807118745769,-8.568550109863281,0.0341842887665206,0.0369814932346344
66.0,0.01086374176548066,0.524055429686797,0.02600000000000013,-0.7761423749153877,-19.14773559570312,-0.0002783684783164986,0.016568470746278763
6.166666666666572,0.01311928853754951,-5.184635953961205,0.02666666666666673,1.707106781186553,-10.20609283447266,-0.06006736143619759,0.06679132580757141
110.1666666666666,-0.04126729907773385,-0.7110487721124059,0.02333333333333332,2.609475708248727,-8.757308959960938,-0.3739562744142487,0.022117391228675842
163.8333333333333,-0.01193660737812896,1.047862116700301,0.02000000000000002,0.6262265521467896,-17.15450286865234,-0.1235676087008167,0.0011686347424983978
-7.0,0.005525164690382001,-0.7389307640070086,0.02000000000000002,2.776142374915395,-15.07124328613281,0.1189744761995678,0.010524000972509384
52.16666666666657,0.008081600790513566,-1.171771460335506,0.02933333333333332,1.776142374915402,-23.65719604492188,-0.0368394616737496,0.030493052676320076
-94.33333333333331,-0.03171644927536232,-4.152822877148608,0.02000000000000002,-0.5690355937288558,0.27166748046875,-0.1329576541557186,-0.015144098550081253
23.83333333333329,-0.01234657444005272,2.509849770206287,0.01266666666666671,1.5,-16.68087768554688,-0.2118877502157603,0.008628714829683304
80.5,0.005512061923583556,2.474117835991606,0.01000000000000001,3.121320343559645,-20.66734313964844,0.04734403248761049,0.04809048771858215
118.1666666666667,0.005817977602108004,1.226086159218696,0.01466666666666661,-1.276142374915395,-28.64028930664058,-0.02309367825752878,-0.03122153878211975
39.3333333333334,-0.00509646245059292,-5.519532092295108,0.01400000000000012,3.649915822768612,-2.173294067382812,-0.1965699939635929,0.07342058420181274
111.5,0.009730507246376807,5.631584515943345,0.01333333333333331,5.718951416497458,-3.259941101074219,-0.1682584230710864,0.1282411366701126
14.0,-0.006380862977602209,1.749173601732991,0.01000000000000001,2.580880229039764,-16.11721801757812,-0.07040416338115324,0.021431569010019302
58.83333333333329,-0.007536574440052735,1.964730199615701,0.01000000000000001,0.6666666666666714,-19.10707855224609,-0.06737945752094629,0.0015589408576488495
-5.666666666666714,-0.001892292490118797,5.631584515943345,0.01466666666666672,1.26429773960448,-0.1800613403320312,0.3163378366747677,0.013854045420885086
-93.33333333333329,0.047206534914361,9.494063370684913,0.0006666666666665932,0.9142135623730994,3.373443603515625,0.02977187779570642,0.13814854621887207
66.3333333333333,0.02688138339920954,9.005743864023302,0.007999999999999896,1.804737854124362,4.84368896484375,0.183353870291748,0.14344052970409393
-32.33333333333329,0.04506600131752303,-2.078253974276009,-0.001333333333333409,0.5000000000000142,-14.03396606445314,0.2917172660510253,0.034517090767621994
14.16666666666671,0.02352427536231894,3.637049316622296,0.0,0.8737734478531962,-11.95069885253902,0.08222431763449081,0.04471652954816818
-105.5,-0.0218982872200264,-0.5565750272458985,0.0,-2.87377344785321,-0.7520751953125,-0.08339687250745972,-0.05897793546319008
3.833333333333286,-0.02280525691699598,-1.234455438157909,0.0,-2.39746271847504,1.337341308593807,-0.06897611932974909,-0.013791613280773163
27.50000000000001,0.04517685111989467,7.999451706170746,0.009333333333333305,0.9832491561019481,7.40057373046875,0.0773425493127364,0.13566789031028748
-48.33333333333343,0.04450420289855073,-5.507452350731796,-0.0006666666666665932,2.276142374915391,6.967613220214844,0.09395881079197183,0.09585940837860107
26.83333333333329,0.03671735177865598,-1.613965523609593,-0.001333333333333409,-0.0690355937288345,-11.47707366943364,0.1267130302105871,0.023396994918584824
-3.3333333333333,0.04606271409749663,6.670722452573344,-0.002666666666666595,-2.121320343559628,5.49737548828125,-0.05915081330408328,0.06406337022781372
-44.6666666666666,-0.0280051910408432,-0.8769907636861944,-0.005333333333333301,0.2071067811865461,3.266632080078125,0.03142364400492392,-0.007072485983371735
-37.66666666666669,-0.02064827404479574,-0.8021298965785917,-0.003333333333333299,2.011844635310908,4.859390258789119,0.1297685191745663,0.020007163286209106
-128.5,0.001254209486166058,0.0997389867106051,-0.001333333333333409,1.707106781186539,1.318817138671875,0.1259610267479943,0.024333786219358444
46.5,0.001078932806323984,-0.340211528921202,0.001333333333333298,-0.9023689270621915,-5.5543212890625,0.1251736238279935,-0.02153511717915535
106.5,0.031546627140975,0.9047009933709518,-0.03000000000000003,0.3619288125422955,-28.51560211181639,0.1893967220389935,0.0017381832003593445
-225.6666666666667,-0.01540659420289825,-8.075880802827413,-0.006666666666666821,-0.0118446353109114,-52.78134918212889,0.1601996257904315,-0.04322126880288124
15.5,0.01143125164690395,-0.4906216627989295,0.04933333333333301,-2.218951416497461,-8.4928359985351,-0.01040606865884952,0.021715424954891205
26.16666666666671,0.005529367588932632,0.6893823896915023,0.05866666666666598,-4.16176045807952,27.34230041503903,-0.02524079795761749,-0.009299077093601227
-2.5,0.05536685111989448,3.8814540488315,-0.04400000000000004,0.4714045207910331,-10.3059463500977,-0.03261165177582859,0.05457552522420883
106.0,0.0669603425559947,-1.132308054326501,-0.0133333333333332,-1.483249156101934,-73.24558258056635,0.1857541677705132,0.0974314957857132
133.0,0.03399262187088281,3.870911135849298,0.007999999999999896,-2.81658248943527,-78.76870727539062,0.3015394238453515,-0.029295790940523148
201.6666666666667,0.05063803689064572,1.826866130890593,-0.01400000000000001,0.5976310729378227,-62.45405578613278,0.3507676957198391,0.06599516421556473
59.5,0.03308559947299072,5.4367850679713,0.0,0.3333333333333428,-63.01892089843756,0.3492191425210271,0.05236704647541046
-336.5,0.006147536231884132,1.552850698125596,-0.05199999999999994,0.2357022603954988,14.77561283111573,0.1604502549461784,0.04327057674527168
379.3333333333334,0.07156898550724644,1.514924348414695,-0.01733333333333331,-1.040440114519878,3.264728546142564,0.0347740726669834,0.17664562165737152
158.0,0.06761956521739154,0.5134832669630924,-0.01866666666666661,-0.5,3.894172668457031,0.01079771894081472,0.08094821870326996
218.0000000000001,-0.001504202898550688,0.2684443881000931,0.01000000000000001,-1.707106781186553,-10.97679138183593,-0.05744194526202567,-0.017117168754339218
139.6666666666666,0.03759420289855075,-0.1970201329748136,-0.02933333333333332,0.9714045207910189,18.39165496826172,0.05779596632058454,0.057606860995292664
-267.0,0.01913217391304345,0.8751183059529097,-0.03066666666666673,-1.316582489435284,15.50040435791016,0.1698299830401807,0.019265074282884598
-66.83333333333331,-0.002524782608695597,-0.00867741815550005,-0.02866666666666673,0.8856180831641254,2.891250610351562,0.04153385798808629,-0.002319697290658951
-58.83333333333337,-0.005592028985507258,-0.1146217206939895,-0.02399999999999991,-0.1380711874576974,3.205963134765625,-0.006757328270930507,-0.011307507753372192
129.3333333333334,-0.005592028985507258,0.7640649603015106,-0.02200000000000002,0.5690355937288416,3.520690917968693,-0.006757328270930507,-0.005528423935174942
211.0,0.004769420289854942,1.39798926218009,-0.02200000000000002,-0.08088022903975656,3.835411071777301,0.0268370827297767,-0.003368411213159561
132.8333333333333,0.01552086956521714,3.403396431543598,-0.03866666666666663,2.287987010226303,8.300262451171903,0.07682397173688327,0.06975768506526947
48.16666666666669,-0.01310550724637705,2.391161464796312,-0.04266666666666663,1.138071187457705,33.51858520507821,-0.04052566694306914,0.049027103930711746
-80.83333333333331,0.08650492753623185,1.0359528655068,-0.02666666666666639,-1.02859547920896,25.21831130981445,0.2401461688838202,0.12510353326797485
-66.66666666666669,0.01753333333333318,0.603323505922603,-0.02200000000000002,-1.166666666666664,-9.403190612792969,-0.127609721909231,-0.02701566368341446
-226.6666666666666,-0.002145942028985659,0.960444339215698,-0.03333333333333333,-0.2357022603955201,16.1298446655274,-0.2026108821587397,0.02268693596124649
74.66666666666669,0.0311576811594203,5.2369528390401,-0.01866666666666683,-1.666666666666664,-3.679458618164006,0.04956697495866941,-0.0033608153462409973
207.9999999999999,0.02023217391304333,2.625647367394492,-0.02533333333333332,1.59763107293783,-0.9742889404296022,0.1376009620353675,0.006944023072719574
195.1666666666667,0.01512246376811599,2.842753803604694,-0.02266666666666661,2.20710678118656,-4.515899658203097,-0.03164384822811428,0.02472759038209915
337.6666666666666,0.04190057971014516,4.559477963306392,-0.02866666666666651,1.971404520791033,-0.01164245605471592,-0.0782845234607451,0.0864587128162384
309.5,0.04103971014492735,5.359218656801502,-0.04333333333333333,3.55228474983079,1.763031005859403,-0.01932552495818868,0.1312747299671173
184.0,0.05580057971014474,4.632166403182197,-0.04600000000000004,3.914213562373099,1.964111328125,0.05829013039770009,0.1313103586435318
-103.6666666666667,0.01877405797101439,3.18233354045779,-0.02933333333333332,1.207106781186546,7.210418701171903,-0.2013285891953236,0.041777778416872025
-118.1666666666667,0.01501565217391287,4.286407591748315,-0.04200000000000037,2.885618083164125,9.983612060546903,-0.0769760845519151,0.07900319248437881
37.83333333333331,-0.008333478260869609,4.465966205382799,-0.03466666666666662,5.730796051808376,5.298248291015597,-0.1126176876829808,0.11705313622951508
222.0,0.04063260869565211,7.041970014654552,-0.04266666666666663,4.357022603955155,2.1942138671875,0.0832827185551337,0.161674365401268
-122.0,-0.002111739130434942,4.2655668190705,-0.03800000000000003,3.109475708248723,-1.375381469726506,-0.09201477496779858,0.033034082502126694
40.66666666666671,0.03433768115942037,7.281749547285955,-0.06200000000000039,4.564129385141712,-10.56478881835932,-0.003058424834168794,0.1201343685388565
138.8333333333334,0.03376391304347837,2.544860371771293,-0.02600000000000013,0.9714045207910331,2.588546752929688,-0.1561035792083725,0.037091925740242004
-22.0,-0.002940434782608525,5.444268599308984,-0.03066666666666662,3.471404520791019,-1.224929809570284,0.04954211731701919,0.04391270875930786
108.3333333333333,-0.002632173913043379,2.132001335011097,-0.02933333333333332,4.023689270621823,4.846481323242188,0.03290923016623476,0.05565214157104492
268.1666666666667,0.02943811594202905,5.068464837491007,-0.04333333333333333,3.897462718475033,-3.667190551757784,-0.03880209730387579,0.08227933943271637
-161.6666666666667,0.03607681159420262,7.620605384090695,-0.06200000000000039,4.328427124746192,-6.437301635742216,0.06491755582507003,0.10738031566143036
-21.0,0.107596231884058,7.8487134001046,-0.06399999999999961,1.902368927062177,-4.513717651367188,0.2667307259156914,0.18139004707336426
-114.5,0.04202478260869558,8.816088775692847,-0.06933333333333369,2.897462718475026,-13.48959350585929,-0.005887134834168806,0.08131992816925049
150.8333333333333,0.07292130434782607,1.183784307458367,-0.03000000000000036,0.2642977396044941,12.22247314453131,0.2809121774573764,0.14337478578090668
248.1666666666667,0.04004971014492753,1.765244374383897,-0.0339999999999997,1.597631072937823,1.84054565429679,0.1043508507088884,0.06738321483135223
177.0,0.02285115942028981,6.633609377839122,-0.04466666666666641,6.173605093390428,-7.463897705078097,0.02171603599619909,0.09812033921480179
389.4999999999999,0.06256710144927546,9.189357436912658,-0.05600000000000049,2.971404520791026,2.638580322265597,0.2310298993380513,0.30689895153045654
151.1666666666666,0.025526811594203,9.60480685576249,-0.0459999999999996,3.149915822768605,-3.812973022460909,0.1117929776629332,0.10706369578838348
-103.8333333333334,0.06602724637681179,9.901929146346802,-0.0713333333333338,2.26429773960448,-4.5972900390625,0.2175005193380513,0.11413305997848511
102.5,0.06880971014492732,13.13767560057259,-0.06999999999999962,0.764297739604487,-21.7203674316406,0.1224336361707505,0.12750087678432465
221.0,0.06932434782608665,9.76839987016426,-0.08599999999999963,2.609475708248738,-20.12177276611331,0.1561320035060304,0.14916880428791046
187.5,0.08033217391304337,3.941613221814251,-0.02866666666666706,0.8737734478532246,20.74026489257821,0.284772232524683,0.19875429570674896
328.3333333333333,0.08499855072463758,4.491100415227152,-0.04466666666666708,2.81658248943527,16.7115173339844,0.3260493480075235,0.32437819242477417
391.6666666666667,0.09231927536231899,2.83455842030979,-0.06000000000000005,5.592724864350672,16.5991516113281,0.2615150409599393,0.29391491413116455
222.5,0.08246985507246407,12.98257620762654,-0.05466666666666709,3.857022603955155,-2.264465332031307,-0.01733554311292856,0.22853100299835205
166.0,0.03919144927536211,7.417831333240244,-0.06066666666666676,2.63807118745769,-7.622161865234403,0.02202628132851492,0.054380323737859726
-95.33333333333331,0.02636550724637665,7.417831333240244,-0.06533333333333291,-0.6952621458756241,-10.53515625,-0.1397761912169569,0.008948788046836853
196.8333333333334,0.06384594202898541,10.91917066415778,-0.08266666666666667,0.2357022603955237,-20.79110717773429,-0.02975564448884294,0.10707471519708633
259.0,0.01957942028985515,2.978000837048796,-0.08533333333333304,-0.764297739604487,-11.9924392700195,-0.1846337205367762,0.006436638534069061
317.1666666666667,0.1155553623188407,12.32403727943343,-0.06466666666666632,2.76429773960448,6.739364624023494,0.1171145663926635,0.4179730713367462
100.6666666666667,0.05456014492753614,10.40318977904899,-0.05800000000000038,0.8451779686442435,-11.1402587890625,0.003370262046061223,0.10293663293123245
402.0,0.1116897101449279,13.11874484358583,-0.07866666666666633,-0.02859547920897398,-8.9368896484375,-0.01515396983505091,0.3174019455909729
59.33333333333331,0.05764202898550752,5.028935536421002,-0.07599999999999962,-3.218951416497447,-13.08442687988281,-0.3179134745668697,0.006376482546329498
359.8333333333333,0.05976608695652175,12.18210843396314,-0.0700000000000004,0.4832491561019339,-1.196609497070312,-0.0203960046097944,0.15156936645507812
350.4999999999999,0.05594173913043488,7.357205022042109,-0.07333333333333303,-0.6952621458756312,-9.009567260742216,-0.1876886531803243,0.14080052077770233
314.6666666666667,0.1136436231884057,8.903170003264151,-0.06866666666666632,-3.023689270621816,7.352508544921903,0.1105813757347099,0.3199824392795563
413.8333333333334,0.06120391304347816,5.722255770348653,-0.07133333333333303,0.8737734478532033,-11.0578308105469,-0.0639414539067687,0.12233513593673706
276.3333333333334,0.0602657971014493,5.628512885800518,-0.06333333333333302,-1.776142374915402,6.871856689453097,-0.03563625515791946,0.14011535048484802
342.6666666666667,0.0343718840579712,-1.495853523385094,-0.01733333333333342,-1.33333333333335,11.81251525878911,-0.1026805585668886,0.09894420951604843
430.4999999999999,0.0343718840579712,1.507018475013894,-0.0326666666666664,-1.138071187457697,0.8435821533202841,-0.1194781149709288,0.05008762702345848
293.1666666666666,0.02789275362318866,-1.170924508529396,-0.03133333333333299,-0.5,-1.95068359375,-0.08065411883675372,0.01660291478037834
333.5000000000001,0.05213608695652183,4.96607638150634,-0.05599999999999972,0.02859547920896688,-13.10609436035151,-0.09103423452310994,0.09788195788860321
206.6666666666666,-0.01050318840579711,-0.02252838915460131,-0.01666666666666672,-1.914213562373099,6.701049804687514,-0.1149902036341933,-0.014897871762514114
85.5,-0.02566275362318826,0.7079538384484039,0.002000000000000113,-3.287987010226324,7.447059631347599,-0.100042064750238,-0.036151956766843796
325.6666666666666,0.008493043478260742,0.4732329354459068,0.01000000000000001,-0.4023689270621844,17.8597106933594,-0.296380398287505,0.09837700426578522
-59.16666666666663,-0.0007198550724638597,0.6141175721775056,0.002000000000000002,-0.649915822768584,18.41921997070317,-0.2481257254370223,0.01768973097205162
229.5,0.01255927536231871,-0.2457557325456037,-0.02866666666666662,-0.6380711874576903,4.466285705566406,0.01656387697785477,0.039063893258571625
-9.166666666666629,-0.03076057971014523,0.06741256408960794,0.02866666666666673,-1.166666666666664,17.1137161254883,-0.09987542317402598,0.006982661783695221
74.5,-0.03975956521739132,0.7838186841185006,0.02533333333333332,-0.8333333333333144,17.6732177734375,-0.1789186706017707,0.022741399705410004
184.8333333333334,-0.03521710144927548,0.5332459630252089,0.01266666666666671,-0.1262265521467896,18.23271942138673,-0.2659013419933096,0.03322434425354004
-238.5000000000001,-0.03112333333333328,0.6068285775534008,0.01666666666666672,-0.3047378541243546,22.04190826416011,0.04412467985723212,0.026632076129317284
61.5,0.03802536231884068,0.4672754081264969,-0.02733333333333299,-0.5,2.231521606445312,0.03343753018536161,0.016485266387462616
-7.666666666666714,0.02457956521739135,0.07742712123351225,-0.02800000000000002,1.385618083164125,2.604522705078182,0.006855125534814044,0.03108971007168293
-163.6666666666666,-0.02303869565217398,0.1825457129396995,-0.01466666666666705,1.402368927062184,4.466278076171918,0.004905785128257456,0.0069883279502391815
-302.3333333333334,-0.02303869565217398,0.1468278347598044,-0.0006666666666670373,-0.6785113019775864,5.025794982910199,0.004905785128257456,0.002317424863576889
-413.5,-0.03119463768115915,0.7680966965993008,0.0,-1.304737854124362,11.8157577514648,-0.01172263728104816,-0.005071867257356644
-210.8333333333333,-0.04294985507246363,0.856304780349106,-0.0006666666666665932,-0.8047378541243688,12.37525939941409,0.2062530137927315,-0.003296859562397003
54.3333333333334,-0.008264782608695453,0.7847853282125925,0.006000000000000005,-0.06903559372885582,16.5574569702148,-0.06159511384520155,0.028428567573428154
-195.6666666666667,-0.01150159420289854,0.838815817289003,-0.01066666666666671,-1.511844635310915,7.263801574707031,0.1423271816561237,-0.013091165572404861
-105.3333333333333,-0.03257057971014488,0.5102318057431035,-0.02266666666666706,2.55228474983079,5.585296630859403,-0.08581651535364698,0.0036354288458824158
-201.6666666666667,-0.03379768115942039,0.5916467000575949,-0.01866666666666683,0.3333333333333428,6.144798278808608,0.04282722580952381,-0.0003211796283721924
-173.8333333333333,-0.02944782608695662,0.5403469499064926,0.0,0.1380711874576903,16.93046569824213,-0.03177289626234725,0.016231399029493332
63.33333333333337,0.02142999999999984,0.4996371651617011,-0.004666666666667041,-0.6094757082487163,-2.368553161621094,-0.03757804121322733,0.007614675909280777
71.83333333333331,0.01972985507246383,0.3561308259087923,-0.001333333333332964,1.011844635310922,-2.930969238281193,0.1134652923056665,0.03310464322566986
106.5,0.02747333333333313,0.9127437229237074,0.0006666666666670373,0.6213203435596455,-3.415496826171903,-0.058676446286899,0.03736156225204468
96.5,0.02624652173913056,0.2805014630255016,0.0006666666666670373,-2.287987010226317,-0.4845352172850994,0.09333155618040379,-0.011551354080438614
355.1666666666666,0.031294202898551,0.1863957351955037,0.0,-0.09763107293781559,-2.853080749511705,-0.03962313112352461,0.06024038419127464
93.00000000000006,0.01969782608695647,-0.6675694420990084,-0.02666666666666595,-1.707106781186539,11.33034515380861,0.009160343570292717,0.005854852497577667
255.5000000000001,0.02158637681159425,1.140487446070807,0.0,-2.040440114519875,-6.986770629882812,0.08318499364715021,0.018626581877470016
147.1666666666667,0.04239724637681164,0.504138037394398,0.0,-3.149915822768619,-6.986770629882798,-0.2184729898586903,-0.011603079736232758
11.83333333333331,0.01724927536231868,0.05568795565059759,-0.006000000000000005,-0.4595598854801182,-8.751907348632798,-0.0521206280191871,0.007142655551433563
42.5,-0.03448768115942014,-0.923792375774795,-0.00733333333333297,-0.7928932188134468,3.218742370605455,-0.07657907033497546,-0.03080916777253151
24.16666666666663,-0.006816231884057999,-0.7632245386141108,-0.03133333333333299,-3.178511301977572,12.45518493652347,-0.06175139424318876,-0.04945014417171478
-35.83333333333337,0.011958695652174,-0.8198356083381952,-0.03200000000000003,-2.87377344785321,12.93971252441402,-0.07856663118964569,-0.02677004039287567
40.66666666666663,0.01339231884057979,-0.2953664681992052,0.0,-3.247546895706417,-13.93255615234369,0.02036093546622852,-0.05276072025299072
-94.33333333333337,-0.001581594202898717,-0.7105644943556086,-0.004666666666667041,-4.161760458079524,-9.8767471313476,0.02885418065992013,-0.06413522362709045
74.83333333333331,0.01483072463768131,-0.9965451236546983,-0.01200000000000001,-0.735702260395513,-7.20636749267571,-0.2081705778100144,-0.007424328476190567
129.5,0.02874550724637681,0.7368943392585976,0.02000000000000002,-0.5690355937288558,-4.618217468261719,-0.1406438321718446,0.02773866057395935
-38.66666666666663,-0.01095492753623206,1.831509408058807,-0.04000000000000004,2.914213562373099,20.44791412353514,0.08784836261555629,0.029100317507982254
126.5,0.01468565217391293,2.178182575090105,-0.05066666666666708,-2.638071187457683,26.95015716552739,0.001277823634621922,-0.00013001635670661926
362.0,0.03952492753623171,2.447129817142198,0.01000000000000001,-3.44280904158207,-10.2465057373047,-0.08762166247499414,0.007096502929925919
117.3333333333333,0.0104773913043481,-0.3347755230644935,-0.005333333333332968,-3.483249156101945,-17.4578475952149,-0.1125760990170656,-0.0611124187707901
-7.5,0.005878405797101416,-0.7096579485661891,-0.01066666666666705,-4.747546895706428,-12.83962249755861,-0.05932040518824916,-0.08911599963903427
-10.83333333333329,0.09170884057971052,-5.507402268187604,-0.02400000000000002,2.821320343559641,1.490493774414062,0.2640973805175788,0.22900483012199402
33.83333333333331,0.006505217391304385,-0.00731544958139807,-0.04466666666666708,3.207106781186546,23.09302520751959,0.000687790160245616,0.07027138024568558
130.3333333333333,-0.009929130434782496,0.7988439060077894,-0.07999999999999985,-1.81658248943528,32.49645233154301,0.08192091456870015,-0.0021156296133995056
-28.16666666666674,-0.01730681159420278,0.07960258461559988,0.002000000000000002,-3.690355937288487,-14.33049011230459,0.009496674593517052,-0.05909404531121254
220.4999999999999,0.03763202898550733,1.034616725521303,-0.01066666666666705,-4.661760458079513,-5.065856933593707,-0.1988688478813381,-0.027567852288484573
142.4999999999999,0.02683724637681151,-0.3394253157508018,-0.01200000000000001,-3.161760458079506,-2.208976745605497,-0.2678363572201038,-0.036463383585214615
239.3333333333333,0.0144634782608698,-0.3394253157508018,-0.01000000000000001,-2.845177968644244,7.781364440917898,-0.2783711595686302,0.023092230781912804
157.8333333333333,0.000189710144927413,0.6059161095053014,-0.006000000000000005,-0.01184463531092206,6.478637695312386,-0.06422934316044365,0.01147979125380516
127.3333333333333,0.04937681159420293,-0.6832642317760076,-0.04200000000000004,-0.235702260395513,4.983879089355476,0.09096774155449511,0.027857715263962746
175.0,0.05306463768115943,2.1840819516501,-0.07800000000000007,0.2357022603954988,16.30628204345699,0.3260988546275534,0.08993132412433624
203.5,0.07535376811594197,3.960002792116896,-0.06533333333333302,-2.678511301977572,7.699386596679702,-0.02446411024929229,0.1386765092611313
-94.33333333333337,-0.009614927536231721,-0.9417843416393907,0.01600000000000001,0.9714045207910296,-25.73658752441399,0.1119357345977343,-0.0016625672578811646
81.33333333333326,-0.002352318840579626,-0.04953093751980475,-0.004000000000000004,0.02859547920897398,-4.545066833496108,0.09398487666055677,-0.009649604558944702
169.1666666666667,0.02669289855072476,0.7703794469086063,-0.01866666666666705,-0.0976310729378227,0.7539901733398011,-0.1656885880620172,0.02453579381108284
203.4999999999999,0.02388811594202889,0.9348795892646109,-0.01733333333333409,-3.78798701022631,14.356201171875,-0.187572616638761,0.020007167011499405
363.1666666666667,0.1151314492753625,8.494064598848496,-0.07733333333333303,-2.402368927062177,12.95487976074214,-0.006912440613119186,0.3878328204154968
-40.0,-0.004158405797101472,-2.884319738857997,-0.006666666666667043,0.7071067811865497,-20.9198379516601,0.1653038893140105,-0.011858001351356506
96.66666666666663,-0.002994782608695568,-1.297542913730396,0.006000000000000005,3.259391531017343,-6.219146728515597,-0.1464374744755771,0.057414665818214417
139.1666666666666,0.0228385507246377,1.518376635000109,-0.01200000000000001,-1.569035593728849,15.27613830566412,-0.2035202133089759,0.03128771483898163
93.16666666666663,0.04326217391304343,2.703150440080805,-0.01466666666666705,1.885618083164132,-19.94742584228516,0.00739398956239451,0.0372505858540535
412.1666666666667,0.1389795652173913,11.14283385837331,-0.043333333333333,-3.149915822768609,-10.11578369140625,-0.08685998890556207,0.20377714931964874
128.5,0.1389795652173913,6.641231201288093,-0.04600000000000004,-3.178511301977593,-8.751991271972614,-0.08685998890556207,0.08914386481046677
330.8333333333333,0.1563815942028985,11.37378841618501,-0.080666666666666,-3.621320343559653,8.809036254882812,0.07181822116817538,0.3157881200313568
-1.333333333333258,-0.01093855072463779,-1.805366602786407,-0.02133333333333298,-0.1380711874576974,-24.9742813110352,-0.02848058323249836,-0.03223929926753044
121.5,0.011383188405797,-2.063746611511505,-0.0273333333333341,-0.6094757082487234,-11.6968154907226,-0.07507774027170211,-0.02680690586566925
93.33333333333331,0.01215376811594215,-1.888376905664401,0.02999999999999914,-5.218951416497461,12.8543319702149,-0.00140773639355099,0.006021391600370407
-50.0,0.004058405797101705,-1.582853010588309,0.02000000000000002,-1.402368927062181,6.427169799804702,-0.03218327883722891,-0.005079921334981918
140.6666666666666,0.002851739130434572,1.247182224213901,-0.0006666666666661492,-2.564129385141708,6.389511108398438,0.01399854057081157,-0.014709915965795517
45.66666666666669,0.01283710144927563,0.7147908174371054,-0.01000000000000001,0.5522847498307755,6.409675598144531,-0.2034986095060868,0.040192462503910065
0.0,0.01799666666666633,0.6125956978265066,-0.01000000000000001,0.0,-6.392196655273409,0.08860929607007659,0.018280863761901855
-6.833333333333258,0.0004011594202898427,0.0,-0.01000000000000001,0.678511301977565,0.0,0.2663508187199387,0.01267942413687706
-39.33333333333326,-0.01353275362318851,1.960322744765691,-0.01066666666666616,0.8737734478532069,0.020172119140625,0.00617544132378528,0.018817074596881866
100.1666666666666,-0.0005108695652173978,0.0,-0.001333333333332964,-2.023689270621816,-0.002685546875,-0.1701454648059589,-0.02604411169886589
-19.5,0.0006513043478261205,0.0,0.0,-0.7189514164974575,0.0,-0.1195334451692976,0.0006220974028110504
-8.833333333333371,-0.007961449275362575,0.0,-0.0006666666666668153,-0.638071187457701,6.339736938476562,0.04827149632847694,0.006739683449268341
3.5,0.0,0.2301082505148031,0.0,-0.3737734478532246,6.322257995605469,-1.408095862132086e-10,0.007502548396587372
40.16666666666657,0.007631103678929829,-0.4254090558455772,0.0,0.292893218813461,-0.9765777587891051,0.06993994379488327,-0.0012734048068523407
0.0,0.0,-0.6925326873696349,0.0,0.0,0.9765777587890625,-2.846312074922253e-10,0.007100041955709457
-97.16666666666669,-0.008632608695652078,-1.069823927126976,-0.01153846153846216,0.5000000000000142,1.68505859375,-0.1152042450758674,0.0006957091391086578
-12.66666666666669,0.00150802675585282,3.54893774024697,-0.02384615384615407,1.759391531017329,-2.202484130859375,-0.0235942476367621,0.009390514343976974
-167.0,0.007373076923077093,2.444873661299255,-0.01923076923076894,-2.454653676892981,2.833915710449219,-0.04605066308571798,-0.02815135568380356
-125.5,0.02588244147157204,2.048865056164615,-0.04000000000000004,-2.454653676892967,-1.762100219726562,0.02515026951484284,-0.03238297998905182
-74.66666666666669,-0.02707441471571903,2.202901574261659,0.02000000000000002,-2.345177968644254,5.304496765136719,0.0086311553122842,-0.015248935669660568
-102.1666666666667,-0.01609832775919717,4.309825184543243,0.0276923076923079,-1.930964406271137,10.07281494140625,0.07689662283179555,0.009935472160577774
-11.0,0.0296749163879596,9.778865068384889,-0.04384615384615387,-2.914213562373089,-1.455764770507812,-0.1192418829236332,-0.008581738919019699
181.1666666666667,0.01812541806020085,2.742262311347545,0.01076923076923109,-2.195262145875645,5.036407470703125,0.08660989603394798,0.033441830426454544
10.16666666666671,0.05593210702341145,-1.071162964840894,-0.04153846153846086,0.5522847498307897,11.42131042480469,0.009483529117698508,0.09908699989318848
-175.0,0.01868996655518396,1.202522022624095,0.01076923076923109,-1.666666666666671,9.53662109375,0.1513139366085134,0.040764156728982925
-111.0,0.01974431438127089,8.40954776520212,-0.003076923076922977,-2.885618083164132,5.955413818359375,0.05526683710202041,0.037886977195739746
143.6666666666667,0.04108494983277589,10.19546266551076,-0.0538461538461541,-2.511844635310922,-1.991958618164062,-0.092763981993228,0.01826849952340126
265.3333333333334,0.04060066889632097,7.057581944005122,-0.02153846153846106,-1.776142374915402,1.321151733398438,-0.006627545196807472,0.12106948345899582
323.3333333333333,0.04603143812709032,10.56358974699228,-0.04384615384615387,1.23570226039552,-2.298294067382812,0.1023220950809278,0.12549951672554016
-122.0,0.06224949832775906,-4.589474358691902,-0.03461538461538383,2.483249156101948,-0.05974197387695312,0.0893250564154735,0.12920339405536652
-39.16666666666669,0.03233193979933102,2.838147945114102,-0.006153846153845954,-2.218951416497461,1.983909606933594,0.0376158516085135,0.03151358664035797
97.5,0.0288167224080268,10.78425325440999,-0.02230769230769192,-2.483249156101941,1.838020324707031,0.148354544720901,0.08605796843767166
-6.0,0.03949598662207365,17.66912256529251,-0.081538461538462,-2.373773447853214,-9.020317077636719,-0.1243943453931605,0.006836153566837311
108.8333333333334,0.02320183946488297,3.687826320455713,0.006153846153845954,-0.06903559372885937,5.151130676269531,0.06019865372633831,0.04883836209774017
301.8333333333333,0.06020668896321058,9.574107911336597,-0.03153846153846107,0.2761423749153913,-1.953720092773438,-0.06014457503883069,0.15260669589042664
40.83333333333331,0.03225836120401326,6.308745480186218,0.002307692307692122,0.1548220313557493,1.225341796875,-0.1075383653812363,0.07925671339035034
270.0,0.01180852842809355,1.52452111017881,0.1361538461538458,1.333333333333332,22.03615570068359,0.04022478277552133,0.007797297090291977
-19.33333333333331,-0.001448996655518564,1.447640227524104,0.1323076923076925,-1.569035593728849,22.43356323242188,-0.02268726786488401,0.0047636330127716064
-20.83333333333331,-0.02975468227424771,1.435815823425713,0.1330769230769228,-4.16176045807952,19.75307083129882,0.1214465746865531,-0.05113983154296875
182.8333333333334,0.05325852842809342,6.999709957176066,-0.03692307692307706,0.471404520791026,1.206016540527344,0.1618033605500857,0.1238386258482933
98.16666666666663,0.08326153846153828,12.60671426919741,-0.1230769230769231,-2.235702260395506,-18.07831573486328,-0.05923185862062108,0.09064269065856934
148.3333333333333,0.08567123745819394,9.411096435190714,-0.0615384615384611,1.235702260395509,-5.668968200683594,-0.2614838628449839,0.2078963965177536
-26.1666666666667,0.016305518394649,0.0,0.02000000000000024,-3.011844635310908,8.687198638916023,-0.1896956375253924,0.004590984433889389
310.6666666666666,-0.005429096989966631,2.591360858646496,0.1184615384615387,-3.109475708248731,23.36366653442382,-0.1322281143134469,0.0682217925786972
88.5,-0.02778478260869566,1.838088395701405,0.1146153846153846,-2.154822031355749,21.77334976196288,-0.1172329301949946,-0.025910131633281708
63.16666666666669,0.06616404682274246,2.383585620415801,-0.02538461538461489,2.121320343559642,4.385086059570312,-0.1401739121349996,0.10944454371929169
168.0,0.05396939799331113,10.72834679105807,-0.05769230769230793,1.621320343559653,-2.489906311035156,-0.2504605779681751,0.13148349523544312
-23.66666666666659,0.01476086956521727,-0.1049443824561962,0.01461538461538459,-1.402368927062192,8.768793106079098,-0.2041348386941426,0.02530794031918049
23.5,0.03344816053511723,-0.2744104991583072,-0.03692307692307673,-1.292893218813447,1.815822601318366,-0.1164116907827619,0.005752477794885635
395.6666666666666,0.01182190635451497,2.314761624380708,0.1069230769230768,-3.926058197684014,21.73071670532227,-0.189535375864884,0.059681832790374756
112.6666666666666,0.02245986622073592,3.667724697705012,-0.03769230769230791,-1.06581410364015e-14,3.580795288085938,-0.03998411082875158,0.029673513025045395
158.8333333333334,0.06770769230769214,8.988724606187333,-0.07076923076923092,0.7238576250846123,-3.160140991210938,-0.1907780100742158,0.14180147647857666
-42.33333333333329,0.02065685618729107,-0.07883379729290141,0.01923076923076916,0.2642977396044799,5.43144416809082,-0.09245238994210703,0.05090955272316933
66.66666666666661,0.03692591973244119,0.02747000171089553,-0.03538461538461524,-4.954653676892967,1.897418975830078,-0.2373123799527058,-0.02648027241230011
48.16666666666657,0.04879280936454855,0.3663904094634916,-0.02384615384615385,-4.592724864350672,10.82939910888671,-0.2176125551314334,-0.011761810630559921
164.6666666666667,3.076923076950067e-05,1.4085675491377,0.08076923076923082,-0.9309644062711442,14.90791702270508,-0.1083556443062283,0.05725090578198433
-209.5,0.01019247491638786,0.5890537143680064,0.006923076923076921,-5.357022603955162,8.15625953674316,-0.0003465137992521017,-0.022353217005729675
-104.0,0.03497324414715697,0.7532017364066093,-0.03000000000000003,-5.31658248943528,10.31906509399415,0.02521202774742337,-0.027212314307689667
68.33333333333329,0.05590167224080267,1.364909753032308,0.04076923076923078,1.55228474983079,-5.031890869140632,0.069750382649653,0.17337775230407715
55.83333333333329,0.04738311036789289,0.7237732339794007,0.0315384615384614,-0.6666666666666607,1.051383972167976,-0.004091234292518731,0.07657130807638168
-6.5,0.03591254180601988,1.462274380586607,0.03846153846153844,1.430964406271162,-1.201713562011719,0.03596452629496077,0.12200189381837845
-28.83333333333343,0.03182976588628783,0.6972067248384946,-0.02000000000000002,-3.442809041582073,4.521327972412102,0.04280842249194483,-0.008756570518016815
-43.16666666666657,0.02246220735785964,1.274842229679507,-0.02923076923076928,-6.730796051808372,9.733335494995117,0.1231544425235683,-0.11104197055101395
-62.83333333333329,0.03320167224080262,1.337936808736202,-0.07461538461538464,-7.564129385141708,6.8049201965332,-0.1178547983651886,-0.22905761003494263
4.666666666666714,0.05480936454849494,2.1087942231471,0.02615384615384631,-1.804737854124362,-7.300121307373054,0.109946741649653,0.07643372565507889
-12.66666666666657,0.006278093645484928,1.487566166627005,0.02076923076923087,-2.138071187457701,1.441871643066406,-0.06301192309191894,-0.012668579816818237
11.33333333333343,0.01391003344481567,2.035993491394791,0.02153846153846151,-1.414213562373092,-3.665187835693359,0.08644023529496081,-0.004327733069658279
-65.33333333333339,0.03212123745819373,1.2784763994066,0.01692307692307693,3.328427124746192,5.272048950195312,0.0702147338010169,0.1292039453983307
-35.5,-0.02744130434782621,0.2696795562115994,0.0146153846153847,0.4428090415820591,-0.03025054931641336,-0.04177574622447866,0.003224708139896393
60.50000000000001,0.01071237458193985,1.308327303550996,0.009230769230769376,1.287987010226313,9.102226257324219,-0.0601881755538442,0.03847957402467728
4.500000000000028,0.02685117056856201,1.049056332990801,-0.0592307692307692,-5.287987010226317,9.147603988647461,0.05806191549194484,-0.030472975224256516
-31.5,0.03393913043478269,1.491916148924503,0.003846153846153832,-5.121320343559631,8.637041091918942,-0.1587553043256481,-0.021336402744054794
14.5,0.06217307692307683,2.073251232266998,0.02769230769230757,-0.6262265521467789,-0.8112258911132812,0.1368698638544631,0.12944753468036652
25.50000000000003,0.07203812709030111,2.912903439958697,0.03000000000000003,-1.040440114519878,-0.4207420349121094,0.1481360709842546,0.14698795974254608
177.1666666666667,0.05575668896321062,2.198162924941002,0.02230769230769225,-0.04044011451988183,-0.4207420349121094,0.1164047794995839,0.09119603037834167
176.8333333333334,0.02926872909698996,3.657895793374394,0.02230769230769225,2.069035593728849,-0.03025436401367188,0.1287692664995839,0.07449793070554733
40.5,0.05337040133779269,2.355467358313987,-0.01000000000000001,-1.845177968644251,6.984798431396481,0.08379449441179421,0.06491320580244064
39.33333333333343,0.05865367892976603,3.987566102280496,0.01692307692307693,1.361928812542299,2.237972259521488,0.1717183998429901,0.1381988525390625
29.66666666666659,0.05576421404682275,3.795300821738991,0.01461538461538459,1.195262145875638,2.628459930419918,0.1482803862288762,0.11389371007680893
180.3333333333334,0.004299498327759332,1.888777253973103,0.01000000000000001,2.914213562373092,1.753150939941399,-0.005386410645135453,0.02915083058178425
184.1666666666667,0.08151538461538443,4.394377347893993,-0.01000000000000001,-2.37377344785321,4.326084136962891,0.1674201704351819,0.19444195926189423
198.8333333333334,0.1730369565217389,-0.5661765071089917,0.006153846153846176,-0.5808802290397495,6.579183578491218,0.3218249687855104,0.3263023793697357
182.5,0.0509339464882943,3.968457618152797,0.02615384615384631,-1.052284749830783,-2.088109970092766,0.1376275086303477,0.07959213107824326
-103.8333333333334,-0.0001505016722406216,0.6098275811683038,0.005384615384615432,4.580880229039757,4.176544189453125,0.0954795919937036,0.13614806532859802
152.6666666666666,0.1012565217391306,3.692594007812602,-0.001538461538461378,-2.442809041582048,4.130840301513668,0.1380448959820459,0.20176956057548523
63.83333333333329,0.03368996655518408,3.072906174810797,0.01923076923076938,-2.747546895706407,0.1801185607910121,-0.07387364704118993,0.018361739814281464
-20.33333333333343,0.01214481605351148,3.037306444612895,0.02076923076923087,-4.178511301977579,0.3753604888916016,-0.13855399960884,-1.7512589693069458e-05
-57.5,0.0,0.8182564050433996,0.003076923076923088,2.58088022903976,2.423389434814453,-3.222304645333907e-10,0.024155262857675552
-61.83333333333339,-0.007394147157190445,-0.3312678580621906,0.005384615384615432,7.133164978870557,7.270175933837891,0.07465097813413607,0.22258369624614716
18.5,-0.02506956521739134,0.7969931471127012,0.01846153846153842,6.995093791412852,10.54564666748047,0.08710712552895761,0.25259360671043396
325.3333333333334,-0.01044364548494958,1.3313055176407,-0.02769230769230779,2.138071187457697,3.142612457275391,0.06848952993289675,0.0598016157746315
246.8333333333333,0.03806939799331122,10.19757480789048,-0.1392307692307693,-2.276142374915402,-2.688285827636719,0.0276291175425662,0.09499332308769226
151.3333333333333,0.08255250836120387,9.394927438599197,-0.1369230769230767,-1.845177968644251,0.5586166381835938,0.08569000312687503,0.14301379024982452
286.5,0.04323946488294317,15.01931497573659,-0.1253846153846159,-3.442809041582059,-1.347808837890625,0.02155129975469849,0.07375144213438034
35.66666666666669,0.05359615384615368,19.45381738110554,-0.1192307692307687,-3.5522847498308,-0.00732421875,-0.08115688543008698,0.04603844881057739
-33.16666666666671,0.04215618729097004,-1.212187097575494,0.01076923076923086,0.6380711874576903,6.033988952636705,0.0827853339519381,0.06488683819770813
-90.99999999999999,-0.002277591973244286,0.2912195429141207,0.02538461538461545,2.080880229039771,8.639225006103509,0.03351554824201119,0.049852676689624786
-64.50000000000004,-0.05421287625418059,-2.770041714686599,-0.03000000000000003,1.747546895706428,-1.550895690917969,-0.06032647637032207,-0.015059217810630798
-67.8333333333333,0.0330908026755854,-1.889310102371894,0.01076923076923086,3.816582489435273,17.40315246582031,0.1224266602487182,0.14643943309783936
-54.66666666666659,0.0114095317725752,2.180495537814096,0.02153846153846162,3.649915822768612,20.343505859375,0.1122734555913262,0.1122894138097763
96.33333333333337,0.09694414715719046,9.440756576041068,-0.1884615384615385,-1.471404520791044,0.2216644287109375,0.06371485890208778,0.17073890566825867
159.5,0.1069316053511706,15.2744270175683,-0.1861538461538461,-2.316582489435273,-0.526123046875,0.09548184383484942,0.08706885576248169
110.8333333333334,0.09442993311036796,19.44206035211424,-0.1730769230769226,-2.345177968644247,1.484596252441406,0.1117514754087331,0.14910055696964264
145.8333333333333,0.06383595317725732,6.489080424087902,-0.1399999999999999,-3.178511301977579,-9.842155456542969,-0.01579844545752318,0.04877598211169243
326.0,0.1163698996655519,15.64088481131661,-0.1576923076923081,-6.409307353785952,-6.448127746582031,0.01022839422987232,0.11133049428462982
16.83333333333329,-0.0369336120401339,-1.507441485767004,-0.01384615384615384,2.678511301977593,2.576667785644531,-0.07483579628006076,0.0032115988433361053
-74.66666666666667,-0.002624080267558671,-2.758004614706095,-0.03076923076923077,-0.207106781186539,-1.550895690917976,0.018360043390931,-0.022822774946689606
-146.6666666666667,-0.01048896321070236,-4.114615935975408,0.0,3.926058197684004,17.69793701171875,0.05664670743029498,0.11991188675165176
-36.0,0.008125585284280645,-2.545486739548338,-0.02538461538461545,4.702200572599413,10.51788330078125,0.008590386598095301,0.11841323971748352
-216.5,-0.03459698996655547,-3.501208175058792,-0.01000000000000001,5.368867239266084,20.46063995361328,0.05080982475037382,0.16138418018817902
-58.50000000000004,-0.05351956521739143,-1.598731193433906,-0.05769230769230771,-0.2357022603955201,7.213031768798814,-0.1631581857012721,-0.01054578647017479
96.5,0.09560317725752498,17.5178721791883,-0.1853846153846153,-1.735702260395531,5.142333984375,0.01886007660476391,0.17126595973968506
131.6666666666666,0.08473260869565191,11.0585729790003,-0.1769230769230774,-4.414213562373092,-9.503959655761719,0.1106947685424768,0.04012175649404526
-33.66666666666659,-0.02056722408026768,-1.804564644571229,-0.01384615384615384,1.861928812542303,1.721195220947266,-0.09034342513250165,0.02017100900411606
-69.00000000000001,-0.05622006688963233,-5.766081274018362,-0.00846153846153852,2.730796051808369,10.4522476196289,-0.137929599336138,0.012897320091724396
10.99999999999997,-0.00243996655518397,-3.102361476073781,-0.0315384615384614,0.8737734478532104,1.729572296142585,-0.00683772785856368,-0.0027203932404518127
-123.1666666666667,-0.04470183946488315,-3.863283832511627,-0.04307692307692301,0.2071067811865603,-0.9092292785644602,-0.1573398433931024,-0.044290151447057724
-2.5,0.01650953177257508,-2.301138913930941,-0.02461538461538459,3.454653676892985,14.27986526489256,-0.03218124678675549,0.10886527597904205
9.666666666666657,0.01501538461538454,-2.578129880341393,-0.0007692307692307443,4.064129385141712,33.8552074432373,0.09912673030904787,0.11835042387247086
96.5,0.01984113712374558,-1.783695540431609,-0.1615384615384614,-2.276142374915391,-7.71527099609375,-0.1027579066336275,0.01566964015364647
110.5,0.04133812709030116,-3.865479579540406,-0.1599999999999996,-0.5808802290397601,-3.803031921386719,-0.04737821280366938,0.05039244145154953
-102.5,-0.01133177257525075,-3.001846116611972,-0.03307692307692311,2.609475708248723,8.381561279296882,-0.07469026655597716,0.038886792957782745
-78.83333333333339,-0.0450177257525084,-4.911103824509226,-0.03307692307692311,-0.9428090415820449,17.25249099731445,-0.2078885737597665,-0.00941026583313942
-65.66666666666667,0.03693829431438134,-0.8032824650222352,-0.04230769230769227,2.678511301977593,9.450664520263665,0.07573505341017678,0.06755422800779343
-83.16666666666671,-0.02526956521739143,-1.965523193238994,-0.05230769230769228,0.04044011451989604,7.326503753662109,-0.1903831141461537,-0.003499988466501236
-130.1666666666667,-0.05047692307692297,-4.048811169859292,-0.05846153846153856,-1.499999999999993,11.09037399291992,-0.1833453819023941,-0.03464898094534874
-1.333333333333314,0.0936707357859532,0.8619797684721959,-0.1476923076923071,-3.357022603955151,-7.980598449707031,-0.1288832823967493,0.10884317755699158
130.8333333333334,0.02085250836120378,-4.095211447268397,-0.1846153846153842,-2.609475708248741,-3.612564086914062,-0.05928900799900039,0.00802086666226387
-92.16666666666667,-0.04926739130434798,-5.623212505987254,-0.04769230769230781,4.442809041582073,23.32064056396484,0.07243076471964621,0.10792988538742065
5.833333333333329,0.004901003344481625,-2.036406904611809,-0.0592307692307692,4.966498312203893,14.94821166992187,0.06750252357167119,0.1367029845714569
-61.00000000000003,0.004407357859531613,-1.683399851101626,-0.05615384615384622,1.747546895706428,21.74615478515625,-0.11783638760884,0.032715268433094025
-9.5,-0.04851354515050177,-3.364675094401633,-0.04000000000000004,3.109475708248727,36.0995044708252,-0.1992584915014288,0.08028161525726318
-17.1666666666667,-0.02949247491638807,-2.211767278474483,-0.04846153846153856,3.218951416497465,20.17167282104492,-0.1162541467777498,0.062499240040779114
60.00000000000006,0.06049799331103678,0.1004497845399044,-0.1946153846153842,-2.87377344785321,-8.464088439941406,0.01755704232589911,0.018543794751167297
134.0,0.002212040133779181,-0.568948690758802,-0.1400000000000003,-2.776142374915402,-8.101898193359375,0.05314479923991067,0.0017982423305511475
25.16666666666667,-0.01893478260869552,-1.005566223325872,-0.0592307692307692,5.495093791412852,25.84739875793457,0.004490278429921835,0.13921304047107697
35.66666666666667,0.01082591973244162,-3.693776243643654,-0.06846153846153857,7.535533905932734,10.31425857543945,0.2102375538869298,0.21208858489990234
-61.16666666666671,-0.03349765886287626,-5.985099904942558,-0.08076923076923082,2.316582489435291,8.720462799072273,0.01063785122766259,0.01619398221373558
93.1666666666667,0.05139949832775925,3.175822404461272,-0.06846153846153857,4.31658248943528,37.37852096557617,0.05835329234637687,0.19037318229675293
-332.1666666666667,-0.07905936454849494,-11.93664615432998,-0.1607692307692307,-1.30473785412434,-29.53997039794922,-0.3204303336775969,-0.12941889464855194
-123.1666666666667,0.006815719063545278,-2.783989917916188,-0.1992307692307692,0.4023689270621809,-14.94911956787109,-0.1357298763356118,0.06447061151266098
-1.166666666666686,0.01682240802675583,0.9381617187092957,-0.1784615384615388,-4.995093791412856,-6.267646789550781,0.115105634012164,-0.007169302552938461
37.83333333333333,0.06214448160535124,4.217846968249219,-0.08692307692307699,5.592724864350672,29.26316261291504,0.1036416388635039,0.18447533249855042
107.0,0.1298794314381272,-0.3656239144103779,-0.0953846153846154,3.78798701022631,31.63941383361817,0.1182405051850499,0.3687676787376404
-382.5,-0.1045648829431438,-13.00640995251071,-0.176923076923077,3.592724864350682,-33.83848571777343,-0.1866703722380627,-0.01185215637087822
-356.1666666666666,-0.1035240802675584,-12.66096896477625,-0.194615384615385,-2.276142374915388,-28.26231002807616,-0.1376010802517875,-0.17157545685768127
-69.5,0.01559013377926421,4.030986745939813,-0.1861538461538463,-4.040440114519889,3.76458740234375,0.3173501630209316,0.016880445182323456
-372.1666666666666,-0.09656655518394652,-12.73195400486171,-0.1676923076923076,2.97140452079103,-20.78523254394531,-0.2542566097508231,-0.04014943540096283
-384.8333333333334,-0.08086722408026747,-10.75576894174114,-0.1838461538461539,2.247546895706442,-44.90573883056643,-0.02158559617005301,-0.06788124889135361
-454.5,-0.08748127090300983,-11.76450177377136,-0.1969230769230771,0.6666666666666643,-11.67758941650391,-0.09501451577873776,-0.09479392319917679
-21.66666666666669,0.01740418060200666,-0.8728880225724112,-0.1915384615384618,-0.9999999999999964,17.79306793212891,0.2143646658583546,0.07169678807258606
-146.3333333333333,0.04221488294314346,0.8072314206657012,-0.1946153846153847,-1.373773447853218,18.57341003417969,0.2302371394673918,0.04567879065871239
23.5,0.04527775919732435,2.715065803359408,-0.1684615384615381,1.97140452079104,30.69192504882812,0.4545956764705653,0.13471640646457672
-383.1666666666666,-0.06776053511705682,-10.75576894174114,-0.1923076923076923,2.70710678118655,-48.36272048950192,-0.1563057169569606,-0.0032713674008846283
-288.5,-0.03515869565217378,-11.11524598463436,-0.1830769230769229,2.414213562373089,-43.82308197021483,-0.1997096548891856,0.030398856848478317
-191.3333333333333,0.03916923076923073,-0.008563727289597978,-0.1892307692307693,1.73570226039552,29.72528839111328,0.2577964902558599,0.12608985602855682
-206.6666666666666,0.02276822742474915,-3.515654941571697,-0.1761538461538457,-0.6380711874577116,0.676849365234375,-0.03423895318678288,0.06809855252504349
208.3333333333333,0.02735301003344459,-1.412110647115696,-0.1476923076923079,3.483249156101927,2.819656372070312,0.3287962678409677,0.1226596087217331
263.3333333333333,0.07469698996655527,1.167573403191298,-0.180769230769231,-1.528595479208981,34.52613830566406,-0.13449606482471,0.18313686549663544
57.83333333333331,0.01674063545150506,-1.1475398202614,0.02538461538461489,0.3619288125423168,34.18246459960939,0.1249481628568701,0.08481787145137787
-90.33333333333331,-0.03750635451505036,-2.766760859473891,0.02230769230769192,-2.776142374915402,51.89991760253903,-0.1900820375161582,-0.028951991349458694
-193.1666666666666,-0.04190167224080277,-3.704058327511703,0.02153846153846217,-1.402368927062184,43.13124084472653,-0.3287856730556026,-0.010430071502923965
-118.6666666666667,-0.0343347826086956,-2.384327899995,0.01384615384615384,-1.511844635310901,32.61388397216797,-0.1084877206586635,-0.005701132118701935
-191.0,-0.04565752508361198,-1.999184788955702,0.01615384615384596,-3.523689270621816,32.85737991333008,-0.1195740812325445,-0.028270889073610306
150.6666666666666,-0.003093812709030419,-1.435405605167787,0.00461538461538491,-1.804737854124376,28.20661544799804,-0.2689305279765207,0.003976929932832718
-242.1666666666667,-0.05465969899665535,-3.6447118926108,-0.009230769230768932,-4.259391531017343,8.823280334472656,-0.124986007203826,-0.05523035302758217
10.0,-0.03688645484949848,-1.088832555536101,-0.0007692307692308553,-2.44280904158208,5.171852111816406,-0.1474857257460405,-0.04047078266739845
-17.5,0.01195869565217367,0.5770594225231918,-0.0476923076923077,-0.3333333333333286,28.36396789550781,0.1475881848605676,0.022831596434116364
63.66666666666669,0.001125919732441472,3.484058404199999,-0.05384615384615388,0.0,44.63424682617188,0.2549563210701567,0.061134736984968185
59.5,0.04129515050167243,3.988402285791892,-0.03615384615384609,0.3333333333333357,34.33001708984376,0.3848978847428022,0.10423889011144638
66.33333333333331,0.004208695652174077,1.180973218551401,-0.004615384615384466,1.442809041582066,17.19113922119141,-0.04769782697060354,0.0307014063000679
411.4999999999999,0.02707341137123764,0.9063188306906937,-0.009230769230769265,0.8047378541243688,20.60846710205078,0.05836857314294708,0.14384400844573975
-247.6666666666666,-0.03528695652173919,-1.708777799638796,0.01230769230769246,-0.2357022603955201,7.347328186035156,-0.1412684669706036,0.014495987445116043
38.16666666666669,0.02857023411371251,4.384951598882395,-0.04076923076923078,3.78798701022631,43.71340942382812,0.1858842290701567,0.15714585781097412
348.5,0.08225903010033442,5.766176986234299,-0.0392307692307694,2.718951416497454,40.29607391357425,0.3300452339914896,0.4037422239780426
141.6666666666667,0.06675066889632097,8.29474369128458,-0.03000000000000003,4.690355937288501,33.40917205810545,0.2426999049914896,0.28906315565109253
-2.333333333333314,0.01492993311036805,-0.03392243644709936,-0.009230769230769154,-0.4191197709602434,-0.8814926147460938,-0.1069375964025013,0.012520022690296173
33.0,0.006295150501672397,0.3086764222566956,-0.01230769230769302,0.218951416497454,-1.123359680175781,-0.1355932408952545,-0.013955626636743546
0.0,0.0,-0.3930106919527958,0.0,0.0,8.970603942871094,-4.004356290998601e-10,0.02584187500178814
-129.8333333333333,-0.00715167224080282,-1.14831239941239,0.01538461538461511,0.7642977396044728,18.42494964599615,0.04216688110822769,0.03950519487261772
11.33333333333326,-0.01353929765886297,-1.14831239941239,0.0199999999999998,0.3619288125423026,10.34694671630855,0.08333605588238108,0.03011627309024334
-14.5,0.0007377926421403558,-1.0426266279717,0.01384615384615384,-0.1094757082487305,18.42494964599609,0.01585566215604056,0.028230750933289528
-49.83333333333331,-0.009073076923077017,-0.5720461732911986,-0.002307692307692233,-0.6666666666666785,9.212471008300781,0.02098133501736421,0.010963868349790573
193.0,-0.01831354515050165,-0.3383151120569892,-0.01769230769230812,0.4023689270621773,-9.126480102539006,-0.09994641834991158,-0.0034860149025917053
47.0,-0.01111571906354525,-1.354880379294997,0.009999999999999787,-0.264297739604487,2.364707946777301,-0.0683503993121316,0.008460517972707748
-187.3333333333334,-0.0220976588628764,-0.2672296014300031,0.009230769230769154,2.942809041582059,2.334411621093807,0.01121211464100919,0.046790994703769684
-81.66666666666669,-0.02872792642140465,-0.9352342743030988,0.01000000000000001,3.885618083164132,2.304100036621094,0.08822140388238109,0.08808064460754395
-25.5,-0.007630434782608719,-0.06344968224809122,-0.00615384615384662,0.7357022603955059,-7.859252929687514,0.0280253322850032,0.0021657347679138184
-140.4999999999999,-0.005911705685618718,-2.077604432127103,-0.002307692307692455,1.569035593728842,-6.597541809082003,0.07280776750935963,0.01019814983010292
-62.66666666666669,-0.002486789297658554,-1.458111808704402,0.003846153846153944,1.666666666666661,19.62605285644531,0.05536390641064193,0.044695306569337845
0.0,-0.002811204013378088,0.08745122203799838,0.004615384615384577,0.0,-0.9557342529296875,0.001328464186461376,-0.004506226629018784
36.99999999999994,0.0,0.0,0.0,0.723857625084598,3.192611694335945,-3.320825281427631e-10,0.008412998169660568
-33.5,0.008256187290969996,1.413988587994893,0.007692307692308109,-1.55228474983079,7.553283691406222,0.02538468667703941,0.001791149377822876
50.83333333333331,0.01086471571906344,1.223860620586507,-0.00615384615384662,-0.235702260395513,-9.0597763061524,0.02241251797614247,0.013464950025081635
18.33333333333326,-0.006248160535116898,0.1993602364140941,0.0007692307692306333,2.218951416497458,9.0597763061524,-0.01461481120732433,0.04734282195568085
224.1666666666666,0.005055016722407935,1.099892075679293,0.0,-1.609475708248723,8.998580932617216,-0.05390562720732611,0.009539168328046799
296.3333333333333,0.001848829431438048,1.021665598816895,-0.0007692307692308553,-0.1499158227686124,-10.4438858032226,0.04790366077895902,0.016378402709960938
241.1666666666666,0.01276103678929763,0.8466702682868004,0.003846153846153832,0.0,-11.7667922973633,0.0830104146899055,0.02694462053477764
119.3333333333333,0.0007319397993311716,0.3984189423953097,0.003846153846153721,3.069035593728849,16.85784149169922,0.03400239189333443,0.061997294425964355
108.3333333333333,0.02224230769230784,0.7391995907439934,0.01000000000000001,-1.718951416497465,25.91761779785156,0.1502404500255548,0.025764286518096924
-26.0,0.01022374581939811,0.7202165272504004,0.02000000000000002,-1.138071187457697,14.76278686523438,-0.0275384598065308,0.003088817000389099
-14.0,-0.00091672240802676,0.1469511901529899,0.01923076923076916,-2.345177968644251,14.94637298583984,0.04992458519346921,-0.00585348904132843
-104.6666666666667,-0.009826755852842761,-2.204236033549094,0.0,1.609475708248727,29.19369506835937,0.03335457413774401,0.032832421362400055
230.4999999999999,0.03142090301003353,2.905413245527996,0.0,-3.523689270621816,13.53886413574222,-0.03721798232296059,0.07885746657848358
146.8333333333333,-0.001570735785953459,2.6227674693328,0.01000000000000034,2.092724864350668,-48.31187438964849,0.05070629936944238,0.030546776950359344
-7.666666666666686,-0.01912558528428088,-0.1563266331367998,0.009230769230769487,3.247546895706432,-49.9407653808594,0.1934664060866776,0.057928018271923065
5.333333333333314,-0.007331270903010112,-1.504577925474791,-0.01307692307692299,4.121320343559645,40.30682373046879,0.2926883342639047,0.09760650992393494
100.6666666666667,0.002597157190635357,-1.507655605463796,-0.01307692307692299,3.092724864350679,32.50876617431645,0.2447288603301158,0.0889536514878273
4.166666666666686,0.02035334448160542,-0.8327769634291968,-0.01384615384615406,1.942809041582063,31.1246643066406,0.1621499634559688,0.08578217029571533
96.99999999999994,0.0254936454849497,-0.4515873491924935,-0.0199999999999998,-0.4309644062711406,32.2027893066406,0.02206030315752783,0.04929865524172783
30.66666666666669,0.02201739130434788,-0.3177560700751911,-0.02615384615384575,-1.857022603955148,39.57248306274414,0.0917933374559688,0.02633114717900753
-192.5000000000001,8.294314381274148e-05,-1.249095742905297,0.006153846153846176,-2.011844635310901,1.812484741210909,-0.009393537779173733,-0.020752448588609695
-10.0,0.01787508361204004,2.695892377849901,0.01923076923076916,-3.149915822768612,-15.87870788574222,0.01585429349477929,-0.016624733805656433
86.99999999999994,-0.00995585284280942,-1.662794447775795,0.006153846153846176,-0.3333333333333357,15.7967147827149,0.2906889242289948,0.014674197882413864
27.00000000000006,0.008623745819397954,-1.185636700160202,0.0007692307692310774,3.011844635310901,15.4907302856446,0.2480479361791277,0.07152591645717621
134.3333333333333,0.00533110367892986,-0.521941990538707,-0.0007692307692299671,2.695262145875638,15.18475341796875,0.2554212579144898,0.04698161408305168
-20.66666666666669,0.003351170568561934,-0.114264090562898,-0.003076923076922977,1.287987010226296,14.87877655029294,0.1838145324160268,0.03041834942996502
176.5000000000001,0.01049247491638805,-0.4779165944666914,-0.02307692307692299,-0.0236892706218228,39.57247924804685,-0.0272493517208125,0.03170231729745865
106.5000000000001,0.03906638795986628,-0.2420846714746006,-0.0207692307692311,-0.5571909584179409,47.06455993652344,-0.0189510750746148,0.054325900971889496
221.4999999999999,0.02578545150501654,3.859440827723901,0.00846153846153852,-2.178511301977579,-19.56486511230472,0.03380682702903881,0.009585347026586533
87.66666666666663,0.02523193979933136,3.117249953660192,0.02461538461538459,-3.178511301977579,-24.51011657714841,0.01268570448743112,0.0018468871712684631
137.0,0.01635284280936455,-1.129260619361503,0.0146153846153847,0.7761423749153948,7.226501464843707,-0.008696818396285777,0.06000608950853348
78.16666666666669,0.003154682274247533,-1.132870251350212,0.01076923076923109,2.37377344785321,6.920524597167997,0.1679253836037142,0.03812688961625099
-57.83333333333331,-0.002733444816053532,-1.335326860653112,0.007692307692308109,4.495093791412859,6.614547729492202,0.2237075875119406,0.12523604929447174
-1.0,-0.001132775919732265,-1.206795032342001,-0.01000000000000001,0.2238576250846123,22.18727111816411,0.1047403961121591,0.021449554711580276
-47.33333333333337,0.02162274247491647,-0.945524360374904,-0.01000000000000001,2.13316497887055,30.7574844360352,0.0610925519056027,0.08556315302848816
129.3333333333333,0.04375903010033433,-0.2530793606995019,-0.01923076923076916,0.5690355937288416,38.12717437744141,-0.03002756060919926,0.0744716227054596
62.16666666666669,0.02490769230769252,-0.005847386323992509,-0.01846153846153897,0.5,21.69770812988281,0.08005820690560272,0.042846910655498505
-15.5,0.01324882943143812,-1.437149290299303,0.003076923076923532,1.971404520791037,13.80065155029303,0.07783465630033642,0.07541700452566147
177.8333333333333,0.0008655518394651285,-0.9516703029811993,0.001538461538462155,1.218951416497461,13.55587005615236,0.1905463810528008,0.04230674356222153
-26.0,-0.003140635451504892,-0.7334441300808976,0.001538461538461044,-1.06581410364015e-14,30.5738983154297,0.09209717971787829,0.02456015907227993
221.3333333333334,0.03683110367893017,0.2761667547667059,-0.01461538461538403,1.0,28.05046844482422,-0.05963432139848451,0.08440425992012024
160.9999999999999,0.02309180602006711,-0.177743725898992,-0.01153846153846083,-0.2879870102263205,20.89386749267578,0.0015069332663456,0.06640622019767761
346.6666666666667,0.02427123745819382,-0.04569317385178806,-0.004615384615385132,1.471404520791033,2.867198944091804,0.02991645154257982,0.10167074203491211
369.8333333333334,0.02795719063545166,0.6493624488976053,-0.006153846153846176,-1.316582489435277,2.683616638183587,-0.03128859209063961,0.06911541521549225
346.5,0.02425434782608682,0.6185461493619044,0.03384615384615408,-2.109475708248738,-67.72834014892581,-0.08503447014383231,0.09298091381788254
320.5,-0.007510702341136932,-1.320184692839206,-0.02769230769230702,-2.166666666666668,52.11670303344725,0.0583202024739658,0.04832461476325989
-128.6666666666666,-0.02652307692307687,-2.404096560736804,-0.0007692307692310774,0.9023689270621773,48.18948745727538,0.04277205778819038,0.02771494723856449
-95.0,-0.002466220735785951,-3.125805883760506,0.01230769230769191,2.58088022903976,38.18780899047852,-0.04757996621491933,0.05645349249243736
-167.0,0.03425334448160522,3.947869548679691,0.03692307692307684,0.2357022603955201,-60.4198455810547,-0.0846071338750653,0.11997766047716141
197.3333333333333,0.0307615384615384,3.240632368560611,0.03384615384615419,-1.442809041582059,-79.61753082275389,-0.1175437652162067,0.08237341046333313
238.1666666666667,0.0449580267558527,2.04164155397109,0.04538461538461569,-2.914213562373106,-86.3140640258789,-0.1611819445064467,0.12453499436378479
128.8333333333334,0.02486354515050182,2.369804255850298,0.04923076923076919,-3.995093791412845,-105.5729446411133,-0.1068236523328472,0.06569387763738632
-12.16666666666663,-0.01968829431438113,0.001845431117800445,0.03692307692307684,1.166666666666664,24.35632324218749,-0.09337591280653085,0.04801733419299126
126.3333333333334,0.0565399665551839,4.061545578272998,0.03769230769230769,-1.31658248943527,-70.5577545166015,-0.1651491420524569,0.14658516645431519
47.5,0.039283110367893,6.155542435247796,0.02307692307692311,-0.1666666666666572,-85.1161499023438,0.04809812665268054,0.06977381557226181
139.8333333333334,0.0334274247491636,3.248919047480001,0.03076923076923077,-0.9023689270621773,-52.54200744628901,-0.2024181770090347,0.07940217852592468
-52.16666666666669,0.01438996655518399,1.871624494346193,0.05461538461538462,-1.069035593728834,-64.0799865722656,-0.0602686341791272,0.11337029933929443
66.83333333333331,9.581939799319095e-05,1.832699635881312,0.0361538461538462,-0.6666666666666643,-48.2957763671875,0.04192971982087279,0.033830780535936356
202.1666666666666,0.0382841137123745,4.657395465215501,0.01076923076923086,0.5,-76.0563659667969,-0.01210508249608649,0.06393371522426605
241.8333333333333,0.04989096989966535,4.587832347479107,0.01384615384615384,-0.5690355937288487,-73.80627441406249,-0.1974190310832207,0.0697733536362648
5.833333333333371,-0.01746254180602003,1.610697766631901,0.05615384615384611,-3.247546895706421,-61.98707580566409,-0.1484607173040082,0.03768899291753769
162.8333333333333,0.02831989966555182,4.069103517020409,0.02923076923076917,-4.66176045807952,-79.5014495849609,-0.2995242726363447,0.021563634276390076
-41.50000000000006,-0.02778127090300997,1.984080685550495,0.06538461538461549,-6.299831645537221,-81.2564468383789,-0.1284315065776796,-0.05358583852648735
-104.5,-0.0297725752508361,-0.9577880810869033,-0.003846153846153832,-0.7238576250846087,42.44073867797851,-0.1065307128284791,0.00922093540430069
-172.0,-0.04973812709030079,-2.738597405583903,-0.008461538461538076,-2.040440114519878,28.58533477783203,-0.06189595380772739,-0.010487314313650131
-33.99999999999994,-0.0373120401337792,-0.02640901049380773,0.0130769230769231,-2.15482203135576,27.48888015747071,-0.05067287114090829,-0.022848736494779587
61.83333333333337,0.005716387959866287,2.674754129682796,0.03538461538461535,-3.437902832994922,-50.97821044921869,-0.2828093571622459,0.0017945431172847748
147.0,-0.002840635451505036,3.115355581402,0.02153846153846151,-3.857022603955144,-61.677375793457,-0.3527785208756276,-0.02363840863108635
-291.1666666666667,-0.04690117056856202,1.551877299537793,0.04846153846153856,-5.506938426723767,-53.65856170654301,-0.1015281115776796,-0.06234533339738846
69.83333333333331,-0.01019565217391316,5.756363842130497,0.01230769230769246,-3.954653676892981,-96.39344787597649,-0.02962907113181357,-0.07062546908855438
179.6666666666667,0.008471070234113753,5.176101217900012,0.02538461538461534,-5.064129385141701,-102.7181549072266,-0.06190794538843147,-0.044387344270944595
112.0,0.02054013377926422,6.99772041304962,0.01230769230769246,-5.63316497887055,-115.3462677001953,-0.03665696744817909,-0.05725778266787529
-85.0,-0.02042658862876245,-2.437323165179109,-0.01076923076923086,-0.9714045207910296,29.87062072753906,0.02375535551569824,0.014652729034423828
-172.3333333333333,-0.02281822742474915,1.439539340276895,0.06769230769230772,-4.133164978870546,-74.1954650878906,-0.0865036215776796,0.04965250939130783
-73.66666666666669,-0.001527759197324396,-0.5390552709676086,0.001538461538461489,0.821488698022435,30.87615203857422,0.04680171804832484,0.03946879133582115
-97.66666666666669,0.008877926421404836,-0.6030589270746987,-0.001538461538461378,2.13807118745769,19.76881790161132,-0.087713924111815,0.05105561763048172
-122.3333333333333,-0.01350585284280914,0.1413126033769032,-0.006153846153846287,0.1380711874576903,-2.636001586914091,0.04966094613644878,-0.009623479098081589
19.0,0.001756187290969935,0.1512298913377919,-0.006153846153846176,0.8047378541243688,-2.507766723632812,-0.01936786657767964,0.007715359330177307
269.5,-0.003205685618728915,0.698362766187401,-0.002307692307692455,-0.4428090415820591,4.825286865234403,0.05455009213644879,0.040718093514442444
259.0,0.02926755852842811,1.49051326983539,-0.00846153846153852,0.776142374915402,2.702163696289091,-0.1581918618201649,0.06681773066520691
125.6666666666666,-0.005543979933110288,1.651003537584899,0.005384615384615432,-0.235702260395513,34.09136962890622,-0.02998912818985189,0.03434950113296509
121.3333333333334,0.03587408026755845,2.032022102958692,-0.01076923076923075,0.2642977396044799,22.06838989257821,-0.2362201113720409,0.06360724568367004
-22.66666666666663,0.005410869565217191,0.4863807091899019,-0.004615384615384688,0.9714045207910402,-2.892440795898494,-0.03360548625902909,0.005774140357971191
22.66666666666663,0.01069314381270892,0.3696072328591953,-0.0007692307692308553,-0.9714045207910402,16.91746520996089,0.008631298131063558,0.01438276469707489
-70.66666666666669,-0.003895150501672107,0.7958709544386977,-0.00846153846153852,-1.942809041582059,4.440628051757812,-0.05782832918985187,-0.022930588573217392
190.0,0.02409464882943146,1.40205617945719,-0.004615384615384577,0.5285954792089811,24.122314453125,0.0246422013220719,0.07087763398885727
-9.499999999999943,0.00808344481605372,1.49971720424,-0.002307692307692233,1.87377344785321,21.6145324707031,-0.04341491313198209,0.04883382096886635
33.16666666666663,0.04599949832775907,1.898591400334098,-0.01307692307692299,0.6666666666666643,19.3632049560546,-0.1888960354894949,0.0674358382821083
305.6666666666667,0.0469859531772574,2.280120630525801,-0.01846153846153853,0.9428090415820662,19.8760681152344,-0.274083503372041,0.11524909734725952
243.3333333333333,0.0414367892976587,2.455704367062097,-0.02000000000000002,-0.3737734478532104,17.69276428222659,-0.2480404911338021,0.10557150840759277
159.8333333333334,0.02602976588628758,3.030924644741688,-0.01769230769230767,-0.4023689270621915,27.02073669433599,-0.1814791405493396,0.0634208470582962
260.1666666666667,0.05223511705685613,1.774296929501901,-0.006923076923076921,0.02859547920896688,45.48040771484381,-0.1675500400915282,0.15951423346996307
401.8333333333333,0.03569682274247499,2.414507956530301,-0.02461538461538459,-0.5690355937288558,24.57313537597659,-0.2350366279905843,0.11428651213645935
-187.0,0.01937842809364554,0.389957275621498,-0.002307692307692233,0.511844635310915,-32.09321594238281,-0.1166795206456988,0.03558219224214554
146.3333333333334,0.02391036789297663,2.100444584244599,-0.01846153846153842,-0.6666666666666714,44.7740478515625,-0.08687408159132282,0.05449102446436882
-63.83333333333337,0.02538545150501659,4.760617727879506,-0.04846153846153856,-2.011844635310901,14.00640869140628,-0.2003823298071498,0.05638991668820381
-94.33333333333331,0.02669849498327759,5.2800757085096,-0.0476923076923077,-1.707106781186553,23.20614624023438,-0.2004053578071497,0.06354093551635742
-115.8333333333334,-0.1088501672240804,7.397033426654602,-0.02076923076923087,-7.604569499661576,26.74708557128909,0.1401786934710324,-0.22782857716083527
36.83333333333331,-0.05692140468227447,11.05476506038201,-0.02461538461538471,-6.230796051808383,20.27876281738281,-0.03407424764291878,-0.03244995325803757
-88.5,0.01480295682578303,-1.16358855220453,0.0,-1.0,-10.54290771484378,-0.04138559515125861,0.0040510669350624084
-22.83333333333329,-0.003140551839465044,3.762590324134536,0.01000000000000001,-4.995093791412856,-50.85888671875,0.221885948108781,-0.05675265192985535
-113.6666666666666,0.003384493767102259,2.455434886212259,0.001538461538461933,-4.759391531017329,-55.0163269042969,0.2198859833818743,-0.08276142179965973
-87.33333333333331,0.01305873365764687,-2.977693687316446,-0.001538461538461933,-2.868867239266081,-17.41216278076172,0.02239677455753963,-0.04563375934958458
-71.33333333333343,0.0004112876254179776,-1.915219327701806,-0.005384615384614877,-3.759391531017343,-2.525619506835909,0.01133095326875672,-0.0453057624399662
-107.3333333333333,0.03594626026147751,1.275441965224118,-0.01153846153846216,-2.316582489435277,-16.5593338012695,0.1372228469325141,-0.027529124170541763
-98.16666666666671,0.0005524855579205346,1.557524914286219,0.01615384615384619,-6.173605093390432,27.0217208862305,0.08794543728334292,-0.06249980628490448
7.166666666666714,0.02353822590453014,1.51674992697788,0.01384615384615406,-5.966498312203878,29.13733673095702,0.1254692386165072,0.013280607759952545
-141.6666666666667,0.01866492094861671,0.8907503326577171,-0.01153846153846216,-2.276142374915388,-9.3914413452149,0.004264411109715593,-0.017769616097211838
-24.33333333333329,0.0009892064457281968,1.760049130245378,0.01923076923076916,-4.661760458079527,7.233932495117202,0.1743594439738813,-0.034316398203372955
-20.0,-0.003353306476132412,1.168187682120575,0.01923076923076916,-4.316582489435284,8.996955871582102,-8.820582246171771e-05,-0.02462930977344513
-91.16666666666671,-0.001894435998783917,1.168187682120575,0.01461538461538492,-5.023689270621819,15.02980804443359,0.1350824238998867,-0.03639126941561699
-45.66666666666657,0.009960322286409307,2.672839252453315,0.006153846153847065,-3.718951416497454,28.39354705810544,0.1789222477583659,-0.0012549199163913727
-194.8333333333333,0.003297217999392088,1.805608708592459,0.0123076923076928,-4.316582489435284,30.50917816162105,0.01873225663585432,-0.010592702776193619
-52.5,-0.01861605351170559,0.1883356263981,0.01538461538461511,-5.645009614181458,-3.396286010742088,0.02362771142752873,-0.06044661998748779
-164.3333333333334,-0.01766419124353902,-0.5622781665281593,0.009230769230769154,-6.437902832994919,28.11642456054686,-0.004401122202409791,-0.07989289611577988
-130.0000000000001,0.01936527820006073,1.485283834793037,0.002307692307692122,-3.23570226039552,33.44239807128911,0.06689607778803458,0.007295034825801849
-2.166666666666714,0.02443161295226504,-0.5767386500669289,0.008461538461538076,2.247546895706442,-1.249252319335938,0.0008665437880345794,0.056880202144384384
-124.3333333333333,-0.02407140468227431,-0.0628456385707068,-0.0007692307692310774,3.471404520791026,4.034294128417997,0.3840131348170402,0.07293054461479187
159.8333333333333,0.1600436454849499,7.832887443585861,-0.01769230769230812,2.511844635310915,-0.05814361572259941,0.6426948586527611,0.21994948387145996
-24.0,-0.009291973244147433,-1.145190691319002,-0.0007692307692310774,-0.9428090415820662,3.799705505371108,0.348132777297838,-0.010721821337938309
174.5,0.02885886287625428,3.2731901026674,-0.003846153846152944,-0.8619288125422955,3.964485168457074,0.0128590793074474,0.04862271249294281
83.66666666666674,0.0173575250836121,0.7908443434045012,0.0007692307692308553,0.3619288125423097,4.491798400878892,0.1153302343859795,0.051132574677467346
71.33333333333337,0.01997892976588622,1.242149446084809,-0.0007692307692310774,7.105427357601002e-15,5.406829833984403,0.1382206893220428,0.044461242854595184
32.0,0.01479515050167235,1.149361947776399,-0.01384615384615295,-2.926058197684014,3.964485168457031,0.2501544740704444,-0.022295422852039337
158.1666666666667,-0.01321789297658871,2.083963077781405,-0.01307692307692299,-1.718951416497454,6.486633300781236,-0.04220474043277461,0.0004679374396800995
-53.16666666666669,-0.005625585284280921,3.414020328329087,-0.01384615384615406,-0.0690355937288416,1.60711669921875,0.1512272932024704,0.008857663720846176
71.5,0.03128411371237483,2.513834742468802,0.00230769230769301,-0.5404401145198818,6.427165985107422,0.2433683067510525,0.045043908059597015
37.66666666666669,0.01416187290969873,4.692395505798501,0.0,-0.5976310729378227,6.427162170410156,0.121689425626883,0.045521676540374756
52.50000000000006,0.02370367892976599,5.824807195011701,0.01076923076922998,-0.7357022603955166,-12.80456161499024,0.2425268624114416,0.028205759823322296
94.16666666666669,0.01787993311036795,0.1605834402411972,0.0,-0.707106781186539,-6.409675598144531,0.08869362704712519,0.005803052335977554
20.5,0.05640551839464891,4.314302361877807,0.003846153846154055,1.580880229039764,-6.37739562988282,0.1774943486419438,0.09526649117469788
7.5,-0.002008193979933126,-0.9458297046993067,-0.007692307692306999,-0.488155364689085,-12.85164260864258,0.2039449118164214,-0.02590087056159973
-87.33333333333331,-0.0151886287625419,-0.1968940166414939,-0.01769230769230701,2.109475708248727,-0.03227996826171875,0.09248721583070241,0.0032138898968696594
-127.9999999999999,-0.01031003344481585,-0.4761928229342942,-0.01769230769230701,0.252453104293572,-6.456764221191406,0.2498172492638624,-0.017283599823713303
-60.33333333333337,-0.005412541806020243,-1.522904083049909,-0.01615384615384707,-0.2879870102263098,-19.19137954711913,0.1343629188307024,-0.025027528405189514
-69.83333333333331,0.01989347826086962,3.519698647746196,-0.01769230769230812,-1.345177968644247,18.90220451354981,0.2100167649153357,0.03560632839798927
-102.6666666666667,-0.003891304347826141,-1.677628553808105,-0.01000000000000001,2.247546895706428,-6.389511108398438,-0.04905046116929757,0.012197218835353851
-127.3333333333333,0.008368729096990268,0.1158957168904919,-0.01615384615384596,-0.4023689270621773,-6.439273834228516,0.0533070651108733,-0.017117366194725037
-80.0,0.008591137123745707,0.6058488552708923,-0.02692307692307705,-0.414213562373078,-6.524009704589851,0.2306913398794531,-0.02830614149570465
-1.666666666666686,0.08329949832775918,6.550152535761995,-0.007692307692308109,-3.747546895706432,18.96945571899414,0.1264943504714465,0.1869831532239914
26.0,0.01934147157190613,-0.6485049699336969,-0.025384615384616,-2.833333333333329,6.155471801757812,0.1137894158707282,-0.02979159727692604
-92.5,0.01699464882943136,0.3069229733858947,-0.025384615384616,-4.121320343559638,-6.50653076171875,0.1733110771701818,-0.05166763439774513
-5.833333333333258,0.02208946488294317,-3.980512759319893,-0.01538461538461489,-2.080880229039757,6.065359115600593,0.07103304475705288,0.007355194538831711
234.3333333333334,0.04243963210702351,1.464352597314303,-0.01615384615384596,-4.357022603955166,-0.1345024108886648,-0.001991046699362696,-0.02893242985010147
53.66666666666669,0.02465016722408009,2.632475879107602,-0.01076923076923109,-1.569035593728849,-6.406990051269531,-0.0692129928911938,-0.00792861357331276
-80.33333333333331,0.0344834448160537,-2.465055606772808,0.003846153846154055,2.776142374915388,12.57457733154297,-0.1416778471833968,0.09254187345504761
262.8333333333333,0.0367257525083613,-0.8216885163830057,0.01076923076922998,0.9023689270621738,5.099948883056641,-0.1563638107625356,0.10014522820711136
14.16666666666663,0.00526337792642162,3.297813056223404,0.0,0.207106781186539,-1.118659973144528,-0.102763986650415,0.006855614483356476
24.59999999999997,0.02411343873517779,2.451207680077218,0.0009090909090909705,1.848528137423877,0.0,0.08641704308836087,0.08009351789951324
-31.19999999999999,0.0,4.924234438332775,0.0,1.097056274847709,0.0,4.658259888934424e-10,0.03712191805243492
218.0,0.0,5.043280844407221,0.0,0.5313708498984724,0.0,1.488879020072886e-10,0.03798353672027588
150.4,0.05721166007905143,10.61136977074358,-0.0009090909090907484,0.4485281374238497,0.0,-0.1762582500498561,0.16230423748493195
80.20000000000005,0.02811897233201577,0.7384967339435207,-0.001818181818181719,0.7656854249492362,0.0,-0.125443425165111,0.04742103070020676
55.19999999999999,0.05301067193675879,2.099551686998041,-0.0009090909090907484,-0.4142135623730923,0.0,-0.05293913896232721,0.08845308423042297
-97.79999999999998,0.03996818181818185,7.293514860861038,-0.001818181818181719,2.297056274847712,0.0,-0.1096661953079309,0.11135166883468628
73.99999999999997,0.02908798957959036,1.446272134308998,0.0,-2.014213562373097,0.0,-0.1861703840674882,0.024896150454878807
-60.59999999999997,0.007563295005389992,-0.4880959834554091,0.0,-2.082842712474619,0.0,0.06013361736825651,-0.01778459921479225
9.800000000000011,-0.02208771110312602,-0.2702415259419979,0.04454545454545455,-3.814213562373087,0.0,0.01799535648504591,-0.03289703279733658
126.0,-0.002049586776859513,-0.2314135211522057,0.003636363636363549,-0.931370849898471,0.0,-0.05288349276974269,-0.003879353404045105
-4.799999999999955,-0.0103388250089832,-0.2314135211522057,0.0181818181818183,0.8142135623730908,0.0,0.08397796140152408,0.017710160464048386
-13.0,-0.007523401006108599,-0.2628594940669018,0.01909090909090905,-2.414213562373089,0.0,-0.05965602167553913,-0.014354478567838669
186.6,-0.009765343154868988,-0.5287754389886032,0.02818181818181831,-1.082842712474619,0.0,-0.05003498665702355,0.020032480359077454
-45.80000000000001,-0.02946627739849084,-0.06242107339620873,0.04090909090909101,-1.482842712474628,0.0,-0.04987933382662924,-0.02718845009803772
-71.59999999999997,-0.03873987603305773,-0.8567570087369916,0.04272727272727272,-1.951471862576142,0.0,0.05130765668251691,-0.05409463495016098
83.19999999999999,-0.01943498023715406,-1.365944887139904,0.01636363636363647,0.03431457505075741,0.0,0.00837371485355659,0.01455940306186676
133.4,0.02967002335609048,0.06849903502249788,0.006363636363637015,-2.165685424949238,8.392707824707102,0.06826084097356822,0.03850618004798889
107.6,0.001138295005389756,-3.30248811314469,0.01000000000000001,-0.6970562748477107,-11.2319793701172,-0.0109893481325104,-0.011721402406692505
217.8,0.0356095041322313,0.9228209775044007,0.02000000000000002,3.028427124746187,-11.2990036010743,0.01075673812924838,0.07614865899085999
17.19999999999993,0.03526148041681654,0.8103742004904007,0.02000000000000002,1.365685424949241,-4.242469787597699,0.1370384677417255,0.05151776969432831
-27.19999999999993,0.01253181818181803,2.364583202713902,0.01363636363636411,2.331370849898484,3.941703796386705,-0.0100290794670973,0.056847553700208664
102.8,0.01907470355731222,2.428391393964191,0.01000000000000001,3.214213562373089,-9.244796752929702,0.08631955316806594,0.0890197604894638
-17.59999999999997,-0.02478449514912007,-0.3110066116594083,-0.01090909090909098,0.08284271247461206,-15.2158203125,-0.01107970728317953,-0.01866433396935463
-73.80000000000001,-0.001917472152353494,-0.4400989353087965,-0.02000000000000002,-2.54558441227157,-16.184211730957,-0.08046023665461466,-0.06062695011496544
20.80000000000001,0.002391825368307732,0.2115477468455964,-0.01909090909090905,-2.731370849898475,-18.07669067382808,-0.1039542495491658,-0.07792554050683975
-19.40000000000003,0.0111152712899748,0.9345393381824891,-0.001818181818181053,-3.379898987322342,-10.2576904296875,-0.009317397544652217,-0.045974235981702805
225.0,0.03477412863816021,-0.6831904220415623,-0.01272727272727292,1.297056274847726,-17.9369812011719,0.03321253547386177,0.031392887234687805
205.2,0.001945571325907336,-5.99939823444204,-0.01272727272727292,1.4284271247462,-17.51474761962895,-0.02560402451897137,-0.005308210849761963
-84.60000000000002,-0.003246918792669917,-2.839986207578676,-0.01272727272727292,-0.1514718625761518,-15.37843322753911,-0.08873480344279833,-0.011535242199897766
-338.0,-0.07851072583542917,-8.060121954698488,-0.01181818181818195,-0.5656854249492298,-18.98860931396482,-0.1722280007932513,-0.12750284373760223
-214.4,0.0180071146245061,-0.1730091642580049,0.0,1.448528137423857,-26.54738616943357,-0.08346536226497003,0.04744257032871246
21.0,-0.02700913582464959,0.2629477987987059,0.03000000000000003,1.20000000000001,2.155593872070327,-0.1216593007102488,0.021580852568149567
-2.0,0.03383020122170322,2.6285763279474,0.02545454545454606,1.951471862576142,-12.15854644775389,0.1084387066305244,0.08885347098112106
-113.8,-0.001406072583543083,3.50148060794109,0.02818181818181809,3.379898987322328,-4.967964172363196,0.06831548163533718,0.07207726687192917
179.0,-0.01300609953287801,0.9607534566740981,0.02545454545454606,0.2343145750507603,10.40679931640624,0.126692188205487,0.04194922745227814
82.80000000000001,0.03405075458138695,2.214847443493611,0.02090909090909099,2.33137084989847,4.209800720214886,0.124297585730748,0.07611192762851715
261.4,0.04338295005389881,2.948393746848907,0.006363636363635905,1.531370849898465,-10.238395690918,0.2046572586305243,0.06187998130917549
-5.600000000000023,-0.003108003952569049,1.6124016934926,-0.0009090909090898602,1.799999999999997,2.98078155517581,0.02198249735738633,0.04195106774568558
36.80000000000001,0.01665320697089467,1.422615023903305,-0.01818181818181785,-2.097056274847709,-20.5899276733398,0.003426004749605194,-0.03534771129488945
132.2,-0.01186250449155568,-1.004420761840592,0.01000000000000001,-0.1514718625761375,24.588264465332,0.0159324340892768,0.023449454456567764
-41.40000000000003,0.01822912324829318,2.476464017759113,-0.01727272727272799,-3.628427124746196,-20.16383361816409,-0.07350745536800674,-0.05498846620321274
28.60000000000002,0.01102337405677323,2.341199927913891,-0.03454545454545488,-1.634314575050766,-27.75227355957028,-0.05511295903006008,-0.05914018675684929
186.6,0.03704593065037742,8.280974375324234,-0.04181818181818198,-3.511269837220809,-20.99971008300778,0.04230239433170446,0.01466463878750801
13.39999999999998,0.02813374056773243,3.847406539562101,-0.004545454545453964,-0.1029437251522864,-15.4267272949219,0.06407898070411677,0.017592616379261017
-85.19999999999999,0.01433247394897597,4.398383820894168,-0.01727272727272799,0.9857864376269134,-18.48500061035161,-0.02011904760431721,-0.00077776238322258
141.0,0.01226447179302925,2.753154479331116,-0.003636363636363882,-1.062741699796966,-11.2252197265625,0.001853967170035997,-0.022873006761074066
13.80000000000001,0.01740251527129,1.782471548453756,-0.007272727272726875,1.297056274847698,-17.05940246582036,-0.03806235275961062,0.02207471802830696
-231.8,-0.01074974847287113,-4.479732443738811,-0.01363636363636389,-2.111269837220803,-24.39030456542972,-0.1246606397214176,-0.054659608751535416
-67.19999999999999,0.01287712001437291,-4.114285971857697,-0.01363636363636389,-0.4485281374238497,-22.32101440429689,-0.1500571859287572,-0.0040997788310050964
-488.6,-0.07685148221343852,-12.47512288432269,-0.01363636363636389,-2.779898987322326,-25.72728729248044,-0.1929319129844325,-0.22127138078212738
-281.2,-0.113134369385555,-16.6324905015608,0.02636363636363614,-5.994112549695423,7.761138916015625,-0.01003025181966666,-0.16637277603149414
-164.8,-0.09955146424721528,-12.33699347450199,0.03636363636363615,-5.745584412271569,15.81126403808594,-0.15947144726755,-0.11754398047924042
-339.0,-0.06415716852317632,-2.542548725067405,0.04181818181818198,-3.014213562373101,8.821754455566406,-0.160695776548182,-0.06145507097244263
84.0,-0.02828588753144079,0.02780458354641269,0.04272727272727295,0.6485281374238454,1.698196411132812,0.05668507245181809,0.00626625120639801
291.1999999999999,0.007363178224937039,3.465529623293904,0.03272727272727205,2.117157287525373,-12.81702423095703,0.2082022860994729,0.05786312371492386
159.8,0.039226158821416,2.549805712213299,0.03545454545454607,2.179898987322339,-4.632850646972614,0.106056899919587,0.11682550609111786
141.8,0.03345049407114642,0.5427939856921995,0.02909090909090906,-0.6000000000000014,10.80894470214844,-0.01454169639994529,0.0919281393289566
54.39999999999998,0.01776066295364731,1.091440615607112,0.02272727272727204,-1.662741699796953,3.618354797363281,0.04440271160005471,0.019667115062475204
218.2,0.01945669241825354,-0.5725600255887002,-0.007272727272727986,-0.8343145750507688,9.244796752929645,-0.08761697752050368,0.05484826862812042
41.40000000000003,0.03047149658641768,1.032392383321195,-0.01000000000000001,1.497056274847701,3.706283569335895,0.03524464091958701,0.05604171007871628
124.4,0.009482464965864246,-0.6792841898788993,0.004545454545454852,-1.697056274847718,18.48959350585936,-0.0412228384574832,-0.012992549687623978
178.8,0.01119679302910548,3.481406879487295,-0.01272727272727203,1.082842712474623,-11.7937545776367,0.0718822313854004,0.003711394965648651
56.79999999999995,-0.003592535034136035,2.053575630719308,-0.01090909090909009,2.165685424949224,-3.408508300781307,0.06820922412487418,0.015796616673469543
-204.8,0.0327624326266619,3.520039859440899,-0.02090909090908988,0.03431457505077162,-27.42307281494141,0.004057632797967115,0.010209586471319199
150.4,0.02588200682716479,5.074526474325992,-0.01818181818181785,1.414213562373092,-19.74976348876949,0.01684519703768805,0.009916417300701141
82.19999999999999,0.01659860761767884,6.907258354154038,-0.005454545454544935,-0.7656854249492326,-12.07945251464844,0.003061258399295164,0.01374630257487297
149.8,0.04947685950413239,7.104320065329901,-0.01000000000000001,-1.848528137423848,-17.91363525390625,0.00911284802034723,0.016912318766117096
305.6,0.06672926697808101,6.968904112835645,-0.013636363636363,-2.248528137423854,-23.74781799316411,-0.05023736055758948,0.16555438935756683
257.6,0.05856126482213442,4.893455831015444,-0.02000000000000002,1.614213562373095,-30.15335845947268,-0.05591698428186259,0.07544738799333572
-82.20000000000002,-0.002685357527847598,-1.424039646072075,-0.02000000000000002,-0.6142135623731022,-30.88499450683598,-0.1305728696865088,-0.02232489362359047
-168.0,-0.02191282788357918,-4.934097162821544,-0.01909090909090994,-1.11715728752538,-29.70090484619142,-0.1547899435441749,-0.04738716408610344
-384.0,-0.06733865432985997,-12.32826977696367,-0.01909090909090994,-1.785786437626896,-32.10971069335933,-0.2460260354277843,-0.1488145887851715
-130.8,-0.08449086417535046,-15.28338136493076,0.03363636363636302,-7.194112549695433,13.83584594726562,-0.1840089561539781,-0.23102502524852753
-34.0,-0.04717018505210224,-15.7700459128893,0.004545454545453964,-4.745584412271572,-39.24530029296874,-0.258184188269223,-0.14778286218643188
-219.6,-0.1063742454186131,-18.08803151482923,0.04000000000000004,-8.842640687119282,8.364356994628906,-0.2475012165027177,-0.36525845527648926
-17.19999999999999,-0.1073333722601509,-13.20918949726126,0.0372727272727269,-9.60832611206851,23.6050682067871,-0.1762531107585585,-0.3195449709892273
-373.8,-0.03456104024434081,-0.1378071209248901,0.02363636363636301,-0.482842712474632,-33.06007385253903,-0.1027763050815624,-0.0030094049870967865
215.6,0.001557959037010503,-0.3788022204480939,0.05545454545454498,-3.911269837220821,23.87316131591797,0.03693942594593413,0.014982566237449646
362.0,0.03387839561624162,3.419170065783405,0.02181818181818196,2.448528137423864,-27.13117218017582,0.0791313999609986,0.07882142066955566
122.8000000000001,0.05083303988501597,4.544081057346403,0.01545454545454605,2.945584412271558,-32.46862030029293,-0.07369323049200649,0.07308937609195709
111.4,0.03542655407833273,2.954868238921904,-0.002727272727272023,3.262741699796948,-37.67201995849604,-0.2077418372599953,0.09589257836341858
75.80000000000001,0.04551612468559096,4.527935512869291,-0.03090909090908989,-2.248528137423868,-34.04452514648435,-0.00889588265193031,-0.04083018749952316
40.40000000000003,0.05602503593244701,5.108907873457895,-0.0409090909090899,1.4210854715202e-14,-34.37965393066406,-0.08536087855712526,0.03604450821876526
128.0,0.04115978260869557,4.246349375725799,-0.04000000000000004,1.599999999999987,-31.13077545166013,-0.05334642352768426,0.003000069409608841
195.2,0.05626193855551553,4.871908724658198,-0.0481818181818181,1.979898987322343,-38.39559936523438,-0.04909889705564741,0.06083328649401665
39.40000000000003,0.04864612827883574,7.794201211363259,-0.0545454545454549,-0.2343145750507674,-33.24639892578128,0.04667692513625776,0.04085484519600868
-111.6,0.04225123966942157,0.4917479194737098,0.002727272727272911,-0.351471862576151,1.137100219726562,-0.1620232665865947,0.04126278683543205
126.4,0.04952442508084809,2.057009922539606,0.009090909090909038,-2.082842712474609,-4.253944396972656,-0.1344375815865947,0.0009750984609127045
-27.19999999999999,0.008554994610132982,0.2158861329587012,0.01272727272727314,-0.448528137423839,8.423301696777344,-0.0582141381038932,0.015651885420084
-25.19999999999999,0.03843657923104571,5.246389592263412,-0.01363636363636389,-2.76568542494924,-29.17091369628911,-0.00523933529314291,-0.034733325242996216
-91.19999999999999,0.0004267427236795962,-4.779341530464137,0.01090909090909098,-1.697056274847711,3.032257080078125,-0.1854564535865947,-0.02995678409934044
55.0,0.002148751347466948,-2.025215216611073,-0.02272727272727293,-6.042640687119292,-35.58286285400393,-0.2229460379485939,-0.1172538548707962
-323.4,-0.06252291591807402,-8.98477643910742,-0.0236363636363639,-3.862741699796953,-38.09780120849605,-0.2896499227025373,-0.17389249801635742
-90.19999999999999,-0.06013090190441983,-10.08754447813341,-0.02181818181818196,-2.034314575050772,-32.2673645019531,-0.3015794487442514,-0.13872776925563812
-8.0,-0.04888974128638179,-14.22306794880944,0.0009090909090909705,-3.614213562373088,-48.28902435302734,-0.2466300018916727,-0.1229829490184784
-248.8,-0.09445996227093068,-12.95311411880456,0.0009090909090900823,-4.814213562373098,-47.57012176513672,-0.3454806071746781,-0.2054341584444046
-251.6,-0.06138485447358966,0.2985906678679981,0.00999999999999912,0.1171572875253801,-48.3007888793945,-0.1563656170902624,-0.016796812415122986
211.0,0.01036138160258704,0.02829435860769536,-0.009090909090909038,-0.3656854249492412,-47.99937438964844,-0.2433492089528992,-0.02685045823454857
149.4,0.04881452569169942,5.673857022787203,-0.003636363636364104,4.379898987322335,-47.9104080200195,-0.05157832339993806,0.0867580845952034
19.60000000000002,0.04931174092705726,5.000900584189509,-0.01727272727272711,3.697056274847725,-47.636100769043,-0.06260302497424008,0.09183596074581146
134.8,0.05049892202659012,6.144904830847935,-0.04363636363636303,1.68284271247461,-46.90954589843744,0.02844294712187478,0.04865670204162598
80.80000000000001,0.04670927955443749,5.361661937004527,-0.05999999999999961,2.448528137423835,-43.31021881103513,0.06848978376578374,0.032116055488586426
79.20000000000005,0.07121391484010053,6.317043925754575,-0.0645454545454548,-0.6000000000000014,-39.87905883789065,-0.06550081364378468,0.07401300966739655
-71.0,0.09127735357527855,5.728102816075292,-0.06000000000000005,0.3171572875253901,-37.93178558349609,-0.03964127957516683,0.14035391807556152
133.4,0.05055423104563417,1.373617950471797,-0.004545454545453964,0.2485281374238539,61.79943084716797,0.03178607214407947,0.10471659898757935
-97.0,0.03623619295724034,0.5198910588075023,-0.01000000000000001,2.731370849898454,55.02677917480469,0.1087876986911384,0.09290266036987305
-10.60000000000002,-0.009877245777937249,-0.5173733564052014,0.007272727272727098,0.7313708498984681,1.734886169433594,-0.1054954047072184,0.02312089130282402
141.2,0.003055982752425357,-0.1051428616387966,0.0009090909090909705,-1.131370849898481,-10.15223693847656,-0.1303133065865947,-0.03275757655501366
-7.799999999999955,-0.01562879087315849,-1.691859088567597,0.006363636363637015,0.3171572875253794,-3.688209533691406,-0.162744809384656,0.0020838677883148193
125.0,-0.01963485447358959,-2.945495793931045,0.009090909090909038,-0.0828427124746085,-9.047195434570312,-0.153018308384656,-0.005981680005788803
-336.6,-0.06437867409270559,-4.055962235003776,-0.0236363636363639,-3.0,-45.32857513427729,-0.267082820415898,-0.10933872312307358
-286.6,-0.03933082105641394,-3.691329969535545,-0.0236363636363639,-4.379898987322331,-44.27915191650395,-0.2172604496818136,-0.10012070834636688
-63.60000000000002,0.01640639597556592,0.348281647252449,-0.02272727272727293,-3.979898987322333,-34.15053558349609,-0.005340811758828168,-0.05678972229361534
-125.8,-0.01520427596119311,0.9085052693780113,-0.01181818181818195,-4.87695526217005,-47.96156311035156,-0.1299185995224948,-0.0796695202589035
-16.20000000000005,-0.01771015989938896,-2.751142662320447,-0.01090909090909098,-4.076955262170042,-48.39080810546871,-0.1973459478377789,-0.06875240802764893
-267.6,-0.03634023535752806,-8.02998263986548,-0.009090909090909038,-6.194112549695429,-48.82005310058588,-0.1438329905618996,-0.17966578900814056
-258.8,-0.01139548149478975,-13.52466285464924,-0.005454545454546045,-7.925483399593901,-48.5238037109375,-0.2923332307978683,-0.3035288453102112
-167.2,0.03399213079410701,-4.689200793641021,-0.002727272727272911,-4.897056274847714,-49.67854309082031,-0.2204200720907946,-0.02034471184015274
-41.19999999999999,0.06370170679123255,-4.801831638373443,-0.01272727272727203,-0.9313708498984639,-50.10779571533209,-0.2256919327680171,0.10018087923526764
184.6,0.06158937297879985,4.255196055786797,-0.01818181818181808,2.931370849898478,-50.53703308105473,-0.1434983817680171,0.06311888992786407
199.8,0.08057482932087678,5.904571351912395,-0.02636363636363614,4.662741699796946,-50.96628570556641,-0.09619543265688801,0.18727687001228333
-116.0,0.01033561803808847,0.6326282502637071,0.007272727272727986,-2.614213562373074,64.82936000823975,0.01377719357315055,-0.003914784640073776
-35.0,0.007880524613726125,0.8914916167361042,-0.002727272727272911,-1.331370849898477,65.43257236480713,0.06109821291394935,0.010030660778284073
111.6,0.01117037369744867,2.021790118231692,0.001818181818182163,0.1656854249492454,58.69531631469727,-0.00961153187384911,0.0444350428879261
52.40000000000003,0.00283139597556592,1.188507345444506,-0.01181818181818184,0.2828427124746256,66.76128673553467,0.04701409978879012,0.03220753371715546
39.40000000000003,0.01426235177865609,2.399804287229898,-0.01272727272727259,1.551471862576143,60.31914901733398,0.01467096100645315,0.05657880753278732
212.6,0.001101212720086342,1.1437673650981,-0.01818181818181841,3.062741699796952,68.30687046051025,0.03304194207065125,0.08489394187927246
134.6,0.01698052461372646,2.181907171031099,-0.01090909090909076,-0.1313708498984809,61.94299125671387,-0.02584276718138667,0.07042019069194794
136.6,0.04853023715415017,1.60011846320549,-0.009090909090909038,5.408326112068515,54.65961074829102,0.1051799246676541,0.1723385751247406
71.0,0.04618250988142303,2.894269648503311,-0.007272727272727098,-0.2828427124746256,61.55465507507324,0.04952998315376789,0.09056465327739716
-137.2,0.0295231494789796,0.5713282137418929,-0.01181818181818084,4.02842712474618,47.3469352722168,0.02635582720049634,0.13538087904453278
-106.8,0.004612809917355243,1.062336437112705,-0.009090909090909038,1.131370849898481,44.33011245727539,-0.06158641811219279,0.04114001989364624
-57.19999999999999,0.014431216313331,0.5157959158891003,0.0009090909090909705,2.214213562373089,-10.59537887573242,-0.04272936859925153,0.04454641789197922
140.2,-0.005648436938555434,0.1905906856643043,0.003636363636364104,1.248528137423847,-15.63943862915039,-0.09610847859925153,0.00400746613740921
3.199999999999989,-0.008352856629536554,-0.607577806978,0.007272727272727986,-1.097056274847702,-8.89255142211914,-0.1081362870824136,-0.02450745180249214
-121.6,-0.01316247754222044,-0.7704359644135366,0.08181818181818135,-1.35147186257614,45.24818420410158,-0.1057836977012355,-0.004538584500551224
50.20000000000005,-0.008149443047071325,-4.014308355464479,0.01272727272727314,-2.979898987322319,-20.74761581420898,-0.08090664068611741,-0.05714226886630058
138.4,0.007808381243262663,1.512540141491087,0.0790909090909091,-0.5171572875253787,40.00599479675293,-0.04620755986976721,0.06445328891277313
-86.0,-0.03976000718648942,-5.127287297150971,-0.02454545454545487,-6.311269837220802,-45.12452697753903,-0.2038009636718054,-0.179014652967453
39.80000000000001,0.0147319978440531,-2.665322521786578,0.1009090909090909,-1.648528137423867,59.59480285644531,-0.01459236029118827,0.03418009728193283
-84.59999999999997,0.02236893639956894,0.5265632040977408,-0.01272727272727292,-3.117157287525377,-46.96797180175781,-0.128310070631134,-0.034204307943582535
-105.8,-0.01469621810995325,-4.346826752340519,-0.01090909090909098,-5.062741699796955,-48.48493957519533,-0.03127053005820657,-0.08464910089969635
-222.8,0.001517840459935416,-12.11072982054309,-0.009090909090909927,-6.911269837220814,-49.3434295654297,-0.1452980962481411,-0.16228985786437988
-297.0,0.04002549407114608,-5.371467539067837,-0.009090909090909927,-5.579898987322331,-50.43114471435551,-0.05689487031335527,-0.042684271931648254
28.80000000000001,0.03135914480776136,-10.43717115790449,0.04090909090909101,-5.54558441227158,61.8050856590271,-0.06064948693075228,0.067589670419693
74.80000000000001,0.06979796083363277,3.975562426342094,-0.027272727272728,1.44852813742385,-50.20191955566409,-0.04163869953367838,0.09492772817611694
76.0,0.02600156306144452,1.202962731478507,0.02454545454545398,1.54558441227158,63.06677532196045,-0.00109280444472748,0.09370090067386627
3.0,0.003706791232482964,1.642976701856597,0.001818181818182163,2.214213562373089,64.98693513870239,0.06176110296396697,0.05748192220926285
222.6,0.02350641394178943,2.283137924455403,-0.005454545454545823,2.297056274847719,58.19189643859863,-0.03065645856926846,0.11430288851261139
54.80000000000001,0.01099124146604413,1.667595402629601,-0.008181818181817846,0.5313708498984795,72.61901092529297,0.1805847947110184,0.044009074568748474
32.59999999999997,0.03163183614804177,2.947291056590302,-0.01454545454545475,2.214213562373089,59.62049293518066,-0.03089459643881476,0.09806928038597107
120.0,0.005688914840100479,2.074697375696601,-0.0227272727272726,2.648528137423853,73.93595886230469,0.1439679474553546,0.05417545139789581
96.40000000000003,0.01834341537908724,2.814483496118612,-0.02090909090909043,3.379898987322314,53.97045707702637,-0.01581620221828584,0.13690374791622162
87.60000000000002,0.03666446280991742,1.486565579528701,-0.01818181818181763,2.068629150101515,47.79507827758789,0.03674342341283365,0.08460071682929993
18.19999999999999,0.03918308480057497,2.869357644679596,-0.01636363636363591,2.048528137423872,54.29243469238281,0.04325805894534462,0.09336821734905243
-112.2,0.03128461192957244,1.009620570081808,-0.01727272727272711,0.6000000000000085,40.69667434692383,-0.03150614125526274,0.07656805217266083
129.2,0.03304024434063957,2.665205352802701,-0.01181818181818084,1.365685424949234,53.86405944824219,0.02568237842032328,0.0922899916768074
90.59999999999997,0.03265601868487267,1.615001802952392,-0.02272727272727315,1.482842712474614,39.78947830200195,0.06189025438680307,0.06498493254184723
23.20000000000005,0.03056952030183269,3.97987796686499,-0.02909090909090883,0.9656854249492284,32.54874038696288,0.02652702444075272,0.09477722644805908
8.399999999999977,0.01328706431908011,1.327911043683201,0.0009090909090909705,-1.44852813742385,36.78339767456055,0.01379374108622411,0.028471706435084343
175.8,0.02347438016528913,1.159755268096305,0.009090909090909038,-2.497056274847715,56.72344589233398,0.05108071047359719,0.04271906614303589
194.8,-0.009610734818541133,4.624658296653351,0.05181818181818187,4.862741699796949,25.90896415710449,0.1455911080041574,0.2007533460855484
258.0,-0.01965991735537198,0.5712385076924988,-0.003636363636362994,2.014213562373101,-22.10346603393555,-0.07385504808241361,0.029937904328107834
187.0,0.001218235716852312,2.04658157887296,0.07636363636363597,3.214213562373107,38.11663436889648,0.09163719669437798,0.10699290037155151
-31.0,0.0001553629177148963,-1.420543158693292,0.08545454545454545,-0.614213562373088,44.74093627929688,0.01659691949752418,0.03959987685084343
29.0,0.005192561983471178,-1.766327035458104,0.09545454545454546,-0.1514718625761375,51.14648008346558,-0.03579344296038445,0.025759568437933922
148.0,0.01388567193675916,-1.612449761769014,0.08909090909090911,-2.54558441227157,45.36515426635742,0.04678966064581325,0.04084689915180206
94.79999999999998,0.03560809378368668,2.912730369380185,0.07545454545454577,0.6000000000000014,33.79785537719727,0.2743795089397435,0.14911843836307526
132.6,0.02564426877470349,-1.023700158865495,0.103636363636364,-1.765685424949229,57.53850555419922,0.01818302110702819,0.06490056216716766
6.200000000000045,0.02582402982393106,-1.745557938058298,0.1145454545454541,-1.965685424949228,58.12995529174805,0.07160246910827972,0.04038326442241669
7.0,0.08845146424721517,-0.1026333486467053,-0.02272727272727293,-6.062741699796948,-41.59640502929692,0.1765801966488988,-0.0012728050351142883
-52.60000000000002,0.06058066834351428,-2.132525749197413,-0.013636363636363,-1.434314575050767,-45.0877342224121,-0.001854501109824769,0.05611494928598404
-173.4,0.02302816205533598,-5.058018005898973,-0.01090909090909098,-2.297056274847698,-45.51697158813481,-0.006416581998595405,-0.008455842733383179
-175.2,0.01860342256557679,-3.414750240851816,-0.01090909090909098,-4.497056274847708,-45.94622039794918,0.03697433123246552,-0.04943175986409187
-194.4,0.02957848544735886,1.919409172367224,-0.01090909090909098,-5.46274169979695,-46.96691131591798,-0.03082471085811078,-0.06436493992805481
220.8,-0.01569711642112837,-7.380315585516612,0.030909090909091,-3.048528137423865,61.08720779418945,0.05134688131486104,0.03277704864740372
203.2,0.01783963348904039,1.649764362294803,0.02636363636363681,0.1514718625761375,61.6198515817523,-0.03099171860586836,0.08546274155378342
160.6,0.02479901185770761,2.136151155019803,0.01272727272727203,3.511269837220809,62.27010726928711,0.03496580519527581,0.13442759215831757
85.59999999999997,0.01758754940711471,1.102560915700906,0.005454545454545157,2.048528137423865,62.86155700683594,0.1334191594630544,0.07395678013563156
54.19999999999999,0.003685564139417896,3.003370179733594,-0.01181818181818217,4.028427124746194,58.51487731933594,-0.04392075674598539,0.10534403473138809
258.2,0.03806736435501268,3.074631121073509,-0.02000000000000002,3.828427124746192,64.83355781435966,0.07262614947463097,0.1844410002231598
67.39999999999998,0.02279955982752446,2.853869020205508,-0.02000000000000057,4.22842712474619,59.74823045730591,-0.006230400627913135,0.1467614769935608
93.80000000000001,0.03283231225296435,2.823564778751106,-0.02818181818181764,2.297056274847712,53.08820724487305,-0.003526331526402804,0.10483159124851227
-28.80000000000001,0.01213829500538988,3.481907770032109,-0.0299999999999998,6.35979797464465,66.75259852409363,0.06595925062929475,0.14277219772338867
79.20000000000005,0.04040759072942879,2.236847311715707,-0.02272727272727226,3.048528137423844,61.57303667068481,0.06437421869529614,0.10352489352226257
-207.4,0.02173644448436951,2.297460696873401,-0.0227272727272726,4.414213562373099,66.82312315702438,0.1223259053150176,0.1566547304391861
-56.0,0.03145663851958314,1.175949785270092,-0.02090909090909066,3.248528137423868,66.75969085097313,0.06742101457271221,0.12532147765159607
242.6,0.06059136722960845,3.700404743277005,-0.01818181818181808,4.9112698372208,65.77705752849579,0.1594138775191175,0.2173139899969101
-52.60000000000002,0.05389565217391312,2.934093269547091,-0.013636363636363,4.345584412271563,64.38748383522034,0.1168494507140836,0.16438071429729462
-27.19999999999993,0.03840383578871709,1.785533812132499,-0.0109090909090912,3.745584412271569,63.42268872261047,0.1860130393163211,0.15104830265045166
-17.0,0.005739902982393019,0.06564040231130264,-0.0109090909090912,3.579898987322331,62.45788621902466,0.148758365647351,0.09795302152633667
163.8,-0.01094278656126491,2.415784101987171,0.04727272727272691,5.994112549695423,19.8183422088623,0.160469416057162,0.17015208303928375
71.0,-0.01041361839741273,2.710922384254005,0.07090909090909092,3.965685424949232,31.67903518676758,0.1245377606219409,0.1252603679895401
165.6,-0.002027614085519214,5.277776662178724,0.05636363636363639,4.428427124746193,20.06915473937988,0.2009166982168849,0.16261833906173706
221.2,-0.009834692777578202,0.9993873780560989,0.08727272727272717,0.185786437626895,44.29779386520386,0.02926365361615862,0.05827329307794571
85.40000000000003,0.01207031979877815,1.356906781520905,0.08727272727272717,3.66274169979695,38.76727962493897,0.1951466509369354,0.14475159347057343
79.80000000000001,0.005156099532878322,-0.04149101335559635,0.1072727272727272,-0.1514718625761446,50.11989593505859,0.0211983052958834,0.027834691107273102
17.19999999999999,-0.002164579590370086,0.2291316723322012,0.1090909090909091,-0.8828427124746234,50.49373626708984,-0.03755748985066321,0.017858456820249557
-74.19999999999999,-0.006751652892561855,0.9287057067853084,0.09727272727272718,-0.1171572875253801,45.97492504119873,0.1828309534110654,0.02753577008843422
132.6,0.01291741825368298,0.2811878629079985,0.113636363636364,-1.931370849898478,51.54258728027344,0.07093285105115033,0.04930438846349716
387.0,0.02012111929572413,0.5642232998940102,0.1209090909090913,-5.642640687119293,52.06701278686523,-0.008365336756509967,0.07738833129405975
-109.0,0.05942954545454526,-0.05667645631763207,-0.0236363636363639,-6.662741699796936,-46.70567321777344,0.08999839676614524,-0.11290407180786133
-102.6,0.0253924541861299,-3.299392036862073,-0.02000000000000091,-5.794112549695424,-45.16055679321289,0.2751858684925997,-0.08679214864969254
-158.8,-0.01390830937836862,-1.959152087909942,-0.01272727272727292,-6.159797974644661,-54.84307861328129,0.05137463428771016,-0.1141565591096878
16.19999999999999,-0.03283486345670139,-5.807846636616205,0.04090909090909012,-2.931370849898478,53.64028930664062,0.07694478719527587,-0.042053718119859695
37.39999999999998,-0.003505830039525648,-6.267413004818906,0.04090909090909101,-2.945584412271565,54.16471481323242,-0.07516388699038168,0.0009027794003486633
97.40000000000003,0.04822306863097392,2.619607255841501,0.01000000000000001,0.4000000000000057,54.48477929830551,0.137590813474631,0.08471419662237167
243.2,0.05041875673733387,2.232989831041408,0.01000000000000001,1.248528137423861,54.6742125749588,0.1087076312513028,0.14081025123596191
89.80000000000001,0.0685159090909091,4.5922654628217,0.0,3.297056274847705,54.747505068779,0.1344010285191175,0.22858507931232452
-115.2,0.04954310995328792,3.427250906996193,-0.005454545454545823,1.400000000000006,54.57559180259705,0.1174753893949153,0.0897407978773117
105.6,0.05487175709665837,3.810920605701796,-0.0199999999999998,1.599999999999987,54.22410559654236,0.08697801051911758,0.1391565054655075
96.4,0.0151001976284586,1.434516254947809,-0.01545454545454561,1.731370849898468,57.83569717407227,0.09349313209278609,0.07350806146860123
-130.6,0.04537201760689902,2.527238090560701,-0.0299999999999998,4.99411254969543,54.4868311882019,-0.04613442028591641,0.1639561951160431
-37.0,0.03055465325188655,3.254886507553792,-0.03454545454545477,4.428427124746179,55.52582216262817,-0.004080202980187186,0.1717064380645752
-88.60000000000002,0.02715346748113545,1.539413194758097,-0.0299999999999998,5.46274169979695,54.74955701828004,-0.01133587768367894,0.14405176043510437
-182.2,0.00330938735177877,0.4347229089130877,-0.0299999999999998,5.22842712474619,54.48785734176636,0.08852076564735101,0.1519322246313095
-72.39999999999998,0.01211686130075462,2.410468438707895,-0.0236363636363639,3.828427124746199,53.8740782737732,0.1989926069812346,0.09592576324939728
-189.8,0.01689507725476125,2.784690234402305,-0.01272727272727259,1.399999999999991,52.72660684585572,0.2847996996313495,0.09156899154186249
64.0,0.02303251886453472,2.030093650722407,-0.01272727272727259,3.34558441227157,56.14133048057556,0.354137341758442,0.1308463215827942
107.8,0.02710900107797343,3.052088871471511,-0.008181818181818068,1.882842712474634,54.15368747711181,0.337032887270324,0.08995053172111511
111.2,0.04111977182896165,7.055061162538266,-0.002727272727272023,-0.5313708498984795,49.14841175079346,0.1336642989393835,0.17926812171936035
187.6,0.01077389507725501,3.143513779995999,-0.03545454545454607,-1.014213562373094,25.92745018005371,0.07103995020444631,0.01832618936896324
368.2,0.04667400287459578,3.086173710769998,-0.02181818181818218,-0.4828427124746071,45.03971862792967,0.1947628296390235,0.12562771141529083
-4.0,0.0068077973409989,1.841727292234026,0.05636363636363639,6.925483399593912,19.59395599365235,0.1665671469013905,0.24594999849796295
71.40000000000003,0.01299890406036674,3.230521038854704,0.06909090909090931,5.67695526217004,25.5243034362793,0.2182564464853282,0.22281543910503387
272.2,0.02867868307581745,3.090906699155582,0.07727272727272749,2.185786437626913,31.79600048065186,0.2788873330507327,0.1986439824104309
207.2,0.02721766079770027,0.9926815596397915,0.09727272727272718,-0.9514718625761489,43.05807876586914,0.06811774628801298,0.09948917478322983
-76.60000000000002,0.01617566475026966,2.167036019068405,0.09545454545454546,2.848528137423859,38.2864556312561,0.2651618244110654,0.11108244210481644
139.0,0.02886027667984192,0.5037634390446044,0.1163636363636364,0.3171572875253901,44.4978141784668,0.02576945602773617,0.11675824224948883
250.8,0.03888133309378361,1.272448870567899,0.1172727272727272,-1.0,44.95521545410156,-6.459475650999469e-05,0.09744968265295029
302.0,0.01810934243622009,-0.4140481040747943,0.121818181818182,-3.214213562373104,45.41261672973633,0.1118783940277361,0.0831744521856308
50.59999999999999,-0.01321304347826113,-2.047029476018409,0.1200000000000003,-1.834314575050758,45.87002182006836,0.07408334046453924,0.007718946784734726
-68.39999999999998,-0.01452779374775437,-5.778673369181845,0.129090909090909,-5.062741699796938,46.32742309570312,0.01551732675956763,-0.030237630009651184
-27.0,-0.003725494071146307,-3.661812052690138,-0.01454545454545486,-3.214213562373089,-62.71923446655271,0.05038223428771016,-0.07505692541599274
-232.6,-0.04411231584620889,-6.224594004658698,0.05181818181818199,-2.414213562373085,45.38604962825775,0.04779247567532019,-0.04494689032435417
79.80000000000001,-0.0005899838303989879,-1.666869055425849,-0.02636363636363614,1.282842712474618,-63.28253173828124,0.07878128567558229,0.015322435647249222
-53.0,-0.02270853395616246,-1.702153712234605,0.04000000000000004,-1.931370849898471,45.96585988998413,0.05786152849246617,0.012461505830287933
125.0,0.0858431189363994,8.536498636308679,-0.04000000000000004,-0.9171572875253915,-73.97620773315435,0.08095660797706461,0.12782183289527893
141.6,0.01673701940352146,1.507192818098304,0.02000000000000002,1.11715728752538,45.01050162315369,0.07225924520006732,0.061040304601192474
271.0,0.1055019762845854,12.19779451354857,-0.06000000000000005,1.897056274847721,-74.14912796020513,0.1374756807948816,0.2386750876903534
161.9999999999999,0.0373365882141572,3.004827662420794,0.004545454545454186,3.179898987322325,42.18497467041016,0.1250761104762507,0.12641380727291107
201.6,0.03556900826446274,3.655284048922098,0.0,2.979898987322329,45.68636655807496,-0.001678472242199858,0.11944019049406052
139.0000000000001,0.03517456881063596,3.659234994633607,0.0,2.048528137423851,43.91225671768188,-0.06177537965753666,0.1121273785829544
48.39999999999998,0.0900054707150556,14.55739862039559,-0.08545454545454567,2.448528137423864,-73.40723419189449,0.03159097046988846,0.1908760666847229
2.800000000000011,0.03721300754581369,3.601201585843697,-0.02000000000000002,2.897056274847721,42.59555149078369,-0.1148175215429164,0.1079111099243164
344.1999999999999,0.04829690980955803,3.184582385179411,-0.01272727272727281,1.531370849898479,46.81963682174682,-0.008615547907548038,0.16948115825653076
124.0,0.0502844681997846,3.5982782387686,-0.004545454545454519,1.200000000000003,44.68418025970459,-0.008001241972498518,0.12001070380210876
125.6,0.04338855551563048,4.152208092569495,-0.004545454545454519,2.814213562373091,41.73751354217531,-0.02748388758463505,0.13702714443206787
63.40000000000003,0.04600831836148023,4.990386722498201,0.001818181818181719,0.751471862576139,39.14465522766115,-0.02396000065701975,0.11994767189025879
-128.0,0.03507421846927772,1.508681476336392,-0.03363636363636358,0.9999999999999858,39.51995182037354,0.08483485776003374,0.06730583310127258
128.6,0.03143441430111404,1.741672413776797,-0.04272727272727261,0.9656854249492213,16.4332275390625,0.08199398285490611,0.06747926771640778
184.4,0.0500865073661515,1.764860061223388,-0.04727272727272691,0.0,8.247417449951165,0.05856425449575331,0.0805591493844986
62.0,0.004448248293208779,2.014914762166796,-0.03181818181818219,-2.048528137423858,13.82477188110352,0.06110046380898182,-0.008278824388980865
77.39999999999998,-0.01624408911246888,1.783716217661294,-0.01818181818181808,-2.365685424949255,44.41701936721802,-0.05655944032232985,0.0029853396117687225
-133.4,-0.01760982752425433,0.682108208787298,-0.02909090909090906,-2.814213562373098,6.994533538818359,-0.08424301026491599,-0.06323932111263275
-16.0,-0.01989477182896138,-1.45092222002279,-0.01181818181818217,-3.814213562373091,33.05763816833496,-0.0427925404903462,-0.020070984959602356
28.80000000000001,-0.01421500179662205,-3.677769815085099,-0.01727272727272799,-2.248528137423847,-2.026535034179695,-0.03323718698620293,-0.05530723184347153
-11.39999999999998,0.01515621631333097,1.491608521599048,0.04000000000000004,7.891168824543144,7.482448577880863,0.2218159949395111,0.30036038160324097
-98.60000000000002,0.02499901185770748,3.437256089047096,0.05181818181818187,2.317157287525379,13.47127914428711,0.3390977352037307,0.145051971077919
108.8,0.03352040962989589,4.961470204770421,0.06272727272727296,3.491168824543141,19.5562744140625,0.1850968634853282,0.21867798268795013
92.79999999999998,0.04027845849802392,3.05395282927509,0.07636363636363641,3.2142135623731,25.76386165618896,0.1979242501398732,0.1853989064693451
135.6,0.04862120014373006,5.694631368853663,0.04090909090909089,4.394112549695418,8.042556762695323,0.2434103311073373,0.22252674400806427
17.19999999999999,0.005035007186489304,0.1157255826066006,0.1136363636363639,-2.214213562373089,38.75822448730469,-0.05785378224043247,0.01702214404940605
-85.0,-0.005880596478620048,-0.8744412471636025,0.1072727272727272,1.64852813742386,34.18464851379395,0.2315381174396117,0.05268639698624611
74.40000000000003,-0.04171401365432981,-6.829052423227495,0.1209090909090913,-2.062741699796948,39.53897857666016,0.2421258152089835,-0.05468173325061798
-27.0,-0.04367352676967295,-7.085186469604537,0.121818181818182,1.117157287525377,39.92935943603516,0.04172852891673962,-0.010346800088882446
-345.0000000000001,-0.01086975386273814,-2.036591576446128,-0.0209090909090901,1.799999999999983,-58.5694351196289,0.1081462778384571,0.012880142778158188
-50.39999999999998,-0.03206808300395247,-2.792524732004424,-0.03818181818181809,2.365685424949241,-71.22571182250981,0.02717603032423554,0.02211153879761696
144.0,-0.005989840100610877,0.9771981750204475,-0.04454545454545489,2.814213562373091,-72.87672424316409,0.0268170780501954,0.03899265080690384
66.19999999999999,0.05827058030901888,5.51061672847284,-0.04545454545454497,2.165685424949238,-59.30564498901364,0.1476435510839947,0.06090255826711655
65.39999999999998,0.01262666187567374,1.141000105359495,0.03909090909090929,1.0,35.79792356491089,-0.02156572154189407,0.09284825623035431
262.2,0.07085585698886099,10.4773354310571,-0.07090909090909103,2.779898987322333,-72.7262878417969,0.1605510373550574,0.24876387417316437
137.4,0.04286802910528209,3.789785953444493,0.02363636363636346,1.282842712474618,30.67026901245117,-0.01548342841789851,0.11679579317569733
142.0,0.0378158551922384,4.209162975818998,0.01363636363636367,3.014213562373079,28.10644245147705,0.01870453046005516,0.1539590209722519
9.399999999999977,0.03804787100251517,3.538037169131101,0.01545454545454539,3.214213562373097,34.40523147583008,0.08573434480472553,0.13417810201644897
183.2,0.04789728710025143,5.088923049704604,0.00454545454545463,2.965685424949243,25.93299674987793,-0.02788368761723592,0.1393260508775711
93.80000000000001,0.04719116061803785,3.678036083800393,0.005454545454545379,2.13137084989846,32.23178100585938,-0.0100978941214187,0.10934063792228699
77.39999999999998,0.0407756827164929,3.687014984431499,0.01000000000000001,3.097056274847702,29.66795444488526,0.01720005411297842,0.14170588552951813
-40.80000000000001,0.01548922026589994,4.476769663258295,0.0,2.048528137423851,18.87442398071289,-0.07692722151513487,0.09237340092658997
179.4,0.03832975206611566,3.233431474410295,0.01000000000000001,2.76568542494924,20.89375877380371,0.008552794505519823,0.10991378873586655
-35.80000000000001,0.03795408731584615,5.509459407252024,0.00545454545454549,1.648528137423853,15.9796028137207,-0.007994036975869756,0.12257659435272217
200.4,0.02604327164929943,2.717039634775503,0.01363636363636378,0.4343145750507631,17.58312034606934,0.06673236069019506,0.07705346494913101
164.8,0.03924104383758531,1.121570856539208,-0.03272727272727294,-3.214213562373097,13.16948890686036,0.02332722876438964,0.020320773124694824
176.8,0.04646086956521744,1.945641928008499,-0.01727272727272688,-1.68284271247461,24.80301856994629,0.0771502458932225,0.056352399289608
170.8,0.03647983291412138,2.275173987210906,-0.03000000000000003,-5.24264068711928,-1.688285827636705,0.06668989621840637,-0.05488448590040207
237.8,0.0526247305066474,1.957061385642604,-0.02181818181818218,-5.511269837220794,18.09517478942871,0.09902604997014985,0.044853728264570236
7.800000000000011,0.01381071685231761,0.8597045333245887,-0.02545454545454495,-2.979898987322333,-8.014385223388686,-0.01053947628991292,-0.051206301897764206
-3.0,0.008740594681997615,0.855980520758294,-0.01636363636363702,-3.662741699796953,2.855655670166016,-0.03030667715939062,-0.049629438668489456
-62.40000000000003,-0.002684926338483828,0.179818582026499,-0.02000000000000002,-2.931370849898478,-11.2639389038086,-0.06683231078159357,-0.0743609294295311
-37.60000000000002,-0.005132231404958665,-2.021828515124497,-0.02272727272727293,-2.24852813742384,-16.85186004638672,-0.02991030782343918,-0.06009727343916893
60.39999999999998,0.006190397053539298,-1.952320751645701,0.004545454545453964,-4.628427124746182,13.01283073425293,-0.07383265823841278,-0.03495744243264198
69.20000000000005,0.003525242544017315,-0.1495743706873327,0.05545454545454542,4.497056274847722,13.21484184265137,0.170696982408317,0.14528395235538483
74.20000000000002,0.01757675170679096,3.32840947917569,0.04545454545454564,3.828427124746192,7.348604202270511,0.2445001666328092,0.16875503957271576
67.19999999999999,-0.04169097197269112,-4.884025419224201,0.1136363636363631,0.1999999999999744,32.75053787231445,0.1806263490237184,-0.002256494015455246
83.80000000000001,-0.06593162953647147,-7.789081769877242,0.1209090909090913,2.979898987322336,33.07389068603516,0.271036571573234,-0.006726440042257309
70.0,-0.05411817283507003,-9.678612741359075,0.1181818181818184,0.5313708498984866,33.07389068603516,0.1760601443900293,-0.03783414140343666
-234.0,0.02072141573841191,1.09742376908676,-0.03090909090909011,1.648528137423874,-66.05521392822266,0.07788720682841854,0.04922555387020111
23.19999999999999,-0.01581682536830764,-1.777531276882144,-0.04909090909090907,0.08284271247462982,-67.63920211791998,0.03928291680366847,-0.013586290180683136
-27.39999999999998,-0.0362291412145167,-7.943832894475321,0.05545454545454542,4.062741699796945,27.65466642379761,-0.01715126069257922,0.057370029389858246
246.4,-0.02329786201940354,-6.480905819020776,0.05000000000000027,4.697056274847718,34.3673095703125,0.1771530521589531,0.2323409914970398
117.2,0.01828797161336693,0.40199168207009,0.04181818181818242,3.014213562373094,24.98582553863525,0.1466724419015756,0.1629680097103119
125.0,0.02690225476104902,0.8588937574850064,0.03636363636363615,6.028427124746187,31.60528707504273,0.253509702539769,0.22138549387454987
98.20000000000002,0.04326417535034144,2.5783087751511,0.02818181818181831,3.345584412271585,22.31698417663575,0.1330298780076201,0.16896097362041473
111.6,0.04293630973769313,4.586967856622707,0.02363636363636368,4.594112549695431,18.15096092224121,0.05280108598753031,0.21819382905960083
262.8,0.03968000359324453,2.137559425917701,0.0254545454545454,5.311269837220806,28.8984522819519,0.1179934175227105,0.2028583437204361
86.59999999999997,0.04934131333093783,4.351450342234401,0.01090909090909087,2.331370849898462,15.84346580505371,0.1003891951086171,0.12961724400520325
16.80000000000001,0.03780070068271646,3.324104153558693,0.0154545454545455,2.214213562373097,20.29484748840332,0.1405293913115986,0.10180845856666565
113.8,0.04084985627021209,3.374010890470004,0.01636363636363625,1.814213562373091,13.53596687316895,0.04645137386164111,0.11289210617542267
202.4,0.05059806863097371,5.426450818726522,0.00545454545454549,3.862741699796963,5.778835296630863,-0.02510036046235087,0.1724693775177002
30.80000000000001,0.06266419331656481,4.420377594907507,0.0027272727272728,5.359797974644657,7.857128143310543,0.04303403686115825,0.21912620961666107
117.6,0.03441131872080505,3.7403601739137,0.01636363636363636,2.994112549695423,4.127998352050795,0.03620137215780317,0.08212511986494064
280.8,0.05895618038088402,5.615447352761464,0.01454545454545475,2.248528137423868,2.595504760742173,0.03154395625298745,0.21271827816963196
387.0000000000001,0.04606270212001462,2.761873652101499,0.02818181818181864,-1.482842712474621,9.445936203002933,-0.0386657124569344,0.14512546360492706
439.6,0.05396872080488668,4.179379084459896,0.01999999999999946,-1.24852813742384,0.2880859375,-0.1811781789672784,0.15035447478294373
212.6,0.08759640675530012,1.229498785477787,-0.02454545454545509,-2.282842712474633,1.879825592041009,0.1312979215702076,0.1281857192516327
181.4,0.05414641573841172,0.8631622507499941,-0.005454545454546045,-2.117157287525373,10.95457267761231,0.09003249520445611,0.08933810144662857
104.0000000000001,0.02413413582464941,1.299844411296405,-0.01636363636363702,-1.731370849898475,-12.85555648803711,-0.0421151153389262,-0.013864558190107346
175.6,0.05278511498383043,-0.6843613433777023,-0.02181818181818218,-0.3171572875253759,-23.61377334594727,0.01535912228808267,0.030666353181004524
24.59999999999997,-0.002128665109593975,1.145098908850187,0.09636363636363621,0.7999999999999972,24.37512588500977,-0.00213672551531674,0.03506412357091904
83.39999999999998,0.003897367948257346,0.2876434441611053,0.09727272727272718,1.531370849898465,24.49771881103516,0.001230883484683254,0.031405456364154816
58.19999999999999,0.002819089112468531,0.6318432800267999,0.08363636363636306,5.476955262170044,19.74292135238647,0.2865237177948222,0.14433126151561737
223.6,-0.009130282069708895,-1.532440092461698,0.0954545454545449,1.531370849898487,24.93677520751953,0.1975750540900985,0.021832700818777084
259.8,-0.01289950592885369,-1.931525202044398,0.09818181818181815,2.531370849898465,25.19310569763184,0.2222079307548993,0.046353571116924286
378.8000000000001,0.009458956162414545,-0.0823169704875113,0.101818181818182,3.531370849898479,25.44943618774414,0.07488576353412102,0.1542910635471344
154.4,-0.04765899209486169,-9.747948068829572,0.1136363636363639,-1.648528137423853,26.21842575073242,0.1599513006228866,-0.033259350806474686
135.0,-0.02944515810276693,-7.583617020412177,0.1190909090909091,-0.08284271247462982,26.47475624084473,-0.1204123711325504,0.008102316409349442
71.59999999999997,-0.06218021020481479,-10.29902119441566,0.07090909090909125,1.44852813742385,22.98736643791199,0.02483663947143311,-0.010367415845394135
-8.199999999999989,-0.07356176787639246,-9.772206787804521,0.06636363636363618,2.56568542494923,19.20545339584351,0.2525599444918415,-0.024804912507534027
83.20000000000005,-0.02795879446640315,-5.211571294111778,0.05090909090909101,2.862741699796949,12.80432796478271,0.128748853568363,0.032604388892650604
48.0,0.0104561264822135,0.4628341319063907,0.05363636363636348,2.648528137423845,9.383760452270508,0.185611722568363,0.08590161800384521
189.4,0.02077768595041307,0.1530528362747106,0.04727272727272713,5.428427124746186,15.93619918823242,0.4473060529362097,0.22634918987751007
186.4,0.04130475206611584,2.886526467094313,0.03181818181818241,3.248528137423854,8.361248016357418,0.1305465891308799,0.15802554786205292
58.40000000000003,0.03863479159180749,3.296616742153603,0.04181818181818242,4.228427124746183,6.475852966308601,0.1797736266048238,0.19666509330272675
133.0,0.055201293568092,3.880927440787403,0.02454545454545465,1.897056274847721,5.558359146118161,0.08901660441542358,0.1434415578842163
68.40000000000003,0.04251315127560185,1.734889570190106,0.03090909090909078,3.814213562373091,12.9232759475708,0.3205075649353879,0.16756147146224976
-4.600000000000023,0.04747553000359328,3.114498219881796,0.02454545454545465,0.4828427124746213,2.755466461181641,0.03965819020555794,0.0820678323507309
26.80000000000001,0.02524716133668681,2.313425851013207,0.01909090909090916,0.8485281374238482,-0.03219413757324219,-0.1160308324679286,0.037975065410137177
20.80000000000001,0.03962946460654004,2.630734032761907,0.03545454545454552,3.131370849898467,3.625999450683587,0.1490806796407961,0.14454156160354614
217.6,0.03211005210204798,2.5680922503945,0.02181818181818185,-0.9798989873223363,-3.184673309326168,-0.06326410672889482,0.02292678877711296
266.0,0.03906623248293206,3.241497937506693,0.01636363636363647,3.179898987322332,-9.327121734619137,-0.1236445895404137,0.08772239089012146
319.8,0.04671857707509885,2.923397495436703,0.03181818181818241,-1.579898987322331,-4.285661697387688,-0.07231987336789714,0.06661218404769897
294.0,0.02728203377650029,2.808528076211999,0.02727272727272678,1.262741699796948,-6.840999603271491,-0.1474040221272103,0.09816217422485352
382.2,0.02121810995328777,3.041909812665693,0.03454545454545443,-2.028427124746202,-8.069293975830067,-0.09390238091189551,0.050017036497592926
-60.19999999999993,0.01348725296442688,1.17513861319749,-0.01454545454545486,-1.517157287525386,-9.104032516479492,-0.004935779550629849,-0.024593379348516464
303.2,0.0267274344232844,1.867232316151501,-0.01363636363636411,-1.297056274847705,-14.56956481933594,0.02067588657020758,-0.003706764429807663
2.0,-0.008748589651455418,-3.355888696210272,0.03181818181818175,3.765685424949229,12.71321487426757,0.1616573892478491,0.11570703983306885
45.19999999999999,-0.00550708767517083,0.03391267997960767,0.01363636363636356,5.994112549695426,-4.976034164428711,0.2699033098048996,0.11656363308429718
201.6,0.0145727452389508,-0.5843311043340975,0.08000000000000007,1.448528137423864,24.25253295898438,-0.1522673081325504,0.10633401572704315
227.4,-0.003840504850880277,-1.087523875774394,0.0863636363636362,3.46274169979695,24.37512588500977,-0.08644067121306931,0.12578022480010986
74.60000000000002,0.005104868846568467,-0.02231121393958801,0.08818181818181814,2.614213562373092,24.49771881103516,-0.1194053422522657,0.0630791112780571
109.2,-0.0288566385195832,-1.669419408126799,0.08999999999999997,0.7656854249492469,24.68044662475586,0.1180395253068825,-0.006818700581789017
139.6,0.0007378997484729366,-0.5360151266471007,0.09636363636363621,1.165685424949231,24.93677520751953,-0.1366692162522658,0.025646639987826347
-105.0,-0.01339080129356784,-0.2870977489216955,0.08818181818181836,3.014213562373101,20.28200817108155,0.2306876550076686,0.06245601922273636
7.800000000000011,-0.0357007455982753,-1.762385233909399,0.1063636363636362,2.531370849898472,25.44943618774414,-0.1782429484147647,0.01703657954931259
-61.79999999999998,-0.05002518864534666,-3.178901160717103,0.1081818181818184,2.014213562373101,25.70576667785645,-0.07946671603734012,-0.001050405204296112
-28.19999999999999,0.002284629895796031,-1.030060460148903,0.09272727272727233,0.8828427124746199,15.09422492980957,0.2464719283687866,0.026504669338464737
0.4000000000000341,-0.006327757815307256,-4.987076240661423,0.11,-1.400000000000006,26.47475624084473,0.0105071182981894,-0.00023916363716125488
-81.59999999999997,-0.02655088034495157,-10.20018352401183,0.08363636363636384,0.4627416997969505,13.85319423675537,0.01474587110709302,0.005043499171733856
-151.2,-0.02184738591448077,-9.72255412839003,0.0736363636363635,-1.400000000000006,7.09072303771973,-0.07910821899841969,-0.03201316297054291
-178.4,-0.03183043478260839,-6.218382298852646,0.07363636363636383,-0.9798989873223363,9.966264724731442,0.03696839065533719,-0.030108828097581863
139.2,-0.04705074559827516,-3.717549647194204,0.07909090909090899,2.697056274847704,18.32543468475341,0.3768834707631425,0.004343681037425995
190.4,0.03085235357527849,1.497265882103093,0.05818181818181833,2.000000000000007,3.821468353271491,0.2217359326888969,0.16266357898712158
141.8,0.0386556503772908,1.488713043899594,0.04454545454545444,4.179898987322339,-1.134271621704102,0.1849774076934058,0.16823577880859375
151.0,0.03321671757096667,2.982232366503297,0.05454545454545445,3.897056274847721,0.2958850860595703,0.1464714944878299,0.20658890902996063
195.1999999999999,0.05054897592526064,3.354104273546895,0.04000000000000026,3.428427124746186,-4.298507690429688,0.1156303280357627,0.18235407769680023
-2.600000000000023,0.05476181279195114,3.3525071547284,0.05272727272727273,3.028427124746187,7.104654312133789,0.2374438769334539,0.22215363383293152
5.199999999999989,0.04311396873877094,2.898889804621305,0.03999999999999992,2.048528137423865,-2.973367691040036,0.1411733346618799,0.11472504585981369
328.2,0.04200557851239695,3.007323116112602,0.03454545454545477,4.545584412271559,-7.206413269042972,0.211680404907139,0.176935076713562
198.8,0.03581753503413587,2.908852983728707,0.03000000000000025,1.931370849898485,-10.44868087768555,-0.08487706091189551,0.0950053334236145
89.60000000000002,0.03429824829320871,1.983543589851095,0.02636363636363692,0.8485281374238625,-9.09308242797852,-0.1037673330593484,0.06839737296104431
126.0,0.02705550664750267,2.331708469012,0.03636363636363693,2.779898987322319,-11.31562805175781,0.1458158967368517,0.099581778049469
356.8,0.02502102946460638,2.094729525521103,0.03363636363636324,-0.1171572875253801,-14.23231315612793,-0.1248304542566702,0.07158653438091278
24.19999999999999,0.008649290334171833,0.07243103639500248,0.02454545454545465,3.476955262170041,0.7243003845214915,0.1971406630306601,0.08961661159992218
174.2,-0.01704848185411423,-1.54899747399989,0.06000000000000005,-0.3313708498984838,17.63948631286621,-0.1132883691073429,0.04513295367360115
12.0,0.03227833273445924,3.621340414479889,0.0009090909090907484,2.911269837220807,-11.09871101379395,0.1959862809351888,0.05070530250668526
176.4,-0.006909405318002104,-0.880146901296996,0.0763636363636363,1.33137084989847,17.8205623626709,-0.2619163803506198,0.05801181122660637
235.8,-0.001276401365433055,-1.594562155741897,0.07909090909090921,-1.131370849898474,17.91110038757324,-0.2564820131776201,0.05579312518239021
146.2,-0.02440735716852316,-1.900936660194404,0.08090909090909082,2.497056274847711,18.00163841247559,-0.285726869960202,0.06033876910805702
12.20000000000005,-0.005419807761408491,-1.002440483868199,0.07000000000000028,1.399999999999999,13.20750522613526,0.14160150975944,0.06252320855855942
204.4,-0.02469854473589672,-2.34519128377849,0.08818181818181814,1.365685424949241,18.22712326049805,-0.1198031702366761,0.04659309983253479
271.8000000000001,0.01137457779374751,-0.7217195325763015,0.07181818181818167,2.77989898732233,7.607040405273441,0.2131842012339578,0.11174894869327545
115.6,0.02984243621990657,4.997078312176797,0.02363636363636312,2.697056274847725,-15.90253448486329,0.1373152522319816,0.08878599852323532
52.39999999999998,-0.02782638339920951,-2.639367578856593,0.1072727272727274,1.282842712474622,18.79504203796387,-0.278628464907467,-0.0038472115993499756
203.8,-0.01135941430111387,-2.590861666861599,0.1136363636363631,-0.282842712474622,18.98434829711914,-0.2436635063506198,0.022547751665115356
-118.0,-0.04189686489399935,-3.540898316767397,0.1172727272727274,1.414213562373089,19.17365455627441,-0.03678069866206113,-0.008888013660907745
-50.59999999999997,0.01116606180380886,-3.430940476681741,0.1054545454545458,-0.6000000000000014,19.55226707458496,0.06648849652075461,0.0363122820854187
-82.39999999999998,-0.01878278835788705,-6.552468572244877,0.1054545454545456,-0.2686291501015283,19.74157333374023,-0.06770339113693091,-0.0010895989835262299
-150.8,-0.02152051742723682,-8.4681972969871,0.1036363636363631,0.9999999999999964,19.93087959289551,-0.02862904492873697,-0.011942427605390549
97.0,-0.05591175889328059,-7.946614233633724,0.08363636363636384,2.34558441227157,1.423671722412113,0.128789260044422,-0.04321872070431709
-81.0,-0.03163241106719394,-2.090327547154004,0.08181818181818168,1.365685424949234,-3.147958755493168,0.1953817387325206,-0.023655645549297333
-44.0,0.01384083722601537,1.290428304270606,0.07090909090909148,-0.3656854249492554,-5.577865600585938,0.2211881909334539,0.06375135481357574
-17.0,0.01011899928135096,0.8335553852368065,0.07454545454545447,4.794112549695427,-7.5302848815918,0.2856690657175334,0.1685180366039276
38.40000000000003,0.01779133129716126,1.894509202945301,0.06545454545454543,3.745584412271583,-9.598844528198242,0.2969837720041302,0.17797303199768066
174.0,0.02380950413223137,2.230630556160691,0.04909090909090896,5.711269837220804,-14.98295593261718,0.3190090968156022,0.17899560928344727
386.0000000000001,0.0344247215235356,2.405122401468191,0.04454545454545478,6.014213562373087,-18.8318920135498,0.1924733123822065,0.19021868705749512
383.4,0.05339399029823932,3.241530825852294,0.03454545454545477,3.99411254969543,-22.40926742553711,-0.02878607899382957,0.179715096950531
212.2,0.03751790334171756,1.716385512949302,0.05636363636363695,5.79411254969542,-22.0403881072998,0.1340836764509158,0.21422478556632996
245.6,0.04861178584261594,2.037826230762505,0.03272727272727227,0.9656854249492497,-24.68769264221192,-0.01223709989175514,0.08198830485343933
118.0,-0.03955966582824311,-1.664514503235296,0.05727272727272725,0.434314575050756,11.33573436737061,-0.2493559126089472,-0.005979061126708984
125.4,-0.03271873877111064,-1.2261699163912,0.05090909090909101,0.6970562748477107,11.3942174911499,-0.2409386874311239,0.018076587468385696
18.0,-0.014635465325189,-0.9393569377137965,0.04272727272727261,1.000000000000004,6.535975933074949,0.001065066974479112,0.0393679216504097
46.39999999999998,-0.0147247754222064,-1.497132612443892,0.04454545454545467,1.634314575050766,0.7017936706542987,0.07310354257754181,0.0419197678565979
175.2,0.01227934782608697,1.979574084258601,0.0027272727272728,1.731370849898475,-17.07236671447754,0.03407444714884672,0.02360842563211918
-28.0,-0.0287585878548331,-2.164725635427402,0.07090909090909103,-0.7656854249492397,11.56966590881348,-0.2531102846089472,0.0048569925129413605
-75.39999999999998,-0.03783843873517789,-2.747221449473798,0.07818181818181813,0.6485281374238632,11.62814903259277,-0.187877463907467,0.0002770237624645233
22.19999999999999,-0.05221014193316553,-2.737446372469194,0.08272727272727287,0.5999999999999979,11.68663120269775,-0.01752118116487678,-0.006231676787137985
32.19999999999999,-0.04653484549047782,-1.936106481829498,0.09727272727272729,1.131370849898481,11.77380084991455,-0.2836077667862872,-0.0067282505333423615
-8.400000000000034,0.012151859504132,1.764951549026804,0.06818181818181812,-4.297056274847712,11.89608287811279,0.2330085792760093,0.024418523535132408
1.600000000000023,0.01682009522098449,4.126074353639908,0.06909090909090898,-2.331370849898477,12.01836585998535,0.1622574928626064,0.11222369968891144
50.19999999999999,0.0210901275601868,4.934856002295163,0.1018181818181819,-0.03431457505076452,12.62977695465088,0.1207177518862974,0.11195003986358643
-63.0,-0.01380140136543295,-5.232397959130736,0.1018181818181817,-1.048528137423865,12.75205898284912,-0.03884058603613566,-0.015248376876115799
-193.8,-0.02362418253683085,-6.673905913806919,0.1027272727272721,-0.4142135623730923,12.87434101104736,0.02012056014758012,-0.037927817553281784
-148.6,-0.03000026949335255,-3.829204992972393,0.1045454545454548,2.379898987322335,12.99662303924561,-0.1264457163092571,0.006301954388618469
186.0,-0.006489786201940628,-0.1429578230765003,0.1027272727272727,2.682842712474606,13.11890602111816,-0.01417008078549181,0.04202626645565033
124.4,0.0126976464247216,1.618638231808987,0.1009090909090915,5.54558441227157,13.24118804931641,0.001716153184085301,0.18960095942020416
108.8,0.007544026230686618,1.709384914755688,0.05454545454545479,5.862741699796945,-30.76268577575683,0.03436206911048267,0.18816518783569336
66.80000000000001,-0.009333444125044887,2.066062837193002,0.0645454545454548,6.959797974644658,-34.58886337280273,0.1412149477521196,0.29635244607925415
141.4,0.000218801652892564,2.48474261348801,0.04454545454545478,4.097056274847724,-33.92346000671387,0.001131138368123175,0.11738499999046326
-55.40000000000003,-0.07146598095580325,-2.296319013222302,0.04818181818181833,-0.7313708498984681,5.148948192596436,-0.2830521409640977,-0.04409680888056755
-7.0,-0.03305544376572078,-1.543607955887197,0.04000000000000004,2.345584412271574,0.3171343803405771,-0.02901994281507497,0.010795079171657562
-145.4,-0.05224152892561962,-2.319427923865902,0.05636363636363639,2.331370849898473,5.175375938415527,-0.2615959763573525,-0.019339144229888916
-39.19999999999999,-0.0524473409989219,-2.027951306422892,0.06818181818181823,2.262741699796962,5.201804161071777,-0.2776313807862872,-0.007213816046714783
-9.599999999999994,0.02046835249730528,4.155543483177667,-0.01727272727272711,0.7656854249492291,-29.09333562850952,0.1048717903354232,0.004047222435474396
38.0,-0.0177887172116421,-1.790750608109207,0.04909090909090907,1.2142135623731,-5.43776416778565,0.1047342988700362,0.027750644832849503
15.0,0.01967058929213084,2.216275657288193,0.06090909090909091,-4.628427124746189,5.281087398529053,0.1953498622874048,0.05821911618113518
160.6,0.02739505928853769,5.705100005127093,0.05363636363636359,-1.165685424949238,5.320478916168213,0.1416986776873223,0.14035920798778534
170.8,0.01917450592885372,4.352306012013798,0.05363636363636359,-2.214213562373089,5.375737190246582,0.15603688850237,0.09628622978925705
89.60000000000002,0.06090890226374435,11.04953463948577,0.07181818181818189,0.6970562748477107,5.430995464324951,0.009138808277429689,0.20994678139686584
-40.79999999999995,-0.01446262127200837,-5.366413237310269,0.09818181818181759,-0.3514718625761404,5.762545108795166,-0.07068122928411352,-0.001152288168668747
-77.0,-0.03690075458138709,-8.191388221451618,0.1009090909090904,0.3999999999999986,5.817803382873535,-0.04284804568850731,-0.05710625275969505
89.19999999999999,-0.03292376033057864,-6.584853396435733,0.1045454545454548,3.711269837220811,5.873061656951904,-0.03256048240113379,0.05066951736807823
171.4,-0.002395346748113369,0.8381493625398093,0.071818181818182,7.276955262170034,-41.1127815246582,0.0139444942329992,0.26557549834251404
-152.4,-0.06984191519942506,-2.982323101210696,0.04909090909090907,-1.531370849898479,0.0,-0.1589394821058209,-0.08193884789943695
-280.4,-0.05557137082285313,-2.181301823536501,0.04090909090909078,0.4828427124746142,0.0,-0.2671169439640977,-0.009603206068277359
80.80000000000001,0.01616175889328053,4.58970970802352,0.02818181818181831,-4.862741699796949,0.0,0.1945423824643274,0.01904354989528656
18.60000000000002,0.02443820517427231,3.796224562983994,0.03454545454545455,-4.628427124746175,0.0,0.1970413454114383,0.04710574820637703
185.2,0.01855263205174273,6.32380656002924,0.02363636363636357,-4.22842712474619,0.0,0.1863363487903341,0.053171731531620026
32.39999999999998,0.01972798239310103,0.8330742191165967,-0.002727272727272689,0.117157287525373,-28.27425384521484,0.1637919828218812,0.011011812835931778
37.80000000000001,0.03528529464606545,5.856742084826635,0.04909090909090907,-0.5656854249492298,0.0,0.2097667320503503,0.1339995414018631
134.6,0.01402314947897954,5.90683079476446,0.05454545454545456,0.0,0.0,0.09413607330227586,0.12954246997833252
74.19999999999999,0.02065872260150914,7.502295882907958,0.0609090909090908,4.062741699796945,0.0,0.07653783761472216,0.1954290270805359
85.0,0.04585925260510226,11.61854076715018,0.05818181818181811,2.64852813742386,0.0,0.1484181293831928,0.1755199432373047
-141.8,-0.05390411426518149,-2.069569918272009,0.03999999999999992,0.4343145750507489,0.0,0.09404028443478263,-0.02819005399942398
4.800000000000011,0.02992523356090526,5.317326492732434,0.02454545454545454,-5.062741699796952,0.0,0.1501766533633297,0.019036915153265
-75.59999999999997,-0.04951320517427238,-1.514252716439302,0.05727272727272725,0.0,0.0,-0.3114601851058209,-0.04461834579706192
-7.0,0.04673176428314807,5.945389843766364,0.02818181818181831,-2.497056274847715,0.0,0.313554135072909,0.08317013084888458
37.20000000000005,0.01298600431189356,5.812978479149052,0.04727272727272736,-1.448528137423857,0.0,0.2541255623633297,0.07779519259929657
3.600000000000023,0.03779574200503055,11.00394742777399,0.04999999999999993,1.11715728752538,0.0,0.1742505075254189,0.16201971471309662
144.8,0.03610813869924556,11.53548407203787,0.04181818181818187,0.614213562373088,0.0,0.1895540004779237,0.16284137964248657
203.6,0.02846331297161331,10.9438245449935,0.06090909090909091,-0.8142135623730908,0.0,0.1685343825101703,0.16646604239940643
288.8,0.01689622709306515,2.209068003404212,0.05454545454545479,1.0,-48.16440200805664,-0.05018018388951734,0.1574416160583496
69.40000000000003,-0.02618118936399583,-5.259410404765603,0.08545454545454556,1.000000000000004,0.0,-0.09386773933279119,-0.003255590796470642
64.59999999999997,-0.0499097107438019,-5.430677061978002,0.089090909090909,0.317157287525383,0.0,-0.233694755882987,-0.043172821402549744
149.0,-0.0524939004671221,-5.016326227203322,0.09636363636363643,-2.297056274847712,0.0,-0.3015814458118287,-0.07615889608860016
166.6,-0.03755889328063267,-4.630825220375698,0.09727272727272718,0.1656854249492454,-0.3051965236663818,-0.1892923147964983,-0.02754358947277069
-26.80000000000001,-0.01677134387351775,-0.4850904598696104,0.0790909090909091,3.682842712474621,-0.2598129212856293,-0.06972137614199969,0.10408058762550354
33.39999999999998,0.00388023715415009,-0.7451685306783986,0.0636363636363636,2.565685424949251,-0.2371211349964142,-0.0666260970788417,0.05716055631637573
-119.0,0.02068003952569142,2.558407791889223,0.05272727272727262,-1.717157287525374,0.0,-0.02253764172039957,0.0734686329960823
-135.2,-0.05405889328063251,-1.686343378891607,0.06181818181818177,1.931370849898471,-50.84924697875977,-0.06499284594474569,0.019541580229997635
132.8,0.05309901185770749,3.634690931469947,0.002727272727272578,-4.22842712474619,0.0,-0.10875424553602,0.07280988246202469
-44.60000000000002,-0.01957213438735173,-1.000827913127793,0.03636363636363626,0.2828427124746113,-0.2144293338060379,-0.01056585393349702,0.014266159385442734
-141.4,0.003559486166007986,1.062713551815406,0.02909090909090906,-1.682842712474624,-0.1917375475168228,-0.09225438286611531,-0.009462285786867142
48.20000000000002,0.009123913043478371,-0.9752857922850922,0.06454545454545457,0.7798989873223228,-0.6025347709655762,-0.19944235875783,0.03787866234779358
-82.79999999999995,0.00367707509881432,2.128451213851093,0.05454545454545456,0.3999999999999915,-0.5448739528656006,-0.105034651737539,0.03917495161294937
298.4,0.01410237154150207,2.706163863598888,0.09454545454545449,-1.214213562373104,-1.338467717170715,-0.0764262754050733,0.049477603286504745
168.1999999999999,0.0401051383399208,3.712763628584781,0.01181818181818173,0.01421356237309013,0.0,-0.10952980053602,0.06646652519702911
-151.2,0.009610869565217617,1.013196373140488,0.02181818181818174,-2.814213562373101,-0.1690457463264465,-0.09481215290712608,-0.039984796196222305
-115.0,0.04865256916996041,10.31091406503678,-0.01727272727272733,-3.511269837220798,0.0,0.0301195135354837,0.02252526581287384
173.2,0.04471205533596834,11.14499507542375,-0.00727272727272732,1.482842712474611,0.0,0.1163497132031976,0.1147073358297348
206.6,0.03518359683794459,2.431836456434993,-0.00636363636363646,1.034314575050757,-0.1463539451360703,-0.08081794862206632,0.042323365807533264
287.4,0.002275691699604621,-0.3842802517036006,0.0127272727272727,0.8485281374238518,-0.4872131645679474,-0.1714378829364589,0.030833600088953972
-148.8,0.01119802371541501,-0.7334749479386744,0.004545454545454519,0.3999999999999986,-0.4295523464679718,-0.1500055829011804,0.010893188416957855
172.2,-0.01331818181818178,-2.726967301866992,0.05363636363636359,-1.000000000000004,-1.153208136558533,-0.08524902765670778,0.019449997693300247
98.0,-0.007016403162055318,-0.7186026213636012,0.06454545454545446,0.8485281374238589,-1.245837926864624,-0.1333339793913286,0.0364803709089756
54.0,-0.009998814229248865,-2.168666813312797,0.05000000000000004,-2.414213562373089,-0.9679484367370605,-0.1373187303324709,-0.02019713819026947
-66.40000000000003,-0.003913833992094884,0.3737993926707901,0.04000000000000004,-1.048528137423848,-0.8753186464309692,-0.0550875418973964,0.005634114146232605
253.8,0.02051818181818199,2.351349200309798,0.09727272727272718,-2.448528137423864,-1.338467717170715,-0.09519771010706041,0.04745578393340111
311.0,0.02106581027667997,2.394079149998802,0.08727272727272717,-1.979898987322329,-1.245837926864624,-0.1261202344233141,0.07686887681484222
189.4,0.04456264822134381,6.499499271374788,-0.01000000000000001,-0.6828427124746099,-0.1009703502058983,-0.04666396523966937,0.05736781284213066
111.8,0.02431679841897239,8.606194414636064,-0.01000000000000001,0.5514718625761645,-0.0782785564661026,0.02650421805747449,0.0688106119632721
28.39999999999998,0.008729051383399189,3.009811313439442,-0.01727272727272733,2.13137084989847,-0.3718915581703186,-0.1141913484657277,0.012689076364040375
94.19999999999999,0.01413300395256922,4.180032978786755,-0.01545454545454539,2.014213562373101,-0.314230740070343,-0.07766608424542198,0.026874009519815445
115.0,8.260869565202e-05,-1.755080007522409,0.01272727272727281,1.400000000000006,-0.7826887965202332,-0.1471130843801985,0.014066480100154877
276.6,-0.02944802371541488,-2.41144436148349,0.05999999999999994,-0.965685424949239,-1.153208136558533,-0.01778023614983082,0.006178990006446838
117.8000000000001,-0.02977173913043463,-0.2014155155633972,0.05000000000000004,-2.731370849898472,-1.060578227043152,-0.07874514413223732,-0.05813060700893402
85.79999999999995,-0.005986561264821999,1.0328042038756,0.04727272727272713,-1.365685424949238,-0.9679484367370605,-0.1350656631322373,-0.000251181423664093
188.6,0.005668577075098824,1.86223794570671,0.07545454545454533,-0.1999999999999993,-1.588559746742249,-0.1955788077497268,0.03347630798816681
-76.19999999999999,0.003649407114624581,1.714146814293699,0.01181818181818173,2.214213562373086,-52.0230712890625,-0.03022920113027427,0.02767031639814377
101.0,0.002329249011857604,0.2381308111170881,-0.0009090909090907484,2.965685424949235,-17.59836196899413,0.1040164354002914,0.014804024249315262
50.80000000000001,0.03799011857707513,10.77055653682008,-0.00727272727272732,-3.179898987322332,0.0,0.02570921426911921,0.054571159183979034
133.4,0.03945612648221331,9.677296284308667,-0.00818181818181829,1.062741699796952,-0.05558675900101662,-0.03732305364886068,0.08466969430446625
268.4,0.03932944664031623,7.178042719411579,-0.0154545454545455,0.1999999999999957,-0.2565699219703674,-0.007535758901687728,0.11566795408725739
186.6,-0.002207905138340016,-0.5529325900655948,0.001818181818181941,3.594112549695421,-0.6900589466094971,-0.1518003212097115,0.06492780894041061
196.2,0.002202371541501824,-0.2153566164554093,0.05636363636363639,0.1313708498984774,-1.460960984230042,-0.3140386297433814,0.04473700374364853
420.8,0.02669407114624534,1.691070355832011,0.03000000000000003,-2.062741699796952,-0.8753186464309692,-0.1227479799130006,0.04686806723475456
-34.60000000000002,0.0001561264822135255,0.08180172216940207,0.03000000000000003,-1.599999999999998,-61.61057662963867,-0.03484387898748048,0.01514524593949318
2.600000000000023,0.001264822134387611,0.02568311303789983,-0.003636363636363549,5.194112549695443,-23.80468368530273,0.01787921816571281,0.10590878129005432
65.39999999999998,-0.008978063241106837,-1.064798326038797,0.00636363636363646,2.145584412271567,-27.66335678100586,0.01909243488817747,0.020973078906536102
133.8,0.005495454545454637,-0.2569686375643983,0.00636363636363646,0.9171572875253773,-18.59261322021484,-0.04442686901726628,-0.005569182336330414
4.399999999999977,0.02306067193675865,9.775152824747977,-0.00818181818181829,-1.165685424949231,-0.03289496153593063,0.02813590276793443,0.03745707497000694
114.2,0.03561916996047432,7.64170560056435,-0.00818181818181829,-3.545584412271573,-0.1989091038703918,-0.0310812485014027,0.011179596185684204
91.60000000000002,0.007743675889328117,0.2414528668670073,-0.00727272727272732,-2.33137084989848,-0.5974291563034058,-0.1246561383721451,-0.04058267921209335
360.2,0.02649486166007897,2.345718066481041,-0.009090909090909038,-0.5999999999999979,-0.5047993063926697,-0.08076807392795982,0.02864324115216732
299.6,-0.002923517786561192,-2.077949779346596,0.01090909090909098,3.048528137423858,-0.7826887965202332,-0.1093102038139427,0.06852443516254425
161.6,-0.003262450592885546,-2.261921974069494,0.002727272727272689,1.565685424949237,-0.6900589466094971,-0.2219655059436463,0.008856188505887985
181.0,-0.009058893280632474,-3.533339934668604,0.04090909090909089,1.46274169979694,-1.333362102508545,-0.1842932804819604,0.031352169811725616
61.60000000000002,-0.006919960474308429,-2.86818479040511,0.030909090909091,1.414213562373089,-1.205763220787048,-0.1651098313875045,0.02562689036130905
-50.0,-0.01438221343873514,-0.8522658725505892,0.02909090909090917,1.614213562373092,-1.078164458274841,-0.1688206324892194,0.025315208360552788
64.6,-0.01642470355731251,-0.05580891379989339,0.0154545454545455,0.6828427124746206,-0.9505655765533447,-0.05690484625984982,0.0061272792518138885
181.0,0.02458399209486184,0.6364692815769075,0.00545454545454549,-1.317157287525369,-48.87517929077148,-0.2381402665434558,-0.007411185652017593
34.80000000000001,0.01393972332015814,-0.01330004753110359,0.02454545454545454,0.3514718625761475,-51.64981079101562,-0.0669240434396618,0.05377214401960373
224.0,0.009218379446640501,-0.5831959155444082,0.0127272727272727,-1.268629150101518,-42.57907295227051,-0.06138503221958963,-0.020509500056505203
179.8,0.005041304347826125,-0.01050847788509657,0.001818181818181719,-2.131370849898474,-39.35330390930176,-0.2992564976503624,-0.043017152696847916
30.39999999999998,0.009976482213438609,-0.07569455684050297,-0.003636363636363549,-0.03431457505075741,-35.40485000610352,-0.05985383701726626,-0.006196916103363037
156.0,0.01462332015810275,1.174517628975394,-0.01363636363636356,-0.1656854249492525,-20.94026565551756,-0.08019593631808009,-0.0035754479467868805
196.2,0.01399584980237145,0.5687117002384099,-0.004545454545454519,-1.248528137423861,-20.48913192749023,-0.125846996870671,-0.013230130076408386
146.4,0.00489288537549426,0.03261328992169865,0.00454545454545463,-4.648528137423853,-24.70914840698241,-0.2959653552828509,-0.07833175361156464
106.4,0.03698181818181823,4.788998818920092,-0.00818181818181829,-1.234314575050774,-0.412169486284256,-0.05199264912323281,0.01343853771686554
91.60000000000002,0.01223794466403183,-1.156905193343604,0.001818181818181719,0.5656854249492405,-0.5974291563034058,-0.09591054642465241,0.014559593051671982
150.9999999999999,0.02690474308300395,6.257549101160649,-0.00818181818181829,0.1656854249492525,-0.3195396661758423,-0.000816016192784097,0.04877817630767822
68.19999999999999,0.01755869565217383,1.121207405527343,0.001818181818181719,0.682842712474617,-0.412169486284256,-0.1765643936089656,0.031548768281936646
12.0,0.01155158102766796,0.08242405623259685,0.02727272727272723,-0.08284271247461561,-67.76570415496826,-0.1148665957692877,0.05045630782842636
-45.0,0.01503478260869573,-0.005858847366496889,0.01454545454545453,-4.02842712474618,-57.97227478027344,-0.1123057836231242,-0.038054391741752625
-65.19999999999993,0.01133636363636381,-0.05806717180600174,0.02090909090909088,-6.276955262170048,-63.36611747741699,-0.2233400460166876,-0.09099206328392029
92.59999999999997,0.01362134387351788,-0.1207964929211016,0.009090909090909038,-7.111269837220799,-53.21133804321289,-0.2919899502289243,-0.08986610174179077
70.0,0.01399584980237145,0.6804253872852968,-0.004545454545454519,-1.082842712474616,-32.90177536010742,-0.125846996870671,-0.029960215091705322
108.4,0.00955118577075087,0.4107194791671986,0.001818181818181941,-1.282842712474626,-32.45064926147461,-0.1720455672929967,-0.029609281569719315
37.39999999999998,0.0139503952569171,1.057204508064089,-0.005454545454545379,-2.745584412271576,-22.02430725097656,-0.1480141732230649,-0.05188417434692383
241.0,0.0350369565217391,7.267557786891246,-0.00818181818181829,1.082842712474623,-0.1412483006715775,-0.08222142687874334,0.10987424850463867
379.4,-0.007008102766798419,-3.455716199311908,0.0127272727272727,2.448528137423853,-0.8229667544364929,-0.1446311788837209,0.07967796921730042
175.8,-0.01575988142292495,-3.190219361964395,0.03545454545454541,2.365685424949241,-1.373640060424805,-0.1032609576498947,0.03140968456864357
90.39999999999998,0.01167648221343853,0.2980878009098973,0.03181818181818186,2.77989898732233,-1.866652607917786,0.06500842643258964,0.054292261600494385
-126.0,0.004740909090909073,-0.3554842409912027,0.02090909090909088,-2.965685424949228,-81.64008808135986,0.01119100554621399,-0.03952399641275406
-84.59999999999997,0.01849071146245074,0.1897619528530043,0.01090909090909087,-3.511269837220794,-86.04967975616455,0.1288616113459082,-0.008273418992757797
-43.39999999999998,0.01989169960474324,0.4127139311975014,0.0009090909090908594,-1.84852813742387,-81.37853145599365,0.07085957732414605,-0.007870584726333618
81.19999999999999,0.0257857707509882,1.538347218952396,-0.02545454545454551,-0.6686291501015305,-49.19724464416504,0.02078596568191993,-0.023585032671689987
60.60000000000002,0.01569703557312285,-0.5071458661186057,0.02090909090909088,-5.262741699796955,-70.8072624206543,-0.1215839487371853,-0.0717519149184227
146.8,0.02036956521739131,2.3589500084816,-0.03181818181818175,-2.765685424949236,-32.47479820251465,-0.1444991741352856,-0.05074834078550339
328.1999999999999,0.0005982213438734396,1.103433243305901,-0.01818181818181808,-1.400000000000006,-41.36597061157227,-0.04041998992624057,-0.034960366785526276
158.8,0.004842292490118472,0.6695703533220012,0.01454545454545453,-2.394112549695436,-51.70251846313477,0.03573047292024917,-0.029845569282770157
199.4,0.005815217391304306,0.3883171784538888,-0.005454545454545379,-2.87695526217005,-35.06985473632813,0.07834788656914687,-0.056896135210990906
77.19999999999999,0.0009907114624508884,-0.03217163521529187,0.004545454545454519,-2.131370849898474,-40.82504272460938,0.06745213059411348,-0.054962363094091415
317.8,0.01811996047430819,6.495112916173454,0.0,-0.5171572875253929,-0.2269098311662674,0.009979178388471233,0.11183296144008636
173.2,0.01796758893280648,2.738400590787208,0.009090909090909038,-1.165685424949238,-0.3195396661758423,-0.00165153813412211,0.014423839747905731
173.6,0.004894466403162046,-1.951180576075814,0.01181818181818173,1.365685424949255,-0.6953678727149963,0.01475686214042748,0.009557392448186874
314.0000000000001,-0.02176936758893278,-4.919701528805277,0.03000000000000003,3.131370849898463,-1.211072206497192,-0.04968095721228777,0.13571687042713165
70.19999999999999,-0.01733498023715407,-0.4487140571235955,0.02090909090909088,0.4343145750507489,-1.669115662574768,0.1473762402065835,0.003254096955060959
144.6,0.07231620553359697,-5.691581051826105,0.05909090909090908,3.34558441227157,1.383467674255371,0.2902531861489425,0.39154544472694397
-69.59999999999997,0.008914426877470683,-0.6963747524886941,0.04181818181818187,-1.848528137423841,-46.19173431396484,-0.1693966207083386,0.009662985801696777
10.19999999999999,0.003661857707509708,0.8026168109214922,0.04272727272727272,-1.331370849898477,-33.91852474212646,-0.2586121285215046,0.024029482156038284
123.2,0.03677944664031618,2.652537017565692,-0.05181818181818176,-0.8485281374238554,-34.03632545471191,-0.08918727023741063,-0.007082555443048477
132.2,0.01665711462450581,-0.0001878317563921428,0.009090909090909038,-4.945584412271572,-76.09032630920409,-0.03015626058999549,-0.06193649396300316
74.0,0.0004079051383401033,0.4659599986669036,-0.002727272727272578,-4.379898987322331,-74.02473449707037,-0.02422256091310981,-0.06765564531087875
135.0,0.005486561264822054,1.291967401689703,-0.03181818181818186,-4.062741699796945,-44.79766082763672,-0.09802029692624054,-0.08754345774650574
46.80000000000001,-0.010998418972332,-0.4210023280215012,0.02272727272727271,-1.897056274847735,-58.80049514770513,0.034714591305405,-0.037804968655109406
160.4,0.006052964426877527,0.6058172992436113,-0.01818181818181808,-2.145584412271582,-37.68906784057617,0.03162974256914686,-0.0603015162050724
1.600000000000023,-0.002639328063241075,0.1265759934729971,0.00545454545454549,-1.882842712474627,-45.55448532104492,-0.03112972016404081,-0.03953944891691208
77.39999999999998,0.02634347826086969,0.350135374499601,0.03181818181818186,0.1656854249492454,-46.58520460128784,-0.1951105118354062,0.07427643239498138
66.59999999999997,0.02004347826086961,1.1087067302973,0.03181818181818186,-1.414213562373099,-33.69965314865112,-0.3016569830021194,0.051808200776576996
158.4,0.03791422924901178,-0.495457206505904,0.030909090909091,-0.4828427124746213,-46.81288433074951,-0.3395967976907622,0.0658838078379631
154.8,0.01846363636363635,0.9904583214066918,0.03181818181818186,-3.579898987322331,-27.3713207244873,-0.3961344230021194,0.02049459144473076
87.39999999999998,0.0005278656126481707,0.2174010645074986,-0.01727272727272722,-1.682842712474617,-39.85714721679688,-0.03499040432039491,-0.06459947675466537
134.4,0.03918162055335983,0.4565833261401906,0.02181818181818185,-1.297056274847698,-46.76872825622559,-0.2318150641114052,0.012995392084121704
-27.60000000000002,0.01895790513834006,1.057607167815291,0.02181818181818185,-1.248528137423875,-27.15777111053467,-0.3878084920021194,0.011491943150758743
-55.60000000000002,-0.004305731225296427,-0.1615149953623956,-0.004545454545454519,-3.531370849898479,-47.75971221923825,0.0681021965293061,-0.07583795487880707
20.39999999999998,0.03563656126482206,1.595406696883103,0.004545454545454519,0.7857864376268964,-23.84184646606445,-0.2960366322430024,0.035300686955451965
-25.20000000000005,0.03924841897233211,1.017585046094297,-0.00181818181818183,1.297056274847698,-23.18332481384277,-0.2036421930021194,0.02936074510216713
319.6,0.05384189723320165,-0.1274606720183016,0.0009090909090908594,0.4828427124746213,-23.22994995117188,-0.07793349411140527,0.08125029504299164
-2.0,0.01950415019762852,1.085052478287992,0.0009090909090908594,-0.08284271247462272,-10.35605621337891,0.02806632249399665,0.02393709495663643
-224.8,0.001694664031620663,0.1238054486709927,0.0009090909090908594,0.3313708498984695,-10.41433715820312,0.0224324395261104,0.004051186144351959
254.2,0.02925256916996077,-0.4662369834393019,0.006363636363636349,0.2000000000000028,-10.47261810302735,0.146239845858505,0.05420171841979027
338.0000000000001,0.05833656126482212,1.719553972746198,0.01000000000000001,2.531370849898479,-10.19286727905273,-0.07317589374137834,0.14510585367679596
73.0,0.04712608695652176,1.007859801140697,0.009999999999999898,3.214213562373097,-10.25115013122558,0.01821342025295325,0.09191762655973434
123.6,0.02902687747035593,0.2995474672750049,0.009090909090909038,0.79999999999999,-10.30942916870117,0.01208531639001831,0.03594280034303665
-8.0,0.0355762845849803,-0.2487509088868904,0.01000000000000001,-0.6343145750507517,-10.36771392822266,0.2098869812873561,0.02039172500371933
-274.8000000000001,0.03672213438735172,-0.7545195231923003,0.006363636363636349,-0.4828427124746142,-10.42599487304688,0.2852344392045559,0.02426818758249283
185.6,0.05100494071146233,0.9963275758377961,0.01000000000000001,2.882842712474627,-9.476062774658201,-0.0972845642373793,0.08766325563192368
185.4,0.04196936758893299,0.911480437905098,0.01181818181818184,1.634314575050759,4.16125965118408,0.04643930922779627,0.06259814649820328
138.4,0.0031096837944663,-0.6347468265910123,0.01454545454545453,1.414213562373114,-3.409175872802738,0.02582032075231055,-0.0019398517906665802
-38.0,0.01275395256917,-0.799636587491392,0.01636363636363636,0.3514718625761404,-3.467460632324219,0.1054096723034611,0.013654854148626328
129.0,0.03008952569169954,-1.782593727543897,0.0009090909090909705,0.2828427124746185,-23.34651184082031,0.2599798032045559,0.007443416863679886
-369.4,0.002575494071146212,-1.370188942121999,0.01636363636363636,0.8485281374238696,4.126289367675781,-0.02415286706804076,0.05333027243614197
-14.0,0.002578647143370416,0.1462482367235083,-0.01272727272727292,0.1171572875253695,0.0,-0.2175688296717507,0.0044820718467235565
3.599999999999994,-0.02312074200503034,-3.792744552594016,-0.01818181818181897,-6.925483399593894,-27.15251159667969,-0.1243680748706199,-0.16120493412017822
-46.0,-0.01426242364355013,-2.630072063413991,-0.02909090909090883,-8.042640687119267,-36.44203186035156,-0.08123285901230348,-0.340073823928833
-158.0,-0.01673595041322307,-5.42773463811487,-0.02545454545454606,-7.711269837220801,-35.23519897460938,-0.06750499225250839,-0.27028486132621765
-42.19999999999999,-0.04052115522817124,-8.46753691706698,0.003636363636364104,0.6627416997969604,0.0,-0.06523960808074747,-0.05388016626238823
-128.2,-0.01670909090909123,0.9896945547198897,-0.01818181818181819,-1.614213562373095,18.005859375,-0.1028076889778831,-0.004944689571857452
-181.6,-0.02691329500538997,0.666155914823392,-0.02090909090909099,-1.082842712474616,18.32640838623051,-0.08779676458809602,-0.00286971777677536
-80.0,0.008553898670499493,2.022523428894388,-0.03272727272727272,0.5313708498984653,25.50450134277348,0.01832260558581218,0.027195662260055542
-6.399999999999977,-0.01837733560905497,-0.5952111182837001,-0.006363636363636349,-3.662741699796953,10.63658905029297,-0.05718004485037551,-0.027197223156690598
-239.4,-0.02122005030542562,0.9896945547198897,-0.01818181818181819,-4.19411254969544,18.3264083862304,0.1032348148413582,-0.032556626945734024
-139.6,-0.0168649299317285,0.666155914823392,-0.02181818181818174,-1.482842712474614,18.64695739746091,0.01435411001473749,-0.002081826329231262
176.4,0.02007707509881429,1.268349882267387,-0.03545454545454552,-1.014213562373094,25.98532867431645,-0.02517815779480823,0.028945250436663628
92.40000000000003,0.00647635644987421,-0.5952111182837001,-0.02000000000000002,-0.08284271247463693,10.79685974121094,0.007761254143958396,0.006785117089748383
-1.399999999999977,0.007182985986345924,1.383414353606895,-0.06272727272727274,-3.014213562373094,43.06618499755859,0.2231040031456531,-0.014214470982551575
42.39999999999998,0.005348185411426454,0.8234496927111934,-0.05363636363636359,3.697056274847725,44.05873107910156,0.1807349859086239,0.09106136858463287
263.0,0.04034959575997121,1.753422646405795,-0.08636363636363631,-4.579898987322338,60.49849700927732,0.3152435960349312,0.0664539784193039
34.40000000000003,0.03285338663312976,1.350228312172391,-0.08000000000000007,2.082842712474623,61.4910583496094,0.3230903019086239,0.09893108904361725
22.19999999999999,0.0174599443047071,0.7901639737259956,-0.07272727272727275,8.076955262170049,53.83213043212888,0.2549883994084294,0.21681039035320282
114.6,0.02688320158102764,0.4035096417112101,-0.003636363636362994,1.165685424949245,0.0,0.0009834859771928883,0.04755299910902977
-8.800000000000068,0.005296442687746983,0.0,-0.0009090909090909705,-0.3171572875253901,0.0,0.03764796625713318,0.009295448660850525
0.0,0.0,-1.710399279321592,0.0,0.0,-0.1146545410155966,3.807237858310941e-10,-0.0015814080834388733
0.0,0.0,-2.13421860498579,0.0,0.0,-0.6654205322265909,7.549438851839341e-11,-0.0024593807756900787
0.0,0.0,-1.5799331508547,0.0,0.0,-1.216171264648494,4.949604615056558e-10,-0.0015405863523483276
197.8333333333334,0.05481331521739119,-6.006426765622592,0.006249999999999867,4.942809041582063,-99.14225387573242,0.1572638352788906,0.34797999262809753
53.83333333333331,0.06426277173913053,-9.574954198209895,0.0306249999999999,-2.942809041582063,-79.51500320434567,-0.02485236124116441,0.1543288230895996
13.83333333333337,-0.001797418478260759,-2.623307553853792,0.03437500000000004,-1.776142374915388,-49.34163665771479,-0.1149988963000621,-0.003744654357433319
98.49999999999997,0.1465535326086957,-5.064763467784104,0.05999999999999983,0.8619288125423097,-89.28603363037112,0.04715177727394262,0.5192402601242065
-12.0,-0.08236236413043485,-2.389625774447694,0.07687500000000003,-4.259391531017339,-148.8383865356445,-0.2223830629529695,-0.05866372585296631
215.5,0.01814701086956527,7.364590577994719,-0.01187500000000008,-3.328427124746188,-51.68759155273438,-0.0213469682713221,-0.0018675699830055237
82.5,0.03386576086956516,3.21999490488345,0.02874999999999983,-3.011844635310908,40.89370727539062,-0.001517690987172804,0.06463813781738281
-15.33333333333331,0.009385054347826105,8.224409543570971,0.03437500000000004,-0.264297739604487,-145.8081741333007,-0.0390305665977963,0.1642608642578125
101.1666666666667,0.004177989130434767,-5.060150486162854,0.1062500000000002,-5.580880229039757,22.78421211242676,-0.1912684484661136,-0.017774924635887146
164.0,0.007690624999999951,-5.128365325838388,0.1100000000000001,-6.13316497887056,23.64525032043457,-0.1062200644082752,-0.037791669368743896
287.1666666666666,0.108299320652174,-7.936730453470872,-0.05500000000000016,-2.109475708248731,-73.08345031738281,0.1675543716802275,0.27419212460517883
147.5,0.0133760869565217,-3.769174249028666,0.121875,-7.035533905932727,30.06942367553711,-0.0589367814082753,-0.027968022972345352
115.0,0.0007195652173912492,-5.836242390448461,0.12625,-6.299831645537228,24.83451652526856,-0.0729472306698169,-0.06447911262512207
118.0,0.01571059782608697,-4.53047809709166,0.1343750000000001,-4.995093791412849,8.685062408447273,-0.08029399747098515,0.01409914344549179
219.1666666666667,0.1985774456521739,4.5078144860002,-0.08437500000000009,-1.569035593728849,-76.31086349487308,-0.005291265292847958,0.15375781059265137
117.8333333333333,0.03741942934782605,-3.070085187118195,0.1468749999999999,-3.983249156101937,15.6215705871582,-0.0196234656051491,0.015085011720657349
248.6666666666667,0.2134970108695653,12.40827057632778,-0.078125,0.7357022603955237,-69.63103866577143,0.03137343336685641,0.22816994786262512
258.3333333333334,0.2045997282608697,9.639235647199953,-0.09687500000000004,-1.580880229039771,-69.03029632568354,0.1217469274263628,0.18223515152931213
23.5,0.0115377717391304,3.242631012607035,0.03562500000000002,-5.702200572599398,-74.0205688476562,0.03828021878564333,-0.004536546766757965
-45.33333333333329,-0.02486222826086948,-3.700844858857096,0.08499999999999996,-8.645009614181472,-63.68791198730469,-0.2122418428959188,-0.189073845744133
-179.6666666666667,-0.04726236413043472,-4.491786152891393,0.07499999999999996,-8.685449728701347,-54.56942749023432,-0.252656922274394,-0.2347964495420456
73.50000000000004,0.1663127717391306,-5.285199531524199,-0.02562500000000001,-0.6094757082487305,-68.77142333984372,0.1535884932995366,0.21858030557632446
185.8333333333333,0.1708682065217393,2.421136845303309,-0.03500000000000014,-1.207106781186539,-66.41908264160159,0.2179213622995366,0.11859698593616486
-85.8333333333333,0.009535190217391243,2.961309126956778,0.1475000000000002,-1.87377344785321,4.238616943359375,-0.1829526438308468,-0.05375600606203079
52.16666666666671,0.005729755434782713,3.958776453169037,0.1787500000000002,0.1380711874576974,32.86179351806641,0.01284107510487442,0.04139250889420509
95.49999999999997,0.02117336956521731,8.83290551155065,0.1431249999999999,-1.0,11.24126815795898,-0.09180521846907003,0.07664722204208374
123.6666666666667,0.02871331521739129,10.21839396055194,0.13625,-1.207106781186539,5.888114929199219,-0.09819846646907004,0.05219245329499245
179.5,0.1637895380434783,-9.86106486588021,0.03687499999999999,-0.2928932188134503,30.25257110595704,0.2305448625900794,0.4488711953163147
-50.16666666666671,0.0304188858695652,-15.68754049514365,0.04187499999999988,-5.299831645537218,20.14231109619141,-0.006457354243922103,0.07454206049442291
59.16666666666671,0.03663532608695652,-2.643571858443806,0.07374999999999998,-1.914213562373092,-36.6889343261719,-0.1469797287515218,0.14327527582645416
221.3333333333334,0.005236141304347908,-0.05408945569460855,0.1118750000000002,-4.218951416497461,-117.4241333007812,-0.1278043274554045,0.028655419126152992
152.8333333333333,-0.01864605978260869,-3.771795673191292,0.09812500000000002,-8.075974020452634,-129.4057006835937,-0.456940859415006,-0.13747528195381165
300.0,0.02703220108695659,-4.056381867782392,0.09750000000000014,-8.00693842672377,-89.79180908203128,-0.09634386249687771,-0.026708751916885376
-49.83333333333329,-0.0010365489130435,-7.501235323970263,0.1481250000000001,-3.552284749830797,4.675262451171875,-0.1265074358908836,-0.06447034329175949
-27.83333333333329,-0.004442527173913025,-2.044288533631473,0.171875,-0.247546895706428,14.2520523071289,0.04346467224803779,0.01847716048359871
55.16666666666657,0.1365612771739131,-11.88989600304025,-0.04374999999999996,0.4714045207910402,25.22523498535157,0.2930705534083743,0.2802819311618805
127.3333333333333,0.1184179347826086,-14.9720574872767,0.01624999999999988,0.5185449728701421,17.23427963256836,0.1731800868969575,0.3770332336425781
194.5,0.0587599184782609,-6.272065771832374,0.01937499999999992,-0.9428090415820591,83.09191751480103,0.1211666383762039,0.09457878023386002
34.16666666666669,0.02513600543478245,-19.91248021497464,0.04062499999999991,-0.6499158227686088,22.69073486328125,0.1309111076509666,0.14627060294151306
111.8333333333334,-0.004906385869565266,-0.8121368043089063,0.0950000000000002,-3.247546895706435,-130.0982513427735,-0.02808424953048233,0.04476207122206688
-28.16666666666671,-0.02498858695652184,-7.264032548304087,0.1143749999999999,0.7357022603955201,9.389610290527344,-0.04181946552445254,0.0015960484743118286
-220.1666666666667,-0.02564184782608714,-10.40428189712425,0.1425000000000001,-3.276142374915388,-180.1411819458008,-0.08771495536051449,-0.12414935231208801
-44.5,-0.001806657608695472,-3.014269297516293,0.150625,-6.271236166328237,-189.6382827758789,-0.3968884702690504,-0.13815340399742126
275.5,0.04992336956521726,7.088614732296705,0.09062499999999996,-6.368867239266049,-75.8206634521487,0.0784077651907335,0.03535205125808716
26.16666666666669,0.001681249999999856,-7.159303906621801,0.1456249999999999,-6.426058197684007,-103.9850463867182,-0.04418902017668558,-0.09042622148990631
-147.0,-0.06477635869565224,-11.32655314768391,0.1499999999999999,-5.995093791412859,-53.63890075683591,0.0777531987654956,-0.16358904540538788
-19.33333333333343,-0.03887581521739125,5.689595693208304,0.08374999999999999,-5.25939153101735,-10.0353088378898,-0.276659382332411,-0.06252257525920868
-164.5,-0.03335679347826082,1.044101152882803,0.08812500000000001,-1.930964406271137,18.6733703613281,-0.01918569267672821,-0.03052409738302231
-336.1666666666667,-0.06187214673913033,-15.70895147393676,0.1499999999999999,-3.190355937288491,-90.28279876708987,0.05711524932327178,-0.144559845328331
-65.50000000000004,0.005354483695652168,6.852144528926047,-0.05812499999999998,-2.511844635310919,98.91431427001953,0.01183481023954769,-0.047495607286691666
28.66666666666669,-0.03570122282608701,5.490115970168802,0.07625000000000015,-4.564129385141698,-20.44024658203119,-0.1738124263047506,-0.06732046604156494
-46.33333333333329,0.01531073369565228,6.760040387552948,0.08437499999999987,-2.621320343559638,-34.8336486816406,0.3756956780524719,0.06895130127668381
147.8333333333333,0.03385230978260867,6.548863483574678,0.1612499999999999,0.3570226039551443,198.2314592599869,-0.0534174352695983,-0.00922737643122673
54.66666666666663,0.01140611413043491,-4.764480344916578,0.1850000000000001,-2.995093791412856,-27.97922515869136,-0.01402169323425489,0.0014345310628414154
212.5,-0.002071195652173952,3.609250887602229,0.1600000000000001,0.9023689270621773,190.1735081672669,-0.1652678071740662,-0.04791124537587166
221.6666666666666,0.03521725543478249,8.509801753079302,0.1637499999999998,3.816582489435277,196.0436626076698,0.0554880488284909,0.04021779075264931
193.8333333333333,0.003745923913043403,7.82163203305511,0.175,3.759391531017325,201.9138017892837,-0.03604409028968958,-0.0024125687777996063
98.3333333333334,0.07676725543478269,6.241468581145114,0.1456250000000001,-3.857022603955166,95.52768707275389,0.09849307406230617,0.0062797702848911285
139.0,0.07957364130434774,10.81638240711692,0.1599999999999999,-1.735702260395506,106.9744491577149,0.02334381173126637,0.043542779982089996
185.0,0.1147529891304347,11.25439561978989,0.150625,-2.426058197684,92.2686004638672,-0.02525999992370831,0.02680109813809395
138.1666666666666,0.06834157608695657,10.76753519399311,0.1181249999999998,-5.673605093390435,6.370071411132784,-0.09007028197214084,0.1318066418170929
118.5,0.04922771739130427,10.52411025295471,0.145,-2.776142374915409,77.53372192382821,-0.2500656835980896,0.06759461760520935
225.6666666666666,0.04922771739130427,9.818685437128622,0.14375,-2.138071187457712,62.82789611816409,-0.2500656835980896,0.14108632504940033
264.3333333333333,0.09484252717391306,9.40850224492344,0.1506249999999999,-3.023689270621819,89.07957458496091,-0.09844013441124494,0.10167281329631805
10.16666666666667,0.0418649456521738,-3.664432551058724,0.1800000000000002,-4.149915822768612,-29.23491668701168,0.0250818981854854,0.06312020868062973
130.1666666666667,-0.007382880434782635,-0.9803927456699029,0.18375,2.857022603955155,191.2190198898315,-0.01683347652380951,-0.03418412059545517
-68.66666666666671,-0.01103029891304352,2.367921445042001,0.1856249999999999,1.638071187457697,196.7294654846191,-0.10248819300148,-0.03183038532733917
122.6666666666666,0.03070937500000004,2.293612170564998,0.190625,-0.3047378541243617,201.3004674911499,0.06603003067877,-0.044049497693777084
139.6666666666666,0.04635258152173916,1.217823611333998,0.1906249999999999,-0.264297739604487,206.8109130859375,0.02320371443015889,-0.02527029439806938
169.8333333333333,0.05474320652173903,-0.5530528663055918,0.1899999999999999,2.511844635310915,212.3213586807251,0.2714168830213834,0.040177807211875916
192.8333333333333,0.06687105978260877,8.852881520787975,0.150625,-0.1094757082487305,88.275146484375,-0.07372078901095436,0.024976424872875214
234.3333333333333,0.04465679347826079,3.750485474983691,0.1574999999999999,8.547378541243642,217.9175944328309,-0.1413365150031207,0.19812068343162537
192.8333333333334,0.08345081521739128,6.339346075007143,0.1043750000000001,-2.857022603955159,-36.85130310058588,-0.1533682448741664,0.26362842321395874
79.3333333333334,0.03316997282608702,9.075674932895353,0.145,-0.8737734478532104,69.3878021240235,-0.3434664763579919,0.10056003928184509
68.0,0.02655747282608689,9.096032393400563,0.14375,-1.804737854124369,63.02220153808591,-0.4226738313579919,0.018850553780794144
-164.1666666666667,0.03427065217391312,7.687283401643469,0.06000000000000005,0.8619288125423097,-3.558341979980469,0.2371775837739319,0.11998467147350311
50.0,0.02358777173913051,4.551802748592024,0.05750000000000011,-1.678511301977593,15.73038864135742,0.0508614230858625,0.11195051670074463
-100.3333333333333,0.02420448369565231,5.011920409408916,0.06625000000000014,-4.287987010226303,18.78337860107421,-0.1012706458431851,0.056215569376945496
-47.33333333333329,0.01430108695652177,-1.479967042552573,0.06937499999999996,-4.995093791412849,34.50578308105469,-0.1188576359228439,0.0314982607960701
-61.1666666666666,-0.02412567934782617,-6.911011883631602,0.125,-3.218951416497458,32.64316177368163,-0.02968572111540529,-0.05050189048051834
-60.66666666666671,-0.01583152173913049,-10.52542667815425,0.135,-2.954653676892985,50.51259994506836,-0.0759731063274765,-0.05028807744383812
-216.1666666666667,0.02357486413043486,-3.293180102430938,0.118125,-3.040440114519871,33.85034942626952,0.03694586073432937,0.03616198152303696
70.0,-0.01221942934782616,0.7032310016069943,0.190625,3.983249156101945,208.1116886138916,-0.088046709659797,0.015095420181751251
-13.33333333333329,0.01873301630434787,1.493557041111188,0.1912499999999999,1.5,213.1733837127686,-0.0759610301628667,0.008668508380651474
135.3333333333333,0.04902948369565208,-0.7122256116904992,0.194375,0.4714045207910331,218.2350635528564,0.002309624113381759,0.0068056099116802216
135.0,0.04147744565217393,0.03272306205239772,0.1962499999999999,-0.3737734478532175,218.4626693725586,0.07678270248538,-0.008151818066835403
185.8333333333334,0.04077201086956506,3.266569971409993,0.1862499999999999,5.926058197684004,219.6828498840332,0.03768831707423531,0.013516414910554886
120.5,0.02901019021739126,3.5459817948758,0.1850000000000001,2.845177968644244,212.6635837554932,-0.01699478109107438,0.02827705815434456
68.5,-0.03151807065217382,-2.952525356080798,0.05125000000000002,1.580880229039764,123.2743682861328,0.05757568144187869,-0.01855623722076416
77.0,0.01362975543478262,3.403737217960099,0.1862499999999999,1.954653676892985,205.3512306213379,-0.04559081519548719,0.0012036748230457306
77.0,-0.05916399456521737,-4.490681403647599,-0.02124999999999999,-3.954653676892981,204.3849124908447,-0.1362063425624459,-0.12756302952766418
6.166666666666686,-0.007250679347826194,-4.259372347014704,0.04312500000000008,0.971404520791026,124.4460906982422,0.01938199992700282,0.008614931255578995
-123.1666666666667,0.04780937500000015,-2.398380880437955,0.09187499999999993,-3.247546895706421,28.40708160400391,-0.02984163133401568,0.06513021886348724
-56.6666666666666,0.009716440217391376,-8.682622424114143,0.1099999999999999,-1.442809041582063,29.08269500732422,-0.1175352883553981,-0.0010660402476787567
-323.3333333333334,0.004696331521739094,-7.211102146259321,0.125,-3.023689270621809,63.36618423461918,0.04291246417755562,-0.018625136464834213
-190.6666666666667,0.007986005434782673,-12.19962391091818,0.130625,-3.66176045807952,58.63914489746088,-0.02611095819901138,-0.01938306912779808
125.6666666666667,0.007092119565217381,-0.4551752379236973,0.1818749999999999,1.914213562373092,209.0049114227295,0.1459447145880935,-0.0666879266500473
21.5,-0.003062364130434703,-1.767472332048499,0.1875,0.9999999999999929,213.1836280822754,-0.08224938930561881,-0.04131947085261345
179.8333333333333,0.02239307065217389,-1.611773316285408,0.19375,1.149915822768612,224.6515159606934,-0.1803454336615283,-0.03662005066871643
337.5,-0.0008342391304346775,-4.638404104130501,0.03812500000000019,-0.1785113019775793,140.3040008544922,0.1148165467093323,0.10706380754709244
97.5,0.02106671195652177,1.011768634213595,0.179375,0.02859547920895977,206.6966037750244,-0.2605378011889106,-0.03633023798465729
253.1666666666667,0.00327812499999991,-1.815723315831605,0.18375,-1.63807118745769,199.3637599945069,-0.2996590413722004,-0.04898528382182121
90.49999999999997,-0.001558831521738968,-6.832802266780391,0.02000000000000002,0.4142135623731136,145.6090927124024,-0.1026201144859593,0.005192171782255173
-23.16666666666669,-0.005350407608695651,-9.15839024093232,0.009375000000000133,1.597631072937823,149.205795288086,-0.0927793012279503,0.02018389105796814
-103.5,0.02601127717391294,-10.07002592116264,0.0943750000000001,-2.885618083164118,27.98448181152344,-0.01655878118133702,0.0564524345099926
-38.49999999999996,0.07099551630434775,-6.913607137831519,0.05125000000000002,-0.4881553646890815,75.45775413513184,0.2420071424667117,0.24615083634853363
-40.33333333333333,0.06935298913043475,-7.733503407255952,0.07125000000000004,-2.857022603955148,72.47425651550293,0.1844190432434564,0.1948205530643463
-2.0,0.03629891304347832,-9.156396571342356,0.06562500000000004,-2.28798701022631,93.69210910797123,0.05769313180618973,0.060048315674066544
-149.0,-0.009703668478260874,-15.00798437700077,0.07625000000000015,-2.011844635310915,61.64575958251956,0.1159927328751923,-0.017381396144628525
24.83333333333337,-0.004338179347826099,-12.24629252846431,-0.1187499999999999,3.247546895706421,243.8271179199219,0.4623077443579682,0.0779111236333847
133.3333333333333,0.04595394021739119,-8.165175095048824,0.02687499999999998,4.149915822768598,190.2743034362793,0.3269254635298604,0.12969984114170074
127.1666666666666,0.0360849184782609,-8.735704202152021,0.02312500000000006,2.592724864350672,205.1400871276855,-0.04440222579317082,0.10999298095703125
166.6666666666666,0.07420502717391297,-6.854678348287592,0.02187500000000009,3.759391531017343,185.1099128723145,0.02443942697993789,0.29051312804222107
-203.6666666666667,0.02816426630434776,-3.372213531965571,0.07937499999999997,-4.730796051808372,50.52801895141602,0.1127606294768234,0.05589890480041504
-52.3333333333333,0.03675326086956521,-10.25080636772579,0.09499999999999997,-6.868867239266066,50.50646591186528,0.05455186103792514,-0.001504790037870407
-169.8333333333333,0.005285190217391378,-13.08213713724167,0.11625,-6.564129385141708,51.38245010375972,-0.03690451655080668,-0.10582201927900314
-111.0,0.002260190217391433,-16.32312698417425,0.1325000000000001,-7.311676280848136,49.20544815063474,-0.1979067543760147,-0.17146503925323486
-166.6666666666666,0.05049836956521747,0.3935097279622113,0.04749999999999988,-0.7357022603955237,42.32666397094727,0.07111407661941066,0.1532095968723297
-46.6666666666666,0.01858355978260873,-1.154893582885137,0.07312499999999988,-0.8737734478532104,40.91800308227539,0.05323311176210843,0.09156493842601776
-95.83333333333329,0.03376453804347834,-3.856955709586785,0.09250000000000003,-1.609475708248716,37.35390090942384,0.04468186278617348,0.0885339230298996
-91.16666666666669,0.01355230978260868,-5.107259032969878,0.10375,-3.023689270621823,37.29154968261719,-0.02640651727413129,0.020120523869991302
145.8333333333333,0.09025489130434783,-2.368253719389841,0.05187500000000012,1.276142374915398,85.42913913726807,0.1784011758779805,0.26465940475463867
23.16666666666671,0.0865766304347827,-7.18252302190669,0.07624999999999993,0.6666666666666607,80.96749114990234,-0.01787063977166847,0.35360658168792725
-107.6666666666667,0.01506902173913049,-8.435547380864733,0.05625000000000013,-2.385618083164118,4.904060363769531,-0.05747197481205801,0.05930591747164726
72.16666666666667,0.1216664402173913,4.271585426468548,-0.002499999999999947,2.747546895706442,51.81092739105225,0.140324319280193,0.31187376379966736
54.0,0.06967187500000005,0.4896964806295188,0.03312500000000007,1.028595479208974,52.57023429870605,0.03157139782084878,0.22343751788139343
-63.83333333333329,0.05356874999999994,-0.08233919004342738,0.002499999999999947,2.052284749830797,64.49275970458984,0.1393581154265792,0.13882124423980713
1.333333333333286,0.0926048913043479,-4.902787692321539,0.05749999999999988,0.5690355937288416,52.30335807800293,0.05791452854243712,0.3590424358844757
-21.33333333333331,0.06568192934782613,-1.571674875369354,0.078125,1.540440114519875,45.31283187866211,0.1274392461535897,0.22598883509635925
-130.0,0.02775692934782614,-1.901000367234204,0.004999999999999893,2.218951416497454,50.62187576293945,0.1619060349362266,0.09385721385478973
-109.5,0.01603206521739131,-3.793398271040743,0.001249999999999973,3.747546895706428,48.37887954711913,0.09022075699486726,0.12488258630037308
-64.99999999999997,-0.004775951086956498,-9.03118962622689,0.01000000000000001,1.971404520791019,44.05111694335938,0.02892361809901717,0.03751761093735695
34.5,-0.006998097826086958,-14.28305399664401,0.01624999999999988,1.373773447853225,45.67043304443359,-0.1088732138772274,0.04429872706532478
31.5,0.00687432065217386,-19.05732523173268,0.01750000000000007,-2.495093791412856,43.29493331909179,-0.07763493415542344,-0.01948631927371025
-200.0,0.01922744565217371,-9.132778478177329,0.03374999999999995,0.7761423749153948,28.13425064086914,0.1709764038959904,0.10990309715270996
-14.33333333333329,0.02241209239130426,-8.620139210312942,0.09000000000000008,-3.247546895706414,12.48446655273438,-0.1116624341872403,0.06963284313678741
0.3333333333334281,0.00258654891304344,-6.023072812154993,0.08250000000000002,-2.316582489435291,29.749755859375,0.08130833086061229,0.019345581531524658
8.166666666666572,0.06781222826086963,-11.06552491137677,0.06000000000000005,3.523689270621816,69.55070495605469,0.2448620081357935,0.2940995991230011
37.33333333333343,0.04035611413043472,-3.873217390567618,0.06125000000000003,1.707106781186546,63.64179229736328,0.1980206100155474,0.1463797390460968
244.1666666666667,0.06031467391304346,-13.34713033339889,0.09000000000000008,0.321488698022435,82.67153906822205,0.06951095309267064,0.23498181998729706
81.33333333333331,0.02018913043478254,-5.536760589731671,0.04875000000000007,-0.983249156101941,52.96096801757813,0.1306859236429929,0.0977875143289566
19.83333333333337,-0.02775597826086951,-14.34021348241899,0.04125000000000001,-1.345177968644254,44.90440368652344,-0.1038381769009828,-0.016207482665777206
-64.66666666666671,0.085055027173913,-6.443994398950451,-0.006875000000000187,1.649915822768605,60.99434614181519,0.2501695138779805,0.3151315450668335
66.16666666666659,0.05596073369565224,-6.656034498513591,0.02499999999999991,-2.011844635310908,56.24657344818115,0.0169818390710359,0.12726180255413055
125.1666666666667,0.0687623641304348,-1.232588282450521,0.03937499999999994,-0.804737854124383,58.40147972106934,0.05495158188751187,0.22844871878623962
55.33333333333329,0.06119116847826078,-0.8588630573442089,0.05937499999999996,0.2761423749153948,52.75671195983887,0.01736729982084878,0.1910921037197113
46.66666666666657,0.06572309782608698,-4.188491192269694,0.07374999999999998,0.8737734478532104,48.81863212585449,0.0695179814441288,0.24493753910064697
-82.50000000000003,-0.003386005434782513,-9.282352858673661,0.1112500000000001,-2.873773447853225,26.15336608886719,-0.07676381027413132,-0.023261822760105133
44.5,0.01040461956521743,-12.42767868257152,-0.05624999999999991,-0.6548220313557493,17.61971664428711,-0.1620908020983234,0.03405486047267914
72.1666666666666,0.01319279891304359,-17.75759102233894,-0.05249999999999999,-2.816582489435277,11.2112922668457,-0.1455859336108336,-0.011483903974294662
-39.33333333333333,0.000219021739130465,-11.62764198543636,0.08437500000000009,2.649915822768619,37.81287384033197,-0.1242863539713946,0.07563211023807526
28.5,0.03113546195652173,-7.142420842335383,-0.00374999999999992,-0.4309644062711655,30.64514541625977,0.1082523217624425,0.0712212473154068
-71.99999999999996,-0.08158016304347837,-6.3634458424401,0.0625,-1.402368927062177,-39.31057739257812,-0.3860247489382773,-0.09649883210659027
-54.16666666666669,0.01119252717391306,-18.92113605517312,0.03562500000000002,-2.373773447853218,-67.61155700683594,-0.2658690164011806,-0.013753093779087067
-10.00000000000003,0.01844904891304355,10.4514000790563,0.06312499999999988,4.121320343559653,-55.37592315673828,-0.06948308933386171,0.23651617765426636
49.16666666666671,0.07703165760869568,-18.028702836375,0.01249999999999996,-3.759391531017339,-61.1885871887207,-0.1482421806192341,0.1668453812599182
-8.5,-0.007886277173912992,-20.67511940199195,0.03687499999999999,-2.776142374915395,-82.28003787994385,-0.2374111601625455,-0.002030070871114731
53.33333333333329,0.04199361413043479,-6.907575894194466,-0.01374999999999993,-5.621320343559638,-57.63320922851562,-0.1479738290017883,-0.03308264911174774
118.3333333333334,0.06701603260869571,-15.70719671218495,0.02374999999999994,-2.70710678118655,-72.00132560729982,-0.03594770855640311,0.1441740244626999
-159.6666666666667,0.00926681159420295,0.9977323304894128,0.08400000000000041,2.564129385141712,24.31132507324219,-0.01006028244079993,0.07461912930011749
128.3333333333333,0.02872884057971015,0.8459362909757999,0.08666666666666667,-2.69035593728848,30.22859954833984,-0.1966542153005851,0.09303127229213715
41.5,0.006841304347826038,-0.6725862510993039,0.002666666666666706,-0.4023689270621915,3.507339477539091,-0.2617100690505516,0.0004459768533706665
88.66666666666663,0.002618695652173875,-1.972111942459904,0.004666666666666708,0.2071067811865532,-2.050399780273409,-0.02215228763053234,-0.0005385316908359528
147.0,0.008749999999999813,-0.2581414305230965,-0.003333333333333299,0.8737734478532246,10.62010192871089,0.03468729685402827,0.033606454730033875
-108.5,0.003654202898550785,-0.6099478285535014,0.003999999999999893,-4.023689270621809,8.005462646484304,-0.1823086673510053,-0.03324972838163376
215.8333333333333,-0.0003939130434782445,-0.4251314205590973,0.0,0.02859547920894556,3.011947631835909,-0.275441471044802,0.022065438330173492
11.33333333333337,0.01547463768115942,-0.716613058658595,0.003333333333333299,-1.040440114519868,3.75503540039071,0.05237093031538687,0.004653859883546829
-104.6666666666667,0.01464811594202897,-1.093155589533694,0.0086666666666666,-1.345177968644265,-7.608161926269602,0.1152448698768055,-0.015269510447978973
-65.33333333333331,0.009760289855072823,-0.3290838563576983,-0.002666666666666706,1.914213562373092,6.369674682617202,0.163720263165824,0.03336567431688309
-68.83333333333331,0.005759999999999987,-0.5582503952925038,-0.002000000000000113,0.1380711874577116,6.121978759765597,0.1018670505481458,0.010765418410301208
193.0000000000001,0.006610000000000116,-0.347416465855602,0.0,-1.166666666666664,5.557746887207102,-0.1131770737203611,-0.0007925927639007568
21.0,0.00625550724637669,0.5280860896491077,0.003333333333333188,-0.1499158227686053,20.6759796142579,-0.4437869086700496,0.02178122103214264
103.1666666666667,0.01027507246376813,0.9016081988127098,0.0006666666666665932,-1.804737854124362,11.61090087890628,-0.4068252175937991,0.005965337157249451
-228.1666666666667,0.01359362318840585,1.974655777916297,0.004000000000000115,-2.58088022903976,15.1182327270508,-0.2836532871274289,0.02542959153652191
102.5,0.05309275362318844,0.2781158037399081,0.0,-0.4714045207910331,4.25043487548831,0.21913541005946,0.07554112374782562
-222.8333333333333,0.0288586956521738,-0.5339588806745041,-0.0006666666666667043,-0.3333333333333286,4.498123168945298,0.1085694305800031,0.06362955272197723
0.0,0.002546086956521809,0.0,0.0,0.0,5.805442810058551,-0.06405760510023784,0.017307911068201065
207.1666666666666,0.02344797101449281,2.471421914024305,0.001333333333333186,-3.454653676892974,27.71990966796881,-0.2458373078193632,0.05183466896414757
-29.5,0.01235159420289855,1.935489118466506,0.0,-1.597631072937816,24.21257019042972,-0.08527870104414415,0.014785021543502808
97.16666666666669,0.01257231884057985,4.133389350635596,-0.001333333333333186,-3.857022603955148,21.9144592285156,-0.04251592187061204,0.04655918851494789
-72.16666666666674,-0.00982028985507255,0.1369832205199941,0.0006666666666665932,-2.052284749830804,14.59358215332028,-0.0818423358773272,-0.0019415132701396942
76.50000000000006,-0.00847318840579725,-1.431996984299104,0.0006666666666665932,0.207106781186539,15.33666992187501,0.1311363945441585,0.020083114504814148
21.33333333333337,0.04303376811594206,2.159962523897306,-0.002666666666666595,-3.857022603955148,21.20061492919919,0.04872162565867566,0.018728304654359818
41.16666666666669,0.03589405797101453,3.247158610049993,-0.005333333333333301,-3.787987010226288,18.90252685546869,0.007689723719121133,0.03408616781234741
328.5000000000001,0.05781086956521719,2.509570036757097,-0.01466666666666672,-3.218951416497461,18.90251922607419,0.2459917567834151,0.12721747159957886
79.0,0.02172565217391287,-0.3318714788630075,-0.02799999999999958,-2.942809041582048,15.18939208984381,-0.01380305478440169,-0.01464216411113739
-19.0,0.01606710144927515,-2.873189870690311,-0.02933333333333343,-5.178511301977576,25.04130554199219,-0.0729261240428778,-0.03181561082601547
140.3333333333334,-0.00964855072463755,-1.847685747027796,-0.005333333333333301,-1.609475708248731,16.36703491210932,0.07290648692829949,0.005608845502138138
57.0,-0.01382347826086949,-1.297456488356502,0.0006666666666665932,-2.759391531017343,17.35783386230469,0.02531449312267281,-0.016590610146522522
9.166666666666742,-0.005754347826087081,-3.04910738247041,0.002666666666666706,-1.166666666666671,25.64024353027341,-0.01203829276878143,0.0020588189363479614
16.5,-0.005293188405797067,-0.677616702944789,-0.002000000000000002,-2.287987010226296,33.92265319824219,0.1731058623104736,-0.0022614970803260803
126.5000000000001,0.04964391304347815,4.168395955066799,-0.02066666666666661,-4.011844635310915,33.7042236328125,0.20769017828402,0.08400246500968933
-61.83333333333331,0.007546811594203007,1.210834204755201,-0.02066666666666661,-3.621320343559631,29.70148468017572,0.09328614513058564,-0.02771948277950287
-122.3333333333334,-0.0213633333333334,-1.811733830097396,-0.0006666666666665932,0.6094757082487234,28.61261749267572,0.1528273388645571,0.024263691157102585
-214.6666666666667,0.05795739130434763,-0.09298858091959517,-0.01200000000000012,-1.069035593728856,18.90251922607422,0.2963324425504885,0.10033437609672546
97.5,0.02903217391304358,1.795413893202408,-0.01000000000000001,-0.1262265521468038,21.59793090820318,0.09312753831248088,0.06435785442590714
105.3333333333333,0.00191579710144929,-2.406181089294392,-0.01333333333333331,0.2761423749153913,10.06619262695321,-0.05675160802372908,0.01972980797290802
138.5,0.0006671014492753979,-1.387047008764696,-0.009333333333333416,2.638071187457697,11.05699157714841,-0.001962258523990401,0.042961858212947845
195.5000000000001,-0.009668985507246375,0.6941059010614055,-0.008000000000000007,2.718951416497458,12.04778289794922,0.07043989793768746,0.05467328429222107
165.6666666666667,-0.01323231884057985,0.931825189479099,-0.01000000000000001,0.5690355937288558,13.03855895996099,0.1938970289376875,0.03350921720266342
159.8333333333333,0.001966521739130478,-1.0123761072105,-0.006666666666666599,-1.235702260395513,14.02935791015631,0.1600416556196493,0.01074274629354477
150.3333333333333,0.04563217391304331,0.5073542849081036,-0.01133333333333342,-2.011844635310915,28.14646911621095,0.1605698593974881,0.04992366209626198
-5.833333333333371,0.01900260869565218,-1.517740618323003,-0.004666666666666708,-7.105427357601002e-15,25.84836578369143,0.1624824408490173,0.05739811807870865
244.1666666666667,0.03283043478260872,-1.107016167353706,-0.01000000000000001,-0.06903559372885582,19.64560699462895,0.1058792078762284,0.10474178940057755
-42.33333333333337,-0.009302608695652359,-1.003341421601107,-0.006000000000000005,-4.592724864350679,-11.32183837890631,-0.02100541196168909,-0.07234883308410645
-65.33333333333337,-0.01028391304347831,-1.580244265374802,0.0006666666666668153,-1.040440114519889,2.598388671875,0.07849533096240602,-0.019310366362333298
-102.3333333333334,0.0099863768115942,-0.07420859686899917,-0.005333333333333745,-0.3333333333333286,20.5609130859375,-0.08160115835253351,0.022224660962820053
286.6666666666667,0.0548760869565218,1.405551270038302,-0.01266666666666671,0.7642977396044799,24.88683319091803,-0.001464675602511956,0.16866587102413177
241.9999999999999,0.006716956521739204,-0.8851978018314952,-0.004666666666666708,3.414213562373085,19.54752349853518,-0.1209570858509508,0.09927746653556824
-15.0,-0.01157057971014475,-0.6760897416913991,-0.003333333333334076,1.718951416497454,-13.10099792480472,-0.008543492471545733,0.01318492740392685
68.33333333333326,0.007146956521739245,-0.3178247299116919,-0.001333333333334075,4.426058197683997,2.881179809570284,0.05394345408476187,0.1168566644191742
6.166666666666686,0.03919739130434807,-17.0435181394208,-0.003999999999999893,0.3047378541243759,0.4778060913085938,0.06149288156492211,0.05845078080892563
-46.66666666666669,-0.01052797101449265,-0.5546994902287992,-0.00333333333333341,-0.1666666666666572,-4.897605895996094,-0.07124143125722371,-0.007607925683259964
-45.16666666666669,-0.001157101449275499,0.4475915451715053,-0.003333333333333299,0.3047378541243546,9.354148864746094,-0.01383830671290731,0.025027351453900337
8.5,-0.002043478260869813,-0.09408645850820108,0.002666666666666595,0.3047378541243759,-9.354156494140597,-0.1554113537241771,-0.008294913917779922
41.5,0.009413043478260774,0.2242367197762007,-0.003333333333333299,0.9714045207910189,10.0418701171875,-0.01460161453445036,0.029609883204102516
87.66666666666669,-0.00171855072463778,0.6518419387765988,0.001333333333333409,1.20710678118656,6.862030029296903,-0.1268750865708648,0.016283072531223297
-103.8333333333333,-0.01808971014492755,-0.6569592633398997,-0.0006666666666667043,0.2357022603955201,1.314155578613281,-0.0334036623615252,0.012817006558179855
-15.33333333333331,-0.01200420289855053,-0.1340496300011011,0.00333333333333341,0.8047378541243546,-21.45919799804689,-0.05812344784812218,-0.007397908717393875
-70.99999999999999,0.006655849802371439,-1.124320133210645,0.0,-0.264297739604487,0.07278823852539062,-0.02316413634469106,-0.0006933622062206268
89.16666666666663,-0.0005971014492753834,0.04129233465128834,-0.01866666666666705,-0.01184463531090785,8.360755920410114,-0.0341447953674433,0.008668620139360428
61.66666666666669,0.004321449275362488,-0.9032439937711985,-0.002000000000000002,0.638071187457701,14.78523254394531,0.0126202671535427,0.03787342458963394
114.8333333333334,-0.001032028985507361,-0.1739550052836023,0.0,0.3047378541243688,-0.7345004081726074,-0.1670444842659797,0.0005648583173751831
-43.5,0.002806086956521958,0.274576700479102,0.0,0.5404401145198747,2.314300000667572,-0.08853095407695116,0.017044328153133392
-26.66666666666669,-0.01374289855072452,0.2362998511580088,0.05133333333333345,-3.828427124746177,19.0850372314453,-0.01444760366268621,-0.005121391266584396
80.0,-0.02314695652173904,-0.07461319721879534,0.06733333333333336,-6.16176045807952,19.5695343017578,-0.1297911379256578,-0.06262487918138504
107.0,-0.008450869565217456,-0.2929789177821931,-0.08533333333333304,0.6499158227686124,-19.66658020019531,-0.1330334325629151,-0.009706787765026093
-145.1666666666666,0.02271869565217399,0.7368203379986937,-0.01600000000000001,0.6094757082487305,-12.30064392089841,-0.04368347729161309,0.028646789491176605
151.3333333333334,0.05798695652173902,13.53891256389758,-0.06666666666666599,-0.2357022603955343,-55.14910888671881,0.03768319948329557,0.08032116293907166
299.3333333333333,0.1462639130434783,10.29755588040359,-0.08600000000000008,-1.080880229039757,-59.40892028808601,0.06222128342603053,0.21879766881465912
224.3333333333333,-0.01308990683229816,5.508777721403376,0.008571428571428563,1.345177968644244,0.0,0.2244745957403068,0.06007415056228638
35.5,-0.01697111801242224,0.0,0.0,-2.495093791412849,0.0,0.04280495906965598,-0.01599401980638504
25.33333333333337,-0.04402282608695629,0.5006242173654414,0.00928571428571423,-2.66176045807952,0.0,-0.06221687831254252,-0.0448584258556366
40.33333333333331,0.009088975155279622,-6.907771264402584,0.0,-1.890524291751277,0.0,0.1409487399388603,-0.02639845386147499
-18.0,-0.03945139751552784,-1.001696409743175,0.00928571428571423,-3.207106781186546,0.0,0.05836269655363346,-0.0502236932516098
51.1666666666666,-0.001954968944099633,-1.580808073634174,0.01000000000000001,0.0690355937288345,0.0,0.3616897302741107,0.012576524168252945
-4.666666666666629,-0.006806055900621333,-1.681061989534896,0.00285714285714278,-2.747546895706421,0.0,0.09729479742557323,-0.026291172951459885
-30.5,0.007399844720496596,-4.009612932335457,0.00642857142857145,2.930964406271141,0.0,0.2240505942741107,0.03854718059301376
-3.0,-0.06772018633540355,0.8292013952210056,0.03428571428571436,2.495093791412863,-20.55675888061523,-0.009975946500102029,0.01697831228375435
-41.5,-0.01222701863354025,-8.071016024395021,0.009285714285714342,-0.776142374915402,2.085081815719604,-0.2594805319820803,-0.018755584955215454
-90.66666666666663,-0.008495807453415938,-6.555023067428579,0.006428571428571339,0.235702260395513,2.085081815719604,-0.2479420699820803,0.004773367196321487
-30.5,-0.0109293478260869,-7.281348267653115,0.005000000000000004,0.8333333333333357,0.0,-0.07940369328413044,0.006045553833246231
-187.3333333333334,-0.01505698757763974,9.230636961477117,0.003571428571428559,1.540440114519882,0.0,0.1143694386652249,0.062495194375514984
194.6666666666667,0.0234936335403727,0.0,0.0,-1.109475708248745,0.0,0.2187441127699377,0.024119630455970764
188.1666666666666,0.01556304347826076,-0.9911001680895737,-0.00357142857142867,-1.430964406271144,0.0,0.3783442377984302,0.022639483213424683
-51.33333333333337,-0.02862468944099383,-9.466446334033677,-0.003571428571428559,-1.609475708248731,0.0,-0.1753810738900801,-0.055943723767995834
-43.66666666666663,-0.01631770186335413,-3.936279199135498,0.004285714285714337,-2.149915822768612,0.0,0.1511595785985365,-0.02584994211792946
23.5,-0.01903260869565204,-5.348673196169955,0.00285714285714278,1.097631072937808,0.0,0.1067952460583465,0.015011407434940338
42.83333333333331,-0.00652934782608694,-5.348673196169955,0.00928571428571423,5.828427124746192,0.0,0.241226649633695,0.128476083278656
-45.66666666666669,-0.01578975155279483,-4.939071303050568,0.009285714285714342,1.833333333333329,0.0,-0.01190831778660828,0.02526620589196682
-109.1666666666667,-0.01683602484472058,-1.817387574086553,0.009285714285714342,-0.3047378541243617,0.0,0.05319016916060226,0.007359720766544342
-21.33333333333331,0.002538354037267099,-0.000306982072359574,0.001428571428571446,-1.747546895706414,0.0,0.03524498487738148,-0.018241364508867264
-66.16666666666669,-0.04670093167701839,1.10591482638381,0.02642857142857136,1.569035593728849,-27.4464225769043,0.1001969880581552,-0.006508640944957733
211.0,-0.04600791925465852,0.1578850359096009,0.04785714285714293,-1.459559885480125,-36.78314208984375,0.1541320610800077,-0.026073671877384186
-39.0,-0.02238555900621131,-10.34784512106758,0.0007142857142858894,0.971404520791026,1.957334280014038,0.02731458116983709,-0.01339360699057579
174.5,0.06074580745341629,9.289129350162924,0.002857142857142891,2.609475708248731,0.0,0.6362111026773675,0.19005657732486725
265.5,0.05911133540372659,2.187339496072866,-0.006428571428571561,0.08088022903975656,0.0,0.7487338319828822,0.1165856271982193
-5.166666666666629,-0.0253313664596273,0.2925148231369974,0.007142857142857117,-5.21895141649745,0.0,0.2560411481089043,-0.04604039713740349
26.8333333333334,-0.02934394409937902,-1.798921141234388,0.002142857142857113,-2.942809041582066,0.0,0.1943906431089044,-0.04454579949378967
-63.0,-0.02970652173913046,-2.934819265647818,0.008571428571428452,-2.276142374915395,0.0,0.1633913796940937,-0.024320222437381744
-113.5,-0.01769813664596265,-3.156858996209721,0.009285714285714342,-2.149915822768627,0.0,0.06901250750596888,-0.023573126643896103
-52.0,-0.01510838509316792,-2.684922684901153,0.009285714285714342,0.3737734478532317,0.0,0.1027847793687944,0.014894790947437286
-143.3333333333333,-0.02788431677018621,-1.841309691846121,0.00357142857142867,7.105427357601002e-15,0.0,0.1551659377169965,0.0014830976724624634
95.83333333333331,-0.003342236024844736,-0.654349514207496,0.003571428571428559,0.3047378541243617,0.0,0.006334418805119535,0.016969814896583557
-130.6666666666666,-0.02611490683229822,-0.6294243220276883,0.03714285714285714,-2.247546895706435,-18.20569610595703,-0.408733365726942,-0.02909848466515541
196.0,0.06423291925465835,8.22323260937786,-0.02071428571428569,-1.776142374915395,39.22437286376953,0.3229267494167912,0.24253922700881958
37.33333333333331,0.07346304347826071,9.514867043893432,-0.01928571428571424,-0.7071067811865461,36.88719940185547,0.2248006292926505,0.2357148826122284
114.5,0.05009596273291939,9.462310976419772,-0.01571428571428579,-1.23570226039552,34.55002593994141,0.3792105258460041,0.17861782014369965
171.0,0.06238555900621146,10.65287570386086,-0.01142857142857134,-2.678511301977579,32.21284866333008,0.1111076177158695,0.2556966245174408
145.0,-0.01249906832298142,-3.833787400080652,0.007857142857142785,0.1666666666666572,0.0,0.1201380200314938,0.009790085256099701
231.8333333333334,0.02139689440993797,-2.711659869546637,0.004285714285714337,-1.235702260395513,0.0,0.5840686064226628,0.05791890248656273
194.8333333333334,0.07897220496894419,-4.349875442206795,-0.001428571428571557,1.471404520791026,0.0,0.8128642275472219,0.2911759614944458
-5.666666666666629,-0.02024099378881994,-0.9989924113195201,0.01000000000000001,-5.926058197684014,0.0,0.3555207981440809,-0.05208958312869072
-33.5,-0.02313850931677031,-2.352076548746538,0.01214285714285712,-4.414213562373099,0.0,0.269349699307369,-0.029987983405590057
-3.5,-0.006127173913043515,-1.975655410166169,0.0128571428571429,-4.385618083164118,0.0,0.2222776196456244,-0.032013047486543655
20.33333333333331,-0.006078260869565311,-2.989740571736917,0.0128571428571429,-1.540440114519868,0.0,0.1168095192482342,-0.01033731922507286
32.5,-0.02151335403726695,-2.064889189853787,0.01000000000000001,-1.621320343559638,0.0,0.03323180868512077,-0.015300959348678589
125.1666666666666,0.02030931677018633,6.380341853123895,-0.02214285714285713,-2.20710678118656,38.65959167480469,0.2567524196978396,0.10878945142030716
153.6666666666667,0.03087018633540362,9.05141203818225,-0.01642857142857135,-3.316582489435291,36.4856071472168,0.08182429316958378,0.17563211917877197
123.1666666666666,0.0740422360248445,13.39229749441512,-0.01500000000000001,-3.052284749830797,34.31161880493164,0.08804355566522493,0.2538118362426758
173.8333333333333,0.04804177018633538,7.67982183531646,-0.0128571428571429,-4.149915822768612,32.13763427734375,0.3321553498434142,0.137671560049057
114.6666666666666,-0.02610822981366467,-3.041616517908793,0.008571428571428452,-3.759391531017343,0.0,0.08005289748022737,-0.04077047109603882
-5.0,-0.01902220496894391,3.763733187390699,0.00928571428571423,-0.5690355937288558,0.0,0.06143909331490593,0.028982052579522133
195.0,0.004089130434782651,16.45357884513571,0.008571428571428452,0.02859547920895977,0.0,0.4101222847217669,0.09468789398670197
89.66666666666671,-0.02693726708074551,9.293655188529286,0.002142857142857113,-1.638071187457705,0.0,0.1900856227292971,0.021950770169496536
280.6666666666667,0.070070341614907,-4.535255167170391,0.004285714285714337,3.718951416497461,0.0,0.9526099763992657,0.34463444352149963
145.3333333333333,0.003915683229813616,0.3683576592945457,0.01500000000000001,-7.575974020452598,0.0,0.3147504064535024,-0.23029792308807373
167.3333333333334,0.01230947204968968,1.336130722949704,0.00928571428571423,-8.075974020452612,0.0,0.2513105671264237,-0.22911767661571503
6.0,0.01318649068322975,-1.676666761977557,0.01428571428571423,-5.328427124746177,0.0,0.1998173083943697,-0.017741095274686813
53.16666666666663,0.01004270186335399,-2.329856715685779,0.01571428571428568,-3.454653676892967,0.0,-0.02720286954239237,-0.02901288866996765
10.83333333333337,0.02427872670807463,-0.09284637154095776,0.007142857142857229,-2.109475708248731,0.0,-0.2050017752226557,0.014511503279209137
220.5,0.02421614906832303,2.633720648160406,-0.002142857142857113,-1.666666666666657,58.16339874267578,0.2532204940364342,0.06285809725522995
189.5,0.008537111801242059,9.477775268805885,-0.01071428571428579,-1.873773447853225,54.31620895862579,0.2789700766269356,0.16795732080936432
85.33333333333331,-0.006562422360248399,2.443139432623312,0.007142857142857117,-4.149915822768612,40.49563264846802,0.2037594870475959,-0.0008234977722167969
-24.0,0.01757577639751562,5.763247753038996,-0.02357142857142858,-3.592724864350672,39.40574645996094,0.2562801755783533,0.04841996729373932
-73.83333333333331,0.0209628881987578,3.92184547378217,-0.02357142857142858,-1.678511301977579,35.75763320922852,0.2169553413898826,0.05318302661180496
76.5,0.03014798136645991,10.63568055624977,-0.02000000000000002,-2.333333333333336,33.7468376159668,0.3107071076197833,0.14397430419921875
290.1666666666667,0.07002096273291958,17.15911248126376,-0.01428571428571435,-2.649915822768598,31.73604202270508,0.4840634617112558,0.3815781772136688
143.6666666666666,0.04738835403726716,10.18656715000805,-0.0178571428571429,-3.621320343559638,29.72524452209473,0.2114564528434141,0.1573999524116516
47.5,0.04375496894409947,7.707850992058852,-0.01714285714285713,-2.776142374915409,27.71444892883301,0.125172905633895,0.11519604921340942
300.3333333333334,0.08575419254658379,18.0183214016465,-0.005000000000000004,-4.328427124746192,27.71444892883301,0.240618845907727,0.40963613986968994
266.0,0.0657122670807454,18.0183214016465,-0.01357142857142857,-6.840271760057099,25.70365142822266,0.1535956284802273,0.24171850085258484
27.66666666666663,-0.009528260869565153,3.552688748812983,0.01857142857142857,-3.523689270621823,5.595685482025146,0.07784212081757946,-0.02164718508720398
51.0,-0.02090139751552766,5.30603925470885,0.01642857142857135,-3.483249156101934,3.584888696670532,0.1509613523149059,-0.01721731573343277
264.5,0.009820962732919436,5.30603925470885,0.02214285714285713,-2.78798701022631,1.574092030525208,0.2511304724778822,0.02652064338326454
86.83333333333331,0.01412795031055891,3.011434780306104,0.01000000000000001,-1.442809041582066,1.574092030525208,-0.00477542030871525,0.011931262910366058
-64.0,-0.02703586956521742,-7.595543171441051,0.01428571428571423,-0.3047378541243546,0.0,-0.08134799771113738,-0.01338879019021988
9.666666666666686,-0.06228695652173921,-6.619726138122118,0.01357142857142857,1.276142374915395,0.0,-0.1500158817111373,-0.018831703811883926
231.5,-0.01725139751552784,-3.920318495196398,0.01500000000000001,-0.09763107293781559,0.0,-0.01318884767157408,0.04101230204105377
340.5,0.04106537267080757,3.553522651121241,0.00928571428571423,1.845177968644251,0.0,0.3837521839479311,0.11806100606918335
325.5,0.03615760869565221,-0.6938492679093144,0.00928571428571423,1.442809041582066,0.0,0.542755854759899,0.0986921563744545
136.1333333333333,0.005856521739130316,5.465732731002234,0.00642857142857145,1.710863393593478,0.0,0.4565691935932572,0.051279548555612564
43.16666666666669,-0.01552701863354045,3.291924081292436,0.01000000000000001,-4.207106781186553,0.0,0.1794831783397043,-0.020283646881580353
67.33333333333337,0.003294720496894388,1.597713220986961,0.00928571428571423,-6.32842712474617,0.0,0.1779229818528629,-0.06857399642467499
70.33333333333331,0.009143633540372509,0.722241028844337,0.007142857142857006,-3.649915822768619,0.0,0.2119225167838418,-0.04190712794661522
-75.83333333333337,0.02403245341614901,-1.401111415364028,0.01571428571428568,-1.804737854124376,0.0,-0.01361122122265568,0.013231564313173294
-59.5,0.004496583850931546,-2.490984071226023,0.01071428571428568,-1.276142374915388,0.0,-0.04576816113699089,-0.008511878550052643
168.0,-0.01272748447204985,0.6266528957722954,0.007857142857142674,-4.983249156101941,44.70109558105469,0.04712554732374674,-0.01216738298535347
238.8333333333333,0.006231211180124374,13.39193897848551,-0.01142857142857145,-2.37377344785321,43.4555549621582,0.2807507246463478,0.2159775048494339
15.33333333333331,0.001819409937888206,2.815420410617193,0.00642857142857145,-3.580880229039785,28.97347974777222,0.1959163170475959,0.0031923800706863403
206.0,0.02254673913043481,3.364909191105909,0.002142857142857224,-0.5976310729378227,26.68286418914795,0.2040400313696811,0.07988160103559494
107.1666666666667,0.01973152173913029,6.288988568778322,0.00642857142857145,-0.7071067811865532,20.71228790283203,0.2217954010626886,0.10521666705608368
144.1666666666667,0.03049875776397504,7.617858115000843,-0.02357142857142858,-0.1666666666666572,29.16046333312988,0.1808859089082852,0.18168438971042633
140.0,0.08930683229813685,13.96764728714625,-0.01571428571428568,-2.178511301977579,27.3128547668457,0.5186719617050668,0.28876322507858276
280.1666666666666,0.0839271739130436,13.29392340849432,-0.01571428571428568,-4.299831645537225,25.46524810791016,0.4710496920014838,0.3421551585197449
45.16666666666663,0.04062748447204978,5.040009148320308,-0.0207142857142858,-1.264297739604487,25.46524810791016,-0.006001297390513138,0.0716138631105423
386.1666666666667,0.05352080745341614,9.94009454572695,-0.01785714285714302,-5.937902832994919,23.61763954162598,0.2130735463343852,0.22862350940704346
118.2333333333333,0.02955372670807455,-3.487364713069056,0.01857142857142857,-0.05187830620347,3.293952465057373,0.2535832665932573,0.0587262324988842
332.1666666666667,0.009750776397515426,-3.487364713069056,0.0228571428571428,0.7071067811865532,1.446344614028931,0.002583417712907654,0.06258067488670349
191.3333333333334,0.03398105590062128,3.239453505338645,0.02357142857142858,0.8333333333333215,1.446344614028931,-0.05877065187369079,0.07937273383140564
292.8333333333333,0.01120652173913028,-9.201997694624353,0.01357142857142857,1.312825877028324,0.0,0.1023673245932572,0.1931879222393036
205.2333333333333,0.02257484472049698,-11.56476793710178,0.01571428571428568,0.6047378541243589,0.0,0.216558946348366,0.10340506583452225
254.7333333333333,0.02091878881987574,-8.402028688600112,0.01857142857142846,0.811844635310905,0.0,0.1933531416948832,0.16466693580150604
-4.166666666666686,0.02233788819875782,0.9656436996205144,0.02499999999999991,-5.495093791412863,0.0,0.2077460326377004,0.03241102397441864
31.66666666666669,0.002078881987577663,0.355216970628021,0.02142857142857135,-4.66176045807952,0.0,0.07735247401867107,-0.029937367886304855
58.5,0.01878804347826102,-0.7610079100014104,0.008571428571428563,-1.609475708248716,0.0,0.2083277207389141,0.013952583074569702
50.33333333333331,-0.008255900621118029,-1.897988975873957,0.01571428571428568,-0.5404401145198676,0.0,0.04380871124823427,0.0077862367033958435
-56.66666666666669,0.01687329192546594,-3.629392307545103,0.01071428571428568,0.4309644062711584,0.0,-0.1426022773269091,0.05538436770439148
-11.83333333333331,0.01981273291925489,-2.840374029640756,0.01214285714285723,1.333333333333343,0.0,-0.1394978192192873,0.0673007220029831
255.6666666666666,0.01843012422360235,5.027804247352805,-0.003571428571428559,-1.707106781186546,47.77863597869873,0.06710365930213003,0.13397590816020966
300.3333333333334,0.0002818322981367194,4.537844955022877,-0.002142857142857113,-5.328427124746202,43.64018106460572,0.1991909450626885,0.07716664671897888
176.1666666666667,0.01637329192546566,4.874176395588435,-0.005000000000000004,-2.787987010226296,27.72606468200684,0.3225055521197334,0.06527958065271378
172.5,0.03057795031055899,9.719982240312191,0.003571428571428448,-1.080880229039764,16.49259471893311,0.2414779114240959,0.1804470419883728
222.0,0.1294203416149068,18.65714126014676,0.005714285714285672,-1.264297739604487,23.2160472869873,0.5364407803323116,0.3634822368621826
363.6666666666667,0.1192922360248446,4.59412029423828,0.02428571428571424,-1.345177968644229,6.371854782104492,0.2361769995697001,0.39578256011009216
373.0,0.1185298136645964,-4.111663777411053,0.02714285714285714,-0.3175637311526955,3.003016471862793,0.5906826523599132,0.41012024879455566
401.3333333333334,0.150788354037267,-19.02024022171706,0.02857142857142869,2.540440114519882,1.318597197532654,0.312993544310835,0.6341641545295715
-76.5,-0.01083322981366452,11.82079588946732,0.01500000000000001,-3.247546895706432,0.0,-0.2453594994554452,0.015349157154560089
129.0,0.007742236024844917,6.026597243216983,0.01571428571428579,-2.816582489435277,0.0,0.1980757123601332,-0.00300665944814682
57.66666666666671,0.0122389751552795,4.637156665677779,0.01714285714285702,-4.580880229039771,0.0,0.1718915676809256,0.0028635039925575256
-25.0,0.009026552795030951,-0.4758316773417874,0.02499999999999991,-5.771236166328251,0.0,0.1879592187811551,-0.030097566545009613
-61.83333333333331,0.009507919254658437,-0.5807534157471821,0.02142857142857135,-2.678511301977579,0.0,0.08716063776857563,-0.028315845876932144
113.1666666666667,0.01000559006211166,-3.235290933623546,0.01857142857142846,-1.414213562373085,0.0,0.08878535478115501,0.0017666742205619812
131.1666666666667,0.002928726708074425,-2.031890118344066,0.01857142857142857,-1.442809041582059,0.0,-0.08232980586200012,-0.008063774555921555
-30.16666666666663,-0.003792080745341764,-4.263813834591602,0.01571428571428568,2.983249156101941,0.0,-0.1843473113732571,0.051311194896698
-117.5,0.004656832298136515,-4.783969549209161,0.01714285714285724,3.942809041582066,0.0,-0.2040540608880836,0.10071459412574768
269.1666666666667,0.08480139751552795,6.66597099436575,-0.006428571428571339,-6.173605093390428,39.99802207946777,0.8383499251342104,0.25775328278541565
193.3333333333333,0.0948211180124221,8.29740406135555,-0.002857142857142891,-0.04044011451988183,27.05176734924316,0.7226674958010224,0.3639373183250427
207.1666666666667,0.06953633540372661,14.28553983083943,0.003571428571428559,-0.7357022603955059,25.53053665161133,0.5309962577958532,0.26072606444358826
146.6666666666667,0.1285883540372672,15.7215533245661,0.002142857142857002,-0.2761423749154162,20.96684455871582,0.6198270123323116,0.3548293113708496
280.1666666666667,0.05200590062111821,-3.092910124360415,0.03000000000000003,2.069035593728849,5.754540920257568,-0.1433776970538052,0.2343561053276062
148.3333333333333,0.006216149068322907,11.80616774243735,0.03785714285714292,5.466498312203885,4.233310699462891,-0.3009050251097916,0.19054564833641052
255.6666666666667,-0.02325372670807457,-12.63759516100166,0.03142857142857136,5.702200572599398,1.190849781036377,-0.2077274721915666,0.19299884140491486
78.66666666666671,-0.0136948757763975,-1.644709061347157,0.03499999999999992,5.730796051808372,0.0,-0.3422422084655282,0.14298413693904877
83.83333333333337,0.08301832298136647,3.238716050116537,0.01714285714285724,1.552284749830797,0.0,0.3876118609036677,0.24833306670188904
-14.83333333333329,-0.02703649068322966,10.7095290348316,0.02571428571428569,-5.426058197683997,0.0,-0.2978422349562138,0.012880995869636536
26.66666666666669,0.0001004658385093116,2.115730689593391,0.02928571428571425,-6.437902832994912,0.0,0.139020482781155,-0.07129418849945068
-2.666666666666686,-0.01269704968944085,0.8244872518465911,0.03214285714285703,-6.564129385141698,0.0,0.08794165520403041,-0.07642079889774323
-10.66666666666669,-0.008097360248447316,-2.561633689780876,0.03071428571428569,-6.035533905932727,0.0,0.05402515609118685,-0.03039472922682762
26.66666666666669,-0.0108285714285713,-1.614010296658293,0.02357142857142858,-4.276142374915388,0.0,-0.01248455348716038,-0.02378777414560318
15.66666666666669,-0.01602189440993773,-5.014620231409822,0.03000000000000003,-0.6952621458756454,0.0,0.01783720426208957,0.006705198436975479
94.66666666666671,-0.009474689440993611,-3.699927206016284,0.02428571428571424,0.776142374915409,0.0,-0.05740386367878614,0.01768624037504196
27.8333333333334,-0.008838509316770105,-5.926549572036208,0.01857142857142857,4.259391531017343,0.0,-0.1567004483502075,0.07026886940002441
22.33333333333337,-0.004668944099378791,-5.158132720281898,0.02000000000000002,6.840271760057085,0.0,-0.3156178937038501,0.18928784132003784
293.6666666666667,0.06192903726708099,10.39636793203115,0.0814285714285714,-0.8786796564403474,-26.37891387939454,0.008720678072417276,0.2828499972820282
67.83333333333331,0.05037748447204971,7.368670972050737,0.09142857142857141,-2.361928812542299,-39.21118927001954,0.2360414194949785,0.13357135653495789
96.0,0.0228086956521738,7.077595592149081,-0.02428571428571435,-6.592724864350672,36.66024398803711,0.2734130017720851,0.005214758217334747
24.66666666666669,0.003147360248447084,5.606652496760319,-0.02500000000000002,-2.747546895706428,27.53042221069336,0.04327381499420307,0.030441777780652046
250.8333333333333,0.07709565217391323,14.0533090701586,-0.02142857142857135,-2.609475708248738,24.14981079101562,0.657026950475736,0.3165225386619568
175.6666666666667,0.01762546583850932,13.42842962559602,-0.02142857142857135,-4.316582489435277,22.79176902770996,0.498526981879222,0.1046844944357872
-88.16666666666671,0.01816242236024845,14.43131075559646,-0.02214285714285702,-3.540440114519882,21.4337272644043,0.2203581841116274,0.09649190306663513
119.5,0.02668742236024846,6.850547320230035,-0.03214285714285725,-1.316582489435284,18.71764373779297,-0.005049961914780243,0.1250099092721939
250.1666666666667,0.0193962732919255,10.93066040330767,-0.02928571428571436,-4.454653676892967,18.71764373779297,0.2391988779942031,0.185079887509346
161.1666666666667,-0.01164503105590065,-1.786907090637342,0.01714285714285724,1.471404520791026,0.0,0.1596823450387597,0.022939741611480713
-106.6666666666667,-0.08599456521739113,2.804092241723197,0.04785714285714271,-3.373773447853203,0.0,-0.6778869687959695,-0.14277687668800354
49.5,-0.03052996894409932,-0.2287123628597953,0.04142857142857137,-2.483249156101941,0.0,-0.1056669857379104,-0.024889905005693436
-55.0,-0.01172981366459624,-2.187951276191598,0.04142857142857137,0.6785113019775864,0.0,-0.01046631497920059,0.029961485415697098
-83.16666666666669,-0.002618322981366439,-2.244195037443617,0.03357142857142859,-6.466498312203882,0.0,0.01981082813799984,-0.06788904964923859
19.33333333333331,-0.01310295031055919,-2.913233104682206,0.03142857142857136,-4.040440114519875,0.0,0.08171234676089212,-0.02295593172311783
-170.1666666666667,-0.0336711180124224,-6.736111174236257,0.03000000000000003,-0.06903559372884871,0.0,-0.08695630331004056,-0.01635446771979332
168.1666666666667,-0.01835093167701851,-6.029789708303511,0.03071428571428569,-1.178511301977586,0.0,-0.1337120676138528,0.02188267931342125
-76.0,-0.0001509316770186286,-4.770495388059743,0.02142857142857135,2.23570226039552,0.0,-0.2041828630426171,0.029416918754577637
54.0,0.1022551242236025,10.06690367950016,0.0842857142857143,-1.011844635310908,-29.47235107421874,0.5938111333695087,0.28079459071159363
129.5,0.08038804347826078,7.466054139926143,0.09142857142857141,-2.414213562373089,-40.08622741699219,0.5402773931112067,0.23433132469654083
70.83333333333331,0.01304596273291914,6.211517907037674,-0.02714285714285714,-6.840271760057099,33.89831161499023,0.05502770171722049,-0.03883226215839386
50.83333333333331,0.002975931677018484,13.47130084140822,-0.02000000000000002,-5.23079605180839,24.56159210205078,0.1505102551116274,0.05418927222490311
228.6666666666667,0.06408835403726687,17.43003384100025,-0.01928571428571424,-1.845177968644236,21.24785614013672,0.4229596522054813,0.26319655776023865
-69.66666666666669,-0.02906863354037259,5.575490292785801,-0.02857142857142847,-2.138071187457705,20.05300331115723,-0.04049155291850742,0.011570621281862259
102.6666666666666,0.05504316770186346,16.27544749565222,-0.02000000000000002,-1.902368927062192,17.66329574584961,0.4051281730661331,0.15513993799686432
293.5,0.03836381987577631,11.64759656832094,-0.0207142857142858,-3.690355937288494,16.46844291687012,0.287423656711344,0.23370994627475739
107.3333333333333,0.06861739130434774,12.88130913136605,-0.01500000000000001,-4.02368927062183,15.27359008789062,0.4958895768428874,0.16559338569641113
209.5,0.03850419254658399,8.140607432800977,-0.01142857142857134,-1.276142374915402,12.88388442993164,0.3083991907642725,0.18971988558769226
-12.33333333333337,-0.03900496894409944,0.6263830650699873,0.0428571428571427,-1.707106781186553,0.0,-0.3423772295845071,-0.03372560441493988
124.3333333333333,-0.01467034161490677,-1.335727190802302,0.04142857142857137,-1.149915822768605,0.0,-0.001540352979200521,-0.0009984113276004791
-35.16666666666669,0.0009484472049690051,0.1772616465093932,0.03000000000000003,-3.316582489435284,0.0,0.1402730112098014,-0.006288688629865646
111.8333333333334,0.03306583850931699,-0.1484531657205537,0.0407142857142857,-4.466498312203882,0.0,0.0958581457261628,0.06962496787309647
109.1666666666667,-0.03825527950310548,-3.293127656852889,0.0357142857142857,0.4428090415820733,0.0,-0.01602565093783737,0.0018727704882621765
117.1666666666667,-0.01820015527950314,-3.922446233830286,0.03499999999999992,-0.6262265521467896,0.0,0.002361894133486864,0.021946020424365997
-30.16666666666669,-0.02561490683229806,-7.13591039049183,0.03071428571428569,2.333333333333336,0.0,-0.1037338458820342,0.018137279897928238
54.66666666666669,-0.01734829192546594,-5.792702728919096,0.02428571428571435,1.954653676892981,0.0,-0.2210492985543945,0.04652995616197586
-34.0,-0.04152499999999992,-5.861537750831388,0.02428571428571435,4.052284749830783,0.0,-0.3187361402775896,0.07322017848491669
50.83333333333331,-0.04375357142857128,-2.277832682619334,0.01642857142857157,1.276142374915402,0.0,-0.2280417964190108,0.003952711820602417
128.1666666666667,0.1170450310559006,6.567791823842995,0.08642857142857141,-2.511844635310908,-28.84153366088867,0.4544811681365074,0.2408781796693802
100.8333333333333,0.1437453416149066,3.372594234735317,0.08785714285714286,-0.516750843898059,-38.65716552734375,0.7827692815566137,0.37121906876564026
-147.6666666666667,0.05958711180124243,3.33987525754921,0.0942857142857143,-2.023689270621816,-54.93699264526367,0.2081770759285169,0.1470840871334076
-34.16666666666669,0.07519642857142861,4.801367733844913,0.09357142857142864,0.0976310729378298,-58.82595252990723,0.3194746301365073,0.24868649244308472
187.1666666666666,-0.00162950310559018,11.10894037412244,-0.02071428571428569,-4.799831645537232,17.31423568725586,-0.01281537736811689,0.0898970440030098
367.0,0.050168944099379,11.5980740236909,-0.0178571428571429,-2.166666666666664,16.28257179260254,0.558348304406661,0.2866917848587036
90.0,0.03098959627329201,6.248591662216214,-0.01857142857142857,-1.707106781186539,15.2509069442749,0.2080430587642725,0.08809152245521545
203.0000000000001,6.847826086964215e-05,8.331042556932672,-0.01999999999999991,-2.81658248943527,14.21924209594727,-0.08254218890570764,0.10322632640600204
229.8333333333333,7.686335403733757e-05,5.025103095116904,-0.01928571428571424,1.580880229039771,14.21924209594727,-0.2533439830378446,0.10737970471382141
231.5,0.0606164596273292,5.731409792245245,-0.02142857142857135,0.7642977396044657,13.18757820129395,0.2423869263573428,0.180172398686409
258.1666666666667,0.05362127329192534,7.081073523534016,-0.01500000000000001,0.2357022603955201,12.15591430664062,0.2383410981409176,0.23111428320407867
51.5,0.01227500000000004,5.086990074958493,-0.01357142857142857,-1.0,11.12424945831299,0.01809508089805212,0.052913520485162735
71.5,-0.04124968944099383,1.043945369567538,0.03214285714285703,0.9999999999999858,0.0,-0.1395793543322292,0.014555994421243668
59.5,-0.01229673913043483,-3.670348111731116,0.03499999999999992,0.9714045207910189,0.0,-0.1102244404233976,0.03044513612985611
-42.66666666666669,0.005278726708074499,1.012389116150302,0.03357142857142859,-0.6499158227686053,0.0,0.1131488903260648,0.021195854991674423
85.66666666666663,-0.001968944099378755,-1.5260841146318,0.03785714285714292,-2.414213562373092,0.0,-0.04080207134567115,0.010598719120025635
128.1666666666666,-0.01310434782608705,-2.037678839543602,0.03785714285714281,-1.776142374915402,0.0,-0.0960159568665131,0.004084926098585129
45.0,-0.0454515527950311,-4.602182867225849,0.03285714285714292,0.4023689270621773,0.0,-0.1178166404190109,0.004053637385368347
81.83333333333329,-0.02444984472049694,-4.937460182281029,0.03071428571428569,-0.0976310729378227,0.0,-0.0572700809424892,0.026620304211974144
-79.33333333333329,-0.01873027950310568,-6.313076443614108,0.02428571428571435,1.499999999999993,0.0,-0.2134874717113142,0.025808069854974747
-76.66666666666669,-0.02989472049689457,-4.029476249504782,0.03428571428571436,0.8333333333333144,0.0,-0.1657933719345261,0.0015242137014865875
-122.1666666666667,-0.03750341614906838,-5.521526807158878,0.01928571428571413,3.454653676892974,0.0,-0.2582704559634501,0.06596258282661438
64.3333333333334,0.0006139751552795003,-2.198319094318094,0.01928571428571435,-0.2357022603955201,0.0,-0.04338100403046907,0.009299695491790771
21.0,0.1469071428571427,3.440088243566493,0.07857142857142851,-0.247546895706428,-28.23241806030273,0.8151033455566138,0.36751747131347656
-49.5,0.03142298136645971,3.869431286694578,0.0942857142857143,-1.385618083164125,-53.6857795715332,0.2556648809343405,0.12284841388463974
6.0,0.01221894409937885,8.717409190019296,-0.02357142857142858,-1.666666666666657,17.31423568725586,0.4890915654931557,0.10990926623344421
-7.166666666666686,0.01072406832298145,4.810647849431106,-0.02142857142857135,1.609475708248716,16.28257179260254,0.110553754483634,0.06664696335792542
202.6666666666667,0.008201552795030986,5.951000595553509,-0.02428571428571424,0.3333333333333357,15.2509069442749,0.06261211018622137,0.09678681194782257
180.6666666666666,0.03617158385093167,6.780617836694333,-0.03000000000000003,0.5857864376269148,14.21924209594727,0.0554570784459496,0.13300400972366333
116.5,0.02532344720496882,5.034977884358938,-0.0228571428571428,-0.2475468957064422,13.18757820129395,-0.05137636050917893,0.0806693509221077
100.5,0.01121413043478259,2.8185846027298,-0.02000000000000002,3.218951416497461,12.15591430664062,0.08158823983124297,0.10125992447137833
16.83333333333331,0.01045683229813665,2.743746275602405,-0.0128571428571429,2.178511301977579,11.12424945831299,-0.05376677193389379,0.06072632223367691
16.0,0.0008588509316771464,2.724142509522991,-0.007857142857142896,0.764297739604487,10.09258556365967,0.01208191402789405,0.04142000526189804
6.0,-0.004654037267080691,2.196259169800598,-0.007857142857142896,2.471404520791033,9.060921669006348,-0.06484268940174964,0.04194385185837746
-139.0,-0.07134984472049677,-5.844748995487976,0.0485714285714286,1.13807118745769,0.0,-0.2560237376675047,-0.06673911213874817
-221.5,-0.06493043478260885,-5.90080769796694,0.02928571428571436,-1.138071187457697,0.0,0.02326424678076555,-0.04436909779906273
-34.33333333333337,-0.04720931677018636,-9.576431755703311,0.04142857142857137,-2.178511301977593,0.0,-0.3516069058949575,-0.10444459319114685
-111.5,-0.03607003105590056,-5.487705361617628,0.03285714285714281,-1.87377344785321,0.0,-0.1570042930825228,-0.02442891150712967
-29.50000000000003,-0.02611350931677037,-3.736392738445034,0.0407142857142857,-1.942809041582066,0.0,-0.1697962529168442,-0.02270999550819397
-121.3333333333333,-0.04006366459627331,-6.78029617328778,0.03785714285714281,-1.511844635310908,0.0,-0.2398801564084375,-0.05378967151045799
-28.00000000000003,-0.04147903726708113,-4.623673291007421,0.03500000000000003,0.5690355937288487,0.0,-0.2229681017907063,0.006593398749828339
-39.5,-0.02943027950310551,-3.500117218677431,0.03142857142857147,0.0,0.0,-0.1389679774121443,0.01446550339460373
38.33333333333337,-0.05162375776397532,-4.04828442927699,0.0278571428571428,0.5,0.0,-0.2260522249345261,0.0012866854667663574
66.33333333333337,-0.001647981366459828,-1.863470776591001,0.02142857142857146,0.1380711874577116,0.0,-0.02741331801793911,0.00850272923707962
55.0,-0.03013462732919248,-2.468560455950779,0.02071428571428569,1.304737854124362,0.0,-0.1660485919345261,0.015427365899085999
158.8333333333334,0.05554021739130444,1.59847628236659,0.1057142857142858,3.092724864350668,-41.22416687011719,0.4692627823711149,0.23906710743904114
28.66666666666663,0.01236832298136659,6.427502787910782,-0.01357142857142857,0.8165824894352767,15.44394302368164,0.1683992404950219,0.09573237597942352
-142.5,-0.0217158385093168,4.296233936474707,-0.01857142857142857,4.385618083164125,14.57546806335449,-0.1653119758018096,0.13491611182689667
158.8333333333334,0.01076180124223625,4.229962992092311,-0.02071428571428569,6.799831645537232,13.70699214935303,-0.0996347328717947,0.18334223330020905
222.9999999999999,0.02764021739130429,6.581249511505064,-0.01928571428571424,4.914213562373085,12.83851718902588,-0.01728947535728076,0.19701546430587769
119.8333333333333,0.00635605590062116,7.120122512106761,-0.01428571428571423,5.10456949966159,11.97004127502441,-0.1387266034741748,0.18250620365142822
-73.83333333333337,-0.01505993788819882,1.80785188260279,0.01142857142857145,-2.178511301977579,11.97004127502441,-0.2199241546188863,0.00048236921429634094
15.33333333333331,-0.003201086956521659,6.38259440831969,-0.01428571428571423,2.207106781186553,11.10156631469727,-0.06192704735547472,0.09652107954025269
-0.8333333333333712,-0.01361475155279523,2.876740884616297,0.01357142857142857,-3.121320343559638,10.2330904006958,-0.03602352030736633,-0.003437105566263199
-95.66666666666669,0.04757065217391332,6.822522854231678,-0.01071428571428579,0.9428090415820627,9.364615440368652,0.08443269662298325,0.12963156402111053
-57.0,-0.01606739130434787,0.3154257738153916,0.0228571428571428,1.580880229039771,8.496139526367188,-0.07364038837202758,0.03812653571367264
58.5,0.04684192546583854,1.9756005584359,0.0,3.816582489435277,7.627664089202881,0.1308697592469306,0.13862553238868713
74.33333333333331,-0.01544161490683227,-3.14070516824799,0.03500000000000003,-0.2357022603955201,6.759188652038574,-0.217660497280935,0.01974424347281456
110.0,0.02171972049689452,4.113172723096994,0.009999999999999898,3.276142374915388,5.890713214874268,0.07693817776144007,0.12372788786888123
-164.8333333333333,-0.03922344720496906,-6.905112045732523,0.04928571428571427,2.080880229039771,4.153761863708496,-0.2599433560670971,-0.029813893139362335
-124.0,0.0003411490683229434,-4.624491362299196,0.02714285714285702,-1.638071187457697,3.285286664962769,0.3359614921849525,-0.01696406677365303
-105.6666666666666,-0.02074798136645961,-2.478577728685877,0.03071428571428581,2.357022603955151,2.416810989379883,0.03039451938177196,0.026942893862724304
-66.33333333333337,-0.04367360248447216,-3.649215632021836,0.03428571428571425,-4.426058197684004,1.548335552215576,0.4739444131849525,-0.05011065676808357
-94.33333333333331,-0.0969614906832299,-11.26944562320271,0.06214285714285706,-4.828427124746177,0.6798600554466248,-0.232832377280935,-0.2288060039281845
-4.166666666666629,-0.05703711180124227,-12.23312418147631,0.03428571428571425,-2.02368927062183,0.0,0.3680306187147558,-0.09470392763614655
-213.6666666666667,-0.1147934782608694,-9.776149394307367,0.04928571428571427,-4.495093791412856,0.0,-0.605978492857802,-0.22200386226177216
-41.16666666666671,-0.0344130434782608,-5.619933572161017,0.03071428571428569,-4.39746271847504,0.0,-0.1099376758016476,-0.036978691816329956
-16.1666666666666,-0.04397375776397505,-3.801697244694139,0.04285714285714282,-3.885618083164125,0.0,-0.1774063161665083,-0.0635787770152092
-22.33333333333331,-0.01600838509316782,-3.24028680487811,0.03571428571428581,-1.23570226039552,0.0,-0.06807342086980417,0.004336882382631302
3.0,-0.0425413043478261,-3.672998638396592,0.03071428571428569,0.0690355937288416,0.0,-0.1990069098836403,-0.003186143934726715
77.0,-0.03151832298136659,-1.889984645792069,0.03000000000000003,-2.109475708248745,0.0,-0.07391442600743137,-0.009576227515935898
-24.66666666666663,-0.04358571428571434,-5.125998044176981,0.02357142857142858,0.5404401145198676,0.0,-0.226630642137081,0.00029223784804344177
91.0,-0.0205395962732916,-2.603313954687792,0.02285714285714291,0.2357022603955201,0.0,-0.1054841204904624,0.007560700178146362
168.6666666666666,-0.03071024844720516,-3.700533883342302,0.01785714285714279,2.649915822768605,0.0,-0.05841531393452615,0.03258056193590164
116.8333333333333,-0.01614798136645956,-2.296848285990293,0.0157142857142859,1.26429773960448,0.0,0.04094311498209924,0.015839170664548874
372.8333333333334,0.06820155279503115,8.466943910847206,0.007142857142857006,-3.454653676892974,11.83670043945312,0.4374886553592454,0.3391589820384979
335.6666666666666,0.05910357142857159,9.204257158762928,0.01071428571428579,-0.5,11.13141441345215,0.3665993414106364,0.37223368883132935
353.0000000000001,0.1435656832298134,7.130399132337303,0.005000000000000004,0.5690355937288487,10.42612743377686,0.7095650318437279,0.5372724533081055
284.3333333333334,0.1249155279503104,10.36034581806807,0.007142857142857006,-0.6094757082487234,9.720840454101562,0.623845502898158,0.43496841192245483
45.83333333333331,-0.02730698757764005,0.8260144812226002,0.009285714285714342,-1.580880229039764,9.720840454101562,-0.2380127233720276,-0.0030042901635169983
43.66666666666669,0.01308555900621122,7.790865620125345,0.01285714285714279,-6.63316497887055,9.01555347442627,0.0636127192335143,0.022941403090953827
-150.1666666666666,-0.0438486024844722,-1.402261757439305,0.02357142857142869,-0.6785113019775721,6.899693489074707,-0.2956496586925199,-0.012790501117706299
7.166666666666686,-0.02538027950310562,-2.210782726885498,0.02000000000000002,-0.8047378541243759,6.194406509399414,-0.1868590527431793,0.00018264725804328918
150.0,-0.04868291925465829,-4.189008122453401,0.0357142857142857,-0.471404520791026,5.489120006561279,-0.2782694852933665,0.009244561195373535
-92.6666666666666,-0.05914083850931673,-8.298335706541693,0.0485714285714286,2.011844635310915,3.373259782791138,-0.3295938103400834,-0.07447874546051025
-232.8333333333334,-0.07087049689441016,-8.223016566799743,0.06214285714285706,0.792893218813461,2.667972803115845,-0.3529509162667864,-0.10008244216442108
-146.5,-0.0830878881987579,-8.6507246636818,0.05785714285714283,-1.028595479208967,1.96268618106842,-0.3375862437523897,-0.21135175228118896
-110.1666666666666,-0.08809239130434787,-9.928073427003795,0.06785714285714273,-3.718951416497461,1.257399439811707,-0.2435598772513516,-0.23146633803844452
-23.83333333333337,-0.06224720496894409,-13.17382014501614,0.06714285714285717,-1.000000000000011,0.0,-0.2937318360843487,-0.10667762160301208
74.33333333333331,-0.08012779503105605,-16.40676879174283,0.05285714285714294,-5.771236166328251,0.0,-0.3874189334730224,-0.19953422248363495
-76.5,-0.05448322981366449,-16.540676805383,0.05785714285714283,-4.109475708248745,0.0,-0.246178096766157,-0.19569063186645508
-11.33333333333329,-0.05254751552795012,-17.1608174447569,0.06000000000000005,-4.178511301977579,0.0,-0.0848570424836802,-0.15989863872528076
-137.0,-0.1115552795031057,-17.37276365513745,0.0535714285714286,-1.942809041582052,0.0,-0.5007630184547326,-0.21978777647018433
-118.6666666666666,-0.08904689440993763,-4.818049906503106,0.05285714285714294,-3.511844635310908,0.0,-0.3805250098037224,-0.16426007449626923
-117.1666666666666,-0.0728815217391302,-8.667928661927846,0.05500000000000005,-4.649915822768612,0.0,-0.3770201404547326,-0.17721661925315857
71.00000000000003,-0.06364456521739115,-10.49638779132637,0.04928571428571438,-4.357022603955166,0.0,-0.2221744660887172,-0.12983295321464539
-139.8333333333334,-0.09920046583850928,-9.721333315554645,0.04714285714285715,-2.276142374915388,0.0,-0.3026453333162035,-0.1844223290681839
-11.5,-0.05404518633540378,-6.483743940553936,0.02357142857142858,-4.552284749830775,0.0,0.0270757285492198,-0.07038949429988861
25.0,-0.01263167701863344,-4.921090375058128,0.03571428571428581,-1.735702260395506,0.0,-0.03820076138476136,-0.002671472728252411
-15.66666666666669,-0.003961335403726784,-3.547645566596216,0.03285714285714292,-2.718951416497461,0.0,0.07301855224425058,-0.01599721983075142
-136.3333333333333,-0.02898462732919249,-5.277941619671552,0.0278571428571428,0.3047378541243617,0.0,-0.1225757486682907,0.001569993793964386
42.66666666666671,-0.01297422360248446,-1.081253739367654,0.02928571428571436,-2.718951416497461,0.0,0.02776944623029798,-0.01588292419910431
-41.66666666666669,-0.01339704968944089,-1.284632084546757,0.02499999999999991,-3.552284749830804,0.0,0.03106060059510096,-0.023301560431718826
65.83333333333329,-0.01561739130434769,-2.922421661675457,0.02357142857142858,-1.47140452079104,0.0,-0.002648411554602492,0.0007431469857692719
2.833333333333314,-0.005549223602484332,-2.038319640775512,0.0228571428571428,-2.080880229039771,0.0,-0.08282842445644567,-0.013365335762500763
68.33333333333329,-0.03931366459627317,-3.755551586795761,0.01857142857142868,0.9714045207910331,-0.1920912712812424,-0.1499790939975089,-0.004336938261985779
313.1666666666666,0.05779922360248435,-4.883597448437897,0.005000000000000004,-4.426058197684004,12.68626880645752,0.4218419950684421,0.18136101961135864
290.4999999999999,0.104877950310559,2.503616953521401,-0.0007142857142857784,-1.833333333333343,9.640031814575195,0.5030415701040991,0.28477221727371216
305.4999999999999,0.05563524844720491,8.21782035419784,0.00642857142857145,-3.385618083164125,9.097933769226074,0.4067081607917656,0.268512099981308
410.1666666666666,0.1971588509316771,6.948439263584973,0.002142857142857113,-0.5,8.555835723876953,0.8818875778139228,0.5335907936096191
323.3333333333334,0.09047096273291921,-6.5671929216915,0.0007142857142856673,0.3333333333333286,8.013737678527832,0.5384981464992831,0.46789073944091797
389.1666666666666,0.1732166149068323,1.409147218883291,-0.002857142857142891,-1.304737854124369,7.471639633178711,0.8268972925528255,0.3316175937652588
-192.1666666666666,-0.03061211180124224,0.4577733428828026,0.002142857142857113,-5.437902832994919,6.92954158782959,-0.1689502611937442,-0.05621182173490524
-14.0,-0.01177406832298122,1.513811963205399,0.00928571428571423,-6.064129385141698,6.387443542480469,0.01547915952675893,-0.034114111214876175
-123.6666666666666,-0.04930869565217388,-1.891741385610288,0.02928571428571436,-0.5,5.303247451782227,-0.3270385147523897,-0.008184310048818588
10.5,0.008419099378882078,-0.3999161541735106,0.01571428571428579,-1.580880229039749,4.761149406433105,-0.0461491554976724,-0.0037463903427124023
134.8333333333333,-0.04046428571428573,-4.207450160183498,0.03142857142857136,1.373773447853225,4.219051361083984,-0.2726941083764473,0.02800402231514454
-77.0,-0.05598726708074542,-4.496291184494098,0.0507142857142856,1.430964406271144,3.676953315734863,-0.300744291560576,-0.04425126686692238
-160.8333333333334,-0.0887756211180124,-9.564892945967827,0.06357142857142861,-5.897462718475026,0.0,-0.3358377151022565,-0.2530171871185303
-135.0,-0.0336905279503108,-7.895248879425338,0.04999999999999993,-7.437902832994919,0.0,-0.1293715563496115,-0.2382967323064804
-29.66666666666669,-0.04942236024844726,-9.905705474423542,0.05714285714285727,-5.426058197684007,0.0,-0.42033968993645,-0.14410400390625
0.666666666666714,-0.02956242236024853,-10.80659488320217,0.06285714285714283,-5.25939153101735,0.0,-0.08243309763795315,-0.10694819688796997
-111.0,-0.07248835403726739,-12.66586368155407,0.05928571428571427,-3.499999999999993,0.0,-0.3645618491524665,-0.17263542115688324
-190.5,-0.06248478260869572,-14.51664760141983,0.05500000000000005,-3.678511301977579,0.0,-0.3750211834547326,-0.16554196178913116
12.66666666666671,-0.08491739130434772,-19.11056341631301,0.05642857142857149,-3.414213562373099,0.0,-0.2067448149094833,-0.20956066250801086
-196.0,-0.09011645962732928,-5.278325383828843,0.05071428571428571,-4.190355937288498,0.0,-0.2201864830604929,-0.18488724529743195
-160.6666666666667,-0.1045094720496894,-5.278325383828843,0.05214285714285727,-3.926058197684,0.0,-0.3038593306393655,-0.1750989556312561
-129.6666666666666,-0.09272841614906824,-4.328183075024,0.05071428571428571,-3.13807118745769,0.0,-0.3079060350132864,-0.17710812389850616
-47.33333333333329,-0.09594503105590058,-5.927695948566466,0.05214285714285727,-4.926058197684007,0.0,-0.2363853300340952,-0.1563991904258728
-11.83333333333337,-0.06545993788819882,-4.942717664554038,0.04357142857142848,-1.528595479208981,0.0,-0.212984655198783,-0.05310969799757004
-41.83333333333343,-0.08749549689441005,-8.635148385279876,0.04571428571428571,-2.52368927062183,0.0,-0.225680833783617,-0.17677533626556396
-68.0,-0.05802546583850932,-8.309672062167834,0.03857142857142859,-3.442809041582045,0.0,-0.1848485855113851,-0.11994899809360504
-121.8333333333333,-0.08178322981366459,-11.76677299707174,0.04142857142857137,0.4023689270621702,0.0,-0.2598146003805527,-0.17558938264846802
-137.8333333333333,-0.07001739130434792,-9.618946997455708,0.03857142857142859,4.05228474983079,0.0,-0.2088520895965847,-0.034590501338243484
-42.66666666666669,-0.0345344720496894,-4.151936381962315,0.03214285714285714,1.678511301977593,0.0,-0.09504632800440604,0.012805018573999405
-33.83333333333329,-0.01279239130434784,-0.7509040935910036,0.03285714285714281,-2.373773447853218,-0.1199024096131325,0.0528859352100044,-0.008104357868432999
-70.1666666666666,-0.01284953416149071,-0.4270623967373979,0.02857142857142858,-2.55228474983079,-0.04771353304386139,0.04524752177065505,-0.021759793162345886
-9.666666666666686,-0.0002889751552793696,0.06745135220499776,0.02928571428571425,-2.954653676892974,-0.1559968441724777,0.1176142678127939,-0.027864031493663788
-58.66666666666669,0.006033850931677076,-1.038833901417888,0.02642857142857136,-1.569035593728856,-0.5709770321846008,0.04382712436953062,-0.006406430155038834
17.16666666666669,-0.02637624223602497,-4.591075766398447,0.02214285714285713,0.1262265521467825,-0.2642801403999329,-0.001024911554852737,-0.010850630700588226
57.0,-0.003029192546583737,-2.722302882121085,0.01928571428571424,0.0,-0.8168855905532837,0.02256802521000445,0.005917798727750778
-102.0,-0.01513850931677019,-3.895013705857991,0.01928571428571424,1.276142374915402,-0.2281857132911682,-0.03218177955460244,0.01245453953742981
-56.16666666666669,-0.04362841614906832,-3.406069119116566,0.01714285714285724,1.345177968644251,-1.30870258808136,-0.1061804288539738,-0.009269539266824722
-25.66666666666671,-0.01501024844720522,-1.906145422874474,0.01642857142857135,2.776142374915395,-0.3250685334205627,-0.04919831934543617,0.02657206729054451
71.8333333333334,0.01119145962732926,-1.643436097570131,0.01357142857142857,-1.138071187457705,-1.969591379165649,0.141293895421913,-0.022116802632808685
281.0,0.006434627329192533,-12.0640589220756,-0.0007142857142857784,-4.966498312203889,9.717437744140625,0.2288151447917656,0.07579691708087921
406.6666666666666,0.1513551242236023,-2.697654630135801,-0.001428571428571446,-2.011844635310908,6.359166145324707,0.9468146004093229,0.312028169631958
257.6666666666666,0.1003835403726708,6.296224834613952,0.001428571428571335,0.09763107293781559,5.601347923278809,0.6955924135937972,0.35993728041648865
79.33333333333331,0.0294465838509318,1.5570590364282,0.003571428571428559,-3.011844635310908,5.222438335418701,0.2474197320627843,0.008222673088312149
144.3333333333333,0.06526086956521748,0.1273902589595082,0.007142857142857229,-5.840271760057114,4.464620113372803,0.4402207971271895,0.05305924266576767
213.0,0.05741708074534158,-16.0917469148315,0.007142857142857229,-4.690355937288487,4.085710525512695,0.2998338426194622,0.14197993278503418
-87.83333333333337,-0.03175698757763978,-1.045932951236196,0.02928571428571425,-2.954653676892981,3.706801414489746,-0.2121572708191252,-0.04012339189648628
22.0,-0.02459937888198771,-2.936305329602305,0.0357142857142857,-2.207106781186546,2.948982715606689,-0.06816044966506196,0.00020918995141983032
77.83333333333331,-0.06092593167701876,-7.732773434600603,0.06214285714285717,-6.368867239266066,0.0,-0.2798497515398958,-0.13791921734809875
193.8333333333333,-0.04352080745341624,-7.783519297112107,0.06499999999999995,-4.690355937288491,0.0,-0.2848681613455812,-0.053523607552051544
-125.5,-0.06097965838509334,-8.839970132745492,0.05071428571428571,-5.075974020452616,0.0,-0.4494629540098908,-0.18451325595378876
15.5,-0.06437003105590078,-9.456905128219091,0.05928571428571416,-5.271236166328247,0.0,-0.3943371695398957,-0.14068639278411865
-65.5,-0.06999006211180137,-10.46334301337613,0.05785714285714294,-4.202200572599413,0.0,-0.2750075501522564,-0.16038967669010162
2.0,-0.08105155279503118,-12.85871631372099,0.05785714285714294,-2.897462718475033,0.0,-0.3014011949302742,-0.20524361729621887
-49.33333333333329,-0.08996381987577629,-14.9497616533377,0.05357142857142871,-5.437902832994919,0.0,-0.2897920468379045,-0.2227114588022232
-107.1666666666667,-0.1459804347826087,-16.803722128308,0.05428571428571416,-1.845177968644251,0.0,-0.3945461256279882,-0.23815874755382538
-77.5,-0.06422950310559006,-8.19672284759352,0.05214285714285727,-5.064129385141701,0.0,-0.2308260126393655,-0.14756622910499573
-96.5,-0.05089363354037257,-6.184713016713445,0.05357142857142871,-4.966498312203882,0.0,-0.2639432601817184,-0.11421813070774078
39.83333333333331,-0.07701708074534164,-6.294770264382038,0.05500000000000005,-6.13316497887055,0.0,-0.1771510768751796,-0.14665918052196503
-90.0,-0.06301521739130456,-3.3204619696658,0.05000000000000004,-1.47140452079104,0.0,-0.08921713693274025,-0.09563741087913513
51.50000000000003,-0.04428897515527941,-1.503922194549801,0.05000000000000004,-3.052284749830797,0.0,-0.08735806005275881,-0.07333037257194519
-101.0,-0.06670745341614925,-4.865606967684869,0.04928571428571427,-3.161760458079524,0.0,-0.114463195093459,-0.10994277894496918
91.16666666666669,-0.08534378881987581,-8.131748596240882,0.04642857142857149,-1.735702260395527,0.0,-0.2076438725965848,-0.1374107450246811
15.16666666666669,-0.06819596273291928,-11.88516140645416,0.04571428571428571,-1.707106781186553,0.0,-0.3464191001817184,-0.10050038993358612
-106.3333333333334,-0.03635559006211186,-10.44856979901697,0.03285714285714281,-0.1666666666666785,0.0,-0.1121331131979496,-0.04503504931926727
8.833333333333371,-0.02782096273291923,-9.686331781913182,0.03785714285714292,1.73570226039552,0.0,-0.1384861346635313,-0.0019317381083965302
-49.16666666666669,-0.02553524844720523,-7.349586856808088,0.03571428571428581,0.9428090415820662,0.0,-0.02453496764080176,0.0023243986070156097
-152.1666666666666,-0.06131614906832294,-4.456939879611056,0.03500000000000003,4.190355937288501,0.0,-0.1330282189327403,0.06668033450841904
-114.0,-0.04649767080745337,-1.739047078441999,0.03714285714285714,1.442809041582059,0.0,-0.0590330480674407,0.001168079674243927
-87.6666666666666,-0.04506273291925478,-0.3556142444539887,0.02857142857142858,-0.3047378541243688,0.0,0.07328757044514722,-0.005360722541809082
-32.33333333333331,-0.04793897515527967,-1.326626121151889,0.01857142857142846,-0.3619288125423026,0.0,-0.02638764028045815,-0.0025204457342624664
-54.49999999999997,0.00756909937888206,0.2581184768486082,0.02571428571428569,-1.0,-1.058146119117737,0.1146993299000983,0.008195396512746811
-63.16666666666671,-0.0104860248447205,-3.390018782393213,0.02500000000000002,-0.8333333333333357,0.0,0.06575446328456924,0.0064688436686992645
-61.6666666666666,0.01219720496894416,-1.139912126197018,0.02071428571428569,-1.540440114519875,-1.513868689537048,0.1437117006671762,-0.013972528278827667
-39.6666666666666,0.001998447204969112,-1.010866336742694,0.02071428571428569,1.666666666666664,-0.6024234890937805,0.08760828249787411,0.020384687930345535
-142.6666666666667,-0.02591475155279477,-2.706894980221506,0.01642857142857135,-0.9428090415820591,-1.554611206054688,0.03292152406468329,-0.023022640496492386
-137.3333333333333,-0.02565139751552803,-2.348780387897506,0.01857142857142846,-0.0976310729378227,-2.425313949584961,-0.03273070812299139,-0.009357582777738571
19.16666666666663,-0.007239751552794882,-1.47635794805889,0.01357142857142846,-2.040440114519868,-2.876388549804688,0.05286693882879701,-0.023956216871738434
75.16666666666671,0.008002484472049542,-0.5275750528153793,0.01571428571428568,-0.9023689270621844,-2.210851907730103,0.0757700247828842,-0.023468364030122757
-5.0,-0.02425357142857165,-3.584427635873354,0.01357142857142857,1.540440114519882,-3.541925430297852,-0.1359879841229914,0.01314835250377655
182.5,0.03726226708074543,10.67056167445678,0.07571428571428573,-2.31658248943527,-72.01021766662598,0.3975933848662007,0.15058115124702454
59.83333333333331,0.0383243788819877,10.07239840934542,0.07714285714285707,-2.552284749830786,-82.58833742141724,0.2147389348321299,0.13205015659332275
139.5,0.04508291925465868,1.614731863922799,0.005000000000000004,-2.707106781186557,3.836119651794434,-0.01500368130957974,0.02217373251914978
266.8333333333333,0.1031427018633539,-5.38551447405581,-0.002857142857142669,-2.747546895706421,3.620398998260498,0.9801866214001917,0.28594374656677246
373.0,0.08089223602484452,7.3253040201038,-0.002142857142857224,-1.47140452079104,2.97323751449585,0.4920644402735048,0.3542424440383911
23.5,0.01501708074534158,1.377238689757391,0.003571428571428559,-4.690355937288501,2.757516860961914,-0.04828900362414523,-0.013532523065805435
215.0,0.1070892857142858,-2.500471294957293,0.01071428571428568,-3.885618083164129,2.326075792312622,0.6165112357507051,0.19699376821517944
-226.3333333333334,-0.05282018633540386,-1.052505011982987,0.03142857142857136,-5.995093791412856,1.89463472366333,-0.4427291587133352,-0.05223836749792099
12.5,-0.03959285714285732,-1.799169587375502,0.04000000000000004,-6.035533905932752,1.463193655014038,-0.2134338306660098,-0.063266322016716
-114.8333333333333,-0.08900791925465856,-7.880269893800417,0.06928571428571428,-2.776142374915402,0.6003114581108093,-0.475744144429735,-0.21401932835578918
-215.3333333333334,-0.08988152173913044,-9.090902511531112,0.07357142857142862,-3.678511301977579,0.3845909237861633,-0.4336304899451208,-0.24437278509140015
-196.8333333333334,-0.04348416149068302,-7.470968550996204,0.06214285714285706,-5.926058197683997,0.1688703745603561,-0.03497484366640313,-0.1350344717502594
-21.66666666666669,-0.08078913043478264,-10.94017597281918,0.07500000000000007,-2.218951416497458,0.1688703745603561,-0.207265961550389,-0.1920844316482544
-134.3333333333334,-0.08486413043478247,-9.44713830777593,0.06857142857142862,-1.166666666666671,0.0,-0.2270902357982516,-0.20630626380443573
-144.6666666666667,-0.06019409937888187,-6.951419337474206,0.05714285714285705,-4.926058197684007,0.0,-0.2615488166610597,-0.14413370192050934
1.333333333333314,-0.05376785714285748,-4.634732443134936,0.06071428571428561,-0.9595598854801111,0.0,-0.2392519999302741,-0.052504777908325195
119.3333333333333,-0.09040170807453407,-6.958635931871569,0.06071428571428572,-3.483249156101948,0.0,-0.4449785384017316,-0.1328190267086029
74.16666666666663,-0.08145248447204967,-6.90531426925736,0.05642857142857138,-2.942809041582059,0.0,-0.401663451218757,-0.15563027560710907
42.0,-0.0792995341614906,-8.594911153809434,0.05785714285714294,-3.357022603955148,0.0,-0.422883882293546,-0.18959380686283112
-37.33333333333329,-0.085329192546584,-10.16487093216651,0.05928571428571416,-2.333333333333343,0.0,-0.2967736218350868,-0.20512163639068604
-80.16666666666671,-0.0951933229813664,-11.70938092663553,0.05642857142857138,-5.149915822768609,0.0,-0.3549684040823452,-0.2097076028585434
-39.83333333333331,-0.08038338509316767,-14.22217183813156,0.04714285714285704,-3.357022603955159,0.0,-0.2668094587177996,-0.20341843366622925
121.8333333333334,-0.1021641304347827,-18.34959397524857,0.04928571428571427,-1.235702260395527,0.0,-0.2852311796115791,-0.16252237558364868
-21.33333333333331,-0.09656397515527948,-18.33373105719437,0.05142857142857149,-1.207106781186539,0.0,-0.2712320901056021,-0.21349580585956573
-88.83333333333331,-0.08511801242235995,-19.79050100123409,0.0585714285714285,-2.121320343559645,0.0,-0.2254503191062952,-0.23183856904506683
-124.5,-0.08954472049689421,-15.56946438540287,0.0585714285714285,-3.040440114519889,0.0,-0.2668031090823453,-0.26208046078681946
-40.66666666666669,-0.06061242236024833,-9.55976239279157,0.05214285714285705,-3.678511301977565,0.0,-0.02058905992034221,-0.15632882714271545
-40.83333333333337,-0.06690232919254668,-5.377360929208947,0.04928571428571427,-3.385618083164132,0.0,-0.0654148870934591,-0.09486551582813263
34.0,-0.05582748447204966,-4.415752240758806,0.0535714285714286,-2.63807118745769,0.0,-0.2202121392025073,-0.07441087812185287
-180.0,-0.07993897515527948,-4.579904281353507,0.05928571428571427,-5.535533905932734,0.0,-0.2179551840769826,-0.1927061527967453
-51.0,-0.01241661490683243,-0.8269401760538102,0.0328571428571427,-1.695262145875631,0.0,-0.07064898708252276,-0.006245162338018417
11.33333333333331,-0.05741925465838515,-4.390864151692696,0.06071428571428561,-2.609475708248709,0.0,-0.2596976134283101,-0.06584234535694122
53.33333333333331,-0.002587267080745304,-3.39637157602283,0.05000000000000004,-1.28798701022631,0.0,-0.1102306552204541,-0.01612601801753044
61.5,-0.03248043478260876,-5.793810187882244,0.04785714285714293,-0.4023689270621773,0.0,-0.1309088910782223,-0.012669660151004791
26.16666666666669,-0.02736770186335413,-9.662220080831602,0.04714285714285715,3.092724864350668,0.0,-0.168320079220454,0.03479121997952461
2.166666666666686,-0.06211599378882005,-10.1470764858858,0.04500000000000004,1.040440114519882,0.0,-0.2205564559390543,-0.0708058625459671
-90.16666666666669,-0.05309860248447207,-10.7919525630063,0.04357142857142859,2.080880229039764,0.0,-0.2763595624085609,-0.06579745560884476
-142.6666666666667,-0.0431815217391307,-8.196585803017342,0.02714285714285714,2.857022603955144,0.0,-0.1127055728018911,-0.024252470582723618
-48.66666666666669,-0.01180729813664583,-3.325168446263731,0.03857142857142859,-0.3333333333333357,0.0,0.05321911145179559,0.028100404888391495
45.49999999999997,-0.02113478260869561,-0.713475042359093,0.03785714285714292,0.1952621458756312,0.0,0.06056949694752845,0.025364035740494728
-84.66666666666671,-0.0139392857142856,-0.4578503955074922,0.03214285714285714,1.942809041582066,0.0,0.1132365969475284,0.03227555751800537
-48.5,-0.0158093167701866,-1.236821025482399,0.02500000000000002,-2.259391531017343,-1.800519704818726,0.025151339263492,-0.01780492067337036
-106.5,-0.0158093167701866,-1.572494598972398,0.02500000000000002,-0.02859547920895977,-0.3003745973110199,0.025151339263492,0.007406122982501984
-107.5,-0.03000807453416143,-3.068601750852693,0.02000000000000002,-1.954653676892974,-0.3003745973110199,-0.05849544380295812,-0.04586267098784447
-203.5,-0.02574906832298152,-3.174260148146189,0.02214285714285724,-1.028595479208974,-4.207461833953857,-0.02134578460907666,-0.01203644648194313
-155.6666666666667,-0.02446180124223618,-1.655608532268587,0.0178571428571429,-0.9999999999999929,-3.336759090423584,0.01867158127102531,-0.02481381595134735
-120.1666666666667,0.001009627329192631,-0.01436012877040582,0.02142857142857135,-2.385618083164125,-3.783185958862305,0.1470570225835865,-0.038023941218853
-2.166666666666629,0.007848291925465545,2.294871709570998,0.02214285714285713,-0.4714045207910331,-1.434488415718079,0.04371173655201999,0.0075874924659729
-9.333333333333314,0.01776273291925456,0.4003210300498949,0.01714285714285713,-3.218951416497468,-2.907835006713867,0.188570055912847,-0.01168818399310112
65.66666666666671,0.00873338509316779,-0.02578356870499476,0.01500000000000001,-1.73570226039552,-2.5196533203125,0.0526968031111914,-0.02054772898554802
43.5,0.002696583850931744,-0.2603711897540819,0.01500000000000001,1.13807118745769,-1.711843490600586,-0.07388899244798008,0.012346547096967697
167.3333333333333,0.0788416149068325,4.985727192264321,-0.002142857142857002,-5.730796051808358,0.9341636896133423,0.02506512269042027,0.1430726945400238
327.5,0.09823167701863367,4.897049411308231,-0.004285714285714337,-5.39746271847504,0.8816318511962891,0.723459580044379,0.18933287262916565
377.0000000000001,0.08050698757763985,9.448364716030696,-0.00285714285714278,0.5690355937288416,0.724036455154419,0.483648666141323,0.4584948718547821
216.5,0.1109031055900621,9.427360273622625,-0.002857142857142891,-2.747546895706428,0.6189728379249573,0.5702479298391012,0.24128004908561707
-90.66666666666669,-0.04554052795031061,-6.990755901633449,0.06857142857142862,-3.109475708248731,0.146186575293541,-0.2479743035914773,-0.12001372873783112
-229.0,-0.08934068322981348,-8.680631820822896,0.07357142857142862,-3.690355937288494,0.09365475922822952,-0.3841766971863141,-0.2398548573255539
23.0,0.01795139751552788,-7.740847401475492,0.06357142857142861,-4.385618083164125,0.04112295433878899,0.5538924747799262,0.03742390125989914
-168.0,-0.08163618012422347,-9.346616626054583,0.06785714285714295,-4.592724864350672,0.04112295433878899,-0.2565412307265259,-0.2708721458911896
19.33333333333337,-0.0891967391304348,-10.20848189628416,0.07357142857142862,-1.23570226039552,0.0,-0.2615686582456828,-0.1792958527803421
4.166666666666714,-0.001458850931676969,-2.922002162630704,0.05500000000000005,-4.868867239266066,0.0,0.3746525354811722,-0.027683071792125702
59.16666666666663,-0.05250217391304335,-5.239987103602104,0.05714285714285727,-7.783080801639162,0.0,-0.1246831545610245,-0.24922455847263336
9.666666666666686,-0.08219130434782607,-8.615155966186407,0.05571428571428572,-4.247546895706432,0.0,-0.2984840551110614,-0.2255706489086151
-124.6666666666667,-0.08469906832298157,-10.49077526472885,0.05571428571428572,-2.983249156101941,0.0,-0.3781125617796638,-0.24559848010540009
-64.66666666666669,-0.04476521739130446,-5.720612725557402,0.007142857142857229,-4.926058197684,0.0,0.2471816677169965,-0.07969522476196289
-143.0,-0.04724596273291937,-7.32438610381891,0.01714285714285724,-4.592724864350672,0.0,0.1919379245642034,-0.12093581259250641
-201.5,-0.1085097826086955,-12.50341181777466,0.05285714285714294,-5.63316497887055,0.0,-0.2604632506102641,-0.2528878152370453
-11.83333333333331,-0.09640077639751554,-12.47645625686931,0.05714285714285705,-4.276142374915398,0.0,-0.2222101724283101,-0.20882156491279602
-16.66666666666669,-0.06569968944099391,-10.65517462038973,0.05785714285714272,-4.730796051808369,0.0,-0.2277800720722426,-0.1427016705274582
39.66666666666669,-0.05823649068322978,-6.805430247620748,0.05785714285714272,0.4714045207910402,0.0,-0.1241201864281016,-0.0416756197810173
99.0,-0.009504813664596545,-0.6074365405172983,0.02642857142857136,-3.16176045807952,0.0,0.1102250337395558,-0.018445152789354324
-18.66666666666669,-0.0520066770186336,-1.990944046947902,0.05428571428571427,-0.3451779686442435,0.0,-0.03132856079761059,-0.040554922074079514
57.16666666666669,-0.03141770186335391,-1.293102834414,0.04857142857142871,-2.495093791412856,0.0,-0.01271452983375509,-0.03762705251574516
41.16666666666663,-0.06120931677018637,-2.786528667679704,0.05285714285714294,-3.247546895706421,0.0,-0.1228226871544231,-0.07330344617366791
-51.33333333333337,-0.06168835403726713,-4.632987794912012,0.05571428571428572,-1.971404520791019,0.0,-0.1665065507140215,-0.08165829628705978
-121.3333333333334,-0.0506913043478262,-5.419634348184033,0.03357142857142859,-2.218951416497468,0.0,-0.1393438861979497,-0.0513942576944828
-46.33333333333331,-0.05483074534161481,-7.926581015629139,0.05428571428571416,-0.5404401145198747,0.0,-0.3836757643531701,-0.06797892600297928
15.33333333333331,-0.01813742236024851,-7.374358490781418,0.04785714285714271,2.121320343559638,0.0,-0.1290645010524716,0.021345607936382294
94.83333333333329,-0.01778354037267071,-7.972193768797325,0.04428571428571415,5.690355937288487,0.0,-0.1872299407914482,0.13093438744544983
41.6666666666666,-0.03809239130434783,-8.655046214218743,0.04571428571428571,5.454653676892967,0.0,-0.2203805334312652,0.08088946342468262
-62.0,-0.03725403726708065,-8.399160471941457,0.04571428571428571,4.385618083164125,0.0,-0.2435230508734365,0.007287036627531052
-52.99999999999997,-0.02364953416149085,-4.261896055240243,0.03857142857142848,-0.4714045207910402,0.0,0.04033043192277586,-0.005238361656665802
19.5,-0.01528773291925478,-2.20883254558531,0.0357142857142857,-1.569035593728834,0.0,0.04327235595086254,-0.008160877972841263
-170.6666666666666,-0.03341521739130426,-1.734889273485194,0.01785714285714279,-0.6380711874577045,0.0,0.04685349703817132,-0.014590613543987274
136.0,-0.01299487577639724,-0.7605149041081916,0.03714285714285714,0.4309644062711513,0.0,0.09893704760240662,0.03486347198486328
-67.33333333333337,-0.01151645962732928,-1.664512720789503,0.02571428571428569,-0.6094757082487305,-2.046428203582764,0.04542749027102533,0.004708129912614822
-146.0,-0.02145388198757769,-2.513522888993492,0.01857142857142857,-0.1952621458756241,-2.046428203582764,0.09349760067669122,0.0023312419652938843
-24.16666666666669,0.004913043478260937,-0.750931604279998,0.02928571428571436,-2.885618083164132,0.0,0.1785147651049324,-0.017719145864248276
-63.16666666666669,0.003877018633540286,0.01088057341559079,0.02428571428571435,0.3737734478532033,-4.658536434173584,0.05430291471702375,0.018221519887447357
49.0,0.006347515527950209,0.6321676653357002,0.0228571428571428,-2.040440114519882,-4.689982891082764,0.1954258102091532,-0.027719877660274506
61.0,0.02218726708074548,1.364201698623901,0.02214285714285713,-3.718951416497461,-4.301801204681396,0.260281319288365,0.0011420585215091705
-45.66666666666669,-0.004140062111801068,-1.680883477142302,0.01642857142857146,-2.983249156101934,-5.533887386322021,0.06138400200339811,-0.043320391327142715
70.66666666666663,0.0155627329192547,0.1542981171707964,0.01500000000000001,-2.442809041582066,-3.006822347640991,0.04463486919490101,-0.004176393151283264
49.66666666666669,-0.001860559006211293,0.1825106189495074,0.01500000000000001,-1.109475708248716,-1.989198446273804,-0.1424789033631602,-0.02216779813170433
147.1666666666667,0.05673618012422343,6.942188258800428,-0.007142857142857117,-1.442809041582059,16.03999710083008,0.401192954445327,0.1828494817018509
299.0,0.08947996894409938,10.01063388566392,-0.008571428571428674,-3.747546895706414,5.577649593353271,0.793404141304098,0.33833950757980347
326.1666666666667,0.08109968944099366,8.372642041026978,-0.007142857142857117,-4.954653676892974,2.586724281311035,0.334735695445327,0.3302922546863556
391.1666666666666,0.06203183229813647,2.5614397620174,-0.006428571428571561,5.121320343559638,2.124336242675781,0.1176842142012133,0.2506544589996338
174.0,0.05707018633540351,9.899656964583826,-0.001428571428571446,-3.345177968644251,1.816077709197998,0.2389814815365288,0.13197758793830872
118.0,0.0924885093167701,12.59243580781097,0.006428571428571339,-5.592724864350672,1.353689908981323,0.1862686337221129,0.1595488041639328
-140.8333333333333,-0.06683307453416154,-9.635691856191684,0.07999999999999996,-5.966498312203889,0.1206555068492889,-0.1364091191159946,-0.1954127848148346
-221.5,-0.04534518633540396,-3.901749959857497,0.07928571428571429,-3.092724864350664,0.0,-0.1105903869767714,-0.10146323591470718
41.16666666666663,-0.005184782608695482,-0.8004196547049958,0.00357142857142867,0.2071067811865497,0.0,0.4568034782118768,0.011859677731990814
-52.0,-0.06084875776397525,-8.140437781584012,0.05999999999999994,-7.880711874576981,0.0,-0.1359932221159946,-0.3162083029747009
-6.5,-0.02628121118012439,-4.034915052561104,-0.00285714285714278,-7.006938426723757,0.0,0.06214293316290798,-0.11399967968463898
-226.5,-0.06431040372670793,-11.39514491604599,0.04785714285714271,-3.247546895706432,0.0,-0.2014698192423384,-0.16875745356082916
-76.0,-0.04933493788819865,-7.77820344833107,0.005000000000000004,-7.214045207910317,0.0,0.1939303501421468,-0.28341901302337646
-55.8333333333334,-0.02979937888198758,-8.75543520773796,0.01999999999999991,-6.66176045807952,0.0,0.1690193479238598,-0.12781710922718048
-26.5,-0.07235077639751542,-11.951577619133,0.05285714285714271,-4.857022603955159,0.0,-0.09733135899601875,-0.1787726730108261
-68.66666666666671,-0.06037360248447199,-9.800245234801523,0.05285714285714271,-2.845177968644251,0.0,-0.2020146643531701,-0.14320534467697144
-174.6666666666667,-0.07790310559006208,-5.878886662095553,0.05499999999999994,0.0976310729378227,0.0,-0.07456002416215768,-0.08831245452165604
-34.33333333333331,-0.0530333850931678,-3.763599815987291,0.05714285714285716,1.942809041582059,0.0,-0.06252828479361172,-0.024504423141479492
-138.1666666666667,-0.01307204968944065,-0.8002116638182031,0.02642857142857147,-1.345177968644244,0.0,0.0519010067664849,-0.0019381903111934662
54.50000000000003,-0.01305978260869567,-1.3421530498251,0.05428571428571427,-1.81658248943527,0.0,0.0937103337112789,-0.0021634697914123535
-44.83333333333337,-0.03386552795031061,-2.620007411007208,0.05428571428571427,-1.79289321881344,0.0,-0.105284306181226,-0.034134674817323685
61.83333333333331,-0.03684440993788796,-4.436834396116708,0.05499999999999994,-3.052284749830783,0.0,-0.1684907476761237,-0.07632160186767578
180.6666666666666,-0.006465683229813668,-3.843372948211638,0.02428571428571413,-2.178511301977579,0.0,0.07065604221721533,0.0016947872936725616
-109.0,-0.06063850931677017,-7.326857689777341,0.05499999999999994,0.8737734478532104,0.0,-0.2270714793469248,-0.08110737800598145
31.33333333333331,-0.02758012422360279,-8.085746152157029,0.05000000000000004,-0.3737734478532104,0.0,-0.1392186700424867,-0.04954417049884796
-98.33333333333337,-0.01914161490683242,-8.436474319157128,0.05000000000000004,2.442809041582045,0.0,-0.08859710693790823,-0.005341839045286179
-52.5,-0.02861304347826088,-9.506703960548833,0.04500000000000004,1.666666666666671,0.0,-0.07226318298288625,-0.023971151560544968
9.333333333333314,-0.02930822981366465,-8.678775916261458,0.02357142857142847,4.495093791412849,0.0,-0.0709890072527175,0.08904760330915451
-60.16666666666663,-0.03054829192546582,-6.05067929453395,0.04142857142857137,0.1262265521467896,0.0,-0.07814223250424346,-0.020229145884513855
-131.8333333333334,-0.02068742236024834,-3.275908194659905,0.04000000000000004,-1.902368927062177,0.0,0.1067730708832553,-0.021869588643312454
33.66666666666669,-0.04974534161490674,-2.092233618179691,0.02571428571428569,-2.747546895706421,-0.3364690244197845,-0.05919755605924892,-0.05195226892828941
-37.66666666666663,-0.03440062111801268,-0.9980735090851027,0.03142857142857147,-3.064129385141698,-4.872998714447021,-0.03338191804794299,-0.051270741969347
86.16666666666669,0.005232763975155375,-1.590044228908994,0.03785714285714292,-1.983249156101941,0.0,0.1303281612168514,0.006045520305633545
-102.6666666666666,-0.009677018633540424,-2.045516432940389,0.02357142857142858,-1.304737854124369,-5.538535594940186,0.03640987291056841,-0.021172285079956055
-63.83333333333331,0.003929658385093071,-0.4321269082606989,0.02714285714285725,-0.471404520791026,-6.891759395599365,0.04814770253503386,0.01929967850446701
-25.83333333333331,0.02130217391304345,1.316961975906594,0.03071428571428592,-1.402368927062184,-5.596780300140381,0.1506040345112993,0.04047738015651703
131.5,0.01620093167701864,3.079464600996999,0.02571428571428569,-2.040440114519882,-0.5519462823867798,0.1891257047626212,0.02756027691066265
33.33333333333337,0.01647655279503091,1.748425259797401,0.02928571428571436,-3.747546895706435,-4.99878454208374,0.1545969590378504,0.009183637797832489
0.5,0.01636987577639748,1.669053706581948,0.02214285714285724,-4.718951416497454,-3.493991613388062,0.1586265783460745,-0.014734376221895218
-7.666666666666686,0.01898043478260858,0.7438136613843938,0.02142857142857135,-3.28798701022631,-2.266553401947021,0.08500429087855232,-0.006689596921205521
6.0,-0.02034177018633521,-2.898062743211597,0.01571428571428568,2.080880229039757,-6.860312938690186,-0.1156049921428518,0.032648976892232895
227.1666666666667,0.04344114906832286,2.23047244619849,-0.00928571428571423,-0.528595479208974,9.638404846191406,0.01241197786257864,0.10175155103206635
307.3333333333333,0.0658409937888198,10.17318450456156,-0.01000000000000001,-5.702200572599398,6.782863616943359,0.5955386648001603,0.22991645336151123
382.1666666666667,0.105654037267081,9.728692379990278,-0.01214285714285723,-3.552284749830797,6.401435852050781,0.7116043222536832,0.3381829857826233
320.4999999999999,0.06703804347826081,4.858435757165182,-0.007857142857142896,-3.052284749830797,6.020007610321045,0.2011421907753045,0.1808663159608841
434.6666666666667,0.08498555900621108,13.00517615807647,-0.01214285714285723,-1.442809041582066,5.257152080535889,0.8164373482144333,0.40784549713134766
378.6666666666667,0.1064576086956524,8.705018763369225,-0.01500000000000001,-2.178511301977579,4.875724315643311,0.8462062072263182,0.3576675355434418
250.0,0.06769409937888204,9.834917123925464,0.007857142857142896,-5.937902832994908,3.731440544128418,0.3728614403186022,0.2452819049358368
365.1666666666667,0.08326102484472042,9.631473904485873,0.01000000000000001,-5.730796051808362,2.968584775924683,0.6844951852144332,0.2806163430213928
-99.5,-0.04935838509316781,-9.049514911174612,0.0892857142857143,-3.690355937288487,0.6800172924995422,-0.1992061345463294,-0.1735406368970871
-134.5,-0.06142173913043469,-9.070736337465078,0.07928571428571429,-4.483249156101941,0.0,-0.1976670965283649,-0.18091335892677307
-15.66666666666663,-0.03193602484472058,-0.7342890143446965,0.06000000000000005,-3.885618083164125,0.0,-0.1853730138782501,-0.06480264663696289
100.8333333333334,-0.04808788819875776,-1.835169469999798,0.07142857142857151,-3.207106781186539,0.0,-0.2547056653268915,-0.07406607270240784
32.16666666666663,0.01611677018633539,-2.601620307968801,-0.005714285714285672,0.8165824894352696,0.0,0.3608625096213959,0.045076772570610046
50.66666666666669,0.02044565217391303,-0.8393961296812336,0.00357142857142867,-6.995093791412849,0.0,0.2070785601971394,-0.08800674229860306
-80.33333333333331,0.03228416149068314,-3.78755297787329,0.007142857142857229,-6.190355937288494,0.0,0.1811302210518608,-0.05325911194086075
-71.16666666666669,-0.01674736024844736,-8.708631535588367,0.05285714285714294,-2.638071187457697,0.0,-0.09736298847475533,-0.034061823040246964
3.333333333333314,-0.02918012422360239,-4.859323628156673,0.00928571428571423,-5.592724864350679,0.0,0.2263600141421468,-0.05305518954992294
-54.33333333333331,-0.07019642857142849,-9.175501726367528,0.05999999999999994,-3.942809041582073,0.0,-0.2158131970881215,-0.15342000126838684
-51.50000000000003,-0.02179999999999993,-4.26362301332081,0.02214285714285702,-3.621320343559624,0.0,0.06624634948634522,-0.025093957781791687
-129.3333333333334,-0.04954534161490676,-4.505247394791525,0.05571428571428561,-2.569035593728849,0.0,-0.09531790933631024,-0.09124673902988434
-194.6666666666667,-0.04935869565217388,-2.751316385025703,0.06214285714285706,-2.178511301977579,0.0,-0.0009820776190293534,-0.0891692265868187
-15.5,-0.03923881987577649,-2.517391234804208,0.06285714285714283,-1.218951416497454,0.0,-0.01401224718518457,-0.05199488624930382
-33.5,-0.04108975155279504,-1.395599257780702,0.03428571428571425,-0.4595598854801324,0.0,0.04906609591547662,-0.002711184322834015
-196.6666666666666,-0.06338074534161497,-4.143760377884291,0.06285714285714283,1.442809041582059,0.0,-0.1087204885536157,-0.059293415397405624
-111.0,-0.05497065217391317,-5.521326062675755,0.0614285714285715,-1.442809041582073,0.0,-0.02620287193650739,-0.0838022455573082
-82.66666666666669,-0.06060403726708063,-7.366014875261357,0.05928571428571427,-1.511844635310922,0.0,-0.1906426913363102,-0.09323357045650482
-30.66666666666669,-0.05101304347826086,-8.893998853771066,0.05785714285714283,0.3047378541243688,0.0,-0.2103548635083304,-0.08299137651920319
-153.3333333333334,-0.05968338509316795,-9.720827200683715,0.05642857142857138,2.747546895706428,0.0,-0.3094738140477299,-0.09514646232128143
-85.33333333333337,-0.03164580745341616,-8.875150781460519,0.04571428571428571,0.1094757082487305,0.0,-0.2028808606647306,-0.05462866276502609
-26.16666666666663,-0.0294920807453416,-8.857851215699213,0.04500000000000004,0.3047378541243475,0.0,-0.1529576791440423,-0.04538850486278534
-97.3333333333334,-0.04260170807453423,-7.416983492543949,0.04785714285714282,0.8737734478532104,0.0,-0.09966698682957742,-0.07059748470783234
-140.6666666666667,-0.04378944099378879,-5.19551977671297,0.04714285714285715,-0.4309644062711513,0.0,-0.09845072859297499,-0.05382227897644043
-277.3333333333333,-0.05199270186335392,-3.153040346293594,0.02571428571428569,-1.569035593728849,-3.792481899261475,-0.006191744278845279,-0.03822043538093567
-70.00000000000003,-0.03008338509316788,-1.779695941720007,0.02071428571428569,-0.3737734478532104,-0.3725634515285492,0.1285306148986499,-0.022709578275680542
-96.16666666666669,-0.01363214285714309,-1.471339675974704,0.04214285714285715,-0.792893218813461,0.0,0.1361311657070846,0.013407867401838303
-123.3333333333333,-0.0374683229813666,0.3517765097818,0.02857142857142858,0.7071067811865603,-6.409238338470459,0.05523683221069631,-0.0008624158799648285
-182.5,-0.01981692546583869,-0.2421666563676013,0.02357142857142869,-0.7357022603955201,-7.284589290618896,0.009590895952057088,0.009371139109134674
-70.5,-0.03157375776397509,-1.381795776221608,0.01571428571428568,-1.0,-2.292336702346802,-0.04046409458242373,-0.02871660888195038
144.5,0.02991428571428578,3.943445284787316,0.03214285714285714,0.3737734478532104,-0.6194871664047241,0.1163548467626213,0.08258820325136185
64.83333333333337,0.02369223602484449,2.475983537659303,0.02928571428571436,-3.023689270621816,-6.503577709197998,0.1574596909871037,0.019683722406625748
-61.66666666666669,0.02398322981366441,2.381454260620501,0.02214285714285724,-3.247546895706428,-5.695767879486084,0.166018262133144,-0.004089776426553726
-68.83333333333331,0.01386677018633542,1.668397425157309,0.02500000000000002,-2.511844635310922,0.0,0.0782164175598451,0.018077537417411804
89.49999999999997,0.03462360248447216,1.651591614222255,0.02500000000000002,-1.5,-4.468329429626465,0.1323353801829344,0.041046418249607086
132.0,0.01442639751552799,5.691021535794377,-0.01571428571428568,-1.178511301977579,32.32755661010742,-0.104157628635084,0.09056025743484497
171.0,0.02511661490683226,7.781584118395557,-0.01357142857142857,-2.414213562373099,23.01335716247559,0.07859250361141112,0.132918119430542
316.0,0.03672872670807448,8.116780239916778,-0.01571428571428568,-1.776142374915395,13.69915962219238,0.386059650574081,0.2593255937099457
76.83333333333331,0.009260714285714289,2.061227425087552,-0.01000000000000001,-1.942809041582059,10.82487392425537,0.1070763095065905,-0.008288826793432236
244.1666666666667,0.05273493788819894,8.592296102488277,-0.009285714285714342,-2.247546895706435,9.607420921325684,0.3806816200732915,0.22754663228988647
238.6666666666666,0.07447779503105556,10.00075235446793,-0.01214285714285723,-1.028595479208974,8.99869441986084,0.6738884486372995,0.27619561553001404
177.0,0.01727872670807451,3.640114001903399,-0.003571428571428448,-1.40236892706217,8.389967918395996,0.1473575188383718,0.06142596900463104
234.6666666666666,0.02013167701863361,6.884931841410392,0.0,-3.069035593728856,7.172514915466309,0.1675070522500602,0.15269725024700165
67.50000000000003,0.04044037267080747,7.978430912549143,0.01071428571428568,-4.28798701022631,4.737608909606934,0.3463384110571252,0.07697810232639313
168.6666666666667,0.04422468944099367,6.324610732448235,0.02357142857142858,0.0,3.520155668258667,0.4444842916372994,0.09827278554439545
-173.8333333333334,-0.02372857142857132,-14.82375566705825,0.07642857142857151,-3.149915822768598,0.4765233397483826,-0.1615284695402061,-0.12472875416278839
-222.5,-0.05680931677018641,-10.22396817743116,0.07785714285714296,-4.730796051808376,0.0,-0.4038935547886878,-0.15185202658176422
271.0666666666667,0.09300496894409938,0.80739943445829,0.05285714285714282,-0.6114381916835896,0.0,0.2592846750800498,0.37017834186553955
-49.16666666666669,-0.029880745341615,-0.3701267132937005,0.06285714285714294,-3.19035593728848,0.0,-0.0522345629962323,-0.05062008276581764
-94.66666666666669,-0.03931024844720499,-0.5622389008329947,0.06857142857142862,-4.230796051808362,0.0,-0.05568412240576337,-0.09196318686008453
-49.16666666666669,-0.03195838509316795,-0.3770706097778884,0.06928571428571417,3.885618083164125,0.0,-0.145790363971247,0.06632491201162338
56.16666666666669,-0.02605900621118007,-1.601403812746199,0.06142857142857139,-3.31658248943527,0.0,-0.230529275176331,-0.03295737877488136
-49.0,-0.02219736024844721,-2.792049818124511,0.06071428571428572,-2.442809041582073,0.0,-0.198832846493135,-0.007916789501905441
-121.1666666666667,-0.02624099378881972,-2.971283637152808,0.06000000000000005,-0.4714045207910402,0.0,-0.1128150456776212,-0.012788932770490646
172.8333333333333,-0.01103416149068326,-4.635537700927102,0.05785714285714294,-1.609475708248731,0.0,0.06450465083787038,0.011790547519922256
156.5,0.001388043478260714,-4.679293773999802,0.05928571428571427,-2.914213562373085,0.0,0.0285524291245518,0.016331378370523453
-5.833333333333314,-0.0436417701863353,-5.063945807485709,0.07071428571428584,-0.4260581976840108,0.0,-0.04731342307098541,-0.041459012776613235
-156.5,-0.03182189440993799,-5.20627620226611,0.06500000000000006,-4.011844635310904,0.0,-0.04686967351062277,-0.06889472156763077
-165.5,-0.033376863354037,-4.587304233106209,0.06214285714285706,-0.1262265521467896,0.0,-0.1105554161002893,-0.04651559144258499
-3.833333333333371,-0.03525279503105583,-5.034849715512593,0.06357142857142861,-1.259391531017343,0.0,-0.08312807965837632,-0.054470811039209366
41.33333333333331,-0.061519099378882,-5.313826458181396,0.07214285714285706,-0.1952621458756383,0.0,-0.1917867806776212,-0.047222573310136795
-84.5,-0.03852888198757798,-5.440716812863201,0.0664285714285715,0.2642977396044799,0.0,-0.1135701035310488,-0.045574773102998734
-14.33333333333331,-0.05506413043478253,-5.769757123822842,0.0635714285714285,-2.149915822768605,0.0,-0.1114240704678652,-0.07299627363681793
-12.5,-0.06236909937888202,-7.998549097719263,0.06428571428571439,-0.2761423749153948,0.0,-0.1765306791002893,-0.0867013931274414
10.0,-0.03962360248447183,-6.788890126456664,0.03000000000000003,3.28798701022631,0.0,-0.03803221166407778,0.04804489016532898
-6.5,-0.04560124223602502,-9.626514029782626,0.05928571428571427,4.983249156101941,0.0,-0.2223177546864005,0.05901609733700752
47.0,-0.02982034161490665,-8.215239798203498,0.05571428571428583,-0.707106781186539,0.0,-0.1380711493339369,-0.0648949071764946
-12.16666666666663,-0.01389114906832289,-1.884128912812002,0.04357142857142848,-2.540440114519882,0.0,0.001423590935534236,-0.01051211729645729
35.5,-0.02204782608695666,-0.6575499935306937,0.04357142857142871,-1.304737854124369,0.0,-0.03104797497197864,0.0006199628114700317
-23.33333333333331,0.01355962732919247,-2.438091133400604,0.04142857142857159,-0.02859547920896688,0.0,0.5790795017480416,0.05542030930519104
28.83333333333337,-0.0007265527950308659,2.295502796360992,0.03000000000000003,0.0976310729378227,-8.008370399475098,0.1070136251936744,0.026691928505897522
-11.33333333333331,0.00703726708074548,2.090279523374591,0.02857142857142869,0.6785113019775721,-8.186738014221191,0.1013818729176169,0.0313040129840374
-3.166666666666686,-0.01746211180124224,2.013013051365292,0.02571428571428591,0.3214886980224207,-7.945477962493896,0.1315689452106963,0.027299050241708755
199.1666666666666,0.06005124223602476,4.599428781956618,0.02857142857142869,0.4881553646890779,-2.543908357620239,0.3556548416818242,0.1408092975616455
48.83333333333331,0.03178726708074531,1.963315210331103,0.02714285714285714,-0.3047378541243688,0.0,0.2305887307051517,0.07976379245519638
143.0,0.07486397515527932,5.100930681802481,0.02500000000000002,0.9999999999999929,-0.6870280504226685,0.1895061949163614,0.19693569839000702
154.5,0.0250319875776398,-0.1070627477224946,0.03071428571428569,-2.747546895706428,0.0,0.109713402432409,0.048506658524274826
277.6666666666667,0.0003709627329192555,2.49855876800909,-0.01500000000000001,-3.718951416497454,43.98028564453125,-0.09609348655874073,0.05466553196310997
372.5,0.0215093167701863,6.390747789411577,-0.01714285714285702,-3.345177968644229,35.24016189575195,0.07252093858842323,0.18383607268333435
265.3333333333333,0.008827329192546474,1.066002169342894,-0.01214285714285712,-4.995093791412849,26.50003814697266,-0.2733261594542007,0.010320719331502914
245.0000000000001,0.008493167701863258,2.903300501811231,-0.0128571428571429,-4.483249156101948,17.75991439819336,0.1060968584502944,0.014542192220687866
93.66666666666671,0.02930559006211186,7.960072995686545,-0.01571428571428568,-2.552284749830804,14.86688327789307,0.3928537173512021,0.1364017128944397
69.33333333333331,0.03349378881987564,4.999918382703143,-0.01357142857142868,-0.7357022603955201,14.03085899353027,0.3309867383119811,0.08383461833000183
295.5,0.1012411490683229,7.734794511535881,-0.007142857142857229,0.6952621458756454,13.19483375549316,0.947923317033939,0.47558489441871643
137.3333333333333,0.01564192546583854,3.834637810384592,-0.002142857142857113,-4.259391531017336,12.35880851745605,0.1998849299487044,0.02895413339138031
197.6666666666667,0.05082996894409941,8.90979430835688,-0.009285714285714342,-1.109475708248731,11.52278327941895,0.5314243832001586,0.2011067122220993
154.0,0.02766987577639735,6.71215891587002,0.0,-2.552284749830797,10.68675804138184,0.2231686559631342,0.10738299787044525
340.1666666666667,0.09534782608695647,-8.69236234452491,0.005714285714285672,2.13807118745769,9.850732803344727,0.7098868298234413,0.49962398409843445
68.0,-0.007551242236024769,4.788172916614243,0.01428571428571435,-1.914213562373099,8.178683280944824,0.2897979027479691,0.015000555664300919
131.4666666666667,0.01336816770186333,2.166533506225221,0.04214285714285726,-0.04477152501691961,6.506632804870605,0.1135934871863395,0.06983893364667892
22.0,0.03626475155279496,1.45835695088924,0.02857142857142858,1.804737854124369,5.670607566833496,0.193545177422796,0.11147664487361908
55.6666666666666,0.04722344720496885,3.962742589957017,0.04642857142857137,-0.3451779686442507,4.834582805633545,0.2436383326222524,0.11716026067733765
-52.16666666666669,-0.01997034161490707,-6.553659222344749,0.0714285714285714,-1.040440114519882,3.998557567596436,-0.1933096060790727,-0.015511192381381989
110.5,0.02460527950310554,-6.120321461247201,0.04500000000000004,1.959559885480111,3.162532567977905,0.2989106273111503,0.129606232047081
75.83333333333329,-0.06026335403726679,-10.16050360242691,0.07357142857142851,0.1094757082487305,2.326507329940796,-0.2602482979161517,-0.05535014718770981
-177.8333333333333,-0.0902051242236025,-16.97644657889651,0.0814285714285714,-3.454653676892995,0.6544572710990906,-0.4657559218725241,-0.24708452820777893
-200.8333333333333,-0.06874658385093158,-16.62988734724577,0.07571428571428573,-1.109475708248731,0.6544572710990906,-0.4538815551044005,-0.16877903044223785
-7.333333333333286,0.01867577639751561,-6.644576509517094,0.04928571428571438,0.8451779686442435,0.0,0.00804708356685635,0.13641193509101868
-8.5,-0.009134937888198746,-2.656930512284731,0.0585714285714285,-1.316582489435284,0.0,-0.2105312532307654,0.012798212468624115
-137.3333333333334,-0.05683633540372657,-3.706669803323592,0.0764285714285714,0.8451779686442364,0.0,-0.3300082738067578,-0.04737977683544159
12.66666666666663,-0.0138034161490681,0.7387940198760958,0.05714285714285727,-0.4999999999999929,0.0,-0.1700303379161517,0.023118479177355766
-74.16666666666669,-0.03589798136645961,-1.310483617631206,0.0692857142857144,-2.649915822768598,0.0,-0.335961670390162,-0.05535220354795456
33.83333333333337,-0.04582826086956515,-0.2694205907395997,0.0742857142857144,5.287987010226317,0.0,-0.1971122436092047,0.11929704248905182
6.166666666666686,-0.03655791925465834,0.3135273453970058,0.05214285714285705,-0.5690355937288487,0.0,-0.1483334419622668,-0.01196398213505745
122.3333333333334,-0.0351186335403727,-0.3998967686055011,0.06000000000000005,2.235702260395527,0.0,-0.1366549776689467,0.009900916367769241
148.8333333333334,-0.03640698757763983,-1.087154175447097,0.06571428571428573,0.9428090415820591,0.0,-0.1824275258154334,-0.012457720935344696
16.0,-0.02968757763975172,-2.102125062014494,0.05857142857142861,-5.064129385141712,0.0,0.02471147111310701,-0.04450604319572449
-126.5,-0.01957919254658402,-2.949559090222593,0.06714285714285706,-1.178511301977565,0.0,0.01719940546362408,-0.03290447220206261
-135.0,-0.04639378881987577,-3.12095951504179,0.07000000000000006,1.373773447853225,0.0,-0.08208016107098537,-0.04528675973415375
-120.1666666666667,-0.04075714285714294,-4.065228086074697,0.07071428571428573,-3.023689270621816,0.0,-0.1273902767965912,-0.08877598494291306
-190.3333333333333,-0.04022065217391313,-4.448866771779691,0.06428571428571439,-2.276142374915388,0.0,-0.2116730520205289,-0.06428614258766174
-51.33333333333331,-0.0730380434782607,-7.051077312819899,0.07357142857142851,-1.195262145875624,0.0,-0.2043287685281885,-0.10468458384275436
-111.1666666666667,-0.04978214285714277,-8.180244439337187,0.07000000000000006,0.6952621458756241,0.0,-0.1411744344589264,-0.09420159459114075
103.0,-0.04336583850931675,-9.282279913460869,0.06285714285714294,2.13807118745769,0.0,-0.02400047859258503,-0.0032172054052352905
-59.16666666666669,-0.04919440993788793,-8.818049777480056,0.0714285714285714,2.138071187457697,0.0,-0.1341614103303992,-0.08375339955091476
-106.3333333333333,-0.02469192546583854,-9.419839207273029,0.05785714285714294,0.0,0.0,0.01361687741016182,-0.026372753083705902
202.1666666666667,0.003409782608695622,-5.5950806622822,0.0407142857142857,0.1952621458756383,0.0,0.4956192782529276,0.04970606416463852
203.3333333333333,-0.0114527950310559,1.362370808840595,-0.01857142857142868,-3.954653676892974,46.31881713867188,0.03973177282584106,0.00013070553541183472
17.0,-0.005646739130434675,0.5544361508142117,-0.008571428571428563,-4.649915822768605,38.15276718139648,0.08142463017328827,-0.040685899555683136
202.6666666666667,0.009578726708074692,4.407061040743585,-0.01857142857142857,-5.023689270621826,29.98671913146973,0.07608901346612296,-0.0002541355788707733
126.5,0.01378773291925461,3.969857410566533,-0.009285714285714342,-2.597631072937808,21.82066917419434,0.0748173850695113,0.06152716651558876
117.6666666666666,0.05148804347826086,-9.748700159219808,-0.008571428571428563,1.235702260395524,18.90889358520508,0.304722988422796,0.16628628969192505
75.5,0.03050093167701873,5.524626849948419,-0.005000000000000004,0.6094757082487376,17.8455696105957,0.1862952101360237,0.10706709325313568
205.8333333333334,0.04745791925465837,7.399176776430892,0.00285714285714278,-1.040440114519882,16.78224563598633,0.2866374695117122,0.1719164103269577
-10.83333333333331,0.04985139751552803,4.460184171921313,0.005714285714285672,2.178511301977579,15.71892261505127,0.3178697026036404,0.14101547002792358
290.6666666666667,0.05719968944099396,7.946598184589391,0.01642857142857146,0.2357022603955201,14.65559864044189,0.3425922975668564,0.36490800976753235
2.666666666666629,0.04179580745341605,6.969646737357223,0.006428571428571339,4.954653676892981,14.65559864044189,0.3036832727272045,0.23354768753051758
211.3333333333334,0.04010590062111785,7.619718517154297,0.01428571428571435,-0.7475468957064422,13.59227561950684,0.1582453544517958,0.16937755048274994
221.0,0.03701661490683217,6.808263007160093,-0.02714285714285725,5.771236166328261,12.52895164489746,0.1479832868015574,0.2065860629081726
172.3333333333334,-0.005475000000000119,2.468604829456595,0.04214285714285715,-0.2475468957064066,11.46562767028809,0.01451935174592833,0.0537528358399868
120.0,0.01860015527950321,6.567420880788191,0.02785714285714269,1.316582489435277,10.40230464935303,0.2820891947825686,0.13511869311332703
151.8333333333334,0.02990636645962752,4.092748594034035,0.03928571428571426,-0.6380711874576903,9.338980674743652,0.3385522804894658,0.14980833232402802
-101.3333333333334,-0.003288819875776339,0.7908634694161094,0.03214285714285714,0.971404520791026,8.275656700134277,0.1215004853652485,0.044250328093767166
-150.0,-0.02568027950310547,-2.766712149326793,0.06142857142857139,-2.747546895706435,7.212333202362061,-0.3039466910783764,-0.04108518362045288
33.83333333333329,-0.002460869565217294,1.589987994586579,0.05571428571428572,-1.138071187457705,5.085685729980469,0.06479489753641143,0.023068562150001526
-49.16666666666669,-0.04551614906832302,-5.780374962662833,0.07285714285714273,-1.040440114519875,4.022362232208252,-0.2241172840245834,-0.0609528087079525
-61.83333333333331,-0.07044130434782614,-10.79284318501739,0.08571428571428574,-3.621320343559653,2.959038496017456,-0.2328225863614332,-0.1321859210729599
-90.66666666666671,-0.05149611801242249,-11.73837180733003,0.0714285714285714,-1.430964406271166,1.89571487903595,-0.04937332275440809,-0.10097762942314148
-355.8333333333334,-0.07360822981366477,-15.3623005840449,0.07857142857142851,-1.109475708248731,0.8323911428451538,-0.468024131642749,-0.15708813071250916
-340.3333333333333,-0.1055501552795032,-19.17215168569909,0.08357142857142863,0.1094757082487234,0.8323911428451538,-0.680563596145501,-0.1690925806760788
-210.6666666666666,-0.047593944099379,-16.55187129602206,0.06571428571428573,0.4309644062711513,0.0,-0.4112026378030324,-0.11246960610151291
-154.8333333333333,-0.04625108695652158,-13.98542820897772,0.07357142857142851,-2.81658248943527,0.0,-0.3998719821095545,-0.15802188217639923
-191.0,-0.04999332298136627,-7.433691776877893,0.07714285714285718,4.357022603955159,0.0,-0.3356974213786849,0.014159776270389557
-42.0,-0.04114301242236029,-2.990327114397402,0.0692857142857144,1.430964406271144,0.0,-0.418742736287094,-0.018185459077358246
-56.0,-0.04526661490683215,-2.902750569692998,0.06785714285714295,-0.9142135623730994,0.0,-0.4320214744094939,-0.0527663379907608
18.83333333333331,-0.05566785714285705,-0.2822860500580902,0.07357142857142851,1.747546895706435,0.0,-0.3362116315281884,-0.007787764072418213
55.5,-0.01497391304347806,1.564882706557697,0.05642857142857138,-2.011844635310922,0.0,-0.1879562856284588,0.002727717161178589
215.1666666666667,-0.02267903726708076,-0.03368971398819554,0.06571428571428573,2.776142374915402,0.0,-0.1162403761396876,0.06339133530855179
97.16666666666669,0.002159161490683181,-0.4294203182349037,0.06000000000000005,3.552284749830804,0.0,-0.1085838281286564,0.11104414612054825
117.0,-0.0234933229813663,-1.107881584169903,0.0685714285714285,-0.09763107293781559,0.0,-0.1411192955281885,0.01670685037970543
57.83333333333331,-0.03686630434782601,-1.250069951296098,0.06928571428571417,-3.511844635310915,0.0,-0.0864061765281885,-0.0644499808549881
-10.0,-0.03014409937888196,-1.910360673377497,0.0585714285714285,-5.759391531017336,0.0,-0.0965685411095546,-0.0755658745765686
0.8333333333333144,-0.04920947204968962,-6.054346111598093,0.07071428571428573,-1.040440114519875,0.0,-0.2336197549365969,-0.07415685057640076
119.8333333333334,-0.01673400621118004,-8.238514789707821,0.04714285714285726,-1.999999999999993,0.0,0.2033551252529276,-0.012626588344573975
49.66666666666663,0.004832298136645874,4.085745222477854,-0.01571428571428568,2.983249156101934,48.6573486328125,0.2052769222696332,0.08162741363048553
43.83333333333331,0.01156801242236027,2.977574678158476,-0.01142857142857145,1.609475708248731,41.06537246704102,0.05051671766987709,0.06632907688617706
103.8333333333334,0.03790341614906834,5.043508192948295,-0.05428571428571427,0.471404520791026,33.4734001159668,0.0451074202469306,0.11394807696342468
-85.0,0.04533447204968932,7.656348836536921,-0.05642857142857138,1.28798701022631,25.88142395019531,0.2060252232711599,0.14268770813941956
129.0,0.02359658385093188,7.6552782410714,0.0,-2.471404520791033,22.95090484619141,0.2778541981346501,0.12043024599552155
194.1666666666667,0.03129549689441002,8.247529835818625,0.004285714285714337,-0.4309644062711655,21.66028213500977,0.2727140626256365,0.19937634468078613
83.5,0.04271661490683232,7.128937414488178,-0.03500000000000003,2.190355937288487,20.36965942382812,0.4187561556480925,0.1307893991470337
-7.833333333333314,0.03198726708074551,7.687232214207782,0.01000000000000001,3.426058197684,19.07903671264648,0.1998486232043708,0.2040514200925827
88.83333333333337,0.0299200310559008,7.175040227213799,0.02071428571428569,-0.6380711874576974,17.78841400146484,0.3715404705364114,0.13839846849441528
133.1666666666667,0.04402686335403716,3.925388148697692,-0.01928571428571424,3.523689270621816,17.78841400146484,0.6608459061003368,0.11586767435073853
183.1666666666667,0.04583462732919286,7.507607490021599,0.02500000000000002,-0.3333333333333357,16.49779319763184,0.4959133074554505,0.17501519620418549
314.5,0.04607562111801244,8.643730982316242,0.03071428571428569,0.4023689270622057,15.2071704864502,0.5618003465844841,0.29848426580429077
109.8333333333333,0.01910745341614906,1.814921729912697,0.04571428571428571,-0.4428090415820591,13.91654777526855,0.3277729093415077,0.11432952433824539
189.0,0.06010962732919245,5.798648989011895,0.04428571428571426,0.2761423749154019,12.62592601776123,0.8265256224570505,0.22348445653915405
7.0,0.02279611801242243,1.191197654520309,-0.007857142857142785,0.1666666666666643,11.33530330657959,0.6571495515113286,0.046408042311668396
121.0,0.02628229813664584,5.181035781861837,0.03785714285714292,1.109475708248731,10.04468059539795,0.3561329035748868,0.14648549258708954
-55.50000000000003,-0.01786133540372681,-3.109369278537514,0.06999999999999995,-1.109475708248731,6.17281436920166,-0.2666240008030324,-0.0030839890241622925
187.1666666666666,0.03480916149068314,1.333005942857255,0.06285714285714283,-1.235702260395513,4.882192134857178,0.2838667959891612,0.1226249635219574
-244.8333333333333,-0.04999736024844714,-12.31727411943855,0.07214285714285706,1.690355937288501,0.0,-0.4797778105695882,-0.05619964003562927
1.166666666666686,-0.01632018633540377,-2.772745703597835,0.05928571428571439,-2.109475708248731,0.0,-0.154285457700916,0.0028811097145080566
-155.0,-0.04200217391304351,-5.873529849563141,0.06571428571428573,-0.9023689270621844,0.0,-0.2345194440328792,-0.06389155983924866
-82.16666666666663,-0.02652003105590062,-2.139196810909908,0.07285714285714284,2.483249156101955,0.0,0.1180741252540806,0.011723164469003677
15.83333333333337,-0.003801708074534282,1.047611405007387,0.05714285714285716,0.471404520791026,0.0,-0.03338437669932592,0.039833251386880875
180.0,0.01136102484472068,-0.3668040477269017,0.05857142857142861,1.804737854124369,0.0,0.2506151990354081,0.08022791147232056
14.83333333333331,-0.002225310559006211,-0.6617802539807087,0.0685714285714285,-0.776142374915402,0.0,-0.1405936195057443,0.03027111478149891
52.33333333333331,0.02700854037267097,0.447333980580396,0.05928571428571439,-0.6666666666666714,0.0,0.1510198708274164,0.11807101219892502
185.1666666666666,0.06904472049689436,-0.9522808095523061,0.0685714285714285,-3.426058197684011,0.0,0.595590714639707,0.16681355237960815
16.66666666666669,-0.04060326086956523,-5.717838168721002,0.04714285714285726,-4.690355937288501,0.0,0.07041559272622111,-0.07872258126735687
-62.33333333333331,0.02325232919254661,3.537269305075981,-0.06214285714285706,3.178511301977579,50.99588012695312,0.1143801906880723,0.12348083406686783
167.6666666666666,-0.0005468944099379369,4.41002204589897,-0.01071428571428568,0.6952621458756312,43.97797775268555,0.1231574665219297,0.08025915920734406
-59.16666666666669,0.00540372670807443,3.437589702768591,-0.008571428571428452,1.459559885480125,36.96007919311523,-0.01811161357286439,0.062355827540159225
-0.8333333333333144,0.03665574534161509,6.918376480656974,-0.05142857142857138,1.442809041582059,29.94217872619629,0.1457450741475053,0.1668740212917328
123.5,0.07240931677018636,8.233082496942743,0.00357142857142867,-2.828427124746185,26.9929141998291,0.5844877207352357,0.21486708521842957
54.3333333333334,0.05014565217391298,9.161375337224271,0.00357142857142867,-0.1666666666666714,25.4749927520752,0.3864656032505358,0.18045350909233093
97.83333333333331,0.0331908385093167,8.302481882731882,0.01285714285714279,-1.454653676892981,23.95707130432129,0.2301967369240545,0.16267335414886475
328.5,0.1118406832298137,-15.08066942175709,0.02571428571428569,0.264297739604487,22.43915176391602,0.9161753925291786,0.49668553471565247
381.1666666666666,0.1282184782608695,6.787705009698698,0.0228571428571428,1.195262145875645,20.92123031616211,0.9384599712640768,0.49957361817359924
359.3333333333334,0.06484347826086956,8.62588549282853,0.02571428571428569,1.345177968644251,20.92123031616211,0.6321342453555552,0.41661199927330017
185.3333333333333,0.0232259316770187,6.192444213966411,0.02999999999999992,1.914213562373099,19.4033088684082,0.1699488503128213,0.1886603832244873
240.3333333333333,0.0438498447204968,-12.06946380763659,0.04642857142857137,-2.109475708248745,17.88538932800293,0.2830416782521453,0.2584390342235565
197.1666666666667,0.05354114906832308,8.296882075339326,0.0407142857142857,-2.580880229039757,16.36746788024902,0.6042266643072813,0.2160252332687378
135.8333333333333,0.04595403726708081,-0.4301593104526944,-0.0007142857142857784,0.7642977396044799,13.33162593841553,0.730805570272895,0.0660192146897316
353.8333333333333,0.1182664596273292,-18.58960102606029,0.0535714285714286,0.4309644062711513,11.81370544433594,0.9621216652640768,0.569990873336792
-127.3333333333334,-0.04813090062111802,-8.106246002610462,0.06714285714285706,-4.66176045807952,0.0,-0.4222775944074001,-0.15691259503364563
92.33333333333331,-0.006606832298136633,-4.648881512991437,0.05785714285714294,-3.897462718475033,0.0,0.007650547252145312,-0.022520605474710464
-6.0,-0.02490527950310562,-3.929920523966146,0.06571428571428573,-2.454653676892967,0.0,-0.1254545314461424,-0.02752944827079773
60.0,0.01518152173913045,1.840637354693996,0.06071428571428572,-2.161760458079527,0.0,0.1724773685860314,0.05486410856246948
-22.0,0.01321630434782584,2.211347090594003,0.05714285714285705,0.9309644062711442,0.0,0.007452310553857533,0.09249943494796753
145.8333333333333,0.03124316770186319,3.586780995280805,0.05428571428571427,-3.414213562373106,0.0,0.06608992066694275,0.0925258919596672
48.5,-0.05566645962732908,-7.662531150564703,0.05071428571428571,-4.621320343559653,0.0,0.04227065573928268,-0.1401996612548828
-22.83333333333331,-0.05237344720496884,-4.146386535879401,0.04214285714285726,-4.011844635310908,0.0,-0.1199737922607174,-0.05604608356952667
-71.16666666666669,0.0277200310559006,5.547407272318068,-0.06642857142857139,1.983249156101941,43.97797775268555,0.1699542111926567,0.13451114296913147
149.5,0.03019984472049697,6.560674962906106,-0.003571428571428559,0.8737734478532246,36.96007919311523,0.1864226104353119,0.1475406438112259
144.6666666666667,0.01731211180124215,3.514137148323101,-0.002142857142857113,4.092724864350664,29.94217872619629,0.01854338480971385,0.13544753193855286
65.33333333333331,0.02261475155279513,7.387484503197925,0.00285714285714278,0.1380711874576974,26.9929141998291,0.02110021559259256,0.14868810772895813
24.66666666666663,0.07164953416149067,4.846673137103096,0.008571428571428674,3.218951416497461,25.4749927520752,0.3158069639819968,0.2783220410346985
96.0,0.05836319875776397,7.958926791405787,0.01571428571428568,1.166666666666657,23.95707130432129,0.3632470748158867,0.24750135838985443
215.8333333333334,0.04117204968944088,5.002113245966342,-0.02500000000000002,3.05228474983079,22.43915176391602,0.5808130228862831,0.1344752460718155
152.6666666666666,0.03188462732919239,5.103900226747072,0.02928571428571436,-0.6380711874576903,20.92123031616211,0.3232180540806535,0.13058410584926605
192.5,0.03480170807453409,6.528919934943175,0.04000000000000004,-0.5404401145198818,19.4033088684082,0.2963838081708406,0.19569076597690582
98.66666666666669,0.06709316770186347,-11.22473717544629,0.04642857142857137,2.759391531017343,17.88538932800293,0.4652801661015282,0.2961442470550537
135.8333333333333,0.01801661490683226,1.771361904035388,0.001428571428571335,1.304737854124362,16.36746788024902,0.4497029647993042,0.07003079354763031
-35.0,0.02372888198757739,2.792999876241254,0.05428571428571427,-0.6666666666666643,14.84954738616943,0.2710842944920259,0.10865820944309235
218.8333333333333,-0.01512562111801252,1.622852075668064,0.05214285714285716,-2.000000000000014,11.81370544433594,0.1784033058016916,0.032103218138217926
-124.8333333333333,-0.05493059006211165,-19.7042638469501,0.07357142857142862,-2.776142374915388,0.0,0.04126387707303142,-0.17876076698303223
41.66666666666671,-0.02841366459627326,-7.11930110760305,0.06571428571428573,-5.954653676892981,0.0,0.1450320407231037,-0.06598340719938278
15.66666666666669,0.01073245341614892,-6.873130322328265,0.0614285714285715,-5.564129385141719,0.0,0.6455454654856037,-0.03819897770881653
-30.1666666666666,0.005493167701863255,-19.49486785652212,0.06285714285714283,-3.287987010226303,0.0,0.6208685989829196,-0.08710421621799469
186.3333333333333,0.05823400621118024,-13.1869669630528,0.05285714285714294,1.63807118745769,0.0,0.597010703681914,0.2762836813926697
-10.83333333333337,-0.05174254658385113,-3.399353037362303,0.04357142857142859,-3.747546895706435,0.0,-0.2085018635073451,-0.07299765944480896
46.16666666666669,-0.007792236024844579,1.209095890868497,-0.01142857142857134,1.87377344785321,53.33441162109375,0.2254876765190766,0.05322548374533653
185.1666666666667,-0.003857142857142892,4.853384153931358,-0.01142857142857145,1.0,46.89058303833008,0.2012272137129962,0.09320884943008423
-52.66666666666663,0.03496195652173939,7.106552142639941,-0.05928571428571427,2.28798701022631,40.44675827026367,0.2176665396199464,0.18785329163074493
204.1666666666666,0.01557981366459615,5.639286261141663,0.0007142857142856673,-1.0,34.00293350219727,0.1433486090021535,0.11321596801280975
-126.8333333333333,0.03166521739130423,3.743820072536295,0.005714285714285783,-0.3737734478532104,31.0349235534668,0.2026027840806535,0.07299905270338058
-17.0,0.03568509316770185,4.548948484059608,0.01357142857142868,0.7642977396044728,29.28970527648926,0.2713347897586181,0.10222041606903076
135.0,0.05164316770186328,4.341473892663998,0.01642857142857146,-0.5690355937288487,27.54448509216309,0.2612692721708406,0.12784714996814728
158.0,0.02988664596273294,4.409950100068599,0.02714285714285702,-1.414213562373099,25.79926490783691,0.2419205536194188,0.12289102375507355
236.3333333333333,0.005607608695652244,4.130691732323001,0.03214285714285725,-0.8333333333333286,24.05404663085938,0.07615844296551122,0.1036013662815094
-28.5,0.02353928571428554,4.201197766430013,0.03642857142857137,1.0,24.05404663085938,0.2994744007614678,0.14317587018013
-34.5,0.02031614906832302,1.608326856346011,0.04642857142857137,0.4023689270621844,22.3088264465332,0.2215998527735823,0.10889135301113129
296.3333333333333,0.003119099378882106,4.074206306315759,0.04642857142857137,-2.080880229039749,18.81838798522949,0.2296978131731933,0.12518247961997986
164.1666666666666,0.04013416149068338,-13.27379419917513,0.05428571428571427,-1.373773447853203,15.32794857025146,0.5714229319802908,0.1472400277853012
53.83333333333331,-0.01585046583850946,-4.442907903065716,0.05500000000000005,-0.4023689270621773,13.58272933959961,0.3439664247586181,0.03866378217935562
31.66666666666671,-0.07366381987577642,-20.63507909690381,0.07428571428571429,-2.31658248943527,1.366192936897278,-0.1279452745143963,-0.12298344075679779
62.0,-0.02185217391304339,-5.751702048752946,0.06571428571428573,-5.56412938514169,0.0,0.2618132377597129,-0.04527750611305237
-4.833333333333314,-0.06617298136645955,-18.97705286186259,0.05499999999999994,-4.983249156101937,0.0,0.2406860658302651,-0.14947021007537842
191.8333333333333,0.08356614906832294,-20.06436557307198,0.0535714285714286,-3.983249156101948,0.0,0.937747570182913,0.293497234582901
-54.66666666666669,-0.01100729813664603,-1.749776545132704,0.0407142857142857,-3.138071187457697,0.0,0.01540084354234861,-0.02782955765724182
-4.5,-0.007475310559006187,-0.6981444200209097,0.03428571428571425,-2.483249156101941,0.0,-0.1188711782903221,-0.0048840902745723724
146.6666666666667,0.008044875776397342,3.450738810307996,-0.01214285714285723,0.3333333333333286,49.80319213867188,-0.02363103950132417,0.05631246790289879
2.166666666666629,0.009522204968944181,2.170401625786099,0.01071428571428568,-0.8451779686442364,35.07693481445312,0.2021831540896485,0.027119729667901993
45.5,-0.004603260869565307,3.193326732610998,0.01428571428571435,1.345177968644251,33.10441589355469,0.118433773928869,0.0606992170214653
183.0,0.01016024844720509,2.622585555999891,0.01928571428571435,2.218951416497475,31.13189888000488,0.283154545235181,0.0724988579750061
93.0,0.02086770186335407,-12.51130692679349,0.03000000000000003,-1.097631072937823,29.15937995910645,0.4120318648384532,0.09700219333171844
114.5,0.01301692546583855,2.211702502654106,0.03357142857142859,0.4023689270621915,27.18686103820801,0.2170912503284324,0.08054753392934799
52.0,0.03049394409937878,0.3961270509381052,0.04785714285714271,-1.414213562373092,25.2143440246582,0.790129472983397,0.11836730688810349
393.0,0.05477670807453416,-14.89093177264729,0.05714285714285716,1.983249156101941,23.24182510375977,1.023895694057062,0.38136112689971924
184.5,-0.00789751552795026,2.341895274053698,0.05071428571428571,-0.247546895706428,21.26930809020996,0.324191227999857,0.04083247110247612
17.0,-0.01635496894409927,-4.930706494993871,0.05928571428571416,-0.6785113019775864,17.32427215576172,0.3172822935363407,0.03403913229703903
16.66666666666663,-0.002736180124223497,-3.27672091964061,0.01214285714285723,1.914213562373085,15.35175323486328,0.3229182809835602,0.047324150800704956
45.33333333333331,-0.0149200310559009,-5.110827830612806,0.0535714285714286,-5.702200572599402,0.0,0.2192736587620158,-0.030194953083992004
-68.83333333333337,-0.005723913043478079,-0.6099687709242971,0.02928571428571425,-2.471404520791026,0.0,-0.06192805352289099,-0.0073581263422966
79.0,-0.004713664596273537,0.1136791586335875,-0.01857142857142846,0.6785113019775793,58.01147079467773,-0.04984993719778696,0.04025192931294441
-29.0,0.001711645962732655,0.8389696273800098,-0.0157142857142859,0.4023689270621773,52.71579742431641,-0.1023630250914903,0.02969551272690296
-101.3333333333333,0.01182204968944089,1.683345544068203,-0.00357142857142867,-0.3451779686442435,47.42012023925781,-0.1067878333307811,0.047519296407699585
-53.66666666666663,0.04129999999999967,1.222631985387707,-0.05071428571428571,0.4142135623730852,42.12444305419922,0.1701451702532264,0.07127468287944794
39.66666666666663,0.05723012422360241,4.741884086425046,-0.04999999999999993,2.207106781186539,39.11894607543945,0.4334062276436456,0.15750917792320251
170.5,0.01359285714285718,1.039022423684187,-0.02428571428571424,1.902368927062184,34.71931076049805,0.2287832926930925,0.07000887393951416
-9.333333333333314,0.03983726708074542,0.6216546776799987,0.03214285714285725,-0.08578643762690064,32.51949310302734,0.5568139933191864,0.08904223144054413
-1.666666666666686,0.0154913043478262,0.8099980545834029,0.04928571428571427,1.0,30.31967735290527,0.2333155003985437,0.12965503334999084
140.0,0.003510869565217511,2.839427194260907,0.01571428571428568,0.3619288125423026,23.72022819519043,0.3402886122872087,0.04869062080979347
-39.66666666666663,-0.02122763975155284,-5.216474947692063,0.06357142857142861,2.942809041582059,19.32059478759766,0.1959928814087519,0.05199803411960602
153.8333333333333,-0.04840279503105582,-4.760631262353485,0.02571428571428569,-2.276142374915395,12.72114372253418,0.06731399267645966,0.02355242520570755
-14.66666666666657,0.00156413043478254,-0.8929005572185105,0.03285714285714292,-5.230796051808383,0.0,-0.01956604292042718,-0.02502616122364998
-15.16666666666669,0.01518850931677029,3.035188776660291,0.01571428571428568,-1.776142374915395,0.0,0.002174281559845115,0.02419462241232395
-119.5,0.02562267080745362,1.285120692229995,0.02142857142857135,-1.000000000000014,0.0,0.05881004869240758,0.032880060374736786
85.5,0.0275263975155281,3.728022104642903,-0.06785714285714295,-3.649915822768605,55.62840270996094,-0.2435751890303872,0.07066493481397629
186.1666666666667,0.0362675465838509,5.890674484401742,-0.05857142857142861,-3.483249156101934,50.90679931640625,0.0400456110245927,0.1201179176568985
94.50000000000003,0.0534572981366459,8.022077515894182,-0.05642857142857138,-1.942809041582059,46.18519973754883,0.1820130414295413,0.15084101259708405
-49.16666666666669,0.01686490683229813,0.7649644727352012,0.01285714285714279,-1.678511301977579,43.16095352172852,0.0176663530895379,0.03730094060301781
72.33333333333337,-0.00708121118012417,-0.553909729035496,0.01857142857142857,3.080880229039771,40.73383712768555,0.1052661855616984,0.08212795108556747
96.66666666666663,0.03075155279503106,0.2579408220107098,-0.02785714285714291,3.052284749830783,38.30672454833984,0.505221287621396,0.10275597870349884
-58.33333333333331,-0.008528105590062007,-0.9006371544716956,0.03214285714285703,1.26429773960448,35.87960815429688,0.2232516011007188,0.05218283459544182
179.5,0.001172360248446913,-1.156289726611391,0.05499999999999994,-1.040440114519882,33.45249176025391,0.1191291751527093,0.052877455949783325
238.6666666666667,0.02691925465838541,1.458264500592605,0.005000000000000004,1.914213562373092,31.02537727355957,0.5942416748188512,0.10386490076780319
82.0,-0.04101801242236058,-2.256730548249109,0.06785714285714284,1.500000000000014,26.1711483001709,0.1415046605953518,-0.011715725064277649
76.33333333333337,-0.04459673913043483,-10.95609396750159,0.07000000000000006,1.138071187457697,21.31691741943359,0.07039217621578886,-0.018559452146291733
-159.0,-0.1279197204968945,-13.20876751503691,0.0814285714285714,-1.930964406271151,11.60845565795898,-0.104380541061321,-0.15333853662014008
-100.6666666666666,-0.1122125776397515,-11.74137898618524,0.0814285714285714,-3.454653676892967,9.181340217590332,0.03984191240944868,-0.19012868404388428
-185.1666666666667,0.02523586956521762,-10.0621819431595,0.07857142857142863,-5.633164978870539,1.899994611740112,0.8866913910974266,-0.004807118326425552
-103.6666666666666,-0.0003259316770187759,1.764988013664293,0.02571428571428569,-4.89746271847504,0.0,0.1930229406030748,-0.028708722442388535
-106.3333333333334,0.007722670807453591,-5.672769479224399,0.06000000000000005,-3.218951416497447,0.0,0.8167120078964862,-0.044175103306770325
-136.3333333333333,0.009645962732919178,-0.3730283727967958,0.02928571428571436,-5.426058197684,0.0,-0.0376408679204272,-0.02094901353120804
-19.33333333333331,0.01936645962732897,0.6048489305738087,0.02357142857142847,-4.023689270621823,0.0,0.03271534182042268,0.01831497624516487
-43.33333333333329,0.02886009316770211,-0.03810700231619535,0.0357142857142857,-2.23570226039552,0.0,0.0814431930455729,0.07788203656673431
96.66666666666669,0.02434875776397516,6.691517210748898,-0.07000000000000006,-3.983249156101927,58.54100799560547,-0.0715700125704587,0.09697893261909485
137.1666666666666,0.03922422360248434,4.911766634257987,-0.06428571428571428,-1.707106781186539,54.39348220825195,-0.1620702598860873,0.10847094655036926
86.33333333333331,0.06332934782608712,7.34933435588313,-0.05714285714285705,-1.430964406271144,50.24595260620117,0.115834301219139,0.1973208338022232
125.3333333333333,0.0358704968944098,5.007538599916032,-0.04714285714285726,-0.9714045207910402,47.20296478271484,0.3106357584996122,0.1040777862071991
217.8333333333334,0.03909161490683222,6.327759485315937,-0.04357142857142859,0.8333333333333428,44.54854965209961,0.3089731058178978,0.15710857510566711
316.6666666666666,0.08731366459627332,7.561458229951185,-0.03428571428571425,-0.2357022603954988,41.89413833618164,0.8032180794597026,0.45424583554267883
135.0,0.03296599378881993,3.705317792144498,-0.02714285714285725,1.580880229039771,39.23972320556641,0.3401686697451084,0.0926092118024826
-3.666666666666686,0.002385559006210958,-2.782711328581499,0.04357142857142871,-0.3047378541243546,36.58530807495117,0.1543410486208577,0.050873078405857086
183.9999999999999,-0.01010527950310569,-2.434180187402802,0.04928571428571438,-1.276142374915395,36.58530807495117,0.2730934354094487,0.04710385948419571
181.8333333333333,-0.02779239130434785,-7.040786925701894,0.06142857142857139,-0.3333333333333357,33.9308967590332,0.2248793412002533,0.015333767980337143
150.6666666666666,-0.0691857142857143,-2.171608135815305,0.05857142857142861,-1.138071187457712,31.27648162841797,0.07636034501462552,-0.038094595074653625
-41.16666666666669,-0.08585993788819879,-3.659010511587709,0.06428571428571428,-0.01184463531090785,28.62206649780273,-0.022151851061321,-0.038103800266981125
-95.16666666666669,-0.1141871118012424,-4.023573076288997,0.07071428571428573,-1.109475708248738,25.96765327453613,-0.05794735647164062,-0.07842317223548889
-22.0,-0.09226661490683241,-0.07573684887704246,0.009285714285714342,-2.471404520791033,23.31324005126953,0.149974893795057,-0.04856542497873306
-174.6666666666667,-0.06687996894409942,-10.176519191748,0.07285714285714273,-1.666666666666671,20.6588249206543,0.5905745243815465,-0.13593865931034088
-124.6666666666666,-0.1098562111801242,-12.5297716315752,0.07357142857142851,-2.523689270621826,18.0044116973877,0.3129510177260745,-0.1697944551706314
5.5,-0.1106995341614906,-6.074958979995117,0.02214285714285724,-4.247546895706435,15.34999752044678,-0.02759106133488742,-0.06335264444351196
-111.8333333333334,-0.1180156832298136,-13.76556567021905,0.08000000000000007,-0.7357022603955059,10.04117012023926,0.02816072653841273,-0.13052421808242798
2.333333333333314,-0.03604021739130447,-8.161221537817937,0.07571428571428573,0.0,0.0,0.3144439325821477,-0.06772409379482269
-48.33333333333337,0.02831055900621104,0.9793900521219996,0.03500000000000003,-5.564129385141698,0.0,0.101533429889112,0.0490456223487854
3.166666666666629,0.01650077639751568,-0.2798589971600052,0.02857142857142847,-5.133164978870557,0.0,0.09198646245959796,0.011714581400156021
-77.83333333333331,0.03211863354037259,-0.7480181897401934,0.03928571428571426,-4.05228474983079,0.0,0.08584904217972211,0.07195784896612167
25.33333333333337,0.02331319875776394,-0.08100007104640383,0.03428571428571425,-6.006938426723757,0.0,-0.02713214073596593,0.005304865539073944
-19.83333333333337,0.03118649068322965,-0.003416995988999361,0.03428571428571414,-5.926058197684014,0.0,-0.0111674205442146,0.050840530544519424
83.83333333333337,0.05537686335403735,0.377411598695204,0.03142857142857158,-0.983249156101941,0.0,0.07650471325389008,0.11608655005693436
324.8333333333333,0.05242344720496894,6.769041555670995,-0.07214285714285706,-3.218951416497454,61.45361328125,0.2572273802877726,0.26403939723968506
264.6666666666667,0.02977996894409962,5.419606471619616,-0.0692857142857144,-0.5118446353109007,57.88016128540039,-0.09432481832432771,0.1846998780965805
205.1666666666667,0.09322981366459626,6.021715932021934,-0.0614285714285715,-0.3333333333333286,54.30670928955078,0.3081760762877725,0.25106462836265564
319.6666666666666,0.03879145962732888,5.115218064670287,-0.05642857142857138,-0.5404401145198747,51.24497604370117,0.1423494625617648,0.1849508285522461
200.3333333333333,0.02938493788819885,3.757895878801889,-0.04357142857142859,-0.528595479208974,48.36326217651367,0.3970590077451084,0.0957290381193161
426.8333333333333,0.07677313664596275,8.240112403200186,-0.0407142857142857,-0.9428090415820733,45.48154830932617,0.7532414689277097,0.4214304983615875
105.1666666666666,0.02168602484472038,4.867195746135607,-0.03714285714285714,3.161760458079527,42.59983825683594,0.3652473626101919,0.1359737366437912
61.33333333333337,-0.04064239130434777,-1.692359807654498,0.02071428571428569,-1.13807118745769,39.71812438964844,0.119004524674592,-0.0033337250351905823
222.5,0.02664192546583832,4.678774606129309,-0.02000000000000002,-1.345177968644236,39.71812438964844,0.3903523869963882,0.0993284359574318
30.0,-0.0576661490683229,-2.361948774468104,0.03857142857142859,-4.926058197683993,36.83641052246094,0.064330131674592,-0.03770076856017113
36.66666666666669,-0.05388959627329193,0.3645297945933095,-0.003571428571428559,-0.06903559372884871,33.9547004699707,0.09694371569309246,0.021574627608060837
-41.16666666666669,-0.03746552795031055,-5.918817728539096,0.06571428571428573,0.5690355937288558,31.0729866027832,0.7114006894684813,-0.017409514635801315
-25.33333333333331,-0.11138649068323,-4.060409939418506,0.04785714285714293,-4.16176045807952,25.30956268310547,0.1808358175976644,-0.11248709261417389
-27.49999999999997,-0.08337795031055906,-2.495921253390279,0.007857142857142896,-8.990187582825715,19.5461368560791,0.04532574280519486,-0.3260267972946167
245.6666666666666,0.04964922360248436,-6.626112972582391,0.08499999999999996,-0.3905242917512766,-22.08804130554199,0.5411653573029405,0.27808451652526855
270.1666666666666,0.09149658385093151,-6.558808883345407,0.05285714285714282,-0.6380711874577045,-0.9382544159889221,0.9096461693717183,0.390226274728775
9.333333333333371,0.01750000000000007,0.8604140558403941,0.03357142857142847,-2.666666666666671,0.0,0.00444831838264903,0.037764087319374084
62.99999999999997,0.04310698757763975,1.736336095537112,0.04357142857142848,-3.316582489435291,-23.90269660949707,0.1319844958520121,0.0707894116640091
133.1666666666667,0.04639145962732916,1.799261482124507,0.01642857142857135,-2.638071187457712,0.0,-0.06815053324828024,0.02811192162334919
10.33333333333331,0.04806677018633554,1.219015635231912,0.03642857142857137,-2.983249156101948,0.0,0.1276800273968659,0.0845509022474289
-23.33333333333337,0.07162484472049702,2.268844637029204,0.0228571428571428,-0.9714045207910402,0.0,0.1218795858663381,0.15626415610313416
1.666666666666686,0.0640357142857143,2.171559107023199,0.02642857142857136,-3.287987010226317,0.0,0.1347362598935578,0.10046179592609406
24.0,0.05444534161490677,2.049284200646198,0.02928571428571414,-3.247546895706428,0.0,0.1612812894557853,0.09596706181764603
9.0,0.04762406832298127,2.188077466713295,0.02928571428571414,-3.580880229039771,0.0,0.1539361604557854,0.049498070031404495
-65.83333333333337,0.02397779503105602,1.190539003718399,0.03428571428571436,-3.718951416497461,0.0,0.09032014898048701,0.029302164912223816
-113.1666666666667,-0.003763509316770386,-8.268322095646496,-0.0692857142857144,4.385618083164125,76.36372375488281,0.134137757818064,0.1068829745054245
114.1666666666667,-0.004920031055900553,-5.009750288747227,-0.07500000000000007,-0.06903559372885582,73.36434936523438,-0.1373835065690078,0.03838616609573364
122.6666666666667,0.0288830745341615,-2.340066475779579,-0.07500000000000007,1.373773447853203,70.36497497558594,-0.03594657921357636,0.09979142248630524
191.3333333333334,0.03467500000000023,6.800000864496496,-0.07714285714285729,-0.02859547920896688,64.36621856689453,0.1775641596137758,0.20398885011672974
189.5,0.04959409937888193,6.008529522203261,-0.06928571428571428,2.511844635310915,61.36684036254883,-0.02962718755313209,0.2157221883535385
221.6666666666667,0.0467462732919256,5.076898648012588,-0.06857142857142862,2.747546895706428,58.36746215820312,0.05677221886554196,0.16750341653823853
165.3333333333333,0.04995621118012439,6.199185725062094,-0.06071428571428583,1.304737854124362,55.28698348999023,0.07476632637117409,0.1724148392677307
62.66666666666669,0.04877562111801237,6.682904973788624,-0.05142857142857138,-0.8451779686442507,52.17797470092773,0.2786595519615763,0.11271519213914871
50.66666666666669,0.008774844720496944,4.154852631806406,-0.03857142857142859,-0.5,49.06896209716797,0.2388253506915002,0.06324822455644608
-29.0,-0.02135263975155299,1.705546072660312,-0.02642857142857136,-0.735702260395513,45.9599494934082,0.1893941470771479,0.009249109774827957
127.3333333333333,-0.02071335403726704,6.897205333556684,-0.03500000000000003,-1.316582489435284,42.8509407043457,0.2319620653882085,0.09701228886842728
-97.0,-0.1130287267080747,-1.410105682469208,0.01928571428571413,-2.011844635310915,42.8509407043457,-0.1107171519093927,-0.03748811036348343
-224.0,-0.119478105590062,-2.199854892626306,0.03285714285714292,-5.621320343559631,39.74192810058594,0.05831757457238107,-0.07548712939023972
250.8333333333333,-0.05079673913043481,-2.166310488216595,0.0357142857142857,-3.885618083164118,36.63291931152344,0.5089713535780714,0.014021892100572586
-75.83333333333331,-0.07806956521739139,-0.1510677080964058,0.001428571428571335,-4.690355937288476,33.52390670776367,0.07605872070862241,-0.07190638780593872
28.33333333333331,0.01666537267080748,-8.536360539563702,0.0814285714285713,0.207106781186539,-39.80713272094727,0.6199661411350288,0.1617504209280014
69.33333333333331,0.04763354037267098,3.567902793234495,0.01500000000000001,-2.357022603955166,0.0,-0.02935462711483461,0.031011834740638733
125.0,0.04446211180124238,5.797102547804798,0.01071428571428568,-0.9023689270621844,0.0,-0.01593837954195454,0.06600598990917206
88.00000000000003,0.06128167701863352,7.692086756409665,0.005000000000000004,-0.6380711874576974,-0.7545689344406128,0.01924213015247622,0.12196796387434006
94.66666666666663,0.04302236024844697,2.313530951026692,0.03714285714285714,-1.861928812542295,0.0,0.02432588746162045,0.0813087522983551
-34.33333333333331,0.0639184782608695,3.371364211538491,0.02285714285714291,-2.816582489435277,0.0,0.1082602601091759,0.09934905171394348
-94.0,0.06027950310559016,2.897614590294097,0.02571428571428569,-4.064129385141698,0.0,0.03840119482729676,0.08573564887046814
-95.0,0.04915667701863347,2.586851869244896,0.02642857142857136,-3.178511301977586,0.0,0.1110563774557853,0.02981003373861313
-25.16666666666663,0.032180900621118,2.764708432391998,0.03285714285714292,-5.230796051808369,0.0,0.08198061073583807,0.04624876379966736
-78.66666666666669,0.03488105590062085,1.845084385315801,0.03142857142857147,-4.816582489435277,0.0,0.09342728625776153,0.03272897005081177
-3.5,0.02777096273291946,1.7293767444731,0.01142857142857145,-3.914213562373085,0.0,-0.001177007109069428,0.012137524783611298
29.66666666666663,0.02572406832298135,1.787930487820589,0.009285714285714342,-3.926058197684007,0.0,0.01862238388516535,0.001154821366071701
78.0,0.03381723602484465,-6.653603286376622,-0.0714285714285714,3.69035593728848,79.40533447265625,0.208205154314825,0.1698303073644638
149.8333333333333,0.02139642857142854,-4.860255862360276,-0.07499999999999996,4.357022603955159,76.98003387451172,0.1776972608293824,0.16782230138778687
22.66666666666671,-0.03366630434782625,-5.264449151822078,-0.0792857142857144,0.5976310729378085,74.55473327636719,0.07467341838820857,0.03298503905534744
204.8333333333334,-0.02108633540372662,2.654537880896825,-0.07785714285714296,2.25939153101735,69.7041244506836,0.00752092352988265,0.0841580256819725
130.8333333333334,0.007227950310558784,4.686521852281061,-0.07714285714285729,0.3905242917512766,67.27882385253906,-0.04713362162882584,0.10896596312522888
164.0,0.01405993788819848,3.337562518893108,-0.06071428571428572,-0.1380711874576974,64.85352325439453,-0.08216863813443087,0.09192830324172974
263.3333333333333,0.04610248447204979,5.724264875522877,-0.0692857142857144,0.2642977396044799,62.42821884155273,0.1700295704231919,0.19565410912036896
217.0,0.04877127329192554,6.546553590910221,-0.06142857142857139,1.276142374915402,59.32899475097656,0.3083065289098,0.18738871812820435
39.16666666666669,0.01286490683229802,5.062498567057219,-0.05214285714285727,-0.3333333333333428,55.99268341064453,0.2673287325316992,0.08081116527318954
64.0,-0.02660232919254657,2.063844284296806,-0.0335714285714287,-0.4023689270621915,52.65637588500977,0.2253055129548371,0.01925666257739067
233.3333333333334,0.02995512422360247,8.159128667575132,-0.04785714285714282,1.678511301977579,49.32006454467773,0.6453726216007437,0.24347372353076935
-84.33333333333337,-0.0748222049689441,0.3943828134557066,0.005714285714285672,-1.845177968644251,45.98375701904297,0.4667628085212699,-0.016516253352165222
32.83333333333331,-0.126583850931677,10.37860759559452,-0.02500000000000002,-3.247546895706428,45.98375701904297,0.009777226843296405,0.024213826283812523
-29.0,-0.03971956521739139,-4.164117679378691,0.04714285714285704,-4.966498312203885,22.62958908081055,0.3184528921205443,-0.06825505197048187
58.66666666666669,-0.05978509316770175,-7.6143534569715,0.05999999999999994,1.747546895706442,19.29327774047852,0.1961637374169237,-0.002801302820444107
236.5,0.08714503105590066,7.931560301444179,0.001428571428571335,-2.649915822768612,-2.821263313293457,0.4795713156100855,0.2291412353515625
21.33333333333337,0.02725015527950325,5.087822811653993,0.01071428571428568,-2.483249156101948,0.0,0.1081136891841542,0.04837735742330551
-130.6666666666666,0.03815310559006213,3.232837003512401,0.02500000000000002,-2.316582489435277,0.0,0.07061518876728012,0.04734104499220848
49.16666666666669,0.0276242236024844,3.232837003512401,0.02785714285714291,-3.385618083164132,0.0,0.07091139473583807,0.05361739546060562
-1.166666666666686,0.03060201863354028,2.597779794483898,0.02785714285714291,-3.345177968644251,0.0,0.1447017323367621,0.05558612197637558
2.333333333333314,0.03988416149068308,1.709289779713387,0.03142857142857147,-3.316582489435255,0.0,0.1161661432577615,0.05018365755677223
166.1666666666667,0.03057360248447205,-3.876993397428407,-0.07714285714285729,-0.207106781186539,79.44757080078125,0.328800883510618,0.10141370445489883
266.1666666666667,-0.01248431677018624,-4.626968387494117,-0.0792857142857144,-1.011844635310915,79.44757080078125,0.1568229468931626,0.11320231854915619
121.8333333333333,-0.0404295031055899,-5.66812972843141,-0.0814285714285714,0.4309644062711442,77.59634399414062,-0.09035149605360154,0.030125180259346962
-14.0,-0.01854953416149063,-4.703380561785394,-0.07499999999999996,0.8737734478532246,75.74510955810547,-0.0548542987282481,0.0474671944975853
305.8333333333333,0.03589937888198758,0.9490953392846109,-0.08285714285714285,2.178511301977579,73.89388275146484,0.3715871233333367,0.17374059557914734
120.1666666666666,0.01538928571428588,4.322655014288216,-0.0842857142857143,-0.3737734478532033,70.1914291381836,0.1358554026063937,0.10985411703586578
256.3333333333333,0.02858959627329183,7.166768109252473,-0.07857142857142851,0.4428090415820591,68.34020233154297,0.1631204727221356,0.30069366097450256
90.5,0.02707950310558993,6.363325191395376,-0.06214285714285706,-1.235702260395527,66.48897552490234,0.2411797022717519,0.1236145943403244
120.3333333333333,0.02342996894409966,3.16496468187259,-0.04857142857142871,0.4999999999999858,63.37100601196289,0.4267987033422789,0.08258116990327835
182.5,0.02604720496894419,5.785884338408735,-0.06285714285714283,0.7357022603955201,59.80739593505859,0.3041454272869613,0.14556872844696045
108.6666666666667,-0.06013990683229808,10.23070548327493,-0.04928571428571438,-2.718951416497454,52.68017959594727,0.1639701092534276,0.0740290954709053
-168.1666666666667,-0.1580767080745343,13.13479484612201,0.0407142857142857,-4.678511301977579,34.86213684082031,-0.00026593488018678,-0.03160274773836136
53.5,0.03017919254658397,2.753874053083905,0.0178571428571429,-2.983249156101948,0.0,0.01806103297264294,0.030757257714867592
53.0,0.04806521739130409,1.729469697292203,0.03071428571428569,-0.3619288125422955,-6.103767871856689,0.2171090615478481,0.06806308776140213
137.6666666666667,0.04886381987577637,2.194139716922393,0.01714285714285724,-2.109475708248731,0.0,0.2376360184031265,0.03234952315688133
62.0,0.04772546583850923,2.172028745702406,0.01500000000000001,-1.511844635310908,0.0,0.2708359426839453,0.029710877686738968
123.5,-0.02032732919254643,0.7806699888993052,-0.0764285714285714,0.3570226039551585,80.76695251464844,-0.03912158546690109,0.04277206212282181
287.6666666666666,-0.05573959627329184,-1.901265126767328,-0.08214285714285718,-3.690355937288487,79.48979949951172,0.07533692519882401,-0.039323966950178146
233.8333333333334,0.02138276397515526,-2.055404675290859,-0.08571428571428563,-1.488155364689092,79.48979949951172,0.14392231361035,0.07104415446519852
188.5,-0.02838711180124232,-6.051140620864686,-0.08642857142857141,1.971404520791019,76.93549346923828,-0.0726802645576588,0.07237569242715836
243.3333333333334,0.01096537267080744,-2.190837975961855,-0.07928571428571429,3.52368927062183,75.65834045410156,-0.0932875050634156,0.1667630672454834
240.3333333333334,-0.01400093167701866,-3.675007434800449,-0.05785714285714283,1.442809041582073,74.38118743896484,-0.07578085317676742,0.1231687143445015
333.8333333333333,0.02139006211180128,6.233911762003501,-0.07000000000000006,-0.6666666666666572,73.10403442382812,0.2825993039734577,0.2442278265953064
323.5,0.01189130434782615,4.00210677343,-0.06428571428571439,-0.1952621458756312,71.8268814086914,0.5267395685434746,0.18010112643241882
135.5,0.03622313664596266,4.555396146212686,-0.0814285714285714,-0.8737734478532104,70.54972839355469,0.6315821360082717,0.07699546217918396
102.0,-0.02247391304347812,-1.799649976022906,-0.04428571428571437,-1.845177968644244,67.41301727294922,0.2274478171277812,-0.010157179087400436
206.0,0.01563322981366444,5.294970718895883,-0.07000000000000006,0.2642977396044941,63.62210845947266,0.3890876581899212,0.12060435116291046
156.0,-0.04572934782608706,11.39471955257176,-0.05214285714285705,-0.8333333333333357,56.0402946472168,0.2065820888254702,0.16315439343452454
254.3333333333333,-0.08764611801242239,11.31218220389704,-0.0407142857142857,-3.816582489435284,52.24938583374023,0.4379140289734577,0.11976541578769684
-113.3333333333334,-0.1445829192546585,-2.638210233674997,0.03357142857142859,-6.092724864350668,33.29485321044922,0.06987514112058946,-0.06276780366897583
220.3333333333333,0.04587748447204976,5.071137473037297,0.0007142857142857784,-2.149915822768612,-0.8221098184585571,0.1339557795182041,0.01813647523522377
137.6666666666667,0.07635916149068356,2.248582248224594,0.02642857142857147,-0.8856180831641183,-6.24003267288208,0.1571354986435783,0.22507379949092865
53.5,0.06535232919254674,2.241918974905687,0.0278571428571428,0.0976310729378298,-6.171900272369385,0.1177662373265103,0.1468651294708252
307.0,-0.04402096273291933,-0.2866503499590181,-0.07857142857142851,-3.345177968644229,79.53203582763672,0.02124437423494474,0.05424245446920395
162.5,-0.01506956521739145,-5.053832988666557,-0.08857142857142852,-0.6666666666666643,79.53203582763672,0.1340771702800914,0.0031134746968746185
267.6666666666667,-0.009665062111801181,-4.066362274743852,-0.07785714285714285,0.4023689270621844,78.8289566040039,-0.06033351147016341,0.12558947503566742
301.6666666666667,0.02121537267080764,-2.289546313153068,-0.07714285714285718,4.995093791412856,78.1258773803711,0.2951855504635672,0.2175934612751007
130.8333333333333,0.009336335403726914,0.9951977804968095,-0.07357142857142851,3.621320343559624,77.42279815673828,0.1713261469612821,0.12454316020011902
79.1666666666666,0.0157975155279505,1.54385556314999,-0.08285714285714285,4.385618083164118,76.71971893310547,0.2463320472349447,0.1398368775844574
338.5,0.009600155279502975,3.36316007536044,-0.06928571428571428,0.9595598854801111,76.01663970947266,0.506321920060367,0.15026697516441345
293.5,0.004654037267080691,6.077383406745625,-0.07928571428571429,2.897462718475055,75.31356048583984,0.3244050067576424,0.24090267717838287
101.3333333333334,-0.01992080745341618,-1.769036121415311,-0.05214285714285716,-2.511844635310908,71.45502471923828,0.3783744910738033,0.004935845732688904
192.1666666666667,0.01698618012422359,10.56944683003289,-0.06499999999999995,-1.511844635310915,67.40859742462635,0.4052084402762838,0.2028721570968628
307.4999999999999,-0.01693136645962734,10.40559533603593,-0.05285714285714282,-1.580880229039764,59.40040969848633,0.460847915060445,0.24790586531162262
19.66666666666669,-0.09156956521739124,10.00286880937401,-0.03285714285714281,-4.523689270621826,51.36399841308594,0.3383926087681,0.00874016061425209
-18.66666666666669,0.04661428571428572,1.461970699247289,0.02642857142857136,-2.569035593728856,-15.50204658508301,0.09954594650113313,0.03377842530608177
85.0,0.06712717391304368,2.994938606225389,0.02500000000000002,0.7357022603955059,0.0,0.1648152676435783,0.1947208046913147
128.3333333333333,-0.07632236024844719,16.29766209637994,-0.07857142857142851,-1.430964406271158,79.60916900634766,-0.2317158499651331,0.0786951556801796
120.0,-0.0631186335403725,-3.900725601015566,-0.07857142857142851,-1.81658248943528,79.33716583251953,-0.08993781064363307,-0.02088162675499916
159.8333333333333,-0.008936024844720336,1.279077646315116,-0.07857142857142851,2.149915822768598,79.30894227325916,0.1129925346782424,0.07509416341781616
18.6666666666666,0.002579503105590408,-4.262444402827654,-0.07785714285714296,5.092724864350668,79.06515502929688,0.3959616734777029,0.13722601532936096
47.83333333333329,0.0129194099378882,2.385026384465618,-0.07428571428571418,3.954653676892974,78.72429578006268,0.3294072859933653,0.13731373846530914
168.8333333333333,-0.0203805900621119,1.221464029444917,-0.08499999999999996,8.035533905932738,78.52114868164062,0.3702277622918771,0.19622381031513214
225.6666666666666,0.01417624223602465,3.249235918336993,-0.07285714285714295,3.718951416497461,78.24913787841797,0.5653679143534909,0.13710886240005493
297.5,0.0319399068322983,9.448306381447992,-0.08642857142857141,6.075974020452612,77.90827862918377,0.6393253008359409,0.3335723280906677
219.0,-0.0340293478260868,-0.1509725916093032,-0.05571428571428572,-1.483249156101948,77.70513153076172,0.3146269920756432,0.019692208617925644
391.1666666666667,0.03559611801242246,8.751349971840128,-0.06785714285714284,-1.540440114519875,77.28299961984158,0.5302070755427216,0.3122933506965637
118.6666666666666,0.005396428571428635,5.096154651047684,-0.05571428571428572,-3.080880229039771,70.09598541259766,0.5256986296768148,0.03778153657913208
356.3333333333334,-0.00358680124223576,4.038374348428505,-0.04142857142857137,-1.885618083164125,57.56603240966797,0.2197938786588172,0.12498614937067032
271.8333333333333,-0.0129850931677018,11.78711648474243,-0.05000000000000004,-2.58088022903976,49.10324181616306,0.7395900828359409,0.21945920586585999
243.3333333333333,0.002578105590062219,4.168190314285113,-0.0814285714285714,4.495093791412849,77.70513153076172,0.4151676971814141,0.19028082489967346
291.3333333333333,-0.003166614906832455,10.4262772749545,-0.08000000000000007,3.28798701022631,77.11746951937675,0.7657369896806085,0.3019111752510071
341.1666666666667,0.0407841614906832,7.970959928690917,-0.06571428571428584,-3.414213562373092,74.08188278973103,0.5559672385597504,0.24312862753868103
144.8333333333333,-0.006096118012422602,4.825748808961009,-0.05642857142857149,-3.069035593728849,70.09598541259766,0.5005744281479868,0.06371558457612991
184.6666666666666,0.05922546583850918,9.841957412673906,-0.06642857142857139,1.511844635310911,65.7692133039236,0.6702254140648254,0.25460752844810486
407.1666666666666,0.0784094720496894,9.442929891633455,-0.05071428571428593,2.580880229039749,57.33464626967907,0.7762224717669853,0.4847908616065979
158.6666666666667,0.03041257763975169,5.1736854979969,-0.04071428571428592,-3.511844635310908,53.38938140869141,0.72888371885765,0.06648797541856766
235.1666666666666,0.01893291925465856,3.706703471279653,-0.0692857142857144,2.649915822768605,76.33900101482868,0.1756230713345264,0.1620069444179535
381.8333333333333,0.06306770186335386,6.284567631647377,-0.06928571428571417,-2.092724864350657,73.68935373425484,0.6229455799118756,0.2501746416091919
247.6666666666667,0.06459037267080736,9.553159052268882,-0.07214285714285706,1.345177968644236,71.18590116500854,0.6677852928247169,0.3237268626689911
258.1666666666667,0.007848136645962955,1.556964352825091,-0.05714285714285716,-6.13316497887055,70.23062896728516,0.4366620240535577,-0.0032143183052539825
231.3333333333333,0.04507639751552805,7.005708194485464,-0.0692857142857144,-0.7642977396044941,66.0498867481947,0.8810222354580838,0.23830261826515198
327.8333333333334,0.09803928571428588,4.620907849128102,-0.05785714285714294,-0.8451779686442649,62.01926946640015,0.9461090984071895,0.2977340519428253
347.0000000000001,0.06375962732919271,9.356813406632625,-0.06071428571428583,3.580880229039764,55.79475450515747,0.7743466268247169,0.41243284940719604
423.1666666666667,0.08100496894409925,4.679256359087603,-0.06071428571428583,3.040440114519868,54.12056493759155,0.9531263327753546,0.36864975094795227
156.1666666666666,0.05326785714285709,3.958295853282408,-0.04928571428571427,-2.621320343559624,50.13058015704156,0.6964009486666277,0.10765017569065094
308.6666666666667,0.04119239130434782,8.209478661918538,-0.06928571428571417,0.1380711874577045,67.17537450790405,0.6279201160126667,0.3327089846134186
227.3333333333334,0.03174316770186325,8.718887649128192,-0.06928571428571417,1.718951416497447,63.39296245574951,0.691454082574918,0.2734737992286682
268.3333333333333,0.06496459627329221,6.855197808260385,-0.05928571428571439,-1.471404520791026,62.69193506240845,0.7921435700094427,0.3049917221069336
99.0,0.0145203416149069,10.64693072070578,-0.06142857142857139,3.080880229039753,53.88386249542236,0.809031214574918,0.18843184411525726
-38.0,-0.02430372670807479,-5.355267407973514,-0.0842857142857143,-2.983249156101948,50.88048934936523,-0.07264911150975906,-0.01555841788649559
325.8333333333333,0.0365378881987577,-1.219278935669891,0.0357142857142857,1.70710678118656,-104.4649963378906,0.56078943500294,0.2180939018726349
-70.83333333333331,-0.009972670807453676,-1.242118492451993,-0.09071428571428575,-1.833333333333336,45.34467697143555,-0.1495706815097591,0.016199450939893723
-105.0,0.0006000000000000449,2.4002566927673,-0.1142857142857143,0.3333333333333321,33.21027755737305,0.4275497406295904,0.10538449883460999
141.8333333333333,-0.005392701863353833,2.795160231777899,-0.1107142857142858,1.154822031355746,30.81263351440429,0.7083076482997519,0.11094056069850922
0.3333333333333144,-0.004731677018633418,2.561026138010106,-0.1042857142857143,0.4023689270621773,29.22268295288086,0.7056616612997519,0.07596318423748016
43.0,-0.01348276397515524,-2.899392027949503,-0.1185714285714285,-1.804737854124362,34.4041576385498,0.03428159556349619,0.06641282141208649
48.16666666666663,-0.02021599378881989,3.661447169345109,-0.11,-3.28798701022631,29.68679046630859,0.4869318974895363,0.025850536301732063
-55.0,-0.01430248447204951,0.579109658332797,-0.1071428571428571,-2.276142374915395,28.17285919189453,0.2820725161534795,0.04842737317085266
-54.0,-0.01508136645962743,0.041556408348697,-0.1035714285714285,-4.080880229039771,25.69417381286621,-0.02661234111171751,0.03305331990122795
39.33333333333331,0.01800248447204977,3.316264934531603,-0.1142857142857143,-0.09763107293781559,10.37626647949219,0.5259531450896746,0.09447958320379257
292.3333333333334,0.06252608695652184,-12.829385545813,0.02428571428571435,0.08088022903976366,-82.8485119342804,0.8193109424086036,0.303552508354187
91.83333333333337,-0.004349844720496931,-0.5896540734748044,-0.1314285714285713,-6.011844635310908,22.692138671875,-0.221600833744891,0.0248967744410038
59.33333333333331,-0.01566552795031073,2.686011764113104,-0.135,-3.649915822768623,17.2940788269043,0.1312424852613024,0.05830474570393562
320.3333333333333,-0.003905279503105707,2.678283861754707,-0.1314285714285713,1.040440114519882,14.38856124877929,0.3421113902786602,0.15016886591911316
78.33333333333329,-0.0216454968944102,5.901841244558554,-0.1142857142857143,-0.8333333333333428,13.3828125,0.529945011161819,0.11471317708492279
226.6666666666666,0.01667500000000011,-0.1256689239186954,-0.1221428571428571,0.735702260395513,7.257625579833977,0.524873103099863,0.10942140221595764
226.3333333333333,0.07017950310559007,-3.267055346424513,0.02714285714285702,-1.414213562373092,-93.60710906982422,0.5982029250260072,0.2496308982372284
32.83333333333337,-0.03427655279503106,-9.810886080766522,-0.1214285714285713,-7.409307353785952,26.22511291503906,-0.4609382146243259,-0.12107358127832413
71.16666666666669,-0.04283850931677025,-3.666514301768288,-0.1264285714285714,-9.559223176554568,23.77546691894532,-0.5328148462474291,-0.1698223352432251
155.0,0.02740667701863375,-0.4388655220871982,-0.1478571428571428,-8.783080801639166,8.943450927734382,-0.1924367979230477,-0.2466508001089096
182.8333333333333,0.02129177018633566,4.227873314650296,-0.1507142857142857,-5.759391531017332,5.577507019042976,-0.03507815792304775,0.03679482638835907
168.6666666666666,0.03703090062111802,4.658192142195318,-0.1435714285714285,-3.909307353785948,1.708248138427741,0.3665597946977029,0.024794964119791985
149.0,0.0496923913043481,0.508703806678696,0.01500000000000001,-1.569035593728849,-99.96178770065308,0.3580956372292452,0.04806439206004143
288.8333333333334,0.04325807453416142,-5.129343041270204,-0.1657142857142857,-1.292893218813454,-10.37841796875,-0.0546997402337705,0.08597864210605621
141.0,-0.05478276397515536,-0.5618658892146016,-0.12,7.035533905932727,-19.88976287841797,0.666032019948718,0.18297642469406128
266.5,0.09026552795031051,6.799592877389429,-0.07785714285714285,0.8047378541243688,-7.319717407226562,1.055988594846379,0.22870425879955292
139.5,0.06785916149068316,-0.1578405712044031,0.02928571428571436,1.207106781186553,-117.9172515869141,0.5988779037116891,0.29917478561401367
217.6666666666667,0.07941381987577645,-1.281552060971691,0.02928571428571436,0.7357022603955201,-118.3302307128906,0.6686153322065322,0.4114993214607239
26.5,0.03017919254658386,5.800333065056222,-0.1728571428571428,-5.4783429475148,-17.13132095336914,0.06290229816491844,-0.040840014815330505
18.66666666666669,-0.008672049689440908,-9.51853396658089,-0.165,-5.052284749830786,-14.89610290527344,0.1002968834197691,-0.07087455689907074
52.83333333333337,0.02018649068322986,-2.090698076263195,-0.142142857142857,3.868867239266073,-33.71242713928223,0.4626196796575958,0.12863586843013763
161.1666666666667,0.01804937888198765,-0.4546094203938935,-0.01714285714285713,-4.63316497887056,-100.5563430786133,0.1738539603672916,-0.0640493705868721
15.16666666666671,-0.01222950310559012,-3.370541641316009,-0.1814285714285714,-0.4714045207910189,-17.39838027954102,-0.1188369528325082,0.0392334908246994
218.0,0.001401086956521747,-10.2209639428728,-0.1857142857142857,-2.523689270621823,-23.84514999389649,0.06223972718353332,0.04413926228880882
-89.83333333333337,-0.06796055900621123,6.463912815418496,-0.1264285714285714,-0.7475468957064351,13.17981719970703,0.2033568187514964,0.08779500424861908
-213.1666666666666,-0.07171599378881977,-6.845197398655685,-0.1307142857142858,1.402368927062177,9.520824432373047,0.2522371452393692,0.03948592394590378
-143.0,-0.007033850931677077,-8.570316482726682,-0.1892857142857143,-0.9023689270621844,-25.42892837524414,0.1161588825993988,-0.013815946877002716
285.8333333333333,0.04405372670807473,-2.684121487941198,-0.1892857142857143,-4.202200572599398,-33.43090438842773,-0.1070048457876492,-0.015817470848560333
126.5,0.06427049689440978,1.2745568823578,0.06857142857142862,-0.6952621458756454,-150.1398315429688,0.7436184342961885,0.34540536999702454
296.3333333333334,-0.03285170807453419,-15.53914080629129,-0.1642857142857143,-1.080880229039764,-21.27871322631835,0.4360085667842407,-0.004210732877254486
76.83333333333331,0.0819413043478262,0.2045117973869992,0.07357142857142862,-0.9023689270621844,-150.6693878173828,0.8321251897025058,0.4023902416229248
0.8333333333333144,-0.0917877329192548,-12.70903882538119,-0.1257142857142858,-0.5,23.14802932739257,-0.1297515893195541,0.010208029299974442
-79.83333333333337,-0.09224999999999994,-13.65069785582138,-0.1157142857142857,-0.9595598854801217,19.43284606933594,-0.09717616686448499,-0.022233709692955017
162.5,0.01798913043478256,-11.9496997569323,0.0792857142857144,-0.1380711874577116,-154.4683074951172,0.4160305864315176,0.24454031884670258
247.8333333333333,0.00640248447204983,-0.02621723580470814,-0.003571428571428559,-3.259391531017343,-123.4890465736389,0.4932077891623536,-0.04256083071231842
-63.16666666666666,-0.08760496894409953,-11.80606748226282,-0.1428571428571429,3.109475708248738,20.29290008544922,0.4599810290137796,0.05800686031579971
-246.0,-0.05147965838509339,-10.43457121908558,-0.135,1.097631072937823,10.16073608398438,0.2206749090421707,0.03993839770555496
-298.0,-0.05488229813664613,-8.606115337392225,-0.1328571428571428,-0.06903559372884871,5.481815338134773,0.2441609065296894,0.017165716737508774
-80.66666666666663,-0.008782763975155428,-7.0929289963683,-0.1264285714285714,-1.483249156101941,-3.629325866699219,0.4124081801839202,0.011260859668254852
18.33333333333337,0.128523291925466,-3.847639433229105,0.02142857142857135,4.05228474983079,-138.4922602176666,0.9612634734993404,0.5169220566749573
94.5,0.09712841614906831,1.139076809846102,0.05785714285714294,1.540440114519882,-153.3126525878906,0.8549623464350753,0.5706033110618591
130.5,0.03192810559006209,2.695145963364496,-0.1064285714285715,-3.064129385141712,-95.65850257873534,0.0278582624829648,0.007501810789108276
232.0,0.14097950310559,-3.476688787486793,0.04928571428571438,3.857022603955166,-147.6664123535156,1.047895117398841,0.8298609852790833
-11.66666666666669,0.1509088509316767,-5.213568013327205,0.01214285714285712,4.89746271847504,-125.7726455926895,0.9567946736568907,0.5411804914474487
-2.0,0.05451195652173946,-0.4924648466684118,0.01500000000000001,4.621320343559635,-114.3286477327347,0.6180357128120811,0.29952865839004517
66.5,0.08753726708074527,-0.2695180461430056,0.03142857142857158,3.621320343559628,-132.8812853693962,0.8722930698312866,0.509414792060852
-27.83333333333331,0.04895232919254666,1.234888712110305,0.05785714285714283,6.575974020452609,-125.6646118164062,0.7027818069937588,0.4504050612449646
329.9999999999999,0.1087119565217393,-10.4294990370942,-0.06857142857142862,3.040440114519889,-99.53411710262296,0.8835521463838556,0.4133492112159729
22.0,-0.01832546583850925,1.330988054869707,0.06499999999999995,-1.942809041582059,-24.62237930297852,0.2929528183940122,0.02939918078482151
65.16666666666669,0.00706925465838526,2.654049991366193,0.06571428571428573,-1.149915822768605,0.0,-0.04005519089514731,0.03579363971948624
-111.3333333333333,-0.03398245341614903,0.8252068767360043,0.07000000000000006,-1.735702260395506,-33.91575241088867,0.2770715161141779,-0.01506108045578003
-51.0,0.004318944099378941,0.3218614185025928,0.0685714285714285,-3.718951416497454,-24.90032577514648,-0.04524560354478746,-0.0026820339262485504
-111.3333333333333,0.04798478260869554,0.3256601824964918,0.06571428571428573,-2.247546895706435,-25.17827224731445,0.08944712682572942,0.10073824226856232
-98.83333333333337,0.02662391304347811,1.875042296218794,0.05071428571428571,-0.1666666666666714,0.0,-0.004373031666416116,0.09174343943595886
-8.666666666666686,0.04562267080745352,1.370320589544392,0.06000000000000005,1.707106781186553,-15.84812641143799,0.1146701694205572,0.14475728571414948
-177.0,-0.005265217391304367,1.288421789775199,0.06428571428571428,3.66176045807952,-51.90982818603516,0.6633456932039976,0.16167941689491272
-128.3333333333334,-0.01745357142857151,1.214791885218901,0.06357142857142861,0.6666666666666643,-43.20912551879883,0.5301150581129133,0.06860627979040146
92.49999999999997,0.02933307453416145,2.669949962126395,0.05428571428571438,3.426058197684014,-6.308165073394775,0.05107879342055721,0.1947389394044876
-70.33333333333337,-0.003729503105590282,1.014243245186108,0.06142857142857139,-0.4428090415820591,-34.29860687255859,-0.03537964680517058,0.0591079480946064
18.83333333333331,0.02356987577639746,1.061479055379692,0.05214285714285705,-0.8333333333333286,-34.68145751953125,0.02773323340890466,0.1360761523246765
136.8333333333333,0.02358664596273274,2.463929931362898,0.04571428571428571,0.971404520791026,-6.308165073394775,0.0420778282646328,0.11233583092689514
60.83333333333337,0.03791878881987565,0.8248701730286001,0.05142857142857138,-0.764297739604487,-25.45621871948242,0.161617715685536,0.11237677931785583
51.33333333333337,0.02909394409937893,0.6169452172658936,0.05642857142857138,-1.287987010226303,-52.50249481201172,0.5895351188348305,0.1484009325504303
28.66666666666669,0.04050807453416161,0.1063273309428041,0.03714285714285714,-2.87377344785321,0.0,0.05042924438404162,0.06681449711322784
-114.3333333333333,0.01148416149068332,-0.8688882468402994,0.05571428571428572,-2.345177968644236,-43.69688415527344,-0.02591179463135329,0.03680295869708061
139.5,0.03131583850931685,-1.238024133791995,0.05214285714285705,-1.87377344785321,-16.02116584777832,-0.06212561810020989,0.08899251371622086
-93.66666666666669,0.01378059006211174,-3.399468595660011,0.0535714285714286,-2.052284749830783,-44.18464660644531,-0.08617378834298584,0.07129962742328644
-218.1666666666666,0.005171118012422204,-3.381981163799793,0.05428571428571427,0.7642977396044799,-61.79586791992188,0.260533704740413,0.07006409764289856
144.8333333333334,0.1136594720496893,7.272908246271115,0.01214285714285712,0.8737734478532104,-4.955498695373535,0.4471526082390526,0.25770333409309387
253.6666666666667,0.05801568322981365,7.019540806948669,0.02785714285714291,1.097631072937816,-3.098618268966675,0.2326084294858995,0.1925332248210907
-124.6666666666666,0.005379347826087288,1.806391249666902,0.03857142857142859,1.442809041582059,0.0,0.009786974535560544,0.02387942560017109
43.16666666666657,0.0536782608695654,5.87206197254153,0.03285714285714281,-3.052284749830797,-6.39275074005127,0.3357557260400089,0.07307000458240509
164.0,0.01566909937888206,2.504002989564299,0.04142857142857159,-1.833333333333329,-0.8896507620811462,0.03461087387994688,0.0690239816904068
12.16666666666669,0.03935527950310547,1.361347537606392,0.05000000000000004,-3.787987010226303,0.0,0.01163266611022096,0.09287238121032715
15.16666666666669,0.03452158385093174,2.196347286820995,0.05571428571428583,-0.5690355937288487,0.0,0.007432245878859045,0.12044933438301086
116.1666666666667,0.1021141304347826,5.675502277400327,0.02714285714285725,1.138071187457697,-5.442667961120605,0.4865279042390526,0.27037686109542847
-94.5,0.04203850931677,2.529393017744496,0.05000000000000004,0.4714045207910331,0.0,0.04630392496143809,0.11363022029399872
-20.83333333333337,0.04143571428571446,2.211122659982095,0.03714285714285703,0.1785113019775793,0.0,0.09270283226158904,0.10337655246257782
54.66666666666669,0.03691490683229781,3.221884245321704,0.05285714285714282,0.6380711874576974,-16.02116584777832,0.1051124909996496,0.12500280141830444
-78.0,0.02400062111801271,2.275275404317611,0.05785714285714283,0.4428090415820733,-35.06431198120117,0.1665807752341963,0.14087261259555817
113.6666666666666,0.04010496894409921,3.874964972689313,0.04642857142857137,0.8737734478532104,-6.376297950744629,0.1328195040252365,0.1331237554550171
62.0,0.04111583850931655,3.126458096290293,0.03214285714285725,-0.1380711874577045,0.0,0.05295057215798638,0.09747345745563507
55.66666666666669,0.03573788819875745,2.047045371484003,0.0485714285714286,0.5690355937288487,-35.44716644287109,0.1327134756855359,0.1478259265422821
-23.16666666666669,0.03216133540372657,1.548082558741797,0.05428571428571427,3.78798701022631,-62.49344253540039,0.3827743503355834,0.28007036447525024
-9.5,0.04201645962732903,0.8720534714935013,0.0535714285714286,0.9714045207910331,-53.68783187866211,0.2348144165538292,0.18491517007350922
-31.5,0.02612934782608689,-0.5589013256969935,0.05428571428571427,-1.638071187457697,-79.4752197265625,0.6984250487118311,0.1483394205570221
30.16666666666663,0.04572717391304348,-0.4585230200408006,0.04928571428571427,-1.511844635310922,-25.73416519165039,0.07157214099964959,0.0866805911064148
-0.8333333333333144,0.007704968944099222,-1.163850780484495,0.05500000000000005,-0.5690355937288487,-71.08924102783203,0.6079597973002643,0.07051516324281693
-208.5,0.01434720496894426,-3.080279605252102,0.05142857142857138,1.080880229039764,-44.67240524291992,-0.1109475887658037,0.11039665341377258
-138.0,0.005821118012422466,-2.440626341516989,0.05214285714285705,1.97140452079104,-71.8917236328125,0.2062617729447325,0.12499071657657623
58.5,0.0304127329192545,1.707321478047206,-0.07714285714285707,3.592724864350672,-123.9275817871094,0.3092954338567527,0.23571434617042542
-1.0,0.03963043478260875,5.500785383432302,0.0357142857142857,0.6666666666666501,-3.653328418731689,0.1051590109063619,0.11051888763904572
108.0,0.05532499999999996,5.727829004107406,0.03142857142857136,-2.954653676892974,-7.410375118255615,0.3152582062628237,0.08854232728481293
159.6666666666667,0.0934003105590061,6.161651084965385,0.03500000000000003,-4.02368927062183,-7.089734077453613,0.4964265889060013,0.19628705084323883
102.3333333333333,0.04017841614906814,1.521543269639409,0.04357142857142848,-3.345177968644244,-0.9571916460990906,-0.04243643071338832,0.08767466247081757
253.5,0.1142135093167701,3.833623099068305,0.02928571428571414,-1.511844635310908,-5.929836750030518,0.5806363452980138,0.25998103618621826
-20.66666666666669,0.04417686335403725,2.423810036097606,0.04500000000000004,-7.105427357601002e-15,0.0,0.03531360948137019,0.11406925320625305
-17.83333333333331,0.04762717391304361,2.968752876160593,0.04999999999999993,-0.04044011451990315,-6.444430351257324,0.07261663219096359,0.12189481407403946
27.33333333333331,0.04356816770186323,2.955603226814191,0.03000000000000003,1.207106781186546,-3.930683374404907,0.1068556259063619,0.08356159925460815
-35.66666666666669,0.04660900621118014,3.996866056115692,0.04500000000000004,-0.8737734478532104,0.0,0.09557250575426257,0.1326366662979126
63.33333333333337,0.0520681677018634,3.216262846210199,0.0485714285714286,0.0,-16.19420433044434,0.1648398899727098,0.14189018309116364
-28.5,0.04746397515527967,2.272060945059593,0.04785714285714282,-0.483249156101941,-45.1601676940918,0.1597754312341964,0.12996499240398407
256.6666666666667,0.07440450310558999,3.354471800935912,0.03071428571428569,0.0,-1.092273473739624,0.07864385428661169,0.20779141783714294
103.6666666666667,0.025500155279503,2.52314207573761,0.05428571428571416,3.983249156101934,-63.19101715087891,0.6424143355899152,0.24724268913269043
91.33333333333331,0.05228757763975145,1.146237459858199,0.05071428571428571,1.178511301977558,-35.44716644287109,0.07282910741637705,0.18152476847171783
12.16666666666669,0.02756630434782614,0.6306076041907005,0.05857142857142861,-0.511844635310915,-88.66368865966797,0.6967380135506507,0.19733068346977234
-29.66666666666669,0.02966909937888218,0.1275149825196991,0.05285714285714294,2.914213562373092,-54.28049850463867,0.2024097693728233,0.21420113742351532
-70.5,0.02393524844720496,0.4593428120110019,0.05785714285714294,-0.540440114519896,-89.67598724365234,0.6388220063846473,0.15786749124526978
-33.33333333333331,0.01391614906832306,-0.2689764731006932,0.05500000000000005,0.6262265521467896,-81.29000091552734,0.4318853589749483,0.16561245918273926
168.1666666666667,0.03051583850931683,2.535688233622309,0.03785714285714281,-2.442809041582059,-97.8521499633789,0.5651241702197727,0.08299248665571213
101.3333333333333,0.04055357142857163,6.440411909506565,-0.09642857142857142,-1.97140452079104,-127.3701477050781,0.3700585895689101,-0.024436000734567642
148.1666666666667,0.06170450310558995,3.462594010020211,-0.07285714285714295,0.6666666666666714,-129.9303894042969,0.6655705586984625,0.14324232935905457
89.66666666666669,0.03337965838509316,4.952627628239597,0.02857142857142869,-3.178511301977579,-9.124981880187988,0.1410002837211159,0.0350625216960907
220.1666666666666,0.06959114906832287,4.194279980050609,0.0278571428571428,-4.287987010226303,-9.223969459533691,0.3312036327003259,0.12158438563346863
172.6666666666667,0.09517981366459638,4.484820268521901,0.02928571428571414,-1.678511301977579,-7.786717414855957,0.3394425095023457,0.22348973155021667
235.6666666666666,0.06413322981366454,2.396801794896803,0.03500000000000003,1.345177968644244,-6.417006015777588,0.05859031177491802,0.1892564594745636
87.66666666666669,0.05853726708074536,3.0145727353365,0.05142857142857138,0.9714045207910189,-16.36724472045898,0.1428173893464967,0.1807013601064682
28.0,0.05591537267080759,4.675749121891599,0.04500000000000004,0.2071067811865532,0.0,0.1133790954893773,0.17534905672073364
-26.33333333333331,0.06335015527950294,2.417081133596398,0.02928571428571425,0.7357022603955201,-4.208038330078125,0.1082678623026245,0.14392119646072388
-62.66666666666669,0.06581521739130414,2.611117622195508,0.04714285714285726,-0.9023689270621773,-26.01211166381836,0.156420868047857,0.1491873562335968
224.1666666666667,0.07894518633540382,4.574082485574408,0.03857142857142859,-0.1952621458756241,-6.51256275177002,0.2140861609519921,0.2902085483074188
49.33333333333337,0.05990869565217416,2.068584562334095,0.05000000000000004,2.011844635310908,-54.87316513061523,0.1640218532341964,0.21725961565971375
63.83333333333337,0.03316490683229811,2.4778433687556,0.05500000000000005,2.81658248943527,-72.69420623779297,0.6414942195899154,0.215775266289711
122.6666666666666,0.06097204968944103,1.557526828141903,0.05142857142857138,2.138071187457705,-45.1601676940918,0.2210885399890989,0.24837079644203186
134.3333333333333,0.07783524844720502,2.225946440655704,0.04642857142857137,0.1666666666666714,-26.29005813598633,0.1154007653017455,0.25312989950180054
0.1666666666666856,0.01295559006211189,1.081546488854698,0.05785714285714294,2.414213562373085,-73.49668884277344,0.4284331229660071,0.19061154127120972
-4.333333333333314,0.02651071428571428,0.8209294471188002,0.05928571428571427,-0.9023689270621844,-98.96935272216797,0.5654846926594033,0.1613004505634308
63.83333333333331,0.01401785714285719,0.425946497604599,0.05785714285714283,-1.37377344785321,-90.68827819824219,0.5185583885654796,0.12353545427322388
-100.0,0.01400139751552809,-0.1850681559700007,0.05142857142857138,1.040440114519882,-64.58616638183594,0.05848935637282326,0.14328084886074066
38.66666666666669,-0.004402484472049717,-0.530894886567097,0.05714285714285705,-2.44280904158208,-82.1973876953125,0.4977488173090872,0.04752065986394882
-48.66666666666669,-0.0151560559006213,-2.621374571348099,0.07071428571428562,-1.861928812542303,-137.2275238037109,0.5178582385164422,0.09758947789669037
-103.6666666666667,0.006981055900621258,-1.677457017549699,0.06785714285714273,-4.190355937288501,-129.9955139160156,0.4224694194172414,0.02783670835196972
150.1666666666667,0.02906133540372657,-0.1029864132856062,0.05214285714285716,-3.345177968644244,-108.2627258300781,0.6353631293827905,0.1285247951745987
117.6666666666667,0.02353555900621129,2.445699224215389,0.04357142857142848,-2.816582489435277,-100.086555480957,0.5627941265052914,0.06289798021316528
-27.0,0.02392593167701862,2.878628133822488,0.03500000000000003,-1.138071187457697,-83.10478210449219,0.4249612435719596,0.07199790328741074
-4.333333333333371,0.004625310559006057,3.031437202648405,0.03785714285714281,-3.730796051808383,-101.2037582397461,0.1969845226077023,0.007365651428699493
184.0,0.02345248447204951,1.327775445794103,-0.09785714285714275,4.63316497887056,-144.1257476806641,0.3525859014063186,0.29547885060310364
418.3333333333334,0.1240419254658385,6.914749308023872,-0.08285714285714274,2.609475708248716,-144.8859252929688,1.272497941623707,0.5182529091835022
280.5,0.0717256211180124,9.752175792678187,-0.06428571428571428,1.638071187457705,-143.4357299804688,0.7046033253679317,0.4221268892288208
120.1666666666666,0.05826040372670827,2.82910323138519,-0.06142857142857139,4.190355937288491,-144.3005065917969,0.6475626497022929,0.3264094591140747
-42.83333333333331,0.02858136645962728,4.347758660668589,0.03071428571428592,-3.926058197684014,-9.513163566589355,0.05372634686376165,0.025815438479185104
-13.16666666666669,0.04132468944099399,4.424935336537402,0.03142857142857136,-4.05228474983079,-10.24159336090088,0.09442872097645483,0.02653832547366619
6.833333333333371,0.08444549689440994,3.023554454432201,0.03142857142857136,-2.011844635310908,-10.13076686859131,0.2743766989241067,0.2048429548740387
14.66666666666669,0.06163633540372693,3.753679617097902,0.04928571428571438,-2.247546895706428,-1.159814357757568,0.02522363404227501,0.1406089812517166
213.8333333333333,0.1144625776397517,3.393521908064201,0.03214285714285725,-1.609475708248731,-9.180683135986328,0.3580749388822047,0.23329617083072662
-7.166666666666686,0.06473913043478285,4.983101763427001,0.05214285714285716,-3.357022603955166,0.0,0.1656481054893774,0.15850874781608582
88.0,0.09411149068322966,3.277869891336593,0.03000000000000003,-0.4428090415820591,-6.9041748046875,0.247257805645119,0.24442528188228607
20.33333333333337,0.09935931677018617,3.382714911839614,0.03928571428571437,-0.5285954792089669,-4.485393524169922,0.2221489561341975,0.2627025842666626
68.0,0.07519347826086953,2.346982031516504,0.05714285714285716,-1.845177968644244,-45.64792633056641,0.1912175213467393,0.2078690230846405
234.8333333333334,0.08052282608695638,4.473256459853701,0.05214285714285727,-0.6094757082487305,-16.54028511047363,0.227610294951992,0.2861238420009613
133.6666666666667,0.06935248447204956,4.624492149441494,0.03642857142857159,-1.511844635310915,-1.227355241775513,0.1398956774142098,0.18246525526046753
17.0,0.05100729813664606,1.664072510618595,0.06000000000000005,2.218951416497461,-54.87316513061523,0.4185305087566978,0.21974386274814606
97.5,0.09445838509316773,2.2341483522234,0.05071428571428571,-0.5690355937288487,-36.21287155151367,0.139639460902284,0.2753276824951172
96.33333333333331,0.04601242236024827,3.031296311846404,0.04214285714285715,-1.166666666666657,-16.71332359313965,0.09776116794873047,0.07207469642162323
-22.0,0.01132639751552789,0.9932270787188031,0.05857142857142861,0.04044011451988183,-74.29916381835938,0.4597297115719596,0.15118145942687988
22.0,0.04713121118012431,0.3054204540635084,0.05571428571428561,-1.97140452079104,-55.46583557128906,-0.01226318936846293,0.13765643537044525
84.0,0.09018322981366456,1.277172719643204,0.04642857142857137,-2.552284749830783,-26.56800651550293,0.0466224920144529,0.22525747120380402
-50.33333333333337,0.01400543478260852,-0.7757105471267067,0.05714285714285705,-2.678511301977593,-92.71287536621094,0.4971082297463673,0.0753839761018753
-205.3333333333333,0.009297670807453362,-0.03169578028349918,0.05571428571428572,-1.747546895706442,-74.29916381835938,0.3701004683013721,0.06257738918066025
1.666666666666629,0.0239178571428571,-0.2485258711872973,0.06357142857142839,-1.983249156101941,-109.4848403930664,0.6261340602084974,0.16173966228961945
109.0,0.02852981366459628,-0.2592427558450936,0.05214285714285716,-1.638071187457705,-110.7069473266602,0.73405608719496,0.16413675248622894
-42.16666666666669,0.03461785714285692,0.9811539319386924,0.04928571428571427,-1.747546895706435,-84.01216888427734,0.6396255857463673,0.11640425026416779
-11.5,0.0926863354037265,3.029632351956295,0.03999999999999992,-1.247546895706428,-46.13568878173828,0.1393210854198782,0.25658541917800903
-81.66666666666663,0.03118291925465833,1.956355941172291,0.04571428571428571,-0.9023689270621702,-102.3209686279297,0.5785611110042703,0.11004865169525146
36.16666666666669,0.05832841614906836,3.136513327894093,0.0407142857142857,-1.23570226039552,-65.28374481201172,0.3822830883642787,0.1570591926574707
-14.16666666666663,0.02603478260869563,2.874598862863195,0.03642857142857137,-2.207106781186539,-84.01216888427734,0.5613148717831634,0.07772320508956909
37.33333333333337,0.02763633540372668,2.615597573142807,0.03785714285714281,-4.621320343559645,-93.72516632080078,0.5035929872496328,0.05039001256227493
357.1666666666666,0.131226552795031,-6.230041816459007,-0.09714285714285698,1.178511301977579,-149.3472137451172,0.785817315432561,0.8223059177398682
286.3333333333334,0.1241419254658385,-4.91950877142591,-0.09428571428571408,1.649915822768612,-150.8935699462891,1.10428855108887,0.680377721786499
312.5,0.1287381987577639,-9.365049863035793,-0.08857142857142863,1.442809041582066,-152.4399261474609,1.394346503162104,0.7843784689903259
-45.16666666666663,0.04849332298136644,3.224202063924494,0.03642857142857137,-1.540440114519875,-11.35820484161377,-0.0252676115611602,0.0693882629275322
-4.333333333333314,0.1414475155279503,3.385187040607008,0.0357142857142857,-1.37377344785321,-11.03756427764893,0.3066482558046749,0.29887640476226807
-26.0,0.05075931677018641,4.074625720531401,0.02785714285714291,-3.885618083164118,-10.83958911895752,-0.006067601136238276,0.049419254064559937
137.5,0.1063624223602486,3.004668540411302,0.03714285714285714,-3.442809041582066,-9.877666473388672,0.2310566161793004,0.20235510170459747
85.0,0.1022023291925467,3.321081419671401,0.04428571428571426,-1.776142374915409,-7.39134407043457,0.2406836727669114,0.2232423573732376
10.33333333333337,0.06971552795031044,4.3192950239564,0.04285714285714293,-2.345177968644236,-4.762748241424561,0.2160206086071005,0.15655246376991272
145.0,0.07457717391304342,4.0178397044685,0.04714285714285726,-1.776142374915395,-7.873052597045898,0.202260221955494,0.19270578026771545
151.1666666666667,0.08097065217391297,3.447253089606605,0.05500000000000005,-0.2357022603955201,-26.8459529876709,0.2114821561929655,0.29034164547920227
238.1666666666667,0.08693835403726702,3.835354178747195,0.03142857142857158,1.678511301977565,-10.57464981079102,0.1825794375590254,0.2937241792678833
38.5,0.1032737577639753,3.915743148765898,0.05714285714285705,0.1666666666666643,-36.59572601318359,0.2079644627231338,0.3216921091079712
222.3333333333333,0.07580015527950301,4.6580046367866,0.03500000000000003,2.747546895706435,-8.365682601928711,0.2012825435850223,0.22224105894565582
-5.333333333333371,0.06701785714285702,3.642629670824604,0.06214285714285728,-1.109475708248738,-56.05850219726562,0.3537851787436586,0.18445372581481934
76.83333333333331,0.03165652173913058,4.547646145707304,0.04142857142857159,-1.304737854124369,-5.040103435516357,0.08341659607321572,0.07546297460794449
123.5,0.04474052795031058,2.575705074607299,0.04285714285714282,-2.983249156101934,-18.06931304931641,0.0409039028456859,0.04901386797428131
-140.1666666666667,0.03360077639751569,0.9478673232978991,0.05928571428571427,1.207106781186546,-75.10164642333984,0.511588502474588,0.1905384063720703
92.16666666666669,0.08667282608695659,1.657005015322511,0.04642857142857137,-1.678511301977579,-36.97858047485352,0.1464737343188722,0.27650707960128784
33.5,0.01903291925465855,0.4016669071440901,0.05714285714285705,-1.0,-93.72516632080078,0.5188442625695495,0.15330573916435242
42.0,0.06731692546583856,2.785575369177892,0.05500000000000005,-1.580880229039771,-56.65116882324219,-0.01204991693900004,0.19814707338809967
11.66666666666669,0.05841754658385101,1.957599038477596,0.04857142857142871,1.597631072937816,-65.98131561279297,0.3878012884194568,0.21800293028354645
98.83333333333331,0.03670714285714283,0.7323550405537986,0.05285714285714294,0.5404401145198747,-113.1511688232422,0.6212652150042703,0.25803694128990173
62.0,0.0523007763975154,1.084525726002909,0.04714285714285704,3.885618083164118,-84.9195556640625,0.6920664745027525,0.3432374596595764
32.33333333333331,0.03282670807453425,1.237713513122202,0.04428571428571415,-0.06903559372884871,-103.4381713867188,0.6361996485695496,0.17358282208442688
130.8333333333333,0.001861956521739039,-0.2219317805445939,0.06428571428571417,0.3333333333333286,-151.1197204589844,0.5324289312007198,0.2207125425338745
122.6666666666666,0.06709937888198758,4.176479488487502,0.0407142857142857,-1.442809041582066,-66.67889404296875,0.1966019704135029,0.17543470859527588
81.5,0.05116630434782621,3.206200629096202,0.03642857142857159,-0.3451779686442435,-85.82694244384766,0.4449727020232402,0.13967081904411316
135.0,0.02234999999999998,3.20001268358719,0.03928571428571426,-2.149915822768605,-94.73746490478516,0.3028762226715643,0.06467956304550171
151.6666666666666,0.1592360248447208,-9.962522307195798,-0.09571428571428586,3.247546895706432,-149.3472137451172,1.010192331762837,0.6693523526191711
313.6666666666667,0.1488350931677018,-6.067773686606103,-0.09499999999999997,2.361928812542303,-150.8935699462891,1.064586553748122,0.8162313103675842
273.6666666666666,0.127101397515528,-4.580709891191304,-0.0914285714285713,2.621320343559653,-152.4399261474609,1.122801916517445,0.7319973111152649
150.3333333333333,0.03261754658385108,3.72222240887649,0.03285714285714292,-0.3737734478532033,-11.01795673370361,0.01320816384189061,0.06544320285320282
-54.83333333333337,0.02851956521739119,2.119018890181707,0.02428571428571424,-0.05719095841793376,-9.03064250946045,0.03548361921069632,0.04945793375372887
194.0,0.1505495341614908,4.581174647945204,0.03714285714285726,-4.357022603955159,-11.94436073303223,0.433434869906474,0.21415212750434875
-3.166666666666629,0.05205931677018627,3.233734925320405,0.03500000000000003,-3.649915822768598,-12.47481632232666,0.06519736687375122,0.089223213493824
45.83333333333337,0.0461492236024843,3.267348359401694,0.02714285714285714,-4.483249156101948,-12.16601467132568,0.2256427057350725,0.017173130065202713
170.8333333333334,0.03804782608695667,4.708091291884088,0.02000000000000002,-1.776142374915395,-12.55419635772705,0.1654393790681473,0.004841797053813934
175.5,0.08476677018633538,4.2553472301108,0.0357142857142857,1.264297739604487,-11.27163314819336,0.2104769845590254,0.2681075632572174
149.6666666666667,0.05855527950310568,3.597725392024898,0.04571428571428571,1.195262145875624,-8.852850914001465,0.1496523254596023,0.16158555448055267
223.1666666666666,0.1037787267080746,5.915691735859809,0.03285714285714292,0.0,-12.85115814208984,0.3005178408661765,0.2978946268558502
80.33333333333331,0.05394472049689447,4.299900941341903,0.05000000000000004,-0.1666666666666643,-11.74420928955078,0.1683393087641489,0.12570464611053467
136.1666666666667,0.07397298136645969,3.560939489870009,0.05428571428571427,-2.218951416497475,-28.26557350158691,0.2257986258988701,0.2263721525669098
64.0,0.06651723602484483,4.116956037409807,0.05928571428571427,-1.569035593728849,-47.11120986938477,0.1396581343258513,0.1896952986717224
120.8333333333333,0.0484052795031058,4.30247079648629,0.02357142857142858,-2.511844635310908,-13.59142780303955,0.08362121061114036,0.014970317482948303
21.66666666666669,0.03609394409937872,2.068392301301301,0.04357142857142859,-2.649915822768598,-32.09010314941406,0.07062380676414892,0.06324915587902069
105.6666666666666,0.05576677018633558,1.466892921174406,0.04642857142857137,-1.87377344785321,-38.46183395385742,0.1031918509044145,0.16589795053005219
47.66666666666663,0.0626355590062112,1.775493689580799,0.05571428571428572,-0.1952621458756383,-57.24383926391602,0.04905784942787883,0.2202296108007431
10.16666666666669,0.04507484472049705,2.043674057452492,0.03428571428571425,1.569035593728842,-15.61536598205566,-0.04496088254039776,0.08601302653551102
-107.0,0.0318594720496892,0.5423800048598935,0.05785714285714294,4.66176045807952,-113.1511688232422,0.6823685614764018,0.36667805910110474
88.66666666666669,0.07143027950310554,1.996010027375107,0.04785714285714293,2.914213562373085,-76.70661163330078,0.3674010207355546,0.32012322545051575
104.0,0.05862515527950307,1.38492224931619,0.04857142857142849,5.259391531017329,-95.749755859375,0.6584632815061853,0.3653474450111389
116.5,0.003639751552795056,-0.5087867314276906,0.06928571428571417,0.9714045207910331,-143.9787445068359,0.5977136727017225,0.2835662364959717
45.66666666666669,0.03724285714285713,1.279598417496899,0.04714285714285704,3.580880229039749,-104.5553741455078,0.672338714083105,0.31575292348861694
113.3333333333333,0.004382298136646035,0.3740034562788992,0.0635714285714285,-0.9714045207910402,-152.5050506591797,0.5405961682820922,0.159429669380188
189.0,-0.01850900621118001,0.3399234495300902,0.0664285714285715,0.01184463531091495,-136.8377532958984,0.6302509880615877,0.2016519159078598
139.0000000000001,-0.02654332298136641,1.828951891839196,0.05928571428571427,-3.718951416497454,-145.101806640625,0.379716553686385,0.0451866015791893
-60.5,0.01559704968944098,1.107377406014393,0.02714285714285725,-1.511844635310915,-5.538535594940186,0.1030017887211547,0.03652859851717949
-84.83333333333331,0.01900139751552776,2.817627491723002,0.0335714285714287,-0.471404520791026,-10.77669620513916,0.1637096792106963,0.050298139452934265
-22.33333333333331,0.05339642857142857,2.847757650733399,0.03642857142857137,-2.580880229039757,-14.81886577606201,0.2595926362917825,0.10091368108987808
68.33333333333331,0.04591785714285734,4.523260971244895,0.02785714285714291,-2.511844635310915,-14.09043598175049,0.2431441197502666,0.024824058637022972
33.0,0.03808462732919271,2.070581171665296,0.02214285714285724,-1.414213562373085,-7.284589290618896,0.2135810771500505,0.004053402692079544
193.6666666666666,0.07080357142857163,4.901877097585711,0.05071428571428593,2.414213562373085,-11.9686164855957,0.162925176997609,0.2176479697227478
284.6666666666666,0.08882717391304362,6.105517559576825,0.04142857142857159,-0.5000000000000142,-13.75795555114746,0.277780484900111,0.33812659978866577
247.1666666666666,0.09440046583850925,5.691049857091457,0.03357142857142859,-2.080880229039749,-15.82464981079102,0.3887185392472123,0.23678085207939148
31.66666666666669,0.05286599378881995,4.0398689647444,0.03000000000000003,0.6380711874577045,-16.14529037475586,0.1018545295369767,0.11004205048084259
117.6666666666667,0.05585310559006196,2.854690165812599,0.0485714285714286,-2.718951416497468,-25.76500129699707,0.06820554080367425,0.13429254293441772
135.0,0.04532499999999995,3.974065956368506,0.04214285714285704,0.3047378541243759,-12.66559982299805,0.06223975132282589,0.09782498329877853
4.833333333333314,0.06189720496894413,2.781834026417798,0.05214285714285705,-3.649915822768598,-42.26305389404297,0.1501348490844389,0.1611420065164566
95.16666666666663,0.0523296583850934,1.9920997294019,0.05928571428571427,-2.345177968644251,-58.85435485839844,0.1612374509044145,0.1607937514781952
-19.66666666666663,0.04078183229813648,2.071931333653794,0.05714285714285727,-2.649915822768619,-67.37646484375,0.2997270790748593,0.13747656345367432
37.16666666666663,0.03251149068322967,1.575266909537902,0.06071428571428583,2.28798701022631,-86.73433685302734,0.5000306575754756,0.25587591528892517
-22.0,0.02744472049689439,0.4395279590259946,0.06071428571428572,4.385618083164118,-105.6725769042969,0.4915344153940216,0.3479398787021637
64.0,0.02745419254658388,1.44390701010569,0.05785714285714294,5.621320343559645,-124.1911849975586,0.5648091737778653,0.4594872295856476
142.8333333333334,0.0692265527950311,0.9936332374632997,0.04785714285714293,1.914213562373078,-69.05061340332031,0.05682244524179603,0.3117845952510834
55.16666666666669,0.05442003105590054,1.854059687802902,0.04571428571428571,1.138071187457697,-77.50909423828125,0.3028617150748593,0.21755769848823547
220.0,0.04982267080745351,2.036561892060902,0.04642857142857137,3.414213562373078,-96.76205444335938,0.6026120105754755,0.3170880079269409
169.1666666666667,0.03355822981366474,1.471357010290305,0.04714285714285704,5.39746271847504,-115.5953903198242,0.7185254206848263,0.36199358105659485
77.0,0.05990776397515551,2.040488015343698,0.03071428571428569,-2.149915822768619,-52.43600082397461,0.1672555110810643,0.10433705151081085
184.6666666666666,-0.004170186335403447,0.2658048454689919,0.0664285714285715,0.3451779686442435,-137.6985626220703,0.7384383915509358,0.2013513743877411
92.16666666666663,0.05259177018633554,3.470776481970603,0.04428571428571426,0.9595598854801182,-134.0090942382812,0.795684681398496,0.2769511640071869
-135.1666666666667,-0.01173757763975147,0.9780173325449937,0.01571428571428568,-6.66176045807952,-4.248204231262207,-0.5700186854445064,-0.08616028726100922
-87.5,-0.01667670807453414,0.4456126748158908,0.005000000000000004,-6.426058197683997,-2.53824520111084,-0.5060856731110035,-0.09079517424106598
152.6666666666666,0.006599534161490617,0.9385571710812002,-0.002142857142857224,-3.052284749830786,0.0,-0.422652661542926,-0.024229057133197784
-92.0,0.006029503105590028,0.5968462605915903,0.01642857142857146,-3.357022603955159,-8.159939765930176,-0.07131946653305954,-0.04016292467713356
-29.0,0.01570869565217392,1.915754629678801,0.02571428571428591,-0.776142374915402,-9.03064250946045,0.1651974889169164,0.03807034716010094
-37.66666666666663,0.02949332298136642,2.885899910890103,0.02928571428571436,-0.5118446353109078,-12.52274990081787,0.06567203106814734,0.05711312219500542
-81.50000000000006,0.005379658385093133,-0.335453180085409,0.02000000000000002,-3.052284749830797,-4.703927040100098,-0.1190884977844592,-0.03729075565934181
30.16666666666663,0.009992080745341636,-0.04886079285969913,0.01571428571428568,-1.345177968644244,-0.4086579084396362,0.03498065447441168,-0.025261685252189636
-97.16666666666669,0.01668897515527967,3.135575489884403,0.03857142857142859,-2.304737854124369,-14.26880359649658,0.1013182997502665,0.037235528230667114
-80.16666666666669,0.02000186335403742,2.398110903110407,0.04142857142857137,-3.914213562373099,-15.62667560577393,0.1188152461785679,0.01890561357140541
-131.0,0.008083229813664716,2.786018037655396,0.04214285714285726,-0.5404401145198889,-10.77669620513916,0.04627761884389525,0.013402063399553299
61.50000000000006,-0.01235838509316767,1.138339092229103,0.0407142857142857,0.0976310729378298,-10.11580753326416,-0.08885720150080678,0.02611064538359642
-159.0,-0.02244658385093157,-0.03410389841150163,0.03785714285714292,-3.149915822768612,-6.869608879089355,-0.1400577177191819,-0.034759521484375
-16.0,0.008552173913043637,1.9464091217977,0.05499999999999994,-3.66176045807952,-17.16291427612305,-0.08818135374177405,0.005066987127065659
128.1666666666667,0.02023416149068313,4.329112552126105,0.05357142857142849,-4.121320343559638,-17.47171592712402,0.1026225976713471,0.04243925213813782
213.5,0.1168284161490684,5.331490013019888,0.05499999999999994,-3.357022603955173,-16.94126129150391,0.5365272855107179,0.21713107824325562
365.1666666666667,0.06664099378881982,4.842555499027497,0.06142857142857139,0.4428090415820805,-14.66475296020508,0.07407261565391998,0.24180518090724945
39.83333333333337,0.03141350931677023,3.108937257685,0.0407142857142857,-0.7357022603955201,-16.01485633850098,0.07484716717856787,0.09612773358821869
56.0,0.0272507763975155,3.451374827474098,0.03714285714285726,0.02859547920895977,-14.26880359649658,0.05993765003130835,0.08113943040370941
141.5,0.1088040372670808,6.154725173942069,0.0514285714285716,-1.304737854124376,-18.0578727722168,0.6574928431828571,0.26982513070106506
239.1666666666666,0.05066335403726696,4.067743701240801,0.05642857142857138,1.5,-16.47834777832031,0.1590944700006325,0.1626913994550705
62.33333333333337,0.04547298136645972,2.840729683510403,0.06142857142857139,-0.3905242917512552,-19.48652267456055,0.1356653267107483,0.1108182966709137
328.1666666666667,0.1389697204968945,5.994512859097711,0.04214285714285704,-1.471404520791033,-18.79814147949219,0.6160552207571955,0.37629014253616333
44.16666666666669,0.06666614906832313,2.222697438618695,0.06928571428571417,-1.804737854124362,-35.91463470458984,0.1234781245804165,0.22425267100334167
30.5,0.05744658385093182,3.745851260687303,0.0357142857142857,0.1094757082487305,-18.69915390014648,0.1470806018889091,0.1421785205602646
131.8333333333333,0.05572329192546588,1.868054681087898,0.05642857142857138,-1.37377344785321,-39.73916625976562,0.2102079079930157,0.18706557154655457
159.3333333333334,0.04691692546583859,3.038502581018989,0.0485714285714286,-0.1094757082487376,-23.35767936706543,0.1422950778516813,0.10490348935127258
53.83333333333331,0.06237593167701838,1.868048336218791,0.05857142857142861,-2.471404520791033,-46.06427001953125,0.1710603344389939,0.18496569991111755
-39.66666666666669,0.06112344720496909,2.169140476507096,0.0635714285714285,-3.592724864350672,-62.60894775390625,0.1896273381543898,0.17745383083820343
42.66666666666663,0.0548417701863354,2.484526215027898,0.06357142857142861,-1.471404520791026,-79.24687957763672,0.1364797249456829,0.22123342752456665
38.66666666666669,0.03814254658385108,2.969193430986209,0.06285714285714294,-2.345177968644244,-97.77435302734375,0.4268494255845036,0.15575310587882996
79.0,0.02912903726708083,1.509579271653593,0.06357142857142861,0.5404401145198889,-106.7897796630859,0.5125110595664114,0.24180346727371216
13.83333333333331,0.02559177018633541,1.230855539026209,0.0664285714285715,3.345177968644236,-125.5182037353516,0.4967730585064405,0.4076741635799408
57.0,-0.002571739130434514,0.3946423713247924,0.06999999999999995,3.373773447853218,-147.3479461669922,0.488589015260031,0.3586845397949219
-43.83333333333331,0.03823649068322987,2.780107314374703,0.04642857142857137,1.442809041582059,-107.906982421875,0.515256213387083,0.21724551916122437
148.5,-0.004348913043478286,-0.03334068770060128,0.06928571428571428,1.902368927062184,-130.8938446044922,0.5666168841419741,0.2821851372718811
127.3333333333334,0.03799006211180112,3.064493849591798,0.04928571428571427,0.4142135623730994,-126.8452224731445,0.5808030294547744,0.22577521204948425
46.5,0.04961708074534166,2.133761492026096,0.04714285714285704,3.011844635310922,-135.4410095214844,0.6903582341933214,0.3723593056201935
28.5,-0.03659285714285687,1.233961852789491,0.04000000000000004,-0.5808802290397566,1.182413697242737,-0.02236860179256017,-0.016627803444862366
56.16666666666663,-0.02232096273291928,0.2187319411336972,0.04785714285714271,3.78798701022631,0.0,-0.0893133592422991,0.1050805151462555
-7.5,-0.02893245341614903,5.656019365770305,0.02785714285714291,-1.097631072937816,0.0,0.09283784512988791,0.025432726368308067
19.83333333333331,-0.001904658385093128,4.989559570927312,0.02785714285714269,-2.040440114519882,0.0,0.1018018866030748,0.017119504511356354
132.0,0.0003046583850934148,1.838819382156203,0.03285714285714281,-0.1952621458756312,0.0,0.006719907207439757,0.03021695278584957
114.1666666666666,-0.007036645962732901,-0.8771769095157964,0.03071428571428581,1.707106781186539,0.0,-0.0418381641740676,0.050523582845926285
-137.5,-0.04055745341614903,-1.371818646996402,0.0357142857142857,-0.8047378541243546,-2.784153699874878,-0.1150261292300786,-0.021022718399763107
-63.66666666666663,-0.02549627329192539,-1.420654610159303,0.02714285714285702,-1.247546895706428,0.0,0.05688397648091426,-0.012318238615989685
-22.83333333333331,-0.05586801242236017,-3.899013453734398,0.0278571428571428,2.28798701022631,-3.030062198638916,-0.09840400817406758,0.020483829081058502
-9.666666666666629,-0.03755450310558994,0.5239594934904943,0.01000000000000001,-2.149915822768612,0.0,0.007788750916292386,-0.035449374467134476
-200.6666666666667,-0.07712950310558997,-1.510316661227009,0.03071428571428569,0.0976310729378227,-5.159649848937988,-0.2838839322300786,-0.04441150650382042
-207.1666666666667,-0.0490781055900622,1.568629966071398,0.03642857142857137,0.9428090415820591,-9.035290718078613,-0.1781875838253969,0.0019109584391117096
-150.6666666666667,-0.06377965838509325,2.820390508620406,0.03785714285714292,2.05228474983079,-12.07167530059814,-0.1916846866702484,0.021730542182922363
13.33333333333331,-0.03919767080745351,5.468379900549593,0.005000000000000004,-0.5976310729378227,0.0,-0.1140308980420781,0.006084959954023361
-118.8333333333333,-0.04281397515527929,1.3641233361285,0.0278571428571428,0.4428090415820591,-7.53514575958252,-0.4012350779087664,-0.006278034299612045
-72.16666666666669,0.01055698757763956,2.738524641111994,0.03000000000000003,-3.052284749830804,-11.20097255706787,-0.4382189948253969,-0.021147001534700394
-66.83333333333331,0.02172034161490666,3.314534249471208,0.02857142857142869,-3.373773447853214,-14.02754306793213,-0.5478557308315601,0.02355080470442772
126.6666666666667,0.02210496894409941,-0.2347103076774033,0.01571428571428579,-2.828427124746181,-5.615372180938721,-0.2805540423709248,-0.007720794528722763
89.33333333333337,0.02396242236024848,2.9064606026175,0.03214285714285725,-2.31658248943527,-16.01485633850098,-0.2242407281387852,0.02399034984409809
40.66666666666669,0.03795760869565223,1.956024693554298,0.03857142857142848,-1.483249156101934,-19.5069637298584,0.03029491243129967,0.0754699856042862
67.0,0.03627220496894401,-0.07877126868790185,0.01642857142857157,1.540440114519889,-0.4808467626571655,0.1102101585852331,0.048281870782375336
-110.3333333333333,0.0229228260869565,2.286599656977501,0.0407142857142857,-1.471404520791033,-15.98341083526611,0.1572890424288375,0.03504636883735657
-77.83333333333331,0.01866878881987566,1.435705948139301,0.04357142857142859,-3.914213562373099,-17.76091003417969,0.09835303260279404,0.02120748534798622
-240.1666666666667,0.02574968944099398,2.408083813133203,0.05285714285714271,-1.942809041582059,-21.25301742553711,0.02541620725822591,0.06846246123313904
-97.66666666666669,0.02809658385093172,1.362173488312294,0.04357142857142859,0.3737734478532175,-13.36665439605713,0.06635279491154111,0.09182421863079071
-31.16666666666657,0.02279332298136638,4.352920606754296,0.05857142857142861,-2.649915822768605,-20.23539352416992,-0.02829857811109082,0.05713990330696106
27.66666666666671,0.1034919254658385,5.002605928466181,0.06142857142857139,-0.7642977396044799,-20.12456703186035,0.4263467207571955,0.28405749797821045
121.6666666666667,0.07569021739130433,4.591407470394003,0.07071428571428573,-2.649915822768598,-19.17448425292969,0.1692081383834381,0.223379448056221
-253.8333333333333,-0.01467065217391306,0.2282083581117007,0.0457142857142856,-1.971404520791033,-12.28613758087158,-0.1619126296540766,-0.0076009370386600494
-34.66666666666669,0.008630434782608942,3.021676879883699,0.05642857142857138,-3.580880229039757,-22.99907112121582,-0.01851840311109088,0.009530320763587952
211.6666666666667,0.0268006211180124,4.418383514310406,0.05857142857142861,-2.81658248943527,-23.3078727722168,-0.03585233168917668,0.07911277562379837
162.1666666666667,0.1461262422360248,4.180147604963594,0.06285714285714283,-0.4309644062711442,-21.45099258422852,0.4300797529282708,0.34334713220596313
165.3333333333334,0.05206801242236025,4.531848951352089,0.06500000000000006,0.7642977396044799,-20.29109573364258,0.1649759141606366,0.17777663469314575
66.66666666666669,0.03466832298136635,2.201078851545589,0.07142857142857151,0.6380711874577045,-33.46068954467773,0.1713682499088226,0.16884355247020721
73.0,0.0242965838509317,1.628314232917504,0.07714285714285707,-0.7642977396044657,-49.8654899597168,0.1220880288371122,0.14151409268379211
-20.5,0.04324798136645946,1.297941763576503,0.08285714285714274,-1.540440114519896,-56.21390533447266,0.0963612248865332,0.15864461660385132
-38.66666666666669,0.03722981366459621,1.977225654628896,0.04571428571428571,-0.7071067811865532,-19.5069637298584,0.04559120852100407,0.08753904700279236
102.3333333333334,0.05459021739130454,1.806082462847101,0.08285714285714296,-1.816582489435277,-72.78189849853516,0.1372037729151653,0.19308897852897644
-48.16666666666663,0.04746537267080742,2.263297672667804,0.08285714285714296,-0.7357022603955272,-89.4431381225586,0.1743365332008688,0.1990879476070404
156.0,0.06340093167701844,2.307675650529788,0.06714285714285728,-2.218951416497447,-43.56369781494141,0.2288369143427819,0.20052817463874817
158.6666666666666,0.06705729813664574,4.1239533837403,0.05714285714285716,-0.1262265521467825,-27.22883605957031,0.2850173844647839,0.2016688734292984
-17.66666666666663,0.05682965838509302,1.797900445384002,0.06214285714285706,-1.776142374915402,-59.99181365966797,0.187514677868311,0.18217119574546814
23.5,0.06292484472049675,1.630749787703309,0.06928571428571428,-1.235702260395513,-76.51317596435547,0.1049736860968508,0.22936251759529114
90.0,0.0794618012422359,2.387025610899101,0.06642857142857161,-1.87377344785321,-82.95484161376953,0.1213752229777804,0.284102201461792
-15.83333333333331,0.04340745341614882,3.559309337270605,0.07071428571428573,-2.483249156101941,-99.63939666748047,0.3647436999195437,0.1657179296016693
28.66666666666669,0.04404099378881998,3.901569625901899,0.06642857142857139,-1.373773447853225,-118.0396118164062,0.4489648134554989,0.14911626279354095
45.66666666666663,0.04119922360248462,3.105371786840706,0.0664285714285715,1.040440114519882,-136.8729400634766,0.6201066547828809,0.30192095041275024
18.0,0.05315667701863369,1.239322171371896,0.05500000000000005,-2.149915822768612,-86.66281127929688,0.08100632508650696,0.21991658210754395
78.16666666666669,0.0311484472049689,4.0305728457691,0.04785714285714293,-1.609475708248716,-109.8356552124023,-0.3116135131571557,0.12363247573375702
85.33333333333331,0.02887686335403739,3.975632928364405,0.04428571428571437,-1.540440114519882,-93.12779235839844,-0.3810329179698841,0.11669661104679108
-83.0,0.05211661490683217,4.23483756651909,0.04999999999999993,-1.569035593728863,-128.1722412109375,0.3533588774986042,0.11448849737644196
83.16666666666669,0.05920838509316761,2.274129422756999,0.05428571428571427,1.442809041582059,-146.9006652832031,0.6831915887991891,0.3940633237361908
80.33333333333337,0.03475232919254656,2.196500399612404,0.02714285714285702,-2.885618083164125,-70.11813354492188,0.009092773868311088,0.028127256780862808
-8.333333333333314,0.05004673913043456,3.996637157069102,0.0485714285714286,-1.483249156101948,-138.3048706054688,0.2752464376334973,0.1683093160390854
116.3333333333333,-0.01402701863354028,3.667820651193594,0.02857142857142858,-1.414213562373092,21.89162063598633,0.1673404483154703,0.034982576966285706
63.16666666666669,-0.03464347826086944,3.461026588971023,0.03214285714285714,-3.511844635310915,17.72990989685059,0.3474446797482487,0.00827057659626007
141.0,-0.01087795031055894,0.4895337564552023,0.0357142857142857,-2.23570226039552,13.56819915771484,0.2600360170481896,0.019517973065376282
69.16666666666663,-0.03671956521739128,-0.5500526290965979,0.04714285714285704,-2.218951416497461,9.406488418579102,0.2274675668686531,-0.03166830912232399
54.0,-0.02959145962732901,0.4363464413147113,0.05071428571428571,-2.707106781186553,5.244777202606201,0.1340753949258852,-0.04032468423247337
-60.33333333333337,-0.025129347826087,1.218626917939602,0.05642857142857138,0.2357022603955201,1.08306622505188,-0.03941372120020814,0.006058957427740097
-33.5,-0.05309844720496903,3.948611220575174,0.02714285714285714,0.7761423749153948,0.0,0.1516480032872088,0.0030842646956443787
-19.16666666666669,-0.05045978260869566,4.629936499834599,0.03857142857142837,1.845177968644244,0.0,0.09819124567610993,0.005020804703235626
-23.0,-0.03800605590062112,4.707146677484999,0.03714285714285726,-1.276142374915416,0.0,0.00199056939759501,0.006436824798583984
-149.1666666666666,-0.03443975155279511,2.668463363278903,0.04214285714285726,2.897462718475026,0.0,-0.04940275117517523,0.005109138786792755
47.66666666666669,-0.002302795031055793,3.787536534755105,0.02000000000000002,-2.55228474983079,0.0,0.2251595832575164,0.008117660880088806
-110.8333333333333,-0.02206133540372657,-1.305206386495101,0.04500000000000004,1.97140452079104,-3.275970935821533,0.0762487470254376,0.020271021872758865
-1.0,-0.01764658385093187,-1.034065500631996,0.0407142857142857,1.31658248943527,-8.200682640075684,-0.03820993960820573,0.03305790573358536
-50.33333333333337,-0.03708742236024853,2.196912682227691,0.01000000000000001,-4.523689270621816,0.0,0.2427003047482487,-0.05833764746785164
-153.5,-0.07772950310559013,-2.823005151584098,0.03285714285714281,0.9142135623730852,-0.5169411897659302,-0.09276026489615274,-0.031284213066101074
-85.16666666666669,-0.06383928571428565,-3.409442195070298,0.0407142857142857,0.2357022603955201,-6.071094989776611,-0.1155218694893185,-0.03511488437652588
-141.6666666666667,-0.06570295031055895,-0.1010130276576007,0.04285714285714282,-0.8451779686442364,-10.78599262237549,-0.1795965598326974,-0.06842182576656342
-66.5,-0.03606925465838495,2.236005009383604,0.04785714285714293,1.55228474983079,-14.66163349151611,-0.1543149571643375,-0.019229978322982788
175.5,-0.02585822981366448,3.064790316786997,0.02428571428571424,-0.2761423749154019,0.0,0.07041098942793433,0.035569313913583755
64.66666666666669,-0.03374425465838504,3.123740832393793,0.04428571428571437,1.557190958417927,-17.69801712036133,0.06960377180017308,-0.005258187651634216
-85.5,-0.03778400621118017,3.152356572351295,0.04285714285714282,-2.247546895706435,-17.93927764892578,0.05001725100176913,-0.05340691655874252
-2.0,-0.02164208074534157,4.900065327247091,0.00928571428571423,-3.080880229039749,0.0,-0.1331127783837072,0.0030603744089603424
63.0,0.001472049689440924,2.06500192514531,0.03714285714285726,-1.873773447853214,-13.37130260467529,-0.444027657401647,-0.0019430220127105713
-41.0,-0.00644347826086944,0.6114161297836063,0.04428571428571426,-0.6666666666666572,-19.86369895935059,-0.1161394859628827,0.0033475272357463837
-88.0,0.001228105590062256,0.8929971938465968,0.04428571428571437,1.776142374915388,-17.03712844848633,-0.0698935145542171,0.037957653403282166
-61.66666666666663,0.003680279503105677,0.8930346634047055,0.04857142857142849,-1.971404520791033,-19.89514541625977,-0.05079501320651614,-0.00787927582859993
-15.66666666666663,0.02475357142857149,1.6940563573107,0.05571428571428572,-1.983249156101941,-21.25301742553711,-0.01448377255096522,0.07394179701805115
33.83333333333337,0.02428944099378882,3.4743350151589,0.06142857142857139,-0.3905242917512695,-24.74512481689453,-0.004216911111090904,0.11002885550260544
62.49999999999997,0.03775496894409924,4.736338787687984,0.06142857142857139,-1.804737854124362,-24.84411239624023,0.1620859824908056,0.08893124759197235
107.3333333333333,0.1281852484472049,4.283019849402891,0.07285714285714284,0.0,-22.77741813659668,0.4883187919917946,0.3470913767814636
-29.83333333333331,0.004152329192546489,2.272531254978588,0.06357142857142861,-0.4142135623730994,-22.99907112121582,-0.0676598427113293,0.050748445093631744
41.6666666666666,0.02695108695652171,4.229977119001092,0.06571428571428561,-3.247546895706435,-26.49117851257324,0.09401806149080572,0.08964858949184418
-39.83333333333331,0.01194968944099384,0.6522419226289031,0.05642857142857161,-5.564129385141701,-23.80688095092773,0.109128722972372,-0.007121860980987549
199.6666666666666,0.05014285714285727,3.727329238629693,0.06214285714285717,-5.592724864350672,-26.38035202026367,0.5414489243854095,0.07637237012386322
137.1666666666667,0.06166444099378898,3.008256152451096,0.0714285714285714,-2.857022603955159,-31.0999927520752,0.391473204447339,0.17935407161712646
0.5,0.02214301242236016,2.204485688059691,0.07928571428571429,-3.023689270621837,-37.30853271484375,0.009708260355256737,0.1209917962551117
28.33333333333331,0.02364891304347794,1.937477217145997,0.08642857142857141,-1.011844635310908,-53.66670989990234,0.06863861205060928,0.1202230229973793
-43.16666666666669,0.004143478260869693,1.013306971611698,0.05000000000000004,0.7642977396044799,-22.02938079833984,0.01447133947902546,0.028745049610733986
5.833333333333314,0.1102732919254658,4.861155757381198,0.06357142857142861,1.569035593728849,-27.91659164428711,0.5963581369458644,0.3249422013759613
77.83333333333331,0.03943586956521727,3.001522784002603,0.06928571428571428,0.8451779686442507,-41.15637588500977,0.2604450279546704,0.18810158967971802
60.0,0.04939736024844743,2.507765508166301,0.07714285714285718,-0.09763107293780848,-57.46792602539062,0.2138449018830884,0.1850079596042633
96.16666666666669,0.04073229813664592,2.695664533039192,0.0814285714285714,-1.540440114519868,-63.76971817016602,0.1885375433577069,0.1482577919960022
45.33333333333331,0.04102453416149077,3.1519988993807,0.08928571428571419,-2.316582489435284,-80.24446105957031,0.1630217154044525,0.15323130786418915
304.6666666666667,0.07397236024844733,5.907436323198809,0.04571428571428571,-0.02859547920896688,-28.23723220825195,0.6087836913854097,0.30484217405319214
-166.3333333333333,0.0688860248447205,3.025244000544603,0.08285714285714296,-0.6666666666666714,-96.81244659423828,0.2536759310865069,0.25184914469718933
-11.0,0.06733819875776403,3.353005059147307,0.08071428571428574,-0.2357022603955201,-113.4736862182617,0.230083094030116,0.28658822178840637
66.83333333333331,0.07117577639751538,4.217163160758403,0.08214285714285718,-1.540440114519882,-120.0319213867188,0.3112221783767957,0.2438347041606903
235.6666666666666,0.0760363354037269,3.589216966375901,0.06071428571428572,-2.080880229039749,-73.87272644042969,0.1940140733976863,0.26764413714408875
123.8333333333333,0.07603260869565187,4.438726745168395,0.06428571428571417,-2.011844635310915,-90.37078094482422,0.2053429007569666,0.2647547125816345
162.0,0.0828145962732918,4.730225061626797,0.06857142857142862,-1.580880229039764,-106.9620819091797,0.1724526828841644,0.2927287817001343
-21.5,0.04051475155279483,1.290193575030997,0.07142857142857151,0.9309644062711513,-156.9283905029297,0.5021157620703425,0.2489316165447235
101.3333333333334,0.06226102484472062,3.283561570854303,0.06214285714285728,-1.540440114519875,-123.6466369628906,0.06805878977223256,0.23747146129608154
-76.5,0.02687344720496898,5.803058510298101,0.05214285714285727,-3.316582489435277,-140.4244384765625,-0.1702991576232043,0.08303534239530563
124.3333333333333,0.05281257763975145,2.9682823895795,0.05571428571428561,-1.276142374915395,-148.4375,0.3015696146334973,0.21796280145645142
96.5,0.06025667701863358,4.297746455731499,0.05428571428571427,-1.707106781186553,-150.6206970214844,0.1648698731982938,0.23129107058048248
142.5,0.05492111801242239,4.73735882583,0.04214285714285726,-1.304737854124376,-133.819580078125,0.1911627316326452,0.154256671667099
127.8333333333333,-0.06963478260869582,4.055605744750153,0.03000000000000003,-1.707106781186546,19.88354873657227,0.170781773545676,0.03804531693458557
213.5,-0.08096288819875808,1.586940463273294,0.03714285714285714,1.02859547920896,16.10358238220215,-0.05816230121086396,0.03755757957696915
83.5,-0.07113012422360265,-2.71600615900141,0.03285714285714292,2.345177968644236,12.32361602783203,-0.01521458830690747,0.05749943479895592
60.5,-0.07216350931677018,-3.453536612801102,0.03928571428571437,-0.2071067811865461,8.54365062713623,0.005038049922479693,-0.00805053859949112
209.1666666666667,-0.05373990683229835,-0.09253295041278875,0.05000000000000004,-0.8451779686442435,4.763684749603271,-0.03386165955618026,-0.03806941956281662
-27.33333333333331,-0.02890248447204968,2.418302737509492,0.04214285714285726,-2.914213562373085,0.9837188124656677,0.2148843190312294,-0.03525445610284805
-4.5,-0.0408975155279504,2.706296643822498,0.03785714285714281,-2.316582489435277,0.0,0.2872560721421941,-0.014382690191268921
45.0,-0.02595388198757764,5.121002281941003,0.03000000000000003,2.109475708248731,0.0,0.3621878108681458,0.06323735415935516
-5.5,-0.0265523291925468,3.614908692954103,0.02571428571428569,3.31658248943527,0.0,0.1772239167891361,0.08668959140777588
127.6666666666667,-0.002888819875776383,4.938701486331098,0.04642857142857137,-0.9714045207910402,0.0,0.1671072709833371,0.04756435751914978
75.16666666666669,-0.02007453416149063,1.119745083658202,0.04000000000000004,0.0976310729378227,-0.5530356168746948,0.03015421871799806,0.011510111391544342
29.0,-0.0646465838509317,-0.462712046621192,0.04642857142857149,1.638071187457712,-6.526817321777344,-0.0795080262469009,-0.023791301995515823
-134.8333333333334,-0.06727003105590079,-2.116768455373801,0.05000000000000004,1.511844635310929,-8.866218566894531,-0.1008599878273305,-0.06336955726146698
-76.0,-0.08561770186335393,-0.1087826194575001,0.02571428571428569,0.8737734478532033,0.0,0.07062030738236447,-0.05063511058688164
46.16666666666669,-0.05512049689441001,0.4503907977131973,0.01714285714285702,-2.069035593728834,0.0,0.1127215300101585,-0.03572990000247955
-41.5,-0.0754835403726708,-1.741342116751397,0.04357142857142859,-1.304737854124355,-9.531755447387695,-0.1918250302469009,-0.07619409263134003
-91.83333333333337,-0.05865962732919283,0.8976129917542011,0.04428571428571415,3.202200572599409,-14.45646667480469,-0.2701531182773493,0.02978433668613434
28.5,-0.05358307453416156,1.743217703883104,0.04928571428571438,3.316582489435284,-15.9566125869751,-0.1626099675099354,0.05440710112452507
-48.5,-0.03422562111801231,2.346522418126995,0.05071428571428571,4.328427124746192,-19.41262435913086,-0.2037153959024797,0.06289541721343994
24.16666666666669,-0.002683850931677001,2.227342569260401,0.03285714285714281,3.31658248943527,-3.767787933349609,-0.296371246282002,0.09889553487300873
148.6666666666667,0.0181618012422361,3.860742703449802,0.02785714285714291,-0.8737734478532317,0.0,-0.2845764817853761,0.0797039046883583
128.6666666666667,-0.00584472049689444,1.1348432758207,0.04928571428571427,-1.304737854124369,-18.54192161560059,-0.370014523862038,0.00457116961479187
59.0,-0.01044658385093156,0.5722748172860008,0.05000000000000004,-5.426058197684007,-21.78812026977539,-0.4463378545853124,-0.039226971566677094
-33.33333333333331,-0.0174481366459629,1.161901893163403,0.05071428571428571,-4.592724864350668,-24.1950626373291,-0.481688932345202,-0.04532792046666145
3.833333333333314,-0.03571413043478278,0.08089645495120124,0.05071428571428582,-1.149915822768605,-17.25159072875977,-0.5793166502773494,-0.06485800445079803
1.333333333333314,-0.01517282608695647,1.132536888014897,0.06071428571428572,-2.816582489435291,-25.76274871826172,-0.1948218138379879,-0.011211380362510681
58.83333333333337,-0.02465869565217427,1.935099984531604,0.06357142857142861,-1.345177968644244,-24.74512481689453,-0.09556126004847976,0.01724734902381897
48.5,-0.04035512422360243,-1.119291644937292,0.04714285714285704,0.8737734478532246,-12.53669357299805,-0.1332432480697485,-0.009400222450494766
69.16666666666663,-0.01675885093167717,0.8543246377104055,0.06000000000000005,-1.414213562373099,-26.36074447631836,0.01305843716464483,0.011419974267482758
84.5,-0.02053027950310571,1.719237561880703,0.06428571428571417,-0.776142374915402,-27.7186164855957,-0.06562859048842418,0.042738184332847595
-73.83333333333337,-0.007451552795030958,3.403200953927694,0.06714285714285706,-2.218951416497461,-28.23723220825195,0.1437852597988707,0.047390859574079514
170.9999999999999,0.09082049689440985,5.368342286393556,0.07857142857142863,-1.373773447853218,-29.98328590393066,0.6285667939458643,0.29108303785324097
-26.5,-0.02098385093167698,0.4234360627932006,0.06285714285714283,-2.149915822768605,-24.16361618041992,0.0512785404146876,0.009911440312862396
41.66666666666663,0.01233540372670805,2.345138555536693,0.08142857142857163,-5.178511301977579,-34.97114944458008,0.2564116729812735,0.046709757298231125
-115.8333333333333,0.009288354037267244,0.04563106149490181,0.08571428571428574,-7.202200572599413,-51.21276092529297,0.09721094787057649,-0.08664083480834961
117.8333333333333,0.04130962732919263,0.1215786117121951,0.09142857142857141,-4.592724864350672,-67.54762268066406,0.046501082513977,0.08379848301410675
99.33333333333331,0.02190279503105574,2.420573246949502,0.06428571428571428,-1.73570226039552,-29.98328590393066,0.2333938941523785,0.10242581367492676
103.5,0.08824456521739132,3.043851594711299,0.07428571428571429,0.5976310729378156,-38.84230422973633,0.4888345758909864,0.3311387598514557
81.49999999999997,0.02842732919254676,1.666559668608201,0.0821428571428573,-1.276142374915395,-45.00421905517578,0.1403285539812735,0.14227908849716187
150.5,0.03504021739130436,2.546500186488188,0.0871428571428573,0.0,-61.26914596557617,0.02664654656117982,0.16921798884868622
167.1666666666667,0.05125155279503102,3.190191686063002,0.09142857142857153,-1.316582489435284,-77.6273193359375,-0.001772736744510839,0.19128356873989105
54.33333333333331,0.05019984472049699,2.920202615262696,0.0992857142857142,-0.6380711874577045,-94.07875061035156,0.1317971614921852,0.19542807340621948
146.6666666666666,0.0673369565217391,3.986138311130404,0.09571428571428575,-0.1262265521467896,-100.4971008300781,0.07866083505076615,0.22796718776226044
150.3333333333333,0.04696972049689452,4.422182714192004,0.09857142857142864,-0.735702260395513,-117.1117172241211,0.08940086706254735,0.1440652757883072
71.83333333333331,0.0236326086956522,3.8932112541751,0.05428571428571427,0.8333333333333286,-29.67448425292969,0.04224672347621128,0.13883142173290253
75.66666666666669,0.05258167701863381,4.052168434301493,0.07285714285714295,-1.983249156101941,-71.32553100585938,0.1485606615611799,0.1775812953710556
135.1666666666667,0.07134006211180133,4.320504187879507,0.07499999999999996,-2.207106781186539,-87.70701599121094,0.1711811519729289,0.22688643634319305
33.83333333333337,0.08862872670807442,4.353139585359401,0.07428571428571418,-0.5690355937288345,-104.181755065918,0.2240498262185261,0.36128321290016174
165.1666666666667,0.09153400621118002,5.423199533708711,0.0764285714285714,-1.052284749830811,-120.7497482299805,0.157330790142146,0.3372528553009033
112.5,0.05595450310559025,1.664195042433107,0.08142857142857152,-0.2642977396044799,-158.5701293945312,0.1482742201784693,0.2538360357284546
69.33333333333331,0.04632826086956521,5.366104323682009,0.07000000000000006,-2.621320343559645,-127.2613525390625,0.1358519618092511,0.13611160218715668
84.83333333333337,0.02585450310559023,4.438406415676397,0.07071428571428584,-1.804737854124355,-143.9925384521484,-0.4547777841029477,0.14318616688251495
92.16666666666669,-0.04560217391304344,3.482722682877309,0.03857142857142859,-1.373773447853218,-55.03729248046875,-0.8987084519368018,0.017071004956960678
-238.3333333333333,0.0008793478260871179,1.22091157014809,0.07642857142857151,5.230796051808372,-107.3324890136719,0.3054010528123662,0.33358344435691833
136.8333333333333,0.05085760869565215,3.419355110236907,0.05499999999999994,-2.511844635310922,-154.1654815673828,-0.0856059632457783,0.16861562430858612
83.33333333333331,0.001788354037266848,0.3898222073533049,0.07214285714285706,3.690355937288487,-124.9096603393555,0.181632742638437,0.3373897969722748
122.3333333333333,-0.009791459627329191,4.507752169960895,0.04571428571428582,-2.011844635310922,-137.4109802246094,-0.6355133517580099,0.05647166818380356
-103.6666666666666,-0.06607453416149056,-2.54751126729559,0.0128571428571429,0.6785113019775721,24.67191696166992,-0.04395979508744685,0.02536034770309925
-123.6666666666667,-0.03833711180124211,-2.477270767605205,0.01642857142857146,3.995093791412859,21.27369689941406,0.1652318770693747,0.09421275556087494
-27.83333333333337,-0.06536288819875802,-0.08925650086919745,0.03357142857142859,-2.345177968644229,17.87547492980957,0.1618050496022805,-0.0025964640080928802
-151.5,-0.0657023291925466,-1.058259652242668,0.0407142857142857,-2.971404520791033,14.47725486755371,0.1546705850750266,-0.05783592164516449
-4.333333333333314,-0.06878881987577656,-3.379935027940476,0.03857142857142859,0.3451779686442435,11.07903385162354,0.1221666668681458,-0.008038870990276337
-34.66666666666669,-0.01813167701863372,-3.947907771761464,0.03357142857142859,2.097631072937805,7.680812835693359,0.3862866009552546,0.05327606573700905
-168.1666666666666,-0.0645052795031057,-4.436064268045556,0.03928571428571437,-1.73570226039552,4.282592296600342,-0.07771983771486912,-0.060762759298086166
106.5,-0.0280225155279501,1.313022167597808,0.04928571428571427,-1.31658248943527,0.8843713998794556,0.1829853444020327,-0.025689270347356796
-14.33333333333331,-0.04507779503105591,0.5531070308109065,0.04928571428571427,2.414213562373099,0.0,0.1028946915838924,-0.00042900070548057556
21.0,-0.022886956521739,4.042495379240606,0.03500000000000003,-0.04044011451987473,0.0,0.3641501472369248,0.029418596997857094
17.33333333333331,-0.01734984472049694,5.189415035167599,0.03142857142857147,-0.3333333333333357,0.0,0.4075632180176684,0.05150063335895538
48.83333333333331,-0.04782391304347844,1.267813029098605,0.04142857142857148,1.540440114519889,-0.5891301035881042,-0.01328951379264998,-0.006872266530990601
75.83333333333337,-0.06241739130434787,-1.330440818501302,0.0464285714285716,-1.511844635310908,-6.982540130615234,-0.05716863895223412,-0.06902582943439484
-16.16666666666669,-0.08076475155279506,-0.3419118421051053,0.02928571428571414,-1.87377344785321,0.0,0.04401407904826804,-0.09061188995838165
117.6666666666667,-0.05117298136645976,0.2532533591001993,0.02428571428571424,-0.2071067811865532,0.0,0.05372683263696687,-0.004912730306386948
139.1666666666667,-0.06067888198757754,1.243205660470494,0.01714285714285702,-2.995093791412856,0.0,0.1486361655295479,-0.04862181469798088
-58.16666666666669,-0.0520433229813666,0.2953062651635037,0.04428571428571415,-0.25939153101735,-15.5416316986084,-0.221461836421978,-0.03672328591346741
11.16666666666663,-0.05807857142857142,0.7952919672406011,0.05285714285714282,3.149915822768612,-20.04671478271484,-0.1898645867098038,0.022732112556695938
-74.83333333333331,-0.03744006211180118,2.072464139821008,0.05142857142857138,4.259391531017329,-23.7125415802002,-0.1999404548620379,0.06784597784280777
67.33333333333331,-0.01411816770186325,1.441269615389203,0.04285714285714282,2.430964406271137,-10.19729232788086,-0.3060009048861225,0.04913879185914993
107.0,0.006569565217391271,1.995536732328091,0.03142857142857136,0.3333333333333286,-4.013696193695068,-0.338279171373444,0.02144637331366539
0.1666666666666856,-0.01972220496894439,0.1990511377689046,0.05000000000000004,-2.442809041582059,-26.2978515625,-0.465771122103364,-0.009974274784326553
-132.3333333333334,-0.02478618012422362,0.01265392012680877,0.05571428571428583,-2.845177968644244,-26.53911209106445,-0.4543998496276898,-0.028583228588104248
-30.83333333333331,-0.01916770186335404,0.9503765363721044,0.06071428571428572,-1.804737854124369,-28.52642631530762,-0.1871378758353552,0.020757045596837997
-117.6666666666667,-0.04408711180124247,-0.7420721121209937,0.05500000000000005,1.402368927062177,-22.84183883666992,-0.1136241084859329,-0.04347316548228264
-161.6666666666666,-0.01189130434782615,-0.9182703990949079,0.05714285714285705,0.7928932188134468,-18.54656982421875,0.0180356497977443,0.024962041527032852
-184.5,-0.03353633540372669,-1.104941188820106,0.04928571428571416,1.66176045807952,-13.41204452514648,-0.05747223752174646,-0.021755322813987732
-177.8333333333333,-0.0135108695652173,1.512636876909596,0.06642857142857139,-0.3619288125423097,-30.69210815429688,-0.03329452592244764,0.06908043473958969
-105.1666666666667,-0.01549736024844717,3.340626230628203,0.06714285714285706,-0.8214886980224279,-31.63035202026367,0.03613469443016881,0.07319294661283493
-123.1666666666667,-0.007946428571428465,1.406966424606097,0.06285714285714294,-2.040440114519882,-31.29010391235352,0.001926955101613115,0.029773760586977005
169.8333333333333,0.0833594720496893,4.634713019561275,0.08000000000000007,-3.75939153101735,-31.72933959960938,0.7022264423882932,0.22906316816806793
-83.49999999999997,0.01233540372670805,1.481568664071105,0.08142857142857163,-5.995093791412874,-48.85206604003906,0.2564116729812735,0.060596760362386703
-149.0,-0.01632096273291916,-2.833908736534497,0.05785714285714283,-4.218951416497465,-28.8831615447998,0.0561202807961092,-0.017174363136291504
-18.83333333333329,0.03128260869565214,-0.1921030819270015,0.06785714285714295,-4.25939153101735,-33.58621978759766,0.1757195691080364,0.11537154018878937
1.333333333333314,0.07320962732919256,0.01159096920129343,0.07714285714285729,-3.247546895706442,-38.84230422973633,0.3845868494978898,0.24443946778774261
-64.33333333333331,0.02848881987577656,-1.269509924559799,0.08285714285714296,-3.218951416497468,-58.86182403564453,0.08005863898127352,0.1069592535495758
-53.0,0.0182809006211182,-1.090480084673203,0.08642857142857152,-1.649915822768612,-75.10343933105469,0.07636169342427512,0.1314580887556076
29.0,0.04779891304347816,-0.01298169875519761,0.0942857142857143,-1.902368927062177,-81.38191223144531,0.08351498876937646,0.13142606616020203
-49.33333333333337,0.05610931677018638,1.872023548922201,0.09999999999999998,-1.040440114519875,-97.78671264648438,0.01488696105700793,0.19144128262996674
23.83333333333331,0.06288975155279519,2.202590140773495,0.1028571428571428,-0.3047378541243546,-114.2847671508789,0.04703620969242273,0.22505325078964233
81.0,0.03184720496894422,2.019311434962788,0.0535714285714286,0.5690355937288487,-35.02347183227539,0.004246306507961095,0.15879231691360474
199.6666666666666,0.04707888198757781,3.352274435497989,0.08285714285714296,-0.3619288125422884,-85.13650512695312,0.1117645994300925,0.19959807395935059
69.83333333333331,0.06761086956521756,4.243080021744404,0.08642857142857141,-1.511844635310922,-101.4946823120117,0.1876348743970253,0.20274057984352112
-43.0,0.05739813664596294,5.103285378402802,0.0842857142857143,-1.000000000000007,-107.8664093017578,0.1233010839866655,0.2024797648191452
81.33333333333337,0.0632066770186338,5.485973520061705,0.08857142857142863,-3.05228474983079,-124.3877792358398,0.1646421337714833,0.16155754029750824
156.3333333333334,0.05686273291925459,4.096623925320799,0.05785714285714272,-1.569035593728849,-68.87158203125,0.1237872960631982,0.19330866634845734
91.83333333333337,0.09278990683229815,4.182460064884708,0.07857142857142863,-1.402368927062177,-141.0023956298828,0.25909113327418,0.3155170977115631
110.0,0.06018152173913038,3.100949860672202,0.08071428571428585,-1.345177968644251,-157.7102508544922,0.02984163785508342,0.2527715265750885
-21.83333333333337,0.03661972049689433,0.6513631263874942,0.08000000000000007,4.730796051808372,-181.2094879150391,0.359332570981581,0.3148220479488373
67.33333333333337,0.02832298136645983,6.367933093637703,0.06000000000000005,-2.149915822768598,-117.9461135864258,-0.4501509014781035,0.1400962769985199
-88.66666666666671,0.03865201863354017,2.644479082237893,0.06000000000000005,6.840271760057099,-188.8325958251953,0.118098189077946,0.33596235513687134
-57.66666666666663,-0.0030683229813665,4.691654664718101,0.05071428571428582,-3.190355937288487,-178.009521484375,-0.7456121561420163,-0.03637664392590523
-38.5,-0.07620170807453419,0.7721537449489091,0.00928571428571423,0.5690355937288487,18.88387870788574,0.2612936295943962,0.021796226501464844
-186.5,-0.1098891304347825,-5.030395097329915,0.03142857142857136,3.247546895706442,15.86740303039551,-0.01761162679849393,0.06678014248609543
68.66666666666671,-0.075336956521739,-4.663534445049436,0.03071428571428569,5.368867239266066,12.85092735290527,0.2485707515435941,0.15379735827445984
-35.0,-0.123479658385093,-3.492673287416238,0.04214285714285715,-0.5690355937288558,9.834450721740723,-0.01352379592497338,-0.05205468088388443
-85.33333333333337,-0.1364973602484472,-5.777566032456363,0.04928571428571438,-0.6094757082487305,6.817975521087646,-0.2508631433868961,-0.08785676956176758
-168.0,-0.1076583850931677,-5.896366240354624,0.04785714285714293,1.023689270621816,3.801499843597412,-0.1799846423199175,-0.10527187585830688
71.83333333333331,-0.06846397515527958,0.2394749511302052,0.04714285714285704,-4.39746271847504,0.7850239872932434,0.167617858486758,-0.07681242376565933
-31.5,-0.05043105590062102,-0.5513180305580931,0.04142857142857148,0.3047378541243617,0.0,0.2434767922491172,-0.035892002284526825
114.3333333333333,-0.00397934782608711,4.115879409768993,0.02571428571428569,6.759391531017343,0.0,0.7217529771020503,0.1426675021648407
-163.8333333333333,-0.04098043478260882,2.132179675947896,0.0535714285714286,1.776142374915402,-0.6252245306968689,0.09660965942554767,-0.0018734745681285858
-113.6666666666667,-0.02898198757763981,3.500819817716604,0.0407142857142857,3.776142374915388,0.0,0.09737037872000298,0.08724857866764069
153.6666666666667,-0.03651878881987569,1.276222700976689,0.02214285714285713,2.442809041582059,0.0,0.1953664322356421,0.009949516505002975
12.83333333333331,-0.03346257763975158,3.277316870169699,0.02357142857142847,-1.402368927062184,0.0,0.314798994486758,-0.015300005674362183
44.66666666666669,-0.04440124223602482,-1.099004687146504,0.04928571428571438,-2.759391531017343,-10.86282920837402,0.06739670884965843,-0.066709965467453
73.66666666666669,-0.04148819875776388,-1.817840903624599,0.04000000000000004,-2.983249156101941,-4.259604930877686,0.02826252603893997,-0.06567460298538208
125.3333333333333,-0.04987499999999967,-1.716779657621501,0.03928571428571437,-3.05228474983079,0.0,-0.01633271797056612,-0.05995029956102371
-39.0,-0.04322313664596256,-0.006610349313788788,0.0207142857142858,-4.357022603955166,0.0,0.2096439190176683,-0.055253803730010986
-57.83333333333337,-0.03935279503105549,-1.149885609365498,0.06071428571428572,-0.6499158227686053,-19.84154891967773,-0.05831222753129961,-0.028776634484529495
37.16666666666663,-0.01326335403726708,-0.2330498868469988,0.06142857142857139,2.690355937288487,-21.5515079498291,-0.1704036113487408,0.048687927424907684
25.5,-0.007410093167701581,1.275971951321097,0.06071428571428572,2.609475708248723,-25.636962890625,-0.253409569856966,0.07128769159317017
77.5,0.0003843167701863548,0.5654661664311078,0.05071428571428571,1.569035593728863,-14.28739547729492,-0.2932161353265752,0.029895342886447906
114.5,0.001084782608695711,0.3345119007708064,0.04142857142857137,-1.276142374915402,-7.893985271453857,-0.3303901931142829,0.0039216578006744385
74.0,0.004755745341614936,0.1446562053284026,0.06142857142857139,-1.845177968644236,-28.43208694458008,-0.4491799576008316,0.03996356576681137
-104.6666666666666,-0.006926242236024893,-0.1311209567421088,0.06071428571428572,-1.569035593728849,-24.55644607543945,-0.3793756999850978,0.008004538714885712
-209.5,-0.05689270186335404,0.4659794096681082,0.06071428571428583,-0.09763107293781559,-31.46847152709961,-0.1391060813952051,0.002375226467847824
-184.3333333333333,-0.02666475155279502,1.395039229474094,0.06428571428571439,-1.040440114519875,-33.66559982299805,0.02419423258125042,0.04426434636116028
-265.8333333333334,-0.02958990683229834,0.3760308227273015,0.06285714285714283,1.259391531017336,-23.05630111694336,0.09179545147768964,0.023233816027641296
-56.16666666666669,0.00129223602484474,1.913480100351507,0.0685714285714285,-0.3905242917512766,-36.04109573364258,0.04169289959581823,0.08652281761169434
-28.16666666666669,0.01898198757763991,2.755774050771905,0.07214285714285706,-1.207106781186553,-37.18915557861328,0.04889585268007635,0.13724611699581146
237.8333333333333,0.07895201863354029,4.738607774527907,0.08214285714285707,-1.942809041582066,-35.54208755493164,0.4807610392072375,0.29113730788230896
-25.16666666666669,0.03333167701863349,3.971581169754032,0.09071428571428575,-4.75939153101735,-48.85206604003906,0.4125685052735015,0.05941007658839226
-198.1666666666666,-0.02301304347826105,-1.397184594861102,0.06500000000000006,-4.787987010226313,-34.05378341674805,0.003422668631450687,0.009840983897447586
-159.1666666666667,-0.006999999999999895,-4.551379534315927,0.06214285714285717,-3.954653676892971,-31.22721099853516,0.0796650972597045,-0.010308243334293365
9.5,0.1028675465838509,1.655561516378611,0.08428571428571441,-5.426058197684,-52.69990921020508,0.683805075301161,0.21193329989910126
15.83333333333329,0.04274301242236045,-1.624848463298662,0.09000000000000008,-2.983249156101955,-58.86182403564453,0.2864926893882039,0.11060762405395508
-54.83333333333331,0.02225310559006222,-2.1768084594908,0.09357142857142864,-3.190355937288501,-78.88134002685547,-0.04177041856990749,0.07830877602100372
15.00000000000003,0.02027934782608698,-0.842451455202891,0.09499999999999997,-2.011844635310915,-95.1695785522461,0.006134835248115089,0.11236876249313354
22.83333333333331,0.03990807453416156,0.01542187908280823,0.09857142857142864,-0.7071067811865248,-111.5510711669922,0.05144629806598078,0.19651703536510468
105.5,0.04675962732919259,0.6625347929456922,0.06214285714285728,0.6666666666666785,-39.35483551025391,0.1064470946721596,0.18455015122890472
53.5,0.01373090062111804,1.527872167272903,0.05857142857142861,1.885618083164132,-38.41659164428711,-0.02909320505218893,0.16599120199680328
-20.83333333333331,0.03362888198757763,3.802363013826309,0.08857142857142863,-0.5690355937288558,-105.2026519775391,0.02739913635897129,0.16850337386131287
-43.0,0.04693571428571419,5.578809408947393,0.08785714285714297,-1.000000000000007,-121.6074523925781,0.0296608588934254,0.1418701410293579
31.83333333333337,0.06254937888198742,4.421870960475204,0.07499999999999996,-3.109475708248731,-88.89109802246094,0.2276786572481151,0.16509270668029785
128.5,0.07184565217391292,5.099960664126499,0.05857142857142861,-0.6952621458756312,-68.87158203125,0.329415867145002,0.25790315866470337
138.6666666666667,0.07231816770186328,2.2921897627552,0.08642857142857141,-0.6666666666666714,-161.2550354003906,0.1125478608423239,0.26475054025650024
81.16666666666669,0.04318307453416126,0.322154524245704,0.0821428571428573,3.885618083164118,-192.3344116210938,0.2188654599503238,0.3280879259109497
53.0,0.05422003105590056,4.986293544729804,0.06785714285714295,-2.040440114519868,-131.6638336181641,-0.05497403566891745,0.18564867973327637
129.5000000000001,0.008843788819875908,3.999370533147896,-0.007857142857142785,-2.707106781186553,19.12879180908203,0.4146125899205422,0.020219963043928146
226.3333333333333,0.00107732919254655,1.841488366384596,-0.001428571428571335,-0.1548220313557493,19.12879180908203,0.2596905984339839,0.04300614818930626
155.5,-0.02866071428571415,-5.400606282514516,0.02285714285714291,4.540440114519882,16.49406051635742,0.285028056159719,0.13009046018123627
34.33333333333331,-0.06819704968944107,1.062229837123354,0.01571428571428568,1.357022603955151,13.85933017730713,0.3022249207833868,0.026728015393018723
-130.5,-0.1140197204968942,-5.872858613711699,0.04000000000000004,1.276142374915395,11.22459888458252,-0.2261872709149996,-0.05009160563349724
-52.66666666666663,-0.1058523291925465,-5.609768495653796,0.04000000000000004,3.897462718475033,8.589868545532227,-0.143369490566966,0.045104026794433594
-73.0,-0.09919782608695649,-3.923324560588526,0.04714285714285726,1.954653676892981,5.955137729644775,0.01508380009299737,-0.030809644609689713
-60.66666666666669,-0.07523788819875776,-0.9613291025595316,0.02857142857142858,0.483249156101941,3.320407152175903,0.2639510857833868,-0.02016783505678177
50.66666666666669,-0.09205139751552771,-5.34287360010228,0.04500000000000004,3.495093791412863,0.6856765747070312,-0.1051097418940349,-0.009631235152482986
-14.83333333333331,-0.05493198757763984,-3.137433105200486,0.04785714285714282,-0.1666666666666643,0.0,0.2050278409100556,-0.04692089185118675
-126.1666666666666,-0.05564549689440978,-0.1682189464899011,0.0378571428571427,-0.06903559372884871,0.0,0.279685406486758,-0.02330196276307106
-13.83333333333331,-0.03839503105590092,2.271592631424696,0.0335714285714287,5.092724864350664,0.0,0.4015373719891818,0.1477697193622589
41.33333333333331,-0.03990947204968931,2.240070994512493,0.05428571428571416,-0.7071067811865603,-0.6613189578056335,0.1474416300294339,-0.019566610455513
96.33333333333331,-0.02494145962732919,1.894524642776304,0.04357142857142859,2.138071187457705,0.0,0.06400008854801076,0.0301925428211689
-167.8333333333334,-0.04228291925465855,-0.085233020788408,0.02500000000000002,3.747546895706432,0.0,0.101728690433034,0.0906001552939415
-46.33333333333331,-0.05720590062111786,2.362073908953704,0.02357142857142847,-2.207106781186539,0.0,0.242511882486758,-0.03514614328742027
-236.0,-0.05600496894409945,-1.552649717835294,0.05357142857142849,-1.276142374915395,-17.71196174621582,-0.01854082876805141,-0.07629616558551788
-169.6666666666667,-0.05601770186335409,-2.124929371863701,0.05285714285714282,-2.873773447853203,-11.52836608886719,-0.04020480861372799,-0.10572856664657593
54.0,-0.05777236024844734,-2.085999490553803,0.04500000000000004,-2.902368927062184,-4.505513668060303,0.03673687308177531,-0.08096529543399811
61.16666666666663,-0.06355201863354054,-2.441100582435396,0.03714285714285714,-1.833333333333329,-0.6400033235549927,-0.0269510211289995,-0.05491688475012779
19.16666666666663,-0.04696459627329197,-0.9756656093874057,0.06285714285714283,-0.1785113019775793,-26.27105331420898,-0.06945495852231032,-0.022078998386859894
8.333333333333371,-0.01392919254658365,-0.5752741312799969,0.06214285714285706,2.109475708248716,-30.56632232666016,0.0279913095206612,0.09074273705482483
105.6666666666667,-0.0150973602484471,0.02755943876088907,0.06214285714285706,-0.2879870102263098,-21.13652801513672,-0.02883313967042433,0.03442790359258652
-219.3333333333333,-0.01027453416149049,-1.451057363395591,0.05142857142857138,-1.914213562373099,-15.16274642944336,-0.2447922882575722,-0.01719258725643158
181.0,-0.01962500000000011,-0.2222502617743913,0.06142857142857139,-1.454653676892995,-36.81745910644531,-0.2854317384121967,0.06713736802339554
-63.66666666666663,-0.01733043478260876,0.2185311970224006,0.06214285714285728,-3.316582489435284,-36.63909149169922,-0.3769910672380778,0.012094710022211075
7.666666666666629,-0.01452034161490667,0.896992694886606,0.06071428571428572,-0.9595598854801324,-33.57126235961914,-0.2271903824793389,0.05456530302762985
123.0,-0.01462499999999989,1.679318319861906,0.06071428571428572,-0.01184463531090785,-29.48580551147461,-0.245965945874979,0.07193728536367416
77.16666666666669,-0.02493944099378864,2.015590491828291,0.06071428571428572,0.5808802290397637,-24.56109428405762,-0.0142547922857077,0.03426222503185272
91.5,-0.01872453416149078,0.5313700091937079,0.04785714285714293,-2.592724864350672,-12.19390296936035,0.08351847232441789,-0.018543798476457596
22.16666666666669,0.01320326086956514,3.120578286673904,0.07071428571428573,-2.023689270621823,-40.79208755493164,0.1816456566413852,0.11017698049545288
124.5,0.004433229813664563,2.559572113310495,0.07071428571428573,-1.87377344785321,-39.22440338134766,0.03176887876192225,0.06915643066167831
-20.83333333333337,0.06829813664596274,3.885428453701891,0.08000000000000007,-1.954653676892995,-46.58461761474609,0.3714090292797738,0.21753577888011932
240.5,0.1216104037267081,6.246611859219669,0.08785714285714274,-2.511844635310908,-62.68635559082031,0.7772444931353981,0.28297048807144165
-136.0,-0.02102546583850951,-0.7140371192120938,0.06214285714285706,-1.776142374915388,-39.61258316040039,-0.0389965794121967,0.014026384800672531
-189.1666666666666,-0.007190372670807466,-3.275872013658656,0.05857142857142861,-3.207106781186546,-36.57619857788086,0.07391243830008609,0.0026731379330158234
184.0000000000001,0.0946236024844721,-0.1838473301386472,0.08071428571428574,-5.092724864350672,-56.54775238037109,0.5537213929686029,0.22465477883815765
113.8333333333333,0.0777125776397517,-2.794042681765745,0.08571428571428574,-3.55228474983079,-72.67279815673828,0.4722672666461674,0.3011745512485504
-27.5,0.01864565217391301,-3.930149246966707,0.09571428571428575,-2.304737854124376,-88.89109802246094,0.003742756306311934,0.11933252215385437
36.16666666666663,0.03683726708074531,2.368701950705997,0.0864285714285713,-2.052284749830797,-98.90086364746094,-0.007849401681809809,0.15231050550937653
121.6666666666667,0.04487189440993811,0.894561411908299,0.1021428571428572,-0.6380711874577045,-171.3813629150391,-0.04385455831138174,0.11375583708286285
41.83333333333337,0.03281692546583859,1.21284955026691,0.1014285714285714,0.9023689270621915,-188.1591644287109,0.3119143141769373,0.15459556877613068
47.16666666666663,0.06039254658385107,4.586602925892308,0.07857142857142863,-2.402368927062184,-125.2687911987305,0.1821008475563972,0.1803341954946518
157.6666666666666,0.07241568322981373,3.42758640265609,0.08142857142857163,-2.149915822768598,-141.72021484375,0.2933694434607849,0.2867094576358795
61.16666666666669,0.04863835403726713,4.143551149230106,0.06285714285714294,-1.845177968644251,-118.9203796386719,-0.00837517464102866,0.1449536830186844
3.166666666666686,0.01437096273291927,-0.9381913596679112,0.09857142857142864,0.235702260395513,-116.0068054199219,0.1688031302571956,0.17350149154663086
7.0,-0.01240155279503108,2.230490285975293,0.07214285714285706,-1.442809041582059,-174.90283203125,-0.7264655004557127,0.013465065509080887
240.1666666666667,0.02424114906832298,3.166379446127408,-0.01428571428571423,-0.1666666666666714,18.61021423339844,0.387100355401178,0.0852796733379364
109.0,0.01086506211180116,0.08245273028020961,0.00285714285714278,4.39746271847504,16.35722732543945,0.7076114527480015,0.09528470039367676
52.66666666666669,-0.01120201863354053,-5.073589329614663,0.01785714285714302,7.840271760057096,16.35722732543945,0.4775949900123728,0.2605637013912201
100.3333333333334,-0.01165186335403723,-1.39205596091854,0.01000000000000001,1.930964406271144,14.1042423248291,0.3302149465884445,0.04548756033182144
-21.33333333333331,-0.04372018633540387,-6.066721960886071,0.0357142857142857,5.414213562373092,11.85125732421875,0.2316368802655904,0.15483428537845612
30.0,-0.06655248447204964,-6.012840971200873,0.03857142857142859,4.759391531017336,9.598271369934082,-0.1056106856585105,0.12371524423360825
141.8333333333333,-0.04754223602484464,-5.73681921038829,0.03714285714285726,6.064129385141708,7.345285892486572,0.1044247968326583,0.20047353208065033
-24.5,-0.03947329192546589,-2.794037045223476,0.04714285714285704,-1.983249156101955,5.092300415039062,0.335785524572408,-0.049631088972091675
110.1666666666667,-0.05379642857142852,-5.182946394420057,0.04500000000000004,4.857022603955159,2.839314699172974,0.2812834181988076,0.08476817607879639
-35.0,-0.09145372670807461,-5.661546218748811,0.03928571428571426,4.730796051808362,0.5863291621208191,-0.001224345401042437,0.056673694401979446
14.66666666666669,-0.06366832298136649,-4.760219976731108,0.0428571428571427,2.080880229039757,0.0,0.1502708413468428,-0.030250277370214462
-128.8333333333333,-0.06009611801242254,-1.117262223126005,0.03857142857142859,-0.9714045207910402,0.0,0.2880040617774314,-0.05025762692093849
-43.83333333333331,-0.0351900621118012,-0.3640147574566015,0.02642857142857147,7.742640687119266,0.0,0.3129516548320525,0.2501623034477234
-31.0,-0.04718555900621113,1.087886097910001,0.05428571428571416,-0.1380711874577045,-4.360291957855225,0.1135846691834185,-0.03021497279405594
-4.666666666666686,-0.02381568322981376,1.899457676068593,0.03928571428571437,6.730796051808369,0.0,0.1679147116315857,0.18459966778755188
140.6666666666666,-0.02074239130434785,2.629212217751501,0.02642857142857136,4.28798701022631,0.0,0.3048932515638856,0.09566160291433334
155.8333333333333,-0.02739083850931645,1.406240448980697,0.03214285714285725,2.02859547920896,0.0,0.2087396238584369,0.0403364896774292
-285.8333333333333,-0.01826024844720475,0.001843916983190752,0.0635714285714285,-2.345177968644251,-18.79712677001953,0.04594142208514562,0.005473095923662186
46.5,-0.05446506211180135,-2.092124212882297,0.05357142857142849,-3.080880229039771,-16.0380973815918,0.01893078724671049,-0.07865283638238907
-19.0,-0.07270605590062107,-2.923205031190307,0.04571428571428571,-2.638071187457705,-8.080580711364746,0.03415545032171086,-0.09399020671844482
-91.0,-0.06234208074534164,-0.1316568714483992,0.02571428571428569,-3.885618083164132,0.0,0.1822936877451194,-0.05066882446408272
-51.3333333333334,-0.08951118012422354,-1.965526068235306,0.04428571428571437,-2.845177968644236,-0.603908896446228,0.01931269331287722,-0.15909555554389954
-54.83333333333331,-0.04705636645962719,0.1361149683256002,0.06214285714285706,1.276142374915388,-27.98566055297852,-0.03397448853353491,-0.004952192306518555
36.83333333333331,-0.002071273291925468,0.900885753247394,0.06285714285714272,-1.87377344785321,-32.70055770874023,0.04403851958610705,0.05081075429916382
-100.6666666666666,-0.01781645962732925,0.7527839971295975,0.06214285714285706,-1.195262145875631,-26.06588745117188,-0.01068586149338335,-0.002494819462299347
-72.33333333333331,-0.007314285714285718,-1.045310885401094,0.05285714285714294,-1.138071187457697,-19.88229179382324,-0.03270239905809424,0.0018011406064033508
9.166666666666629,-0.01950822981366462,0.5674099485460999,0.06142857142857139,0.2238576250846052,-39.58113861083984,-0.03070000173128629,0.07439658045768738
65.83333333333331,-0.03973524844720511,0.1388155452017088,0.06071428571428572,-1.678511301977579,-42.40770721435547,-0.149939153798671,-0.00263947993516922
-161.5,-0.02511785714285708,0.6994405767871967,0.06857142857142862,-2.580880229039764,-44.39502334594727,-0.2776340628097758,0.034831706434488297
-16.33333333333337,-0.002832763975155084,-0.2714876943538087,0.07714285714285729,-1.430964406271151,-43.16758346557617,-0.04300188735861477,0.07638148218393326
-33.16666666666669,0.008825776397515361,2.211698971827403,0.06000000000000005,-3.05228474983079,-35.91530990600586,0.07143595459361618,0.027640601620078087
14.83333333333331,-0.004945652173913073,2.520548340397596,0.0585714285714285,-0.4595598854801182,-34.83479309082031,0.04704698844566402,0.08120550960302353
-20.5,0.03329021739130433,2.842020043937794,0.06785714285714284,-0.6262265521467896,-46.98033142089844,0.4242129793581585,0.16890275478363037
152.5,0.1273582298136645,-1.28163693274449,0.0842857142857143,0.3737734478532104,-66.5108871459961,0.7318004435153813,0.46425679326057434
13.16666666666669,-0.02876490683229804,1.168214064878796,0.05642857142857138,-1.885618083164118,-45.20283126831055,-0.01344107711789333,0.0023788325488567352
34.66666666666663,-0.004497826086956702,-1.010264777348794,0.09071428571428564,-3.385618083164132,-82.65924835205078,0.04087539314845989,0.04689010605216026
10.16666666666669,-0.02103571428571427,-1.095574022411697,0.09571428571428564,-5.39746271847504,-98.90086364746094,-0.051670016010812,-0.009183011949062347
-148.5,-0.04432608695652163,-2.763668801534592,0.05571428571428572,-2.540440114519896,-42.58607482910156,-0.2186238399266298,-0.03663371130824089
22.66666666666669,0.0196318322981367,-0.5307231983394018,0.09999999999999998,-2.678511301977586,-128.9301300048828,-0.009339538443602802,0.09954621642827988
-99.0,0.01723711180124232,-3.036965349934903,0.1114285714285714,-0.735702260395513,-181.5076751708984,0.001560280145676995,0.02625945769250393
65.66666666666669,0.02215496894409941,-1.520044594689395,0.1014285714285715,4.661760458079524,-195.8362274169922,0.2709796589071703,0.27121448516845703
41.33333333333331,0.01466645962732949,-1.249425221279211,0.1057142857142858,1.666666666666657,-116.0808029174805,0.1998063283595783,0.22317177057266235
-24.16666666666669,0.02686024844720503,-1.393051501532398,0.1114285714285713,3.385618083164125,-73.52322387695312,0.2900854173109069,0.2626291811466217
86.0,0.006116459627329096,-1.190521203930103,0.1007142857142858,0.235702260395513,-97.9791030883789,0.0554516485046283,0.11792485415935516
-136.8333333333333,-0.08007065217391318,-0.7999216262322051,0.09571428571428564,-1.833333333333329,-97.528564453125,-0.8851433620167392,-0.08474159240722656
234.5,-0.001102950310558959,0.6942558098366192,-0.0007142857142856673,2.178511301977572,13.58566474914551,0.4061517054722394,0.07452599704265594
56.66666666666669,-0.07178664596273299,-6.027122162084865,0.02000000000000002,4.621320343559635,13.58566474914551,0.04571950083346854,0.13789036870002747
-56.83333333333337,-0.08307484472049698,-6.863645177436467,0.02571428571428569,4.31658248943527,11.7144250869751,0.05625780804967428,0.05733392387628555
24.16666666666669,-0.06716801242236037,-5.376989593129466,0.02928571428571436,4.78798701022631,9.843184471130371,0.2481870513971512,0.1418568640947342
-135.3333333333333,-0.06672251552795039,-6.434430810218885,0.03642857142857137,3.540440114519878,7.971943855285645,-0.04685676130087024,0.07922682911157608
-104.6666666666666,-0.06771459627329213,-3.044538963260393,0.03642857142857137,-0.4832491561019481,6.100703239440918,0.1805802611321239,-0.0011306069791316986
-243.8333333333334,-0.07670062111801246,-6.157881332920482,0.04357142857142859,4.845177968644254,4.229462623596191,-0.09358288138583537,0.04861273244023323
-58.16666666666669,-0.06207313664596281,-4.484785734281161,0.03857142857142848,6.564129385141698,2.358222246170044,0.1936068301134966,0.1806124746799469
0.5,-0.06519052795031066,-6.040730620608016,0.04928571428571427,2.87377344785321,0.4869817793369293,-0.01683203336841432,-0.034596994519233704
23.66666666666669,-0.06926925465838518,-4.349951928961119,0.04000000000000004,0.1666666666666714,0.0,0.09210239504811402,-0.03459985554218292
-182.0,-0.04723012422360262,-1.389221772454206,0.03571428571428581,-0.5,0.0,0.2517009629980503,-0.008304335176944733
60.83333333333331,-0.05199844720496893,-1.357434755604501,0.06428571428571428,1.402368927062184,-11.80086898803711,0.008931706756226121,-0.013584069907665253
91.33333333333331,-0.05631024844720489,1.000209546138493,0.05142857142857149,0.2071067811865532,-4.114383220672607,0.1232632817614474,-0.03188447281718254
45.16666666666663,-0.04381863354037252,1.478779145323401,0.0407142857142857,1.430964406271151,-0.5678144693374634,0.07444073671246654,-0.013572357594966888
33.0,-0.01683152173913061,3.337650670238801,0.02785714285714291,3.926058197684007,0.0,0.2039282802464143,0.11719062924385071
152.6666666666666,-0.03327732919254678,1.599169603720298,0.03214285714285725,0.5976310729378156,0.0,0.108636938144452,0.025353888049721718
-96.16666666666669,-0.008877639751552757,0.001843916983190752,0.06571428571428573,0.0,-23.72648620605469,0.0380045341149029,0.03672410547733307
-72.83333333333331,-0.02890854037267065,-0.1069974936148981,0.06428571428571428,-1.78798701022631,-29.70026779174805,0.02408957777348864,0.013695821166038513
8.333333333333314,-0.02594922360248442,-2.633717554433403,0.05928571428571427,0.2761423749153948,-15.52115726470947,0.000129142088865053,0.014259006828069687
131.1666666666666,-0.05383850931677003,-3.109595041031511,0.05214285714285716,-1.845177968644251,-7.624857902526855,0.03687047776144736,-0.06311996281147003
33.5,-0.05417934782608691,-2.451377730438608,0.04500000000000004,-1.592724864350672,-3.868474960327148,0.04936516231287724,-0.05200747400522232
-139.0,-0.008172204968943997,-0.07469492638909969,0.0635714285714285,-1.666666666666671,-38.25936126708984,0.09804175151335914,0.04433564469218254
71.0,-0.009885714285714053,0.5697545677723923,0.06214285714285706,-1.109475708248723,-39.13006210327148,0.1206762703026246,0.041103579103946686
-64.66666666666663,-0.01305574534161491,1.087487526282203,0.0635714285714285,-0.3619288125422884,-33.33464813232422,0.06492479807341212,0.06530021876096725
-110.8333333333333,-0.01729239130434779,1.051903518402995,0.06214285714285706,-1.638071187457705,-27.57068061828613,0.04081838865928766,0.036880940198898315
-121.8333333333333,-0.02222189440993783,-0.001753217356196046,0.06214285714285706,-0.8905242917512695,-19.24144554138184,-0.1009324099111349,0.008132822811603546
18.83333333333331,-0.004969875776397847,0.9373207199983966,0.06071428571428561,-0.7642977396044799,-45.55956649780273,-0.02081674953348156,0.06320315599441528
-129.5,-0.01880962732919289,0.05841852367970546,0.06000000000000005,-2.109475708248731,-45.59101486206055,0.004626525005300919,0.021846972405910492
90.33333333333331,0.07679565217391315,0.3416106035288067,0.06714285714285717,-1.649915822768619,-47.99795532226562,0.8337789655582231,0.2857306897640228
-48.66666666666669,0.08903012422360246,-0.9749408345157065,0.07214285714285718,-0.707106781186539,-54.32693099975586,0.6484933424443203,0.3255700170993805
90.5,-0.02248012422360279,2.038252139772098,0.05785714285714283,-4.247546895706421,-41.68392562866211,-0.182917073252691,0.01847149059176445
40.33333333333331,0.04432251552795052,-0.8782663486542077,0.0864285714285713,-1.804737854124369,-76.4740219116211,0.2372187342145001,0.15507178008556366
-5.5,-0.001397826086956488,2.671089375304092,0.09642857142857131,-3.649915822768612,-92.64569091796875,0.01982433498012726,0.05421246960759163
-63.83333333333337,0.008363198757763923,3.256003474680696,0.09642857142857131,-3.385618083164125,-108.9106216430664,-0.06876614473573017,0.0413353368639946
60.5,0.07791816770186355,-3.995067971479202,0.08285714285714285,-0.2357022603955201,-80.27523803710938,0.2500837705097303,0.39227935671806335
-43.5,0.01477329192546595,2.323508964101592,0.1085714285714287,-3.552284749830811,-135.3018646240234,0.2376844061474219,0.07349604368209839
-32.5,0.001596894409937821,-2.182794397301507,0.08857142857142863,-1.414213562373099,-96.40028381347656,-0.0122385654737005,0.08025872707366943
-149.1666666666667,-0.007781832298136671,-1.522070589621194,0.09571428571428564,-3.857022603955159,-102.6321411132812,0.06959870148603198,0.021204888820648193
-52.33333333333337,-0.00136444099378874,-1.700682008540696,0.1085714285714287,-3.857022603955159,-151.776611328125,0.1574517614607849,0.034842923283576965
-23.0,0.03927468944099388,1.780669531124289,0.09285714285714286,-1.178511301977586,-168.3445892333984,-0.08774459364195664,0.03460158035159111
52.16666666666669,0.02796304347826095,1.291332685708809,0.08785714285714286,-1.247546895706421,-185.0058288574219,0.05415268253973138,0.07280264794826508
111.5,0.03921319875776397,-1.082827546917798,0.1035714285714285,1.735702260395499,-80.02539825439453,0.5059256288478922,0.19714711606502533
-47.33333333333331,-0.002067857142857066,0.9694332208243992,0.07857142857142851,0.1666666666666501,-199.3380432128906,0.1977492978923783,0.0406440868973732
-36.16666666666669,-0.04845310559006222,-3.010785706475303,0.01071428571428579,1.828427124746188,12.30359745025635,0.09818914289631553,0.030359281226992607
56.5,-0.0175456521739128,-0.8371617276471142,0.0007142857142856673,-1.109475708248731,10.81410217285156,0.3567282237737113,-0.01064298301935196
-91.16666666666669,-0.08947267080745325,-6.128011986389367,0.02642857142857147,3.328427124746177,10.81410217285156,0.1314937000647871,0.044374119490385056
39.33333333333331,-0.09708742236024859,-8.162556968418414,0.02785714285714291,0.5404401145198605,9.324606895446777,0.2816458908963154,-0.031062979251146317
17.83333333333331,-0.09282080745341614,-6.800261614230124,0.03071428571428569,3.316582489435284,7.835111141204834,0.2317092322728193,0.036699116230010986
-60.66666666666671,-0.06134409937888197,-6.426167348582254,0.01928571428571435,2.299831645537214,6.345615863800049,0.3358354867737113,0.002676926553249359
-289.5,-0.1211080745341615,-8.522051297897917,0.0357142857142857,3.035533905932734,4.856120586395264,0.03253528706478714,-0.03530101105570793
-320.6666666666666,-0.09836614906832308,-4.192887296282592,0.03785714285714292,-3.511844635310915,3.366625070571899,0.1423858506573723,-0.10379903018474579
-121.6666666666667,-0.09242034161490698,-3.524294961699241,0.03785714285714292,-0.4881553646890708,1.877129793167114,0.06574730924641436,-0.0719989538192749
-81.0,-0.08576614906832314,-3.643914585287547,0.03642857142857148,6.035533905932741,0.3876343667507172,0.1373398552728192,0.11699014902114868
-145.3333333333334,-0.07159767080745327,-5.271306413061055,0.04571428571428582,2.78798701022631,0.0,-0.02456125678408849,-0.03132125735282898
-56.0,-0.07366164596273295,-3.904354676086101,0.03785714285714292,5.426058197684021,0.0,0.2345558778058415,0.12831434607505798
-93.16666666666669,-0.0577871118012423,1.559576871247103,0.03571428571428581,0.4428090415820591,0.0,0.1812671699965349,-0.019530069082975388
5.833333333333371,-0.03418167701863328,3.726377264317506,0.03000000000000003,-1.13807118745769,0.0,0.2833616387789867,0.010152086615562439
124.5,-0.06134114906832278,0.6219175129451031,0.05928571428571427,0.4428090415820733,-14.64580726623535,0.08115722159126315,-0.025205954909324646
-3.0,-0.05462826086956507,-0.09536022662790344,0.04928571428571427,0.7879870102263098,-7.169135093688965,0.0543778977614473,-0.026702485978603363
-38.66666666666669,-0.05314316770186345,-0.3095671862265021,0.04714285714285726,0.1262265521467896,-0.5678144693374634,0.0003682779043301387,-0.03847112879157066
-74.5,-0.05662531055900621,-0.5190040084348055,0.03071428571428569,5.937902832994908,0.0,0.1065609090099504,0.13784027099609375
-52.0,-0.04244394409937891,-0.5431843552103999,0.06571428571428573,-2.747546895706428,-31.41487503051758,-0.002356393511004695,-0.03043033927679062
10.83333333333337,-0.03119596273291936,-1.050611555098399,0.06500000000000006,-3.552284749830797,-36.96902847290039,-0.05014665366184046,0.007396981120109558
48.83333333333337,-0.03888586956521722,-1.44071472581301,0.06571428571428573,-0.1666666666666643,-22.96173477172852,-0.053370032465059,-0.01797689124941826
37.33333333333337,-0.06621878881987575,-2.634469271989602,0.05928571428571416,0.2238576250845838,-18.15628051757812,-0.143547774325201,-0.035842813551425934
92.33333333333337,-0.0620063664596272,-2.903983055204193,0.05142857142857138,-1.37377344785321,-10.46979522705078,-0.04149809723855269,-0.05798187106847763
55.0,-0.0418383540372671,-2.2653843090566,0.03428571428571436,-0.1952621458756454,0.0,0.06305298947289417,0.0006941333413124084
96.16666666666669,0.01210962732919296,1.0383393048985,0.06142857142857139,-0.471404520791026,-45.10849380493164,0.1588418282776421,0.10084633529186249
32.5,0.004842857142857038,1.149374459832302,0.06142857142857139,-0.04044011451987473,-48.77431869506836,0.1601929773373882,0.08123894780874252
-47.66666666666663,0.01298664596273302,0.9111752879299075,0.06999999999999995,-3.678511301977579,-48.59595108032227,0.5167547104041683,0.0707864984869957
349.8333333333334,0.1319299689440993,-16.43416985252649,0.07500000000000007,-2.178511301977586,-50.7930793762207,0.9940286845576367,0.4716864824295044
-58.0,-0.01104177018633512,1.141933563316599,0.05642857142857138,-3.759391531017336,-40.60340881347656,0.1140450472382518,0.007154583930969238
22.5,-0.04224782608695676,0.2657367694751116,0.05785714285714283,-2.454653676892981,-35.25907135009766,0.02087555742869784,-0.010077573359012604
-11.5,-0.05536490683229855,-1.464841671912609,0.0585714285714285,-0.5,-30.40231132507324,0.01491041454403941,-0.011496655642986298
-37.83333333333331,0.006154037267080636,1.182596953647106,0.1042857142857143,-3.38561808316414,-118.9203796386719,-0.4932420972388983,0.04595419764518738
243.8333333333333,0.01418804347826097,3.72623258351129,0.1042857142857143,-4.39746271847504,-138.9398956298828,-0.1536056684436028,0.046312764286994934
173.6666666666667,0.0408166149068323,0.5004994009763948,0.08499999999999996,-1.73570226039552,-90.21505737304688,-0.315408853677106,0.20464038848876953
46.0,0.03925527950310559,2.049185068543508,0.107857142857143,-3.845177968644236,-155.3680114746094,-0.02144781116072725,0.0754016563296318
-13.16666666666663,0.01066552795031062,0.4526779389365032,0.09499999999999997,-2.621320343559645,-106.3634185791016,0.03802021568355951,0.06673609465360641
-59.5,0.005086180124223461,-0.1724228803285968,0.09499999999999997,-3.511844635310908,-112.6185836791992,-0.04777437070139678,0.04379008710384369
-32.33333333333331,-0.01087872670807455,0.427174210240409,0.1121428571428572,-3.385618083164118,-161.8329925537109,-0.09897606735784648,0.017051350325345993
-141.8333333333334,-0.02959270186335416,-2.52316367187791,0.1042857142857143,-3.707106781186539,-128.9301300048828,-0.003361714863712062,-0.0122179314494133
164.0,0.006244875776397429,-0.5027456305295033,0.09999999999999998,0.5690355937288629,-106.5794143676758,-0.02947253235171687,0.17052137851715088
130.8333333333334,0.03566925465838477,-1.065067921510604,0.1021428571428571,1.442809041582059,-89.00225067138672,0.2543096018826462,0.257652223110199
85.33333333333337,0.02538121118012371,0.473130382262795,0.105,1.166666666666664,-63.57129669189453,0.06503423526847096,0.16479778289794922
-56.83333333333331,-0.08172344720496882,-4.344008725422,0.01142857142857145,0.2761423749154019,9.150289535522461,0.00290926165792682,-0.03258165344595909
133.5,-0.03410403726708067,0.09690452246960035,0.004285714285714337,-1.747546895706432,8.042539596557617,0.3099742748600156,-0.03244676813483238
-152.3333333333333,-0.09246071428571434,-10.92414302268028,0.0357142857142857,1.166666666666661,3.611537933349609,0.166851921961558,-0.08074745535850525
46.0,-0.05885248447204972,-7.428984159226303,0.03214285714285725,2.37377344785321,2.503787517547607,0.1871008595887617,0.005400501191616058
-52.33333333333331,-0.08345310559006192,-7.061138670906587,0.03357142857142859,6.271236166328251,1.396037220954895,0.1125676214201187,0.13971418142318726
12.0,-0.07666040372670813,-6.705658906698474,0.03785714285714292,4.564129385141701,0.288286954164505,0.1383898760727211,0.04368803650140762
-147.3333333333334,-0.05753571428571425,-4.117801579561274,0.03214285714285714,-1.511844635310922,0.0,0.2397876148626799,-0.03278648853302002
-2.833333333333314,-0.04784161490683203,-0.559515840098598,0.02928571428571436,2.914213562373106,0.0,0.2010802838367221,0.03295718878507614
-44.5,-0.08648027950310555,-1.534124908500502,0.05000000000000004,1.097631072937808,-3.868474960327148,0.006531888568802158,-0.08854520320892334
192.6666666666667,-0.04225652173913053,-1.147738229953902,0.04214285714285715,1.747546895706428,0.0,0.2050747429339096,-0.011583123356103897
150.5,-0.02043229813664582,-0.8218628708949893,0.03500000000000003,4.483249156101941,0.0,0.3497373021849975,0.09779268503189087
-41.0,-0.03587313664596281,-0.9811671654967,0.0328571428571427,-1.707106781186546,0.0,0.1850613171706061,-0.03329789265990257
114.0,-0.06922236024844708,-1.783997307060702,0.06785714285714273,0.3214886980224207,-21.66675567626953,-0.1131355961048857,-0.025767207145690918
-105.8333333333333,-0.06605807453416135,-2.799997246568296,0.06214285714285706,-0.4309644062711513,-13.77045631408691,-0.0725175003252011,-0.0610293447971344
-21.16666666666669,-0.09377158385093165,-3.578428513232296,0.0535714285714286,-4.426058197683993,-7.169135093688965,-0.06537428457894734,-0.16086488962173462
-41.0,-0.08638773291925494,-1.585380395893793,0.02714285714285725,2.37377344785321,0.0,-0.06379358698654614,-0.017504960298538208
-115.8333333333333,-0.07775605590062118,-2.189324062158903,0.06571428571428573,-6.230796051808376,-42.94746017456055,-0.1047783333651759,-0.1441662758588791
-47.0,-0.05825978260869569,-2.12530478932139,0.06357142857142861,-5.702200572599402,-44.23778915405273,0.02225302426771125,-0.049359600991010666
44.66666666666663,-0.05283338509316782,-1.933478209966196,0.06285714285714283,-3.454653676892981,-48.53305816650391,-0.02745193110311739,-0.03329193964600563
115.8333333333333,-0.04384922360248455,-1.059069852328193,0.06214285714285706,-3.426058197684,-51.98907089233398,-0.03949974066261175,-0.035856861621141434
-112.8333333333333,-0.0487096273291926,0.4932551365244962,0.0635714285714285,-0.6380711874576974,-34.12260055541992,0.06094557048341032,-0.009672887623310089
-18.16666666666669,-0.06542608695652163,0.2555103399409973,0.06642857142857139,0.9309644062711584,-25.17723083496094,-0.04071062367728995,-0.015151802450418472
72.83333333333331,0.001356211180124189,1.342743269931603,0.05714285714285705,-2.678511301977579,-51.95762634277344,0.2410850497887339,0.03770304098725319
206.1666666666666,0.01488260869565239,0.5818430351128967,0.06071428571428572,-2.776142374915402,-55.20382308959961,0.1423243109009099,0.08833041787147522
33.0,-0.004418633540372641,-5.992818995752799,0.08285714285714296,-0.8333333333333286,-84.07645416259766,0.08910228842460044,0.1062169000506401
-74.5,-0.03440574534161489,-1.762816798581497,0.0535714285714286,-2.649915822768612,-47.87216949462891,-0.03326087456861759,-0.03197769448161125
31.83333333333337,0.008686180124223841,-1.842267732568189,0.09142857142857153,-1.414213562373092,-100.1548843383789,-0.1489920519778019,0.07429227977991104
80.83333333333337,0.01803602484472056,1.599898632647196,0.1007142857142858,-5.02368927062183,-148.9496612548828,-0.03210192885257812,0.09252758324146271
63.33333333333337,0.03529254658385117,0.7229700674921986,0.1107142857142858,-3.080880229039749,-178.4242858886719,-0.3465214538659894,0.03062381036579609
160.0,0.03022577639751545,0.6421081013793071,0.1064285714285715,-4.466498312203896,-165.4010772705078,-0.1593253159497473,0.009955499321222305
-3.0,-0.04910791925465841,-1.342825272892597,0.1171428571428572,-3.873773447853225,-195.1088409423828,0.03927916310055457,-0.09344980120658875
-80.33333333333331,-0.013647204968944,-0.352546149339318,0.115,-3.385618083164132,-181.9457550048828,-0.1957627212177278,-0.04177834838628769
-40.33333333333337,0.02209239130434781,-0.8621702929443984,0.1021428571428571,-1.069035593728863,-88.28944396972656,0.08036640274534113,0.1412327140569687
160.1666666666666,0.03358944099378847,-0.4628263263053043,0.1057142857142856,1.87377344785321,-71.04853820800781,0.116275057268471,0.20469380915164948
-19.0,0.04978447204968939,-0.04094174584500365,0.1014285714285713,3.109475708248731,-56.61858367919922,0.6111840987593795,0.23294410109519958
108.1666666666667,-0.04647236024844725,0.5309393958140021,0.00928571428571423,1.29289321881345,5.270976066589355,0.5377311385710893,-0.0062308162450790405
13.33333333333337,-0.04831335403726711,-2.592608508289501,0.01714285714285702,4.926058197684011,5.270976066589355,0.4917053354688343,0.1337096393108368
-44.33333333333331,-0.07753913043478267,-10.09003871021362,0.03428571428571425,2.276142374915388,1.640949964523315,0.2322952615334023,-0.07261967658996582
54.16666666666663,-0.05924114906832301,-9.001480623313086,0.03357142857142859,4.678511301977583,0.9149447679519653,0.1992841905383133,0.069450244307518
-59.33333333333331,-0.03834751552795046,-5.011852224675309,0.02928571428571436,-0.7071067811865532,0.1889395415782928,0.3668819611575774,-0.020089279860258102
-176.0,-0.05958726708074547,-8.680899498631604,0.03500000000000003,7.97834294751479,0.0,0.1979927755405749,0.20556719601154327
-48.16666666666669,-0.06246801242236055,-5.935030984612339,0.04714285714285715,4.05228474983079,-3.622566223144531,0.02704408866954167,0.004612606018781662
-66.33333333333337,-0.04586708074534174,-0.9803933989710032,0.02857142857142847,3.149915822768605,0.0,0.2805070100811515,0.06632357835769653
108.3333333333334,-0.0612732919254656,-3.212210534595599,0.03714285714285714,-0.3047378541243688,0.0,0.08840900705647614,-0.004541657865047455
-81.16666666666669,-0.07039984472049687,-4.767102220586594,0.0685714285714285,1.87377344785321,-17.07111549377441,-0.009259078104885687,-0.015014298260211945
-172.8333333333334,-0.08338090062111803,-4.815081904590997,0.05928571428571427,0.6785113019775793,-10.46979522705078,-0.05552572826783952,-0.12038001418113708
-82.5,-0.07496335403726706,-2.089571282471496,0.02928571428571425,-1.483249156101927,0.0,0.2006260032644519,-0.03354598954319954
-186.3333333333333,-0.1218968944099377,-4.583827758404198,0.04928571428571427,0.6380711874577045,-6.713412761688232,-0.08984405753985958,-0.10576878488063812
-126.6666666666667,-0.1232023291925467,-2.617972996887303,0.06642857142857139,-5.857022603955151,-37.84288787841797,-0.1148913372664226,-0.1177356094121933
-249.5,-0.1047394409937888,-2.55304269683549,0.06571428571428573,-6.495093791412838,-46.79165267944336,-0.09483040798427544,-0.17430271208286285
-385.1666666666666,-0.1309139751552796,-4.502504664193197,0.06714285714285706,-4.816582489435273,-28.68770408630371,-0.1182168568911182,-0.13038432598114014
-229.0,-0.1320905279503105,-5.735862463374275,0.06714285714285717,-2.597631072937808,-20.37177658081055,-0.1632894246772899,-0.13595986366271973
-85.16666666666669,-0.1098824534161491,-5.573700387370579,0.06071428571428583,-3.207106781186553,-17.07111549377441,-0.2051623680615576,-0.15619021654129028
-21.33333333333331,-0.04598959627329191,-1.885216031875402,0.06285714285714283,-3.471404520791033,-55.14093017578125,0.09147328738871552,-0.026599600911140442
13.83333333333329,-0.03675698757763957,-0.286221077639695,0.06357142857142861,-1.747546895706428,-55.3821907043457,0.136398108311631,-0.008584517985582352
-20.16666666666669,0.04244596273291934,-1.363681320055491,0.06785714285714284,-0.2071067811865746,-58.41857528686523,0.6995297799095171,0.1728331744670868
125.1666666666667,0.02267546583850943,1.286864138861105,0.09642857142857131,-4.080880229039749,-116.3265533447266,0.324856879595495,0.07583028078079224
66.0,0.05166366459627336,-2.56054086183191,0.07999999999999996,-1.638071187457697,-87.87767791748047,0.4717701741941098,0.23485448956489563
62.83333333333331,0.02491490683229824,0.3731759815729987,0.09928571428571431,-3.385618083164104,-132.5914764404297,0.07866394663674547,0.09592857956886292
51.33333333333331,0.01398059006211194,-1.534782458168408,0.08642857142857152,-1.580880229039757,-93.99296569824219,0.1083216374246004,0.14809724688529968
50.66666666666669,-0.001274689440993626,0.03028536105570367,0.102857142857143,-4.828427124746192,-138.9398956298828,0.2108884506272468,0.03334125131368637
-3.833333333333371,-0.005160093167702051,-1.195366041606093,0.09357142857142853,-3.414213562373099,-110.0947036743164,0.02932901776647767,0.04719070345163345
33.83333333333337,0.007148447204969099,0.3205599048368981,0.1035714285714286,-3.483249156101941,-158.9594116210938,-0.1421546919497474,0.003284204751253128
-38.5,-0.0007114906832299539,-0.8954510006269913,0.09071428571428564,-3.345177968644236,-126.2896881103516,-0.05175438738802174,0.041766829788684845
-60.5,-0.05466086956521743,-3.683272995233608,0.1207142857142857,-1.718951416497461,-190.3733520507812,0.008613681545338758,-0.07424138486385345
28.16666666666663,0.001330590062111781,-3.038612670243552,0.1142857142857142,-3.011844635310894,-188.5039825439453,-0.2100631281726347,-0.04953229799866676
225.0,0.00918897515527961,-1.6361330302433,0.1057142857142856,4.19035593728848,-54.85670852661133,-0.03237906044564254,0.1353137046098709
-125.6666666666667,-0.06248913043478288,-0.874715365068397,0.09857142857142853,-0.4428090415820591,-79.05032348632812,-0.6209432240270891,0.0066202059388160706
-50.5,-0.06037142857142852,0.2224187739423087,0.01999999999999991,1.747546895706417,2.843673467636108,-0.01847076357249583,0.016665782779455185
84.0,-0.05381366459627301,-0.4599417568651916,0.02071428571428569,2.207106781186535,2.499413251876831,0.004853129328023731,0.013184122741222382
4.666666666666629,-0.01781304347826096,0.5059795082150913,0.01500000000000001,3.885618083164122,2.499413251876831,0.1788556100583325,0.09475153684616089
-58.6666666666666,-0.06224751552795027,-6.497272749711186,0.02285714285714291,0.02859547920896688,0.0,0.349859469292184,-0.04738705977797508
-106.0,-0.05708835403726686,-6.834215110083747,0.03428571428571425,8.225889843221232,0.0,0.2496428100056597,0.26923879981040955
76.66666666666663,-0.07550155279503112,-6.665095451570849,0.0407142857142857,0.9595598854801111,-0.4956255853176117,0.09681750588920546,-0.04754111170768738
-119.8333333333334,-0.1081368012422357,-4.282649580541928,0.03714285714285714,-0.9023689270621844,0.0,0.004996306947723461,-0.0781097561120987
-149.3333333333333,-0.09241537267080724,-4.123768355617742,0.02928571428571436,3.78798701022631,0.0,0.1104741931927957,0.03639999032020569
-151.5,-0.1252945652173915,-6.314700543353098,0.05642857142857149,0.1666666666666643,-9.804259300231934,-0.1627713977713775,-0.11920873820781708
-163.3333333333333,-0.1070413043478263,-4.022784692567001,0.02928571428571414,-2.247546895706428,0.0,0.1300459923178293,-0.09383444488048553
-124.3333333333334,-0.1099046583850931,-5.574165022356041,0.05214285714285716,-0.3737734478532317,-3.376657724380493,-0.118277010454273,-0.12911705672740936
-83.16666666666669,-0.04941428571428574,-2.534910795227702,0.06785714285714273,-4.926058197684,-41.56317901611328,-0.01828164824512535,-0.04946842044591904
191.6666666666667,-0.02493571428571451,-2.06688188399599,0.06499999999999995,-6.506938426723767,-50.63584899902344,0.01927691385745434,-0.04210280999541283
-16.83333333333326,-0.06053757763975165,-4.441769562830217,0.06714285714285706,-6.271236166328247,-32.19817733764648,0.02642886980747761,-0.10200558602809906
-68.33333333333337,-0.0598577639751553,-5.388155837286092,0.06785714285714295,-4.828427124746188,-26.97309684753418,-0.0740522529735661,-0.07237835228443146
-144.5,-0.07323493788819868,-5.912676553422784,0.06714285714285728,-3.787987010226296,-20.37177658081055,-0.06361443473997119,-0.1077413409948349
-58.16666666666669,-0.0185077639751553,-2.36149404634952,0.06357142857142861,-4.75939153101735,-58.77531051635742,0.05940916552620767,-0.007851619273424149
27.5,-0.03776242236024874,-1.092237314940704,0.05857142857142861,-2.885618083164132,-54.48004150390625,-0.0119124308695584,-0.032460521906614304
-0.833333333333286,-0.01718602484472076,-0.3087915785152973,0.06785714285714284,-3.121320343559653,-62.2313232421875,0.3200209404124145,0.036065198481082916
312.6666666666666,0.08248944099378919,-12.4628686201992,0.07285714285714284,0.2761423749153948,-65.94039916992188,0.9000073811277306,0.5667981505393982
73.49999999999997,0.006262267080745509,-0.1899093366699987,0.08285714285714285,-2.845177968644244,-97.7708740234375,0.05401284949869956,0.07256540656089783
-16.16666666666663,-0.0003892857142856476,0.3721319453375997,0.1035714285714286,-3.080880229039757,-142.5779266357422,0.05981660765146468,0.05476660653948784
42.5,0.02223819875776389,2.287583022844899,0.1121428571428572,-2.580880229039757,-175.4341583251953,-0.0643022358685128,-0.010638311505317688
-28.5,0.01236863354037299,0.075282374702212,0.08571428571428563,-2.511844635310908,-113.8259811401367,0.1130532958293035,0.12794356048107147
108.3333333333333,0.02156071428571427,1.825273330562112,0.102857142857143,-5.357022603955166,-158.9594116210938,0.213037838748485,0.0016996897757053375
-59.16666666666669,-0.0465787267080745,-1.619976086218401,0.1157142857142858,-0.8047378541243688,-202.83984375,0.2495089162688677,-0.046123210340738297
6.333333333333371,-0.03354472049689461,-3.225878196537792,0.1185714285714284,4.109475708248731,-177.1608428955078,0.227399661643385,0.11853152513504028
51.16666666666669,-0.007047360248447099,0.3589889812128035,0.1071428571428571,-2.011844635310915,-192.0021362304688,-0.09375568387049016,-0.05063425377011299
-95.83333333333331,-0.07136630434782609,-5.48011509313406,0.1171428571428571,2.023689270621823,-181.4086761474609,-0.08899836845466119,-0.0009705834090709686
-17.0,-0.03384208074534178,-4.268270178724947,0.1121428571428572,-4.247546895706428,-198.5836791992188,-0.4727250273515345,-0.0836227685213089
37.83333333333331,-0.03291785714285733,-0.5639186327157972,0.1078571428571429,-6.230796051808369,-168.9691772460938,-0.4505559368685128,-0.19276063144207
97.83333333333331,-0.0461136645962732,-0.114019464451701,0.01928571428571435,8.880711874576978,0.0,0.3782096116430932,0.24589432775974274
-155.6666666666666,-0.09742779503105592,-8.66509871723082,0.03071428571428569,4.08088022903976,0.0,-0.03169611633357161,-0.05208509787917137
-138.3333333333333,-0.07518385093167679,-6.404604297477306,0.02928571428571425,6.466498312203868,0.0,0.2683100949556976,0.1604946255683899
-127.0,-0.1154970496894407,-6.164822237373158,0.04000000000000004,-0.1952621458756383,0.0,0.05369815094772346,-0.11897826939821243
-169.3333333333333,-0.1012408385093168,-3.460417524858755,0.02928571428571436,1.080880229039749,0.0,0.1016105181927958,-0.06385843455791473
72.0,-0.108936645962733,-5.733241168913963,0.06071428571428572,-0.7642977396044799,-12.89510536193848,-0.1589770794327638,-0.10676072537899017
-132.1666666666667,-0.07222127329192563,-4.50503402360016,0.03071428571428569,-2.345177968644244,0.0,0.1631221433178293,-0.06808841228485107
-78.5,-0.09216319875776391,-5.465526605595826,0.05714285714285716,-0.2642977396044799,-6.257689952850342,-0.131788814454273,-0.1147223636507988
32.83333333333331,-0.04159021739130431,-3.060510430199599,0.06857142857142862,-3.690355937288494,-45.28346633911133,0.02294887917470567,-0.013097874820232391
-125.8333333333333,-0.05846319875776385,-3.381014811463402,0.06714285714285706,-4.121320343559645,-35.70865249633789,0.05793379880747762,-0.05792482942342758
-108.5,-0.0615481366459627,-3.99989364072249,0.06714285714285706,-3.316582489435284,-30.27375793457031,-0.01996487389111812,-0.0805676132440567
-144.8333333333334,-0.07588369565217412,-5.052379953149995,0.06928571428571428,-3.357022603955166,-23.67243766784668,-0.06872026674425691,-0.1264185607433319
-51.66666666666663,-0.0289639751552796,-2.030269646045994,0.06499999999999995,-6.39746271847504,-58.32423782348633,-0.0967715683127377,-0.05331425368785858
97.83333333333331,-0.01994223602484468,-2.133765906959709,0.05999999999999994,-4.52368927062183,-62.40969085693359,0.06230672805417281,2.4937093257904053e-05
51.33333333333337,0.02949409937888192,-4.144849473468796,0.06928571428571428,-1.040440114519882,-69.81156158447266,0.5326323326275204,0.1614680290222168
-22.16666666666669,-0.009011801242236217,-1.382845455918599,0.09928571428571431,-3.78798701022631,-120.0345230102539,0.01834462976647777,0.0271220151335001
273.5,0.03049161490683217,-12.7008687641669,0.07785714285714285,-0.1380711874576974,-75.78697204589844,0.5295051068039867,0.30828556418418884
54.66666666666669,0.002854658385093356,-1.669268764280673,0.1064285714285715,-6.299831645537211,-136.2528228759766,0.0458097679068652,-0.04914558306336403
78.16666666666671,0.005373757763974973,-7.688015807256079,0.0842857142857143,-3.55228474983079,-91.67889404296875,0.4177663393550855,0.046169862151145935
-3.833333333333371,0.03041428571428562,-0.9426410109030883,0.1035714285714286,-3.621320343559638,-152.5643768310547,0.3877280394635957,0.10280556976795197
-49.50000000000003,0.002044254658385092,0.5330476777975974,0.08357142857142852,-0.7357022603955059,-107.6640701293945,0.1313283515294805,0.13820862770080566
-47.0,0.003980279503105533,3.020112484417908,0.11,-3.149915822768598,-185.4672241210938,-0.07780431008908884,-0.041870493441820145
5.5,0.04566086956521709,3.635742448131467,0.1021428571428573,-4.149915822768612,-168.9691772460938,0.1268599438917367,-0.02016899734735489
-46.83333333333331,0.01334999999999964,0.9027591323589093,0.08857142857142852,-4.259391531017343,-123.7424926757812,0.0645052483947135,0.07742232084274292
-194.3333333333334,-0.07744937888198766,-4.86198092171702,0.1207142857142857,-0.8333333333333321,-194.2481689453125,-0.04877602904714079,-0.09425577521324158
-184.3333333333334,-0.08439736024844713,-6.923365827404112,0.13,-6.190355937288494,-106.3911437988281,-0.418096809926857,-0.20619651675224304
-124.5,-0.04714130434782604,-3.468172056576478,0.112142857142857,-4.276142374915374,-202.0585327148438,-0.4114470352592769,-0.1295926719903946
16.5,-0.08016195652173919,-5.492457875627366,0.03142857142857136,5.742640687119284,0.0,0.01120983766642836,0.11070939898490906
110.5,-0.03951677018633526,-3.865006377682562,0.03642857142857137,4.31658248943527,0.0,0.2631928359556975,0.08077649772167206
95.0,-0.07251226708074532,-5.485804053455254,0.04928571428571438,0.6380711874576974,-0.459531158208847,-0.1259141847252628,-0.038125015795230865
-85.16666666666663,-0.0565065217391304,-3.434180986322758,0.03071428571428569,-0.7642977396044941,0.0,0.2812954750547669,-0.020612839609384537
-170.5,-0.07071552795031022,-5.582423643359732,0.07285714285714295,0.764297739604487,-15.98595142364502,0.006684463421309128,-0.06305810809135437
-169.0,-0.1007074534161491,-5.119218138542394,0.06357142857142861,1.109475708248731,-9.13872241973877,-0.2272969315935885,-0.10176146775484085
-26.83333333333337,-0.06254906832298157,-2.73336696688871,0.06571428571428561,-4.426058197684007,-49.00375366210938,-0.07196115382529433,-0.047972217202186584
-144.3333333333334,-0.07010062111801263,-2.862322397559396,0.06785714285714273,-3.592724864350664,-42.7296028137207,0.01223201931481166,-0.07183727622032166
-37.33333333333337,-0.08870124223602471,-3.378553465257994,0.06785714285714273,-4.304737854124362,-33.57441711425781,-0.04465732119252241,-0.11219435930252075
-204.6666666666667,-0.07775714285714275,-4.623485828868596,0.06428571428571428,-3.426058197684014,-26.97309684753418,-0.07604654585856974,-0.1276262104511261
46.66666666666669,-0.03337562111801251,-2.133765906959709,0.05999999999999994,-3.983249156101948,-62.16843032836914,-0.05270595543329182,-0.011973649263381958
27.5,0.0001650621118010065,-1.934097552303996,0.06999999999999995,-2.621320343559653,-66.04407501220703,0.2341819993923796,0.0756680816411972
35.16666666666663,-0.02371630434782601,-1.108081474055396,0.1014285714285715,-2.983249156101934,-129.9743499755859,-0.0673551834102325,0.03905165195465088
253.5,0.07224130434782605,-5.986891240479508,0.07357142857142862,0.6666666666666714,-79.63481903076172,0.5833598424391769,0.45884791016578674
67.99999999999997,0.05765993788819868,-13.19270508291888,0.08285714285714285,-0.4309644062711513,-95.48011016845703,0.6608152209096451,0.26733043789863586
-12.5,0.008106366459627368,-1.60448394252218,0.1071428571428572,-4.218951416497461,-146.2159576416016,0.1619674705981998,0.05841682851314545
-49.66666666666669,0.002761645962732984,2.170047767560675,0.1128571428571428,-4.328427124746192,-178.9789276123047,-0.06097075572630728,-0.12589474022388458
109.6666666666667,0.0157200310559007,-1.020525731770604,0.0842857142857143,-0.8451779686442507,-101.5487747192383,0.153406461039454,0.16634109616279602
-101.6666666666667,-0.001403105590061848,0.2906062429571108,0.115,1.23570226039552,-198.1229858398438,0.035592582991675,0.06406295299530029
48.33333333333331,0.010502795031056,2.196801495655308,0.1078571428571428,-3.385618083164132,-195.5002899169922,0.02308544673346336,-0.07772952318191528
-31.5,0.02719829192546575,2.902574675160508,0.105,-3.885618083164132,-178.9789276123047,0.2122321526457429,-0.026386138051748276
94.5,-0.07561118012422352,-7.481540721371843,0.02928571428571425,7.437902832994933,0.0,0.2450621930609092,0.25780433416366577
-92.66666666666669,-0.06379999999999986,-5.770354015604127,0.03000000000000003,-0.8737734478532104,0.0,0.2102412798750674,-0.05609925463795662
28.0,-0.04403757763975147,-4.098134905633785,0.03071428571428569,3.776142374915398,0.0,0.2226188687802954,0.07056883722543716
50.66666666666669,-0.04713555900621125,-3.592150170027736,0.03285714285714292,0.1952621458756454,0.0,0.2678753302320486,0.0035864152014255524
36.16666666666663,-0.07967562111801219,-5.797211115128547,0.05357142857142849,0.1952621458756312,-5.801967144012451,-0.1527541885411722,-0.1062329113483429
-242.0,-0.05260170807453413,-3.915519566532609,0.02785714285714269,-0.5690355937288487,0.0,0.2137638424803875,-0.01920856162905693
-58.83333333333337,-0.06576909937888187,-4.606735956137101,0.07285714285714295,1.87377344785321,-19.07679748535156,0.3317410035553855,-0.03502541780471802
-15.83333333333331,-0.08800652173913026,-3.154439502423898,0.05928571428571427,0.1666666666666714,-14.90078639984131,-0.1654974797935272,-0.10247182846069336
44.16666666666669,-0.05854953416149056,-0.6376630228371027,0.05999999999999994,-4.730796051808369,-56.44433212280273,-0.1037757664782262,-0.04830081760883331
31.33333333333331,-0.04208152173913049,-1.723107454930698,0.06071428571428572,-4.218951416497468,-46.24007797241211,-0.03089259714043313,-0.06510569900274277
12.5,-0.03534736024844698,-1.844307697485704,0.06214285714285706,-5.437902832994922,-36.87508010864258,-0.07702296119252239,-0.05845268443226814
116.0,0.03316987577639763,-0.04711630961419644,0.09785714285714286,-3.649915822768605,-117.5572662353516,-0.02732944773654367,0.10733816027641296
-277.1666666666667,-0.06132701863354051,-3.459387882674704,0.06071428571428572,-1.37377344785321,-30.27375793457031,0.03873701226283544,-0.06065015122294426
-75.83333333333331,-0.02105993788819849,-1.345443662019605,0.09714285714285709,-2.23570226039552,-133.6589965820312,-0.03839695918190644,0.05373068153858185
-12.5,-0.0284627329192545,-2.020988553147291,0.1028571428571428,-1.511844635310915,-149.8539886474609,-0.01529623183650164,0.04476068168878555
234.8333333333333,0.06088618012422364,-9.09670041123357,0.0764285714285714,-0.1094757082487376,-89.45807647705078,0.556692248439177,0.41366660594940186
-104.1666666666666,-0.01474922360248454,-1.371720057738301,0.1192857142857143,6.437902832994919,-185.656494140625,0.2369603038340059,0.2013256698846817
1.833333333333371,0.02286739130434801,4.267890191019887,0.1078571428571428,-2.316582489435277,-198.9984436035156,-0.1076226450890888,-0.0059083327651023865
-38.16666666666669,-0.02498695652173888,-1.617900165577197,0.1285714285714284,-1.609475708248731,-62.07168960571289,0.1801450915543575,0.04246982932090759
-81.33333333333337,0.0112183229813666,1.072511518964205,0.1114285714285714,1.569035593728834,-189.9043121337891,0.3697453945722227,0.0568506233394146
-83.66666666666669,-0.02528198757763989,-2.234323803778196,0.1278571428571427,-2.040440114519868,-62.07168960571289,0.1362638739718496,-0.0028714314103126526
-166.8333333333334,-0.0180923913043477,-14.19453795973381,0.137142857142857,-0.9023689270621915,-39.71394729614258,0.4289860016680867,-0.03200451284646988
-74.66666666666669,-0.07549378881987578,-4.450614058828293,0.03071428571428569,5.149915822768609,0.0,-0.0229496762671122,0.11935673654079437
13.0,0.006822360248447179,1.611983059290196,0.06499999999999995,-3.149915822768612,-66.01262664794922,0.1351149655531906,0.06474117189645767
66.66666666666671,0.08704006211180149,1.181101676856699,0.07071428571428573,0.3165824894352767,-73.6827163696289,0.5943501408519255,0.3894687592983246
154.6666666666667,0.04943695652173918,-8.030657689294188,0.08071428571428563,-1.207106781186546,-105.3266830444336,0.669491549596751,0.21354004740715027
-18.83333333333337,0.002634782608695652,-1.334647560550394,0.08571428571428574,-1.109475708248731,-111.4186630249023,0.1051826573907467,0.08888939768075943
3.5,-0.04176381987577649,-1.504221764199499,0.0507142857142856,-4.299831645537232,-60.16461944580078,-0.03488140454619737,-0.06850992143154144
15.16666666666663,0.000571428571428223,-0.3599009312636952,0.08857142857142863,-4.592724864350679,-127.4504547119141,0.04658926557704313,0.033960722386837006
97.33333333333337,0.05838307453416169,2.870113300404995,0.08999999999999997,-0.9428090415820662,-143.5755004882812,0.3123845273231225,0.29330259561538696
69.0,0.05045776397515522,2.227439541023699,0.1028571428571428,-5.937902832994915,-188.9886932373047,0.01163078164574294,-0.01904505491256714
-48.0,-0.02007003105590055,-0.7933716803791953,0.1257142857142858,-2.971404520791033,-69.81120300292969,-0.07847660435466575,0.01701584830880165
49.0,-0.06530885093167704,-6.051073109129263,0.02357142857142858,9.380711874576978,0.0,0.6091637171920439,0.3018331229686737
31.66666666666669,-0.05072562111801249,-2.177715102434007,0.01714285714285702,4.368867239266073,0.0,0.1816714377690868,0.09160003066062927
-268.8333333333333,-0.07047670807453399,-3.387481582210597,0.03071428571428569,-0.707106781186539,-0.4234367311000824,0.06188138582390723,-0.038131941109895706
-147.5,-0.02560170807453421,0.2351838548238021,0.05857142857142861,-1.357022603955166,-22.16764450073242,0.4511306376594135,-0.03980415686964989
-124.3333333333333,-0.0356749999999999,1.50102104212381,0.05142857142857138,-3.178511301977586,-49.75055313110352,0.05584023744034949,-0.04160907492041588
-192.0000000000001,-0.04966288819875775,1.2204735324826,0.05071428571428571,-2.78798701022631,-40.17573928833008,-0.05369865114043315,-0.07567863166332245
-202.3333333333333,-0.08608913043478283,-1.062896550680804,0.03857142857142859,0.04044011451988894,-8.473185539245605,-0.4119924025508352,-0.10231643915176392
63.16666666666669,0.03462763975155281,-2.260175595043293,0.0942857142857143,-1.971404520791026,-159.7938079833984,0.07273022205328777,0.12601403892040253
323.0,0.07722919254658389,-6.062186475215697,0.07142857142857129,-2.845177968644251,-99.28133392333984,0.4688448554945235,0.4312123656272888
-91.33333333333337,0.01100621118012424,0.8154088218430928,0.1157142857142857,2.954653676892967,-201.997802734375,-0.06032126693841233,0.13639779388904572
63.5,-0.008977484472049602,-0.5104872398072047,0.1257142857142858,-2.385618083164132,-78.07524871826172,-0.4508155290096929,0.06295692175626755
-112.5,0.02920574534161491,2.1741830649419,0.1107142857142857,0.4142135623730887,-181.6856231689453,-0.2298242162360277,0.07987634837627411
172.6666666666667,0.090732453416149,-9.37489327745989,0.09999999999999998,-7.604569499661572,-182.5237121582031,-0.1952893688611746,0.06990846991539001
-152.6666666666666,-0.002563354037267263,-1.130326386091497,0.1242857142857143,-5.259391531017329,-60.57208251953125,-0.3676083227407408,0.01602841541171074
-5.0,-0.06181350931677032,-3.689278227035075,0.02714285714285702,4.31658248943527,0.0,0.1304427530810084,0.08862271904945374
-209.5,-0.05293819875776373,-0.2075153723828009,0.05928571428571427,1.87377344785321,-17.78181838989258,0.1877734035813059,-0.028782036155462265
-71.33333333333331,-0.04155636645962724,1.354684859987302,0.02642857142857136,-1.511844635310922,0.0,0.09289061703941259,-0.013041380792856216
-337.6666666666667,-0.0245093167701862,1.955509069799206,0.05571428571428572,-1.59763107293783,-33.57441711425781,0.2040316114077354,0.02807956002652645
130.1666666666667,0.08918555900621128,2.151877045172199,0.07071428571428562,-2.690355937288487,-83.48265838623047,0.4459954514306803,0.2615882158279419
130.8333333333333,-0.0005291925465837899,3.967060937216701,0.05999999999999994,-3.718951416497475,-77.55387115478516,0.1302239849150446,0.036597929894924164
131.1666666666667,0.04348540372670795,1.216912261825996,0.08214285714285718,-1.914213562373099,-115.1732559204102,0.4558542445967509,0.19331541657447815
28.16666666666663,0.005219565217391309,3.111439969499401,0.08214285714285707,-3.678511301977572,-131.1584320068359,-0.03830396155694205,0.07819053530693054
1.333333333333371,0.02163944099378878,2.888961169767398,0.08857142857142852,-3.178511301977579,-137.3436584472656,0.09391081084973446,0.10860050469636917
12.33333333333331,-0.02479239130434785,2.260838396431495,0.0457142857142856,-5.13316497887056,-63.88491058349609,-0.1016084375941487,-0.042326852679252625
154.1666666666666,0.07991024844720485,2.251999696161604,0.09214285714285719,-1.109475708248731,-153.4920196533203,0.2330743892707787,0.359611451625824
34.33333333333331,0.02461381987577649,2.116090744129096,0.1042857142857143,-5.604569499661579,-198.9984436035156,-0.5072284652663593,-0.037154775112867355
-114.3333333333334,0.01740683229813667,1.709531977820092,0.1114285714285714,1.483249156101937,-194.1521301269531,-0.3350294149483482,0.12706896662712097
-199.1666666666667,-0.09171257763975149,-6.079544702615252,0.02785714285714291,5.771236166328237,0.0,-0.0743429822565127,0.08873993158340454
-200.5,-0.06627375776397515,-4.302103431722244,0.01857142857142857,-0.4142135623730994,0.0,0.26444671482932,-0.03748460114002228
-29.5,-0.07341987577639764,-3.521203069309308,0.02500000000000002,11.53062769734558,0.0,0.6374962957901695,0.2807115912437439
-226.0,-0.05008990683229808,0.4180690123016007,0.02928571428571436,-1.511844635310922,-2.884840726852417,-0.05892953726561667,-0.03662867844104767
-206.1666666666667,-0.0240506211180127,1.2484423840761,0.05142857142857138,-0.6666666666666856,-28.34933662414551,0.2964630832783323,-0.009298760443925858
-204.6666666666667,-0.0211204968944102,2.555176045112503,0.0457142857142856,-4.092724864350672,-53.26102447509766,-0.03234773705392524,-0.012754183262586594
-97.83333333333337,-0.04081506211180097,1.879828712426999,0.04642857142857137,-3.649915822768612,-43.47639846801758,-0.02483612355965048,-0.037565648555755615
-166.1666666666667,-0.07866444099378866,0.1177839986039118,0.0407142857142857,-0.9023689270621915,-11.1444034576416,-0.3853156183584683,-0.1295018196105957
-171.1666666666666,-0.04532499999999995,-2.160706563546697,0.02142857142857135,3.747546895706421,0.0,0.2465970395123872,0.06864301860332489
-195.5,-0.0315914596273289,0.6527538096846968,0.01214285714285701,0.6380711874577116,0.0,0.3470395604768752,0.00817352905869484
-258.3333333333333,-0.03698493788819868,0.7692931228542932,0.01928571428571424,6.506938426723764,0.0,0.1716394468759749,0.17352625727653503
-215.1666666666666,-0.03497996894409949,0.4753514201962048,0.05285714285714294,-1.747546895706421,-20.66285133361816,-0.156793498172109,-0.04660350829362869
-154.4999999999999,-0.07752903726708094,-0.8848047794844973,0.01928571428571424,-0.2357022603955272,0.0,-0.1057140854595676,-0.0510830394923687
-62.66666666666669,-0.003611956521739179,1.7643395529374,0.04357142857142859,-4.523689270621816,-40.17573928833008,-0.2189036710404408,-0.009350255131721497
-119.5,-0.0609650621118013,-2.081839060925404,0.02142857142857146,5.397462718475019,0.0,-0.3541093557643205,0.15001855790615082
-199.3333333333333,-0.06866847826086919,-1.96020610156431,0.02142857142857146,3.759391531017329,0.0,-0.4361302202960293,0.07633408904075623
-89.0,-0.05637484472049681,0.3965184848171077,0.01928571428571424,0.5,-5.346244812011719,-0.3398512276579688,-0.027125440537929535
-155.1666666666666,-0.02077065217391316,0.7052255903330007,0.0128571428571429,1.223857625084602,0.0,-0.195624055222571,0.024992618709802628
-232.8333333333333,-0.036460403726708,-0.6974808614850048,0.03357142857142859,-0.3451779686442364,-13.8156213760376,0.1872126816881544,-0.01696149632334709
70.66666666666669,0.04619860248447227,0.1414241432972005,0.05214285714285705,-1.569035593728856,-93.28260803222656,0.2698459833656464,0.1655849814414978
283.8333333333333,0.08041397515527948,2.1033784007614,0.04142857142857148,-4.466498312203875,-87.33050537109375,-0.09814695572920656,0.20269882678985596
-38.0,-0.01043618012422354,-0.8631799568517948,-0.04857142857142849,5.023689270621833,0.0,0.4861076310638027,0.1017855554819107
-109.3333333333333,-0.01675093167701858,1.622896512217892,0.03214285714285703,-4.328427124746185,-31.44018363952637,0.009373953072217556,-0.03826724365353584
53.5,0.09687981366459619,-2.221033743895291,0.05571428571428572,-2.540440114519889,-109.1045913696289,0.1886367325581624,0.297868013381958
143.6666666666667,0.09237795031055906,3.11575974871819,0.05785714285714294,-5.604569499661586,-125.0198211669922,0.0267437998358615,0.1764456331729889
104.1666666666666,-0.03763524844720512,-0.1179381637697929,-0.04857142857142849,2.523689270621816,0.0,-0.2380976234413729,0.0019272193312644958
-19.33333333333331,0.001380590062111886,0.6356389740792991,-0.04428571428571437,-0.1548220313557565,0.0,-0.04441723893907612,-0.006928592920303345
113.3333333333333,0.01349937888198749,0.9917939938014086,-0.03785714285714281,-0.3333333333333286,0.0,-0.1194097230020893,0.010453097522258759
3.333333333333314,0.004154503105589846,0.1509048308623022,0.00285714285714278,-5.230796051808369,0.0,0.0943079889098768,-0.05132386088371277
-135.0000000000001,-0.02808555900621124,-0.4723486477132042,0.02357142857142858,-7.60456949966159,-0.3873422741889954,-0.6554397715965921,-0.16786299645900726
98.5,0.0226726708074535,4.477876967325997,0.03214285714285725,-9.283080801639159,-67.60519409179688,-0.3275841455973245,-0.17345160245895386
151.5,0.01478447204968936,0.4718491644428866,0.1071428571428573,-5.937902832994908,-68.57386016845703,-0.08183295531411078,0.0487789660692215
-41.33333333333331,0.06621413043478264,3.767749824550307,0.05999999999999994,-8.340271760057089,-141.0283050537109,-0.375212211556942,-0.06997796893119812
256.4999999999999,0.002444409937888192,-0.1355197428670039,-0.02499999999999991,2.080880229039771,0.0,0.3509004253892673,0.028991376981139183
-144.6666666666666,0.01858245341614917,1.281547753802997,-0.02928571428571436,-5.771236166328258,0.0,0.1272373493827264,-0.053751926869153976
35.33333333333331,0.007573913043478209,0.7129403000099046,-0.02000000000000002,-0.4309644062711513,0.0,0.08010831309049571,-0.01568182185292244
24.5,0.0201304347826089,1.225249642306906,-0.01642857142857146,-0.4023689270621915,0.0,0.4560623481697293,0.0237722285091877
14.5,0.01832608695652183,0.3828464593736953,-0.01285714285714301,-0.9142135623730994,0.0,0.2587093163692599,0.007902663201093674
-57.5,0.007714130434782529,0.2698244896607065,0.01785714285714279,1.207106781186553,-7.807648658752441,0.02520764899462269,0.01163071021437645
-73.33333333333331,0.02160543478260868,1.728493933615098,-0.001428571428571557,-2.747546895706435,0.0,0.4198831987967365,-0.010084487497806549
-24.5,-0.01881180124223591,0.2254716997142907,0.01714285714285724,-4.926058197684011,-4.890522003173828,-0.03923015491888482,-0.05646704509854317
-141.1666666666667,-0.01856708074534164,0.5378105007171996,0.04500000000000004,-6.092724864350668,-23.54388236999512,0.2789872025171798,-0.08716632425785065
-92.16666666666669,-0.02258850931677014,-0.3053347794427026,0.05142857142857149,-7.035533905932738,-16.48683929443359,0.06947083863428188,-0.11321283131837845
-90.33333333333331,0.01716459627329203,0.4202768252451108,-0.005000000000000004,5.328427124746188,0.0,0.8843444903892672,0.12579724192619324
14.33333333333331,0.02131164596273294,1.2951915826049,-0.003571428571428559,3.040440114519868,0.0,0.1980389786940858,0.09968048334121704
4.833333333333371,-0.0002231366459627404,0.6885300489760908,0.008571428571428674,-5.052284749830804,-0.3512478470802307,0.2061618273692599,-0.04453503340482712
-46.66666666666669,-0.005023291925465911,0.2866050396758908,0.03785714285714281,-5.426058197684007,-10.26905250549316,0.02113411147606448,-0.04345902055501938
-75.5,0.006812111801242193,1.742178102583395,0.04285714285714282,-10.38071187457699,-46.77706146240234,-0.2583452230539252,-0.21922455728054047
11.5,0.005843812709030116,1.118744102149194,0.0215384615384614,-1.707106781186539,-4.778675079345703,-0.2250830798135386,-0.01702500507235527
-143.1666666666666,0.02085652173913033,1.833536796798498,0.02000000000000024,-2.178511301977579,-4.472694396972656,-0.1986669191409083,-0.0027114562690258026
-71.83333333333337,0.03821538461538465,-2.484402158035991,0.01000000000000023,-2.149915822768619,-14.06048202514648,-0.0917436530737259,-0.0020641088485717773
81.0,0.0255891304347825,-0.8156781747908894,0.008461538461538076,-1.069035593728856,-14.06047821044923,-0.1961139391466714,-0.004577986896038055
74.83333333333331,0.01222976588628766,-6.290642543400594,0.01692307692307682,-2.040440114519871,-10.73542022705078,-0.1364497168501947,-0.024132248014211655
22.83333333333331,0.03107240802675593,-0.6746323474358888,0.006923076923077032,-2.304737854124355,-10.08089065551758,-0.1958983830972147,0.006110776215791702
41.16666666666669,0.04696722408026766,-0.8901434803559027,0.004615384615384022,-3.661760458079524,-12.3819694519043,-0.1879271868596734,-0.005170665681362152
-221.0000000000001,0.02030919732441461,-9.073388431622789,0.02461538461538493,-0.7357022603955059,-3.195869445800781,-0.142921461373333,0.06013267859816551
135.0,0.05781505016722421,1.4792394376326,0.008461538461538964,-2.373773447853203,-8.402374267578125,-0.168556940202191,0.06263285130262375
-115.1666666666666,-0.004035507246376691,-0.07352797456739779,0.0,-0.442809041582052,-5.963668823242216,-0.0438204019331124,-0.005551941692829132
0.0,0.0,0.0,0.0,0.0,0.0,2.10461287286634e-10,0.010145537555217743
-41.16666666666663,0.008131702898550586,-0.3384159930639896,0.0,-1.609475708248734,0.0,0.1023875454215859,-0.007801070809364319
-45.0,0.0,0.5341920979021069,0.0,0.6499158227686195,16.46311950683591,1.018423956278269e-10,0.03613772988319397
276.0,-0.09827752455014893,5.721169683216402,-0.001666666666666705,1.81658248943527,56.23748779296881,-0.0755126835393268,0.17472593486309052
-214.3333333333333,-0.0280907608695653,1.015263593676806,0.001666666666666705,0.1952621458756418,-6.672607421875,-0.1378080377818458,-0.007458534091711044
53.83333333333336,-0.06428804347826089,0.0,0.0,0.2238576250845981,4.6544189453125,-0.2288618353455589,-0.009925812482833862
2.833333333333343,0.04321865942028991,0.0,0.0,0.3451779686442435,4.596160888671818,0.3422897398937865,0.05228181183338165
-38.0,0.0,1.591880102664405,0.0,-0.5,4.654418945312614,3.843376727985515e-10,0.005141995847225189
-91.36666666666672,0.04845887681159433,0.3550216308887997,-0.00333333333333341,-2.058578643762679,10.89006042480469,0.2171518566686342,0.023007618263363838
-189.3333333333333,-0.06420923913043486,1.418753381083306,-0.001666666666666594,-4.21895141649745,-20.60687255859378,-0.02531479574956275,-0.09771311283111572
-94.0,-0.0838213768115944,2.060660132976508,-0.002500000000000058,-3.55228474983079,-20.49029541015631,-0.07632247110872004,-0.14454634487628937
-22.33333333333331,-0.07529927536231895,1.988600230436802,-0.002500000000000058,-2.678511301977572,-9.4254150390625,0.04819762682452766,-0.10077586024999619
-151.8333333333334,-0.05468097826086959,1.250141457278602,-0.007499999999999951,-0.5976310729378156,23.65267944335932,-0.05218637229354128,0.001944173127412796
0.0,0.0,0.8286342834732068,0.0,0.0,0.0,3.639124557253126e-10,0.01642206311225891
-96.5,-0.06518061594202895,1.147796587482603,-0.001666666666666705,-4.954653676892971,22.36289978027341,-0.04740233215139023,-0.05891231447458267
-18.33333333333334,-0.05802699275362311,0.0,0.0,2.649915822768605,-6.235618591308608,-0.0392542459981664,0.005948103964328766
273.6666666666666,-0.1123668478260871,1.247138858892001,0.0,1.430964406271151,4.945831298828097,-0.05223655890246293,0.03641853481531143
286.1666666666666,0.01439934437543133,3.477934557421506,0.0008333333333333526,0.6380711874577045,32.37113952636719,0.2680996907442353,0.12486375123262405
-119.1666666666667,-0.1033108695652174,3.9502139340741,0.00333333333333341,2.857022603955144,-2.105728149414091,-0.4175677344173698,-0.020861074328422546
-140.8333333333333,-0.1432581686429513,4.571293347448488,0.005833333333333357,1.20710678118656,-2.2222900390625,-0.1932331751396192,-0.07445894181728363
-56.16666666666671,0.0,2.613149860236192,0.0,0.1666666666666643,11.70599365234369,-7.684547442821099e-11,0.038823746144771576
0.0,0.05111612318840586,-0.3569290494459096,0.001666666666666705,0.0,-11.86436462402341,0.03825666146443396,0.06031860411167145
0.0,0.02443985507246371,1.163380909454702,0.001666666666666705,0.0,0.0,-0.0174972421864229,0.039278317242860794
-20.5,-0.05647264492753634,2.267367903237897,0.02916666666666667,-0.4023689270621844,-23.41972351074219,0.1767448298025806,-0.017832178622484207
-124.6666666666667,-0.02830634057971027,1.234993837274502,0.03166666666666673,-2.080880229039764,-27.20140075683588,-0.471584423860674,-0.01721663773059845
-106.1666666666667,-0.04849130434782611,2.332656671635192,0.05083333333333329,-1.873773447853196,20.4262390136719,-0.4209505671891379,-0.050639279186725616
-71.83333333333331,-0.03096322463768109,-0.5905802432588132,0.05249999999999999,1.247546895706414,58.4590148925781,0.137481645231802,0.01278790831565857
-171.8333333333333,-0.04034402173913065,-2.870924117906895,0.05249999999999999,1.333333333333336,84.51573562622067,0.1967490512747472,-0.059546343982219696
-57.83333333333331,-0.08121213768115942,-1.854535030219196,0.04833333333333323,0.4714045207910402,84.80522918701172,-0.4026987409970302,-0.06647373735904694
-272.3333333333333,-0.1014483695652175,-0.4064699732459047,0.05666666666666675,0.2642977396044941,77.43456649780276,-0.3753137118364528,-0.025291603058576584
-140.1666666666667,-0.05301902173913053,-0.6366452138362035,0.0541666666666667,0.1785113019775721,77.98632812499997,-0.1387083679970302,-0.0008519664406776428
-34.33333333333331,-0.02308442028985502,-0.6494048526252101,0.04416666666666669,-0.2357022603955343,88.03948593139646,0.01978465634358995,-0.012339014559984207
-109.6666666666667,-0.0237036231884058,-0.8763298043184022,0.04916666666666669,-1.540440114519875,104.3325424194336,-0.007510694393929318,-0.039454538375139236
-180.6666666666666,-0.03400326086956518,-0.7052792456851051,0.04916666666666669,-2.954653676892967,90.21625900268555,-0.08508943790262469,-0.08977226912975311
-89.0,-0.002100181159420234,-1.377101448159706,0.04833333333333323,0.8451779686442435,108.5626010894775,0.1787441939465151,0.01579546555876732
-79.33333333333331,-0.006875543478261026,-0.6928505683919042,0.03833333333333322,-2.080880229039771,67.07237243652347,0.07568406746594158,0.01665571704506874
-122.1666666666667,0.003099456521739041,-0.3544420870413063,0.02666666666666662,3.178511301977579,-35.10752868652338,0.227761191706833,0.08730321377515793
-142.6666666666667,0.03744076086956527,1.842378176297004,0.02583333333333337,1.804737854124376,-71.72015380859379,-0.01592282919029464,0.15354949235916138
-48.83333333333331,0.01935344202898559,1.195816315517092,0.02333333333333343,4.121320343559653,-55.8979187011719,0.03548684000481755,0.13615426421165466
-106.8333333333334,-0.001342391304347545,0.6595315509092927,0.02333333333333343,3.109475708248723,-40.07568359375,0.2312761199928631,0.06621319055557251
-26.83333333333337,0.03356539855072471,1.537194056979288,0.02333333333333343,0.6380711874576903,-58.01896667480469,-0.06156827519029462,0.07677233219146729
-68.99999999999997,-0.004332427536231753,1.519596211345899,0.03416666666666668,2.373773447853225,-92.28324890136709,0.1701777600048176,0.12129275500774384
-196.8333333333333,-0.01910398550724601,0.01646180487249183,0.03999999999999992,4.816582489435284,-57.2387161254883,0.2789512660011583,0.19288569688796997
135.5,0.04941322463768127,2.5656240369578,0.01666666666666672,-2.414213562373106,-81.8862915039062,-0.05418050429310661,0.02527075633406639
-172.8333333333333,-0.008061956521739133,0.5535208691337914,0.03000000000000003,5.592724864350672,-33.00863647460932,0.1989329331166598,0.1522851139307022
-135.6666666666666,-0.001342391304347545,1.190332467083792,0.02333333333333343,4.230796051808372,-51.66877746582031,0.2312761199928631,0.08735194802284241
81.16666666666671,0.04022626811594221,1.772197316733397,0.02083333333333348,-3.247546895706428,-64.5890808105469,-0.08105696644073879,0.00010336935520172119
-138.6666666666666,-0.02838224637681153,-0.1893435807550077,0.02916666666666679,5.092724864350668,-33.99450683593761,0.2076425133558383,0.142264261841774
-25.0,0.02153568840579723,1.413402740429405,0.02583333333333349,-1.040440114519875,-83.4915618896484,0.08499828347024152,0.0794031172990799
63.0,0.03245978260869575,-4.628717494356394,0.01416666666666677,-3.149915822768612,-84.91899871826179,-0.01534286265428808,0.004297841340303421
-139.0,-0.01268532608695638,0.5938753174121985,0.03000000000000003,5.926058197684,-38.27719116210929,0.1803689330011583,0.15432804822921753
-174.0,-0.01490018115942049,0.7363464779322868,0.02333333333333343,-0.6666666666666643,-51.1683654785156,-0.2885214919049885,0.007921375334262848
-65.49999999999997,0.009232789855072476,0.3699232012369009,0.01416666666666677,-3.276142374915395,-67.56135559082028,-0.3954138206725234,-0.04578458517789841
36.8333333333334,-0.0004838768115943415,1.270435660050495,0.01083333333333325,-3.954653676892981,-59.17552185058599,-0.3446183368012685,-0.048125896602869034
-150.1666666666667,-0.02545543478260859,0.3339659682760043,0.02083333333333326,4.759391531017354,-28.88545227050781,0.0637607663579785,0.13469567894935608
-134.6666666666666,-0.03514746376811595,2.339809787362398,0.01166666666666671,-0.8737734478532104,-56.41572570800781,-0.4787617881444308,-0.047670409083366394
-105.0,-0.01751938405797104,-1.314101679254307,0.0,-3.05228474983079,-60.8133544921875,-0.4066761334041362,-0.0651303380727768
14.83333333333337,0.06471503623188413,-5.552545438659507,0.02249999999999996,-0.5976310729378085,-86.4255599975586,0.2387519543558077,0.1563875377178192
-16.83333333333331,0.02592445652173925,0.373363677217398,0.01416666666666677,-0.7071067811865461,-87.9517211914063,-0.2076576182992121,0.05696077272295952
-18.00000000000003,-0.003061956521739351,1.6512165100294,0.01833333333333342,-4.523689270621823,-78.9705810546875,-0.5579626590229578,-0.04928183928132057
240.4999999999999,0.09744583333333323,-6.652494252399904,0.00666666666666671,-2.149915822768612,-36.296142578125,0.3857694746149619,0.28806066513061523
-91.33333333333331,0.005433695652173776,1.213284046216103,0.01166666666666671,-5.426058197684014,-63.0575256347656,-0.5825831689606616,-0.07419790327548981
-166.1666666666666,-0.01359873188405802,-0.2021509388601999,0.02083333333333326,2.787987010226299,-35.10163879394531,-0.05100960230514084,0.028252828866243362
-24.0,0.01433804347826095,0.7943114361954002,0.01166666666666671,-4.63316497887056,-56.00140380859381,-0.3616424420103854,-0.037892453372478485
-122.0,-0.01293478260869563,-0.2572867565353079,0.02083333333333326,3.080880229039749,-27.29953002929688,0.049191276592851,0.04331885650753975
204.6666666666667,0.06348351449275358,-3.902938384671913,-0.003333333333333299,-3.592724864350686,-56.41598510742182,0.1918216445546244,0.08746716380119324
-119.0,-0.006676811594202969,0.8911220645890978,0.002500000000000058,-3.414213562373092,-58.12458801269528,-0.320420697751959,-0.06693586707115173
-144.6666666666667,-0.02951322463768102,-0.371211191438988,0.0116666666666666,-0.9714045207910296,-19.49742126464841,-0.0208928685613306,-0.03761667385697365
-33.16666666666663,-0.01480380434782602,-0.8733769627201013,0.007500000000000062,-3.287987010226306,-54.5965270996094,-0.1986993208833992,-0.058907341212034225
58.0,0.03627572463768092,-0.5751932632520038,-0.005833333333333357,-8.92115198909686,-84.7724609375,-0.422881245687595,-0.2936626672744751
-113.1666666666667,-0.009736413043478276,-2.569840957250008,0.007499999999999951,-0.06903559372884871,-53.8940887451171,-0.1657703775288273,-0.0004454702138900757
112.3333333333334,0.01511014492753615,0.4352571264180938,-0.008333333333333304,-7.811676280848143,-98.34349060058591,-0.6257085960801929,-0.2406904101371765
35.5,-0.04182047101449271,-3.518309018701203,0.007499999999999951,0.861928812542299,-53.19163513183591,-0.1279571345288273,-0.007235582917928696
32.0,-0.01019456521739115,-0.1313651229735058,-0.0116666666666666,-7.518783062034682,-98.01405334472649,-0.6977180637212673,-0.257973849773407
-151.3333333333333,-0.05681539855072459,-4.360196223852199,0.002499999999999947,0.0976310729378227,-52.48920440673831,-0.1826326498308865,-0.042460933327674866
-97.33333333333337,-0.009690579710144975,-0.7776054756486985,-0.007500000000000062,-7.202200572599391,-97.68460845947261,-0.6629584921261856,-0.22605903446674347
228.3333333333334,0.08439710144927548,2.814424041947191,0.01333333333333331,0.6666666666666501,-53.34285736083982,0.391412600404338,0.23531733453273773
118.0,0.03923786231884063,-6.559033564016204,0.00666666666666671,1.678511301977586,-66.1601257324219,-0.05188682371075121,0.11437472701072693
5.333333333333314,0.04058641304347821,0.4355114697259097,-0.002499999999999947,-2.218951416497461,-11.74951171875,-0.1362846841502655,-0.005806468427181244
9.833333333333314,0.0168266304347825,-4.315815402382611,0.01083333333333347,-2.080880229039757,-59.1444091796875,-0.3531259859449743,0.0005644746124744415
35.16666666666663,-0.002484420289854961,0.5509887409949954,0.01500000000000001,-2.678511301977576,-54.97819519042969,-0.1544859718460553,-0.046190738677978516
141.0,0.03876576086956518,0.2098334326260982,0.003333333333333299,-6.535533905932738,-72.14300537109372,-0.5122909716620974,-0.09311830997467041
12.66666666666669,0.001946557971014506,-0.5752744237563974,0.01333333333333331,0.5976310729378191,-56.3330993652344,-0.1235087508460553,0.013382639735937119
203.8333333333333,0.03661811594202879,2.045121047737993,0.005833333333333246,-7.202200572599402,-87.42533874511722,-0.4769597940896749,-0.13129863142967224
54.0,-0.004620833333333407,-1.391493151062605,0.01249999999999996,4.828427124746192,-57.68800354003909,-0.07532802684864712,0.1450042724609375
305.1666666666667,0.1150121376811595,-4.047469830474597,-0.01999999999999991,-2.621320343559653,-30.92977905273438,0.1138147656150332,0.16710883378982544
166.1666666666666,0.000309057971014437,-1.827762382771496,0.01083333333333336,5.592724864350672,-49.39445495605469,-0.0867067061615378,0.10157571732997894
84.5,0.03860978260869574,1.611083809744102,0.0,-7.909307353785941,-92.82102966308591,-0.5211705230896749,-0.29623281955718994
39.5,0.001355253623188446,-2.5552977001703,0.01083333333333336,1.942809041582048,-50.74935913085938,-0.0331121883176034,0.024388983845710754
70.5,0.008278985507246484,-0.4912363489547005,-0.002500000000000058,-5.995093791412863,-94.5489273071289,-0.443302196316993,-0.08761060237884521
23.5,-0.02848134057971019,-3.023215630910897,0.00666666666666671,2.28798701022631,-52.10427093505861,0.004804995265752732,0.015692468732595444
-9.666666666666686,-0.04176413043478255,-2.2490543843642,-0.001666666666666594,0.06903559372885582,-90.669174194336,-0.2601540864486892,0.0061596594750881195
-168.8333333333333,-0.05198514492753625,-3.655999708457898,-0.00333333333333341,2.264297739604491,-88.72930145263669,-0.0028441141238707,0.0605011060833931
-165.0,-0.06210905797101429,-4.365589995054805,-0.0008333333333334636,4.247546895706432,-86.7894210815429,-0.06113294889077278,0.1309167742729187
6.333333333333314,-0.06405887681159406,-4.209942280015099,0.0008333333333333526,1.747546895706421,-84.84954833984379,-0.1289168529793039,0.06501822918653488
-118.0,-0.05313242753623204,-3.945577023098394,0.0008333333333333526,-1.580880229039771,-82.90966796874999,-0.0441807122598343,-0.05880522355437279
175.6666666666666,0.09471195652173903,-6.459911761076512,0.002500000000000058,-0.3619288125423097,-48.02601623535162,0.2486105555591427,0.2750248610973358
337.1666666666666,0.1045021739130434,-7.593561812568197,0.004166666666666763,-2.178511301977579,-49.42395019531239,0.1724852763988404,0.34627142548561096
54.16666666666669,0.05131539855072464,0.9124683165128005,-0.003333333333333299,-3.954653676892981,3.47802734375,-0.3129040944502773,0.0469813346862793
256.8333333333333,0.1109844202898553,-3.742591415933504,-0.01083333333333325,-6.064129385141701,-10.85285949707028,0.05928946664034429,0.13397757709026337
78.66666666666669,0.02992318840579733,2.697521219726809,0.001666666666666705,-9.85211639536801,-88.9508972167969,-0.4336836772584055,-0.30892321467399597
92.16666666666669,0.0211697463768119,2.379721753814692,0.004166666666666763,-11.22588984322121,-88.22621154785162,-0.4826153094934319,-0.27392828464508057
170.0,0.1168355072463769,-5.136969301742809,-0.01249999999999996,-6.966498312203878,-34.25259399414068,0.0952616935578188,0.026895560324192047
174.1666666666667,0.01506394927536236,1.426152186797907,-0.001666666666666705,-7.575974020452612,-92.0114440917969,-0.5554163656031583,-0.2336469441652298
239.6666666666667,0.1690597826086958,-5.57620906230909,-0.0149999999999999,-3.718951416497461,-48.63243103027341,0.2532211383632889,0.23764391243457794
32.5,-0.002721014492753748,0.3641184756076115,0.0,-0.6785113019775864,-91.28674316406251,-0.3987740717109546,0.0183725468814373
-80.16666666666663,-0.01256304347826065,-1.098592962858007,-0.0008333333333333526,2.983249156101959,-90.5620346069335,0.0814090874861794,0.12143724411725998
-37.16666666666663,-0.0555840579710144,-2.713882467892702,0.001666666666666705,3.47140452079104,-94.3472824096679,0.03642929757264679,0.15053607523441315
-94.83333333333331,-0.05279474637681181,-3.732838580919392,0.001666666666666705,4.995093791412849,-93.6225891113281,0.002080891598921691,0.18378008902072906
-69.0,-0.06218496376811611,-4.467346195726307,0.0008333333333332416,1.914213562373089,-92.17317962646489,0.003624595598921698,0.04640999436378479
-56.0,-0.01485579710144902,-0.2628278259892909,-0.01833333333333342,-10.9901875828257,-151.0820922851562,-0.5014118322709984,-0.34062111377716064
-31.1666666666666,-0.03838931159420289,0.4008788345533958,-0.01500000000000001,-8.9783429475148,-150.7303924560547,-0.3565576846261867,-0.3636392056941986
-126.5,-0.04853659420289835,0.3137651434126951,-0.01500000000000001,-4.885618083164118,-150.378677368164,-0.1835483665837495,-0.07008489221334457
234.6666666666667,0.09198623188405775,1.116200369068608,-0.00666666666666671,-6.702200572599398,2.990554809570284,0.06105440804192133,0.134599506855011
300.0,0.1172556159420288,-0.7906266662425026,-0.003333333333333299,-5.495093791412852,1.668395996093778,0.1184084154862385,0.21857015788555145
305.1666666666667,0.100896376811594,-4.289065602743293,-0.002499999999999947,-4.495093791412852,0.3462219238280966,0.0395607189180171,0.2799958288669586
204.6666666666667,0.04568768115942035,-4.557223990650797,-0.005000000000000004,-4.523689270621816,-19.83468627929682,-0.3953915929351954,0.017048779875040054
-54.0,0.06223550724637705,-3.995973526375707,-0.01000000000000001,-6.63316497887056,-35.03338623046869,-0.1475501549858376,-0.04785849153995514
1.333333333333314,0.07093405797101449,-1.266940127478691,-0.00666666666666671,-8.437902832994908,-50.23208618164068,-0.1472779819858376,-0.16290168464183807
-58.83333333333331,-0.01853007246376814,0.3773279671577967,0.004166666666666652,-3.885618083164118,-90.26353454589841,0.0731584092022372,-0.05111674591898918
-146.0,-0.0185009057971014,-1.148108369416605,0.002500000000000058,3.149915822768609,-85.8923416137695,0.0476785802022372,0.14399880170822144
45.5,-0.02572155797101439,-2.023269887316403,0.001666666666666705,2.954653676892974,-91.73493957519531,0.03783952567077439,0.09537224471569061
57.6666666666666,0.007076992753623168,-6.145847409095794,-0.01250000000000007,-5.466498312203893,-121.731086730957,-0.396428545495671,-0.10406222939491272
-18.33333333333331,-0.04673097826086958,-2.619298780415093,0.001666666666666705,2.914213562373103,-97.5775299072266,0.1064896401240087,0.09833836555480957
61.33333333333331,-0.0501838768115942,-3.03110848837909,0.004166666666666652,-0.9428090415820733,-98.06800842285159,0.06393380867140488,-0.0336991511285305
238.0,-0.03308061594202893,-1.363249410665603,-0.01416666666666677,-7.547378541243642,-141.3265151977538,-0.2856857422274285,-0.2719595432281494
12.83333333333331,-0.03308061594202893,-0.3376848811564912,-0.01000000000000001,-5.828427124746188,-142.1899719238281,-0.2856857422274285,-0.10051311552524567
-67.66666666666669,-0.040375543478261,-1.227824276770306,-0.01000000000000001,-5.271236166328258,-143.0534515380859,-0.03357248489008252,-0.10115143656730652
239.3333333333333,0.1015202898550726,-13.4453296807698,-0.02416666666666667,-7.092724864350668,-118.0256271362304,0.325214506190546,0.0012461431324481964
119.0,0.06535905797101449,-1.125893551984703,-0.01500000000000001,-7.714045207910317,27.95392608642581,-0.0885993762709471,-0.1291719675064087
154.8333333333333,0.08428985507246389,0.292729949644098,-0.01500000000000001,-6.926058197684007,16.8609619140625,0.03930482338396499,0.04108147695660591
139.8333333333333,0.1092489130434783,-0.03566686872889591,-0.01416666666666677,-6.771236166328258,6.01318359375,0.1573771537343928,0.033427998423576355
215.5,0.1248552536231885,-1.075033590068003,-0.01333333333333353,-6.173605093390432,-10.00437927246088,0.1598998628471865,0.07687399536371231
350.1666666666667,0.1322565217391305,-1.90167333953039,-0.01250000000000007,-6.909307353785962,-26.0219268798829,0.2071289518471865,0.07116404175758362
68.33333333333337,0.0435913043478261,-1.439763432040493,-0.01416666666666655,-9.587818655763524,-42.03947448730472,-0.3440186353622104,-0.28928351402282715
233.6666666666667,0.06674456521739103,-0.2840823754019937,-0.01500000000000001,-9.754485322430199,-58.05702209472659,0.0752522356434151,-0.22096134722232819
44.33333333333331,-0.02415489130434778,-1.701292968483898,-0.009999999999999898,-3.023689270621809,-123.5009384155273,-0.1170568295693987,-0.061096176505088806
-21.5,-0.03532500000000005,0.4519742695413953,-0.007499999999999951,1.149915822768598,-125.5795669555665,0.02689762287306741,0.1001279205083847
19.33333333333337,0.08570090579710143,-0.6457259265347943,-0.02833333333333343,-5.023689270621823,-47.2258224487305,0.03977321226630182,0.008506488054990768
-17.16666666666663,0.04965018115942033,-0.4304971551776902,-0.02833333333333343,-4.592724864350664,-63.22005462646487,-0.1809273856165725,-0.06526879221200943
15.83333333333331,0.0110675724637681,-0.3400213735417026,-0.02833333333333343,-5.190355937288501,-79.21429443359372,-0.3788287568634401,-0.08417738974094391
-20.66666666666663,0.01302336956521744,-0.3687572997375099,-0.02833333333333321,-6.035533905932731,-105.0084838867188,-0.284741175619163,-0.11070160567760468
-10.33333333333331,0.008787862318840656,-12.2700626666611,-0.01916666666666678,-8.047378541243653,-184.9796714782715,-0.3205275757121496,-0.39280441403388977
-66.83333333333331,-0.01200398550724613,-1.500768368151,-0.02083333333333326,-8.311676280848125,-199.255599975586,-0.3500405791295415,-0.3907986283302307
-150.5,-0.004384963768115702,0.1220133551425988,-0.01583333333333325,-2.05228474983079,-192.0416679382324,0.04752776023686331,-0.10518530756235123
-74.5,-0.01128913043478252,-2.01090217279561,-0.02166666666666672,-9.283080801639152,25.91699218749999,-0.5034748918843228,-0.28185170888900757
-99.66666666666669,0.002448550724637566,-0.8767376200973018,-0.02083333333333326,-9.145009614181468,24.69972991943361,-0.4641249114971678,-0.2939981520175934
9.5,0.001834057971014547,-0.366416548216705,-0.01500000000000001,-8.673605093390428,23.48246765136719,-0.4242767031590154,-0.2827266454696655
1.0,0.04345597826086922,0.3125352856426105,-0.01416666666666677,-8.24264068711928,12.12126159667969,-0.2021089404629723,-0.21393997967243195
288.8333333333333,0.06856938405797086,-1.759773067317397,-0.03333333333333321,-9.087818655763527,50.26000213623047,-0.003461860875351552,-0.1063762754201889
-66.66666666666669,0.03196449275362334,-2.023844480800705,-0.03333333333333344,-7.799831645537232,33.446907043457,-0.1212720295866161,-0.16675293445587158
-183.1666666666667,0.00665307971014506,-1.236065415214995,-0.03083333333333327,-8.340271760057103,16.6338195800781,-0.4057725013876525,-0.2865791618824005
-32.33333333333331,0.002089855072463731,-0.3891258112980012,-0.02666666666666673,-8.811676280848133,-0.1792831420897869,-0.4366942852337661,-0.3162563145160675
-69.0,-0.006215036231884241,-0.0709998189154959,-0.03083333333333338,-6.345177968644236,-16.99237823486328,-0.4889340271125912,-0.14509573578834534
-59.83333333333331,0.004256521739130381,-0.4384092611549022,-0.03333333333333333,-5.564129385141701,-36.5456466674805,-0.3958412740416949,-0.10050038993358612
-15.83333333333331,0.0200900362318841,-0.4732441930012072,-0.02833333333333343,-4.454653676892978,-53.35874176025391,-0.2815469513534863,-0.0479169525206089
-44.66666666666669,0.02300670289855067,-0.3402853404318904,-0.02833333333333343,-4.483249156101948,-70.1718292236328,-0.2537399630098799,-0.0816962718963623
-9.833333333333314,0.01167989130434766,0.1843809677589974,-0.02666666666666662,-4.730796051808376,-86.98493194580075,-0.192865668008876,-0.07691366970539093
124.8333333333333,0.05470869565217373,-12.11608300201361,-0.01833333333333342,-5.511844635310911,-195.972110748291,-0.07431442133271818,0.009532596915960312
92.5,0.04085706521739119,8.057875253323587,-0.03416666666666657,-7.811676280848129,72.89929199218753,-0.2427788533841404,-0.11082735657691956
226.5,0.04085706521739119,1.692770627329892,-0.03166666666666662,-8.075974020452609,72.15873718261716,-0.2427788533841404,-0.15995797514915466
-103.1666666666667,0.01716938405797097,-0.5540348421799024,-0.02750000000000008,-7.926058197684014,60.70833587646484,-0.1299666007950964,-0.2674505412578583
-12.33333333333331,-0.01440996376811587,-1.247205351133204,-0.02666666666666651,-8.645009614181458,34.12491607666011,-0.572648330179619,-0.27323752641677856
-33.16666666666663,0.04097536231884047,-2.215983699576,-0.01249999999999996,-0.7357022603955201,-149.2496109008789,-0.1846135682110619,0.11013700813055038
-5.0,0.03746014492753635,-0.1481939118037872,-0.008333333333333415,3.218951416497461,-153.7586135864258,-0.0740305120558416,0.2970297932624817
-44.0,0.02128278985507248,0.4924507829111064,-0.02749999999999997,-3.414213562373092,-75.66609954833982,-0.01281392131409037,-0.04937860742211342
-2.666666666666686,0.005705615942028897,-0.3610481806685044,-0.02499999999999991,-5.466498312203885,-111.6019134521484,-0.1722607201954411,-0.08664681762456894
-88.33333333333331,-0.01412282608695614,5.439150376648698,-0.01500000000000001,-4.523689270621823,25.12419128417969,-0.6113263846459481,0.009456969797611237
-106.5,0.007770471014492908,0.9147388040539965,-0.01500000000000001,-4.828427124746177,13.19125366210938,-0.4525928113188656,-0.05740759149193764
5.333333333333371,0.02474945652173921,1.020061378356104,-0.01000000000000001,-5.426058197684011,-4.752319335937614,-0.05412216431409037,-0.05880654603242874
148.8333333333333,0.08693224637681163,-5.066064692395287,-0.01416666666666655,-3.552284749830797,-199.8123664855957,0.0886065956829277,0.1694529503583908
-8.5,0.08092119565217393,-1.2633234335308,-0.01416666666666655,-1.983249156101941,-202.5493125915528,0.2436320994148306,0.11337356269359589
-187.3333333333334,-0.08053423913043467,7.857657760017801,-0.04000000000000004,-6.173605093390435,84.79006958007812,-0.6333172985079227,-0.09378381073474884
131.6666666666667,0.01398061594202904,-1.180119677393208,-0.04083333333333328,-6.506938426723757,41.38628387451172,2.287508163223428e-06,-0.09979286044836044
-197.3333333333333,-0.07244239130434771,13.11849010303061,-0.04250000000000009,-8.133164978870553,88.30054473876953,-0.6419770545079228,-0.27782219648361206
216.1666666666667,-0.007359782608695631,1.271190169084193,-0.03666666666666674,-8.006938426723778,66.43777465820307,-0.351905049768176,-0.22388948500156403
-45.5,-0.03728913043478244,-1.006289243356093,-0.02916666666666656,-7.564129385141701,40.67460632324213,-0.6006952778644674,-0.2254895716905594
-133.3333333333333,-0.02475398550724617,-0.09293744424100225,-0.02333333333333321,-4.954653676892967,14.91145324707031,-0.2428908716506208,-0.06721283495426178
-172.0,-0.02903731884057958,0.7416912472141064,-0.02500000000000002,-3.316582489435277,-2.026756286621094,-0.1241706976506208,-0.08905727416276932
-50.33333333333337,-0.0541583333333332,1.44746314775999,-0.05249999999999999,-9.283080801639159,81.62150573730474,-0.7817810598614925,-0.3579437732696533
-1.166666666666686,-0.01854655797101445,0.842183850377296,-0.01999999999999991,-2.759391531017346,-1.771392822265597,-0.2995064609845587,-0.05948273465037346
-78.83333333333331,-0.009993115942029007,1.827444892794503,-0.01583333333333325,-0.7071067811865461,-27.056640625,-0.07317822669606752,-0.032761212438344955
-54.66666666666663,-0.009699275362318738,2.413318949355798,-0.01916666666666655,-2.178511301977579,-43.51693725585942,0.0206538917374342,-0.06320184469223022
-3.833333333333371,0.008698550724637766,1.580165496645208,-0.0149999999999999,-2.385618083164132,-44.21739959716801,-0.2164183491286505,-0.05384761840105057
42.33333333333331,-0.02249130434782609,9.289831949121506,-0.0458333333333335,-8.811676280848143,39.62346267700195,-0.3295167338614925,-0.17997688055038452
-139.5,0.01170507246376828,4.616228069852099,-0.04250000000000009,-7.673605093390442,40.66736221313479,-0.0391710465079228,-0.1749269664287567
-168.8333333333333,0.01170507246376828,2.963971255105193,-0.04749999999999999,-5.966498312203875,38.46604156494142,-0.0391710465079228,-0.026925045996904373
-36.0,0.03407481884057983,0.448891079413599,-0.03833333333333333,-6.966498312203885,34.51310729980469,0.04055278750816321,-0.05821710452437401
-157.6666666666667,-0.001524275362318694,-0.3672503735237029,-0.03583333333333327,-8.50693842672376,30.56016540527342,-0.4338278078644675,-0.29549190402030945
4.833333333333314,0.0149244565217389,3.113753256129797,-0.01000000000000001,-1.373773447853207,-44.82657623291018,0.2173438967374342,-0.019566137343645096
-68.16666666666669,0.03074003623188404,1.624583968326093,-0.01666666666666672,-5.437902832994929,-46.1193008422851,0.06520962487134951,-0.05896730720996857
215.1666666666667,0.07875036231884058,-9.207972176799913,-0.005833333333333468,-5.287987010226303,-121.287109375,0.2311875705636886,0.11053360998630524
56.16666666666669,0.03013278985507251,1.935934002887009,-0.01500000000000001,-5.747546895706428,-47.41201782226558,-0.1999974925667232,-0.06788838654756546
-93.33333333333331,-0.005301811594203065,4.633364410732696,-0.05000000000000004,-9.645009614181461,36.70765686035157,-0.3762193052199513,-0.2523772120475769
31.0,0.004006521739130187,2.862596595690405,-0.05249999999999999,-8.437902832994908,36.06721496582032,-0.3529061559677211,-0.23348869383335114
115.3333333333333,0.0400242753623189,2.031707496654292,-0.05333333333333323,-7.173605093390428,35.42677688598633,-0.08407813107058248,-0.16597965359687805
321.1666666666667,0.07673043478260855,1.476510183515501,-0.05166666666666675,-5.16176045807952,34.78633499145508,0.1605335821286068,0.17052589356899261
-151.3333333333333,0.04764311594202886,0.5436818775120997,-0.04999999999999993,-5.66176045807952,22.60317993164062,-0.1066426796315001,-0.020654994994401932
-150.5,0.007491123188405724,-0.009887559416299041,-0.04583333333333328,-6.397462718475037,16.96589660644533,-0.4404708040217226,-0.11274512857198715
-209.1666666666667,-0.04624873188405809,5.135680595566001,-0.02166666666666661,-4.592724864350672,-15.51646423339844,-0.2902502206165011,-0.126555398106575
-92.16666666666669,-0.003806521739130209,0.2244766801050986,-0.01749999999999996,-2.218951416497447,-23.8139572143555,-0.1109828350697655,-0.0707487091422081
-54.83333333333337,0.02352971014492777,-0.6087799080764995,-0.01999999999999991,-3.121320343559638,-30.29340362548828,0.09489016330690131,-0.0461762435734272
368.6666666666666,0.09899746376811591,-2.08644000666159,-0.01583333333333325,-4.966498312203882,-109.6322326660156,0.1104775587399959,0.12948207557201385
-257.1666666666667,-0.02023605072463774,4.426179853307303,-0.0491666666666668,-2.345177968644251,43.01505661010742,-0.251677340017214,0.032891690731048584
-93.66666666666669,-0.01161992753623187,4.186618214298605,-0.0541666666666667,-4.02368927062183,40.90009307861328,-0.08564175695247489,0.006745021790266037
-47.66666666666669,-0.01837952898550732,1.722884351389396,-0.05999999999999994,-4.747546895706428,37.80924606323242,-0.04817465213244126,-0.01882544904947281
-16.16666666666669,-0.0197108695652175,1.22117540295001,-0.01750000000000007,-0.9023689270621773,-66.91182708740232,0.1482178546228328,-0.036081667989492416
83.5,0.007197826086956405,1.351321095670599,-0.02249999999999996,-3.55228474983079,-74.23345184326172,-0.00943773014892596,-0.07148254662752151
66.0,0.01438731884057987,1.909982102661701,-0.02083333333333326,-4.5522847498308,-81.5550537109375,-0.01479839231404756,-0.0735173225402832
-146.1666666666667,-0.0008643115942029711,2.07689920029479,-0.06916666666666671,-6.799831645537232,32.4402198791504,-0.1685853481958858,-0.080066978931427
21.5,0.02689782608695657,3.658858625341807,-0.04416666666666669,-1.609475708248731,16.59608840942383,-0.1205230367848608,0.04871871694922447
-67.66666666666669,-0.001674094202898324,3.019823011991107,-0.03083333333333327,-2.011844635310915,-6.580337524414062,-0.03652780427613289,-0.0487513393163681
-83.33333333333331,-0.01803478260869573,0.8163737166522935,-0.03000000000000003,0.02859547920896688,-14.35037994384766,0.2707412618837238,-0.020284976810216904
-35.5,0.02545126811594212,2.770626968039792,-0.01583333333333325,-3.052284749830811,-95.23276519775396,0.2281291390618588,-0.048436880111694336
-47.66666666666663,-0.01753405797101459,0.0005516506814871036,-0.03249999999999997,1.373773447853203,-29.6230545043945,0.3172796652732297,-0.015890825539827347
292.3333333333333,0.09117246376811605,3.129995045405693,-0.02583333333333326,-3.05228474983079,-103.262840270996,0.3598441785565352,0.09840667247772217
202.6666666666667,0.0993063405797101,2.954390106262593,-0.02666666666666673,-3.149915822768619,-111.426628112793,0.3556811619931134,0.06020181626081467
-72.33333333333331,-0.01354039855072453,0.1175974994850009,-0.03416666666666668,-2.678511301977583,-36.9919738769531,-0.1139915768872435,-0.07520714402198792
-192.8333333333333,-0.00700579710144944,-0.3766871100654896,-0.03416666666666668,-1.02859547920897,-47.05721282958983,-0.09003368840803622,-0.04880398511886597
-52.0,-0.002981521739130355,0.3135084226494058,-0.02749999999999997,-1.264297739604487,-58.63934326171875,-0.0543586717309838,-0.061099305748939514
-98.16666666666669,-0.0001782608695651833,3.038248787909097,-0.05166666666666675,-2.247546895706421,44.96173095703124,0.03494752037704407,0.007558196783065796
-42.83333333333331,0.01324855072463771,2.944329090394902,-0.05833333333333335,-3.759391531017343,38.49120330810547,0.06606093884604847,0.006175156682729721
-74.16666666666663,0.01727862318840589,2.092283416907804,-0.0625,-3.011844635310915,35.61016845703125,-0.0342489449987235,0.006248001009225845
-11.16666666666669,0.02072318840579723,1.824848517818694,-0.02416666666666667,-0.4023689270621915,-64.26539611816403,0.1863168684983353,-0.006804279983043671
70.83333333333331,0.02574438405797108,2.066020381085892,-0.02583333333333326,-0.3333333333333357,-72.74388885498047,0.1261271976357459,0.01646731048822403
-12.83333333333331,0.04706032608695654,2.047727696763999,-0.08083333333333331,-4.426058197684014,27.72271728515624,0.04945671537318136,-0.004109732806682587
100.1666666666667,0.02831358695652197,2.034381167247403,-0.02916666666666679,-4.730796051808376,-81.93086242675778,-0.1188634066263427,-0.0654119998216629
49.83333333333337,0.07853442028985524,1.800992429275595,-0.02583333333333326,-4.483249156101948,-98.17941284179688,0.03813803233138968,0.00819297507405281
235.0,0.1314054347826088,1.6451954307188,-0.02666666666666673,-3.454653676892967,-106.6579284667968,0.00245620204026431,0.11950864642858505
-153.3333333333334,-0.02539800724637686,-0.2962734499398039,-0.05833333333333324,-7.064129385141701,11.70784759521484,-0.3636472285154942,-0.10754066705703735
-106.6666666666667,-0.03107608695652198,-0.4107427550975018,-0.05583333333333329,-8.283080801639159,-6.111518859863281,-0.5070460400297747,-0.29714271426200867
-181.6666666666667,-0.01388786231884076,7.018617935121995,-0.01833333333333331,-4.78798701022631,-8.532394409179688,-0.1206105443027231,-0.0762738436460495
-149.3333333333333,0.002115036231884138,3.513408970180095,-0.02166666666666672,-1.97140452079104,-17.32562255859375,0.2248139320325038,-0.05996788665652275
17.83333333333331,0.009409057971014656,1.621696249183302,-0.01416666666666666,-1.37377344785321,-26.11885833740239,0.1762806953007188,-0.053414084017276764
21.66666666666669,0.01919565217391284,1.920196239575901,-0.02083333333333348,0.3047378541243688,-34.91207885742186,0.349441011014699,0.00020671263337135315
2.666666666666629,0.02886920289855077,1.867880680864403,-0.02166666666666661,1.833333333333314,-42.15467071533206,0.3590001013351802,0.03505752980709076
-64.5,0.03573623188405795,1.824848517818694,-0.02583333333333326,1.999999999999986,-58.19050598144537,0.2644016305519218,0.03891899809241295
31.5,0.03403858695652184,2.066020381085892,-0.03249999999999997,0.471404520791026,-66.98371887207034,0.173133352136252,0.020958855748176575
-22.16666666666669,0.01638115942028995,1.976235243174997,-0.03166666666666673,-2.414213562373092,-75.77695465087893,-0.04327090914333698,-0.02397562563419342
77.0,0.01216014492753636,1.800992429275595,-0.03000000000000003,-2.942809041582059,-84.57019042968756,-0.1043778751685182,-0.04263061657547951
329.8333333333333,0.05031721014492752,2.097147047961201,-0.02583333333333326,-4.064129385141708,-93.36340332031253,-0.0281452538199429,-0.020707357674837112
26.5,0.009605253623188426,0.4259943392350038,-0.07166666666666677,-7.34027176005711,16.00870513916016,-0.1827741300358189,-0.15987679362297058
-320.0,-0.02666829710144913,4.94025350185909,-0.03916666666666657,-3.690355937288487,53.66718482971191,-0.1705915978688025,0.01874130219221115
-327.9999999999999,-0.01949528985507243,3.278624721390898,-0.04333333333333333,-4.995093791412856,48.6031608581543,-0.2285992674046208,-0.015783432871103287
-376.8333333333334,-0.003666304347826221,2.404455983504405,-0.04916666666666669,-5.857022603955144,43.53914260864258,-0.1555379768547727,-0.04037079960107803
-214.0000000000001,0.01141793478260877,2.079112982020504,-0.05833333333333346,-4.857022603955144,38.47511672973632,0.1045382593530871,-0.017220843583345413
-218.1666666666666,0.03148206521739139,2.659640706257406,-0.06416666666666682,-3.995093791412856,33.41109848022461,0.2883458387432297,0.03584124520421028
92.16666666666671,0.05548804347826086,2.878350676954099,-0.06583333333333341,-3.718951416497461,25.39744567871094,0.4386150451065394,0.05687020346522331
-70.33333333333331,-0.008612499999999912,1.125639858603208,-0.06083333333333329,-1.70710678118656,15.03585052490234,0.07138812341385148,-0.013297926634550095
-33.0,-0.01977663043478239,0.5594700042368004,-0.06166666666666654,-0.9428090415820591,5.927898406982422,-0.09970710247639147,-0.010142955929040909
-219.8333333333333,-0.03908514492753634,-0.1065935451242979,-0.05333333333333323,-3.023689270621823,-3.180046081542969,-0.1662538494964865,-0.08193716406822205
-57.66666666666663,-0.03246032608695648,-0.2724630064050899,-0.04833333333333323,-3.609475708248752,-12.2879981994629,-0.2153610461791931,-0.07876913249492645
-18.16666666666669,-0.004118297101449286,0.9910012922425011,-0.01749999999999996,-3.368867239266081,-2.313285827636719,-0.0333602201791931,-0.06507696211338043
61.16666666666663,-0.003069565217391212,0.4538401912375889,-0.008333333333333193,-0.5,-15.80335235595703,-0.06355874105684878,-0.025350745767354965
39.16666666666663,0.01747373188405787,0.6813654102565891,-0.01249999999999996,-2.414213562373092,-26.59564208984374,-0.0435788210935647,-0.031048014760017395
12.66666666666663,0.01930344202898537,0.2874241474169992,-0.02583333333333326,-1.12622655214679,-91.09746932983396,-0.2263418979931695,-0.004851482808589935
-78.19999999999999,-0.05911640316205513,-5.155793362248062,-0.1336363636363638,4.745584412271562,-98.4819793701172,0.09886680558747529,0.2327573448419571
-73.39999999999998,0.03420731225296447,-1.181119130738807,0.02090909090909088,2.497056274847701,-162.9235172271729,0.2968117396210944,0.22292344272136688
-208.1666666666666,-0.05146263586956523,-1.567746340909096,0.09187499999999993,-8.673605093390442,142.1726531982422,-0.5045343949907756,-0.3215782046318054
-9.166666666666714,0.02868383152173914,1.948727277158824,0.09125000000000005,-2.707106781186543,118.4819774627686,-0.1459350701533853,-0.00019459053874015808
-51.8333333333333,0.04373749999999998,-18.72067307181868,-0.003750000000000031,2.357022603955148,-49.93268585205078,0.0137015977282936,0.043135516345500946
-35.50000000000003,-0.008587500000000081,6.765530758046495,-0.008124999999999938,-2.926058197684007,131.394458770752,-0.2759163266372218,-0.055287234485149384
187.0,0.01047010869565224,5.185698519896491,-0.02937500000000015,-0.4881553646890779,128.9537010192871,-0.3016646116126269,0.024591192603111267
-255.1666666666667,-0.05076888586956529,0.06025511163959152,-0.003750000000000031,-0.6666666666666572,3.508659362792969,0.04947569802131813,-0.01933308318257332
-298.5,-0.05523152173913048,-2.756092149911026,0.001249999999999973,-1.47140452079104,7.017311096191406,0.1144651355070134,-0.021140843629837036
-306.8333333333334,-0.03142146739130425,-4.051952316544302,0.0,2.730796051808362,-7.71044921875,0.2338567870226886,0.023729050531983376
-56.0,0.007912092391304415,-1.13922449186731,0.003125000000000044,3.414213562373085,-4.201789855957031,0.05348755558969753,0.07412205636501312
-131.0,0.01501929347826081,-1.662285058397899,-0.003125000000000044,5.340271760057092,-4.207771301269531,0.4093765074206624,0.1271267980337143
-16.83333333333333,-0.02112146739130427,-1.486090765564811,-0.0006249999999999867,-0.4023689270621915,3.878746032714844,-0.03226529570459025,-0.0007487647235393524
-78.0,-0.05899252717391312,-2.176367547429408,-0.005000000000000004,-0.235702260395513,14.54029083251953,0.09181344073559905,0.00530928373336792
-67.16666666666669,-0.04507567934782619,-2.176575433447823,-0.01000000000000001,-2.45465367689296,14.91037750244141,0.00820050802131811,-0.028628911823034286
98.50000000000003,-0.01670366847826088,-4.268293975032506,0.002500000000000058,4.609475708248745,-7.163726806640625,0.4551526573378465,0.11000870168209076
-152.6666666666667,-0.03628614130434771,-0.9422955046742061,0.00374999999999992,4.39746271847503,-12.42873382568359,0.05600625397688108,0.10983826965093613
-331.6666666666667,-0.04702853260869555,0.5333432158126072,0.007499999999999951,-0.3856180831641112,-17.30286407470699,0.2594557631411624,-0.03374256193637848
156.5,-0.00815747282608692,0.4298913772301063,0.003750000000000031,0.6785113019775864,-12.43099975585929,0.2028134088423205,0.010481532663106918
127.0,0.00509633152173905,1.194057154546201,0.008750000000000036,-0.6094757082487199,-14.01560974121099,0.2125412975276515,-0.016662627458572388
-20.0,-0.03964361413043493,-1.013005747250702,0.0,-0.5690355937288487,0.0,-0.01661866602614792,-0.02314848080277443
-62.00000000000004,-0.0674389945652174,-2.997496586993563,-0.004375000000000018,-1.304737854124369,11.40171813964844,0.0003076601053186856,-0.009993668645620346
177.8333333333333,-0.003818885869565247,-3.764021164632567,-0.001249999999999973,-1.276142374915388,16.99534606933594,-0.1313303656930283,0.007890991866588593
-168.0,-0.03639184782608695,-3.0725961603721,-0.01000000000000001,-2.121320343559645,26.31210327148438,-0.04254749544736447,-0.016690239310264587
-223.6666666666667,-0.03733641304347834,-1.881973962827502,0.01312500000000005,4.707106781186546,-22.40956878662114,0.227658112378455,0.11573205888271332
-171.6666666666667,-0.008266440217391424,-0.5034529100556,0.010625,2.73570226039552,-26.0634002685547,0.1102216323996076,0.031643182039260864
-35.00000000000001,-0.03969239130434776,0.9555588568257036,0.006249999999999978,0.776142374915402,-17.11053466796869,0.1347855840618115,-0.026644498109817505
96.0,0.01506644021739134,0.8524376182290041,0.01437500000000003,-0.8905242917512837,-22.96702575683591,-0.1921115139028842,-0.005286697298288345
220.8333333333333,0.0364112771739129,0.8410233291264007,0.01000000000000001,-3.052284749830783,-21.85417175292969,0.02941147539960759,-0.020838472992181778
46.66666666666664,-0.04816521739130419,0.268082123774505,0.0,-0.6666666666666714,4.618919372558594,-0.05894579538896949,-0.021596651524305344
-141.3333333333333,-0.09968396739130414,-1.8958602720584,-0.007500000000000062,-1.333333333333336,16.02064514160156,-0.3341911558737132,-0.055233441293239594
-49.16666666666669,-0.06637173913043481,-3.276498363370862,-0.01375000000000004,-1.471404520791033,18.92469024658203,-0.1532305628946813,-0.019099093973636627
-89.16666666666671,-0.03505054347826086,-2.717753754349673,0.00187499999999996,-1.069035593728863,20.93074798583984,-0.1208583840721478,-0.013783115893602371
-259.0,-0.05663084239130445,-5.838482752556487,0.01437500000000003,2.833333333333329,-33.51523590087891,0.04933591431310658,-0.013360682874917984
-283.3333333333333,-0.03415611413043473,-3.233288680425602,0.01437500000000003,-1.580880229039764,-27.6552429199219,-0.0104927998413335,-0.0406683012843132
-27.3333333333333,0.008409374999999941,1.658206509760092,0.01437500000000003,0.1094757082487305,-25.81068420410159,-0.01300759511994931,-0.0021695755422115326
-68.83333333333329,-0.01037703804347834,0.4967954200403994,0.01187500000000008,-5.035533905932731,-26.66192626953129,0.004515342626499996,-0.07201702892780304
262.8333333333334,0.02862133152173907,3.240292620996144,0.010625,-3.471404520791033,-25.6772918701172,0.07337547066904843,0.009290311485528946
-221.8333333333333,-0.04946535326086954,-0.3191076135181135,-0.006874999999999964,0.2357022603955059,7.152885437011719,-0.1931096277760894,-0.0023405328392982483
27.33333333333333,-0.02648872282608694,1.249319165073331,0.007500000000000062,-2.178511301977593,-0.07891082763671875,-0.06345703882096826,-0.03489414229989052
7.833333333333428,-0.0350510869565217,-1.924900087710853,0.001250000000000084,-2.109475708248731,12.80316925048828,-0.1240811291591513,-0.013801530003547668
51.66666666666671,-0.02090380434782602,-2.29273581645127,0.006875000000000075,-4.02368927062183,15.62831115722656,-0.04863734282096827,-0.026709511876106262
-70.16666666666669,-0.07778668478260897,-5.858479292266068,0.01374999999999993,7.271236166328251,-28.99599456787109,0.2235713795003615,0.18692173063755035
-154.0,-0.06300013586956532,-5.191600694287814,0.01374999999999993,5.966498312203885,-30.47635650634761,0.02266067167824853,0.13837452232837677
-37.33333333333329,-0.03126576086956523,-2.407531466576202,0.005000000000000004,-1.845177968644251,-27.9008255004883,-0.0570030058413335,-0.0604882538318634
-36.16666666666663,-0.0003872282608695654,-1.114405068811706,0.005000000000000004,-1.069035593728849,-26.67081451416011,-0.04890299337350007,-0.041802987456321716
106.0,-0.001139402173913062,-2.3536402782279,0.008749999999999925,2.730796051808365,-20.25677490234369,-0.09696777516520272,0.02290389873087406
338.8333333333333,0.08428641304347828,2.404892896714429,0.004375000000000018,-5.05228474983079,-25.42085266113278,-0.091736343873344,0.15900170803070068
-210.8333333333334,-0.05429660326086938,-1.60828318680575,-0.001249999999999973,1.040440114519875,12.51198577880859,-0.07114425536465585,0.02009325474500656
-96.50000000000004,-0.02648872282608694,-1.501884105517547,0.007500000000000062,-1.609475708248731,0.2911834716796875,-0.06345703882096826,-0.018433015793561935
37.83333333333331,-0.03923546195652172,-4.398319249290296,0.006875000000000075,-1.500000000000014,19.64262390136719,-0.04512548288217416,-0.01574617251753807
-77.83333333333329,-0.03923546195652172,-2.41946125505892,0.006875000000000075,-2.649915822768612,17.10865783691406,-0.04512548288217416,-0.019537776708602905
-137.5,-0.08187296195652194,-5.650130455704428,0.01500000000000001,2.609475708248731,-16.05726623535161,0.2568449354233438,-0.07595908641815186
-2.5,-0.06288654891304368,-3.558741983578898,0.01500000000000001,4.816582489435284,-17.53762054443361,0.3498820572026447,0.09992580115795135
241.0,0.006437364130434831,-1.38299195992569,0.009374999999999911,1.983249156101941,-28.1464080810547,-0.1190155850454798,0.04509209096431732
299.5,0.03753111413043486,-0.006333104237810971,0.005000000000000004,-2.357022603955144,-25.3052520751953,0.06244726512665599,0.004741385579109192
202.1666666666666,0.05846182065217376,-0.7200831529733023,0.009375000000000022,-1.414213562373092,-26.2772674560547,0.003414194740253396,0.07970213890075684
231.3333333333333,0.06568328804347823,2.194532866707107,0.004375000000000018,-0.9832491561019552,-14.69248962402351,-0.0393515338483601,0.11272676289081573
-129.5,-0.0559108695652174,-3.22468034755677,0.004375000000000018,0.971404520791026,7.130630493164062,-0.06078812511472398,-0.007759835571050644
2.0,-0.01864728260869575,-4.443236956839229,-0.005624999999999991,0.0,24.71054840087891,-0.1943094145364757,0.023261159658432007
-94.83333333333331,-0.04468288043478263,-5.294082782773231,0.01124999999999998,5.385618083164118,-28.99600219726558,0.3458827184854449,0.11648108065128326
125.5,0.01305570652173915,-5.579044392263825,0.01249999999999996,8.087818655763527,-30.47635650634771,0.4438606224503095,0.23336321115493774
216.5,0.06736059782608694,-1.666583647076706,0.01124999999999998,0.2761423749153877,-34.12119293212901,0.0722645693198587,0.13127323985099792
188.3333333333333,0.1093922554347827,-0.2993972036783106,0.01187499999999997,-1.040440114519882,-32.02278900146482,0.1779211438155149,0.20679441094398499
169.1666666666666,0.1986581521739131,0.2893980432464929,0.008124999999999938,-1.597631072937808,-28.74742126464841,0.2572591578193311,0.26660966873168945
208.3333333333333,0.1315104619565218,-5.135519409130396,0.004375000000000018,-1.971404520791033,-20.10021972656261,0.05516458158390508,0.28504183888435364
250.5,0.2077122282608695,-1.5720959749722,0.01187499999999997,-0.1952621458756383,-26.0849304199219,0.4454945860905923,0.2963883578777313
-19.16666666666671,-0.06145733695652167,-1.479982284647519,0.001249999999999973,1.138071187457697,16.50405120849609,0.07891502340770623,0.014052987098693848
-34.0,-0.002014266304347867,-1.9002049543693,0.00374999999999992,0.9714045207910402,13.9700927734375,-0.0123281571941673,0.03389324992895126
-120.8333333333333,-0.04404442934782615,-5.149909030223597,0.01687499999999997,2.37377344785321,-22.15654754638669,0.2562644416017503,-0.021129995584487915
-35.16666666666669,-0.0245853260869564,-4.483672587548,0.01687499999999997,4.759391531017336,-23.6368942260742,0.2601647456017503,0.10587495565414429
10.33333333333331,-0.002263043478260673,-3.605075478866596,0.01812499999999995,4.178511301977579,-21.9220275878906,0.380040853217375,0.0650639683008194
45.83333333333331,0.003803804347826234,-3.512041068021603,0.01687499999999997,1.609475708248731,-7.873031616210909,0.1523894446159214,0.014126848429441452
171.4999999999999,0.2298051630434784,-8.750715561625512,0.007500000000000062,-0.5285954792089598,-27.3177413940429,0.2327843338238807,0.33294397592544556
6.333333333333428,-0.0006187499999998902,0.02518484921739628,0.004375000000000018,1.276142374915395,2.141624450683594,0.0008802151406775982,0.014760736376047134
-129.8333333333334,-0.01921766304347838,-1.92292143824227,-0.005624999999999991,0.2642977396044799,21.20188903808594,-0.1334502774195488,0.016921907663345337
74.83333333333329,0.02628546195652171,0.4394888312867238,0.004375000000000018,1.707106781186525,22.28990936279297,-0.1472931050260756,0.08410455286502838
-49.0,0.05999116847826091,1.719083317560631,-0.003750000000000031,-1.218951416497475,30.55305480957027,-0.2588140951941673,0.10215791314840317
-9.0,0.04624551630434781,-7.128089344423003,0.01437500000000003,5.202200572599398,-20.07158660888679,0.2260204077187975,0.14986813068389893
116.3333333333334,0.01725448369565208,-1.49994922611971,0.001875000000000071,0.8737734478532104,16.19062805175783,-0.04448386965304185,0.07408348470926285
-79.83333333333331,-0.008106385869565247,-3.174595422172999,0.00374999999999992,-2.954653676892974,20.8662109375,-0.4552368065114465,-0.02459712326526642
27.66666666666663,0.01251494565217393,-5.336092439398001,0.008749999999999925,-2.73570226039552,17.22197723388672,-0.3648089168938902,0.01487855613231659
172.6666666666667,0.03530339673913041,-0.5618168192575013,0.001250000000000084,1.442809041582066,12.62530517578125,0.0712026857436,0.07507668435573578
-108.5,-0.02725828804347841,-1.717826807818312,0.003124999999999933,-1.776142374915402,18.04106903076172,-0.2755498335114465,-0.0069564953446388245
-261.1666666666666,-0.05745434782608705,-2.783191738293098,0.006249999999999978,-0.3905242917512766,15.13701629638669,-0.1979399621557907,0.01856830343604088
200.8333333333334,0.06640733695652179,3.434743580035004,-0.003125000000000044,-1.040440114519882,43.25727081298824,-0.1391235969864296,0.15994539856910706
109.8333333333334,0.006210597826086794,-1.1394440150858,0.008124999999999938,-3.89746271847504,29.55610656738278,-0.3723067299907859,-0.005865294486284256
97.16666666666669,-0.001421603260869486,-0.09846246302210204,-0.0006249999999999867,-0.2071067811865603,18.78124237060547,0.05027963014431136,0.018197406083345413
-296.3333333333334,-0.04590991847826098,-0.716286028944495,0.005000000000000004,-0.5976310729378227,16.24728393554688,-0.02455372738452744,0.025344060733914375
-24.0,0.007579347826086935,1.210817519917995,0.003124999999999933,-0.6094757082487234,30.66637420654293,0.003969719401834104,0.02292090468108654
200.3333333333333,0.0293820652173914,0.9376640537824983,0.01812499999999995,4.592724864350679,-21.6428527832031,-0.1226341737344689,0.13580843806266785
304.6666666666666,0.09263328804347837,4.781109942602512,-0.008125000000000049,1.540440114519868,30.31853485107422,0.3371121336989001,0.41105255484580994
2.0,-0.0120513586956521,6.473071384806801,0.001249999999999973,-0.06903559372885582,27.47114562988276,0.1605763182588567,0.08786582201719284
217.5,0.01638980978260873,4.661161262057504,0.001875000000000071,0.5976310729378156,24.15158081054688,0.09078700059674988,0.11300681531429291
-138.0,-0.04142730978260878,2.869341573462805,0.01312500000000005,7.730796051808362,-16.76958465576172,0.223703501436605,0.23765870928764343
-120.6666666666667,0.01491922924901201,-1.907144469724798,-0.005333333333333301,1.414213562373096,-6.596359252929602,0.1882592146634284,0.02972092106938362
26.33333333333329,0.005562924901185928,0.2970696657037024,-0.0006666666666667043,-1.37377344785321,-8.618682861328097,0.1397530044341174,-0.031140092760324478
-48.33333333333339,-0.009520632411067265,-0.01468041381190233,-0.01066666666666671,-0.06903559372884871,-21.74436187744139,0.01166961405227851,-0.014683853834867477
-140.8333333333334,-0.005044202898550787,0.0,-0.005333333333333301,1.649915822768605,-6.663375854492188,0.3621571273247142,0.01512414962053299
-34.16666666666671,-0.02814577733860335,3.376621272499079,-0.00666666666666671,0.5690355937288558,-4.842132568359403,0.05123752484331429,0.007025156170129776
-199.5,-0.03422785902503278,3.187702853732276,-0.00666666666666671,-1.73570226039552,-3.020889282226491,-0.1326626544150724,-0.044304315000772476
-1.666666666666714,-0.03824090909090905,-0.009814488412303035,0.0,1.426058197684,10.2388534545898,0.02759675240377479,0.02503625676035881
-39.1666666666666,-0.04815007246376801,5.560921538346818,-0.005333333333333301,1.057190958417955,-11.7736129760742,0.1312345713187869,-0.03009674698114395
-95.1666666666666,-0.07330832674571808,-2.0274486305469,0.005333333333333301,0.1094757082487448,37.96475982666011,-0.1186452273834131,0.023426245898008347
-231.8333333333333,-0.04705388669301713,-2.082434767507308,0.004666666666666708,-3.592724864350686,33.18965148925781,-0.2198820369508487,-0.025692671537399292
7.0,-0.06088295125164689,-2.6537026427672,0.004666666666666597,-4.747546895706435,33.39072799682617,-0.2530327747642631,-0.0397787019610405
94.66666666666669,0.001944354413702332,-2.670696450076093,0.006000000000000005,-1.78798701022631,13.4608154296875,-0.1403722908881072,0.0011701323091983795
-133.1666666666667,-0.03305716732542829,1.256607867171013,-0.00333333333333341,3.535533905932752,-5.177253723144602,0.1631303755035332,0.06506264209747314
13.0,-0.03535694993412364,0.2376159232579056,-0.001999999999999891,2.430964406271173,3.374397277832102,0.2136216896626919,0.01161840558052063
-11.5,-0.06635935441370211,-3.694245665102898,0.007333333333333414,-0.8047378541243546,40.05410766601562,0.1016246308080188,0.005307205021381378
-76.16666666666671,-0.05833370882740463,-3.994154996533211,0.006000000000000005,-4.328427124746206,38.29988098144531,0.1109912175107138,-0.03484702855348587
42.16666666666671,-0.03082691040843211,-2.668201921148693,0.004000000000000004,-5.28798701022631,33.45774459838867,-0.1901901875311534,-0.05408347770571709
118.5,0.03303783926218706,-2.395627759419099,0.00666666666666671,-1.178511301977572,20.39229202270508,-0.1819307255742978,0.04255073517560959
-23.0,-0.004416021080368759,4.08459145850351,-0.006666666666666488,4.75939153101735,-20.59336090087891,0.3379190900327086,0.11665040254592896
-41.66666666666671,-0.002477002635046133,5.247102660065323,-0.01066666666666671,5.857022603955148,-37.42856597900393,0.4264960912091097,0.08374783396720886
-97.33333333333343,-0.02739690382081694,-4.049718012798408,0.006000000000000005,1.23570226039552,37.12224960327148,0.1170248577499566,0.02480325847864151
-119.0,-0.02404202239789199,-3.945030772226303,0.006666666666666599,-1.361928812542303,38.50095748901367,0.02012463110602369,0.0028512924909591675
6.0,-0.004931166007905108,-2.927619663278804,0.005999999999999894,-1.166666666666664,30.11714553833009,-0.02499754536186194,0.0018203482031822205
-176.6666666666667,-0.04677568511198937,-4.505332371193788,0.01600000000000013,1.276142374915395,42.29950332641602,0.1444860561869767,0.031036561354994774
-77.33333333333329,-0.04371379446640311,-4.689469569978996,0.01200000000000001,3.55228474983079,42.0918312072754,0.3618729317754262,0.10085877031087875
-95.99999999999997,-0.04766396574440046,-4.384666718100192,0.01400000000000001,3.954653676892981,41.88415908813476,0.128510906026223,0.11332423985004425
31.5,-0.02562457180500666,-2.791526768612101,0.01133333333333342,1.87377344785321,43.74523544311523,0.1455260415349163,0.04677066579461098
-20.0,-0.01487257575757572,-4.4764022935057,0.02266666666666672,-1.523689270621833,60.91777610778809,-0.09128710918682059,0.002058945596218109
-112.3333333333333,-0.01190125164690392,-3.4410093931684,0.01600000000000013,4.023689270621809,37.81232070922852,0.02138580604954954,0.11440025269985199
-74.8333333333334,-0.04528127799736481,-3.108844086911105,0.01666666666666672,4.983249156101941,39.90166854858398,0.1767613140540219,0.1467888057231903
-49.33333333333343,-0.05103556653491437,-3.107817132191101,0.0133333333333332,4.828427124746199,48.98950958251953,0.09485117553491623,0.14717812836170197
-1.333333333333286,-0.04846985507246371,-2.496405267133795,0.01266666666666671,2.454653676892974,39.64757919311523,-0.007943344283247777,0.03779345005750656
-105.3333333333333,-0.002699670619235706,-0.3457542207155058,0.008666666666666711,4.218951416497454,16.68276977539062,0.06847890886355973,0.11129975318908691
-106.8333333333333,-0.02672841238471702,-2.799169861687503,0.02000000000000002,-0.4309644062711619,60.42665863037109,-0.002679676521207264,0.01157379150390625
-73.5,-0.02429673913043484,-2.927188820087409,0.01466666666666672,4.909307353785948,35.39311218261718,0.07524082379923797,0.15237705409526825
-43.16666666666671,-0.05008577075098786,-3.047625637782801,0.01666666666666661,4.259391531017329,63.13240528106689,0.1393049538635016,0.10227283835411072
-36.83333333333331,-0.0580696113306981,-2.886184596565698,0.01333333333333331,0.4309644062711442,53.79047393798828,0.03487495992772127,0.011354789137840271
-109.5,-0.05094401185770758,-1.848133058682308,0.008000000000000118,3.926058197684014,-0.6635971069335938,0.1488640710321831,0.061023253947496414
-24.1666666666666,-0.03271994071146234,-0.004907230024500109,0.008666666666666711,0.5,33.73908805847168,0.01967910551657887,0.023283701390028
-97.33333333333329,-0.02176049407114644,-1.869732004036791,0.002000000000000002,-4.149915822768609,-22.16153717041013,-0.1454030015409118,-0.07176543772220612
-48.16666666666671,-0.002173899868247897,-1.61809466174131,0.005333333333333301,1.707106781186539,-25.93819427490236,0.0689588334282229,0.013848625123500824
54.33333333333329,-0.04554809617918298,-2.201930265874509,0.01533333333333331,1.402368927062192,73.99423408508301,0.03599009352461779,0.025231240317225456
-61.83333333333331,-0.06871154150197623,-2.028188588135208,0.01066666666666682,4.621320343559645,42.24776077270507,0.12324847794461,0.15882757306098938
141.3333333333334,-0.02794826745718049,-0.001274196621707802,0.01000000000000001,0.5,58.49305152893066,-0.079252554729214,0.02502872236073017
34.16666666666669,0.001133761528326671,0.1894609469887882,0.008000000000000118,4.857022603955141,20.41751098632813,-0.01254375324166607,0.13017594814300537
-158.1666666666666,0.008250217391304382,-1.109469885175002,0.01933333333333342,-0.2642977396044763,26.47204589843749,-0.02728124006544158,0.03342275321483612
-231.6666666666667,-0.02508202239789215,-0.7366908553044027,0.01466666666666672,-0.1380711874576974,35.98611450195312,-0.06064819700459101,0.04139714315533638
56.00000000000001,0.005674479578392733,0.4459989384859,0.0139999999999999,1.011844635310908,85.42428255081177,0.002665073388608719,-0.017272572964429855
-109.5,-0.03865420948616627,-1.183440626295308,0.01400000000000012,1.138071187457697,64.7053165435791,-0.02202441416453482,0.025946130976080894
-3.0,-0.05040170619235829,-1.364020353490602,0.008000000000000118,1.914213562373085,49.11221694946289,-0.04241760555294616,0.04346775263547897
37.16666666666657,0.00119920948616592,-0.1027254024912025,0.008000000000000118,1.385618083164125,33.51911544799805,-0.3115835046924726,0.03989756852388382
154.5,-0.01080840579710152,0.755880842863192,0.005333333333333412,-1.511844635310901,41.60073852539062,-0.2567815567709051,0.010703466832637787
-25.83333333333337,0.03699873517786545,0.9923413504985916,0.004666666666666708,2.178511301977579,4.891433715820312,-0.2090816516231731,0.06553515791893005
-178.6666666666667,-0.0009649999999998826,-0.7355772182586975,0.01866666666666672,0.4595598854801182,35.7398681640625,-0.05430955939271725,0.04700502008199692
-243.1666666666667,-0.001747516469038257,-0.5521590068972984,0.01466666666666672,1.442809041582066,36.51869201660156,0.09951266030189848,0.04911746829748154
42.0,-0.00786235177865624,0.9006033727775957,0.01466666666666672,3.483249156101955,18.71968841552734,0.0713545589032622,0.10000132024288177
150.0,0.01752109354413689,1.763661271910493,0.01333333333333331,3.678511301977565,-8.730308532714844,0.08915043187117128,0.1020483523607254
40.33333333333329,0.02649805006587602,1.618232859288099,0.008000000000000118,3.287987010226306,-25.23865509033203,0.004235221022242386,0.08421673625707626
230.3333333333333,0.03861722661396572,2.6895318672385,0.007333333333333303,-2.483249156101948,-55.36691284179688,-0.08580974672274128,0.0077298469841480255
250.5,0.07192829380764154,3.1362788261888,0.006666666666666599,-3.31658248943527,-57.58494567871099,-0.1835826437811068,0.13831481337547302
-47.83333333333329,0.01111198287220039,2.727305773860806,0.0139999999999999,-0.8333333333333357,-35.8901290893555,-0.02497781002663152,0.005309939384460449
84.66666666666669,0.04350961133069808,1.912577543366197,0.0106666666666666,0.06903559372885582,-34.23469543457033,-0.1232133290539008,0.03611975908279419
-50.33333333333329,0.03144332015810258,2.35988847447581,0.008000000000000007,0.540440114519896,-63.29335784912107,-0.103534097000446,0.06310217082500458
-29.83333333333343,0.02777227931488802,2.662655640815402,0.01466666666666672,-1.166666666666671,-28.94309234619141,-0.1664832399615716,0.009153217077255249
-101.5,0.05710511198945989,2.145061885237595,0.0106666666666666,1.47140452079104,-28.53811645507817,0.002386792084156486,0.09091608226299286
10.33333333333329,-0.007822845849802418,1.533388911329808,0.008000000000000007,-2.845177968644254,-56.92070007324219,-0.1083376976881464,-0.040822651237249374
64.99999999999997,0.05409140974967075,9.03144205783343,-0.08599999999999997,-2.678511301977569,-82.52437591552734,-0.05108402338398799,0.012378312647342682
121.1666666666667,0.05890667325428178,6.86004889045094,-0.06666666666666676,1.540440114519882,-52.33062744140622,0.02086213753618293,0.07941170036792755
-4.333333333333428,0.05389435441370216,7.515263583252292,-0.07533333333333336,-3.930964406271162,-62.64278411865237,-0.09919376792494705,0.0011808797717094421
-105.0,0.02508097496706185,1.770629080086707,-0.03400000000000003,-1.109475708248731,-79.37220001220703,-0.05890858931554849,-0.012109439820051193
-40.83333333333343,0.06023795125164677,1.905904691603496,-0.03200000000000003,1.276142374915398,-61.17611694335939,-0.1580733249631877,0.04806734621524811
30.83333333333331,0.06971389328063238,0.06544570475089984,-0.03800000000000003,1.011844635310908,-67.6868286132812,-0.1936881365119985,0.10975249111652374
54.16666666666669,0.04679222002635042,0.229070040652303,-0.03599999999999992,-0.2475468957064315,-70.56379699707026,-0.09990521196318769,0.025791946798563004
8.166666666666572,-0.01705961791831367,3.9681987053021,-0.03666666666666663,0.3047378541243688,-72.1117248535156,-0.1959668334915784,0.011167876422405243
-153.3333333333334,0.0693097496706192,6.637564769830675,-0.03266666666666673,1.592724864350682,-58.52941894531249,-0.08889757867967224,0.09363709390163422
44.83333333333337,0.03014872859025053,0.04953832777800926,-0.04399999999999993,-4.0,-21.04548645019536,-0.2485366150787381,-0.05650719255208969
43.66666666666663,0.01687128458498022,0.05821252060809456,-0.04466666666666663,-3.828427124746192,-27.40309143066411,-0.2131636551963163,-0.06492127478122711
190.6666666666666,0.006588451910408577,5.723463377906143,-0.03000000000000003,3.149915822768598,-54.64394378662111,-0.0310681970133625,0.03656541556119919
-154.6666666666667,0.06380223320158107,-1.713268721362894,-0.04266666666666663,-4.926058197684007,-4.950668334960994,-0.08771771104704307,-0.008793577551841736
-51.16666666666669,0.08255382740447959,7.227101677231119,-0.03266666666666673,2.804737854124372,-50.3712463378907,0.02808872727628381,0.17310404777526855
-44.83333333333337,0.01092330698287214,3.522345231485104,-0.03533333333333344,2.678511301977569,-55.856201171875,0.06182594666025532,0.007755286991596222
-173.6666666666667,-0.02482654150197605,-1.0126362520014,-0.04266666666666663,-4.621320343559653,-3.667274475097699,-0.166668466310146,-0.09063924849033356
183.1666666666667,0.04225978919631102,4.701069276844194,-0.02733333333333332,6.202200572599388,-38.06639099121089,-0.06906380613969748,0.09629499167203903
1.333333333333314,0.007502753623188307,-3.448497085884,0.007333333333333303,2.207106781186553,21.57073974609378,0.1090997598534461,0.04406960308551788
80.33333333333329,0.01017507246376792,2.604997084486996,-0.02666666666666706,2.402368927062184,-9.110397338867202,0.03032414199986344,0.012438986450433731
208.5,0.03491961133069832,4.296084478055405,-0.02533333333333332,3.914213562373092,-67.16658020019531,-0.1120647011396975,0.09106703847646713
136.1666666666667,0.1076519433465086,4.678311767292797,-0.03599999999999992,0.8974627184750297,-86.15742492675781,-0.1906359927237162,0.18781088292598724
194.8333333333333,0.1033124505928853,4.93056409034601,-0.03733333333333333,-0.5976310729378298,-94.21841430664062,-0.2449496013630404,0.11702950298786163
-22.5,0.05655637022397886,3.302846623206207,-0.03399999999999992,-0.7642977396044905,-92.08177947998047,-0.1009896856890823,0.04230596870183945
187.8333333333334,0.0427850790513834,3.805655379012507,-0.03466666666666662,2.695262145875631,-72.66531372070312,-0.08552809936107558,0.06015381962060928
140.1666666666667,0.1159420619235838,5.304052113680896,-0.02733333333333332,1.373773447853218,-55.82901000976561,-0.3146479555164208,0.14817003905773163
-3.833333333333314,0.02522511857707488,1.137571924127698,-0.04200000000000004,1.580880229039757,-68.7964324951172,-0.2081719577105362,0.04562070965766907
-215.6666666666667,-0.0318748616600788,-1.445967047843894,-0.04333333333333322,-3.230796051808376,-23.79862976074223,-0.3495540265112834,-0.09208881855010986
-14.33333333333329,0.001455217391304497,-1.5792878762459,0.003333333333333299,-1.011844635310908,2.511337280273381,-0.01055460790885387,-0.004463091492652893
0.0,0.03911333333333344,0.0,0.01000000000000001,0.0,4.922286987304688,0.01867419679549531,0.05837082117795944
-111.3333333333333,0.002696376811594292,-3.696336322852005,0.01000000000000001,1.385618083164104,6.395172119140597,-0.0233528018269773,0.029967034235596657
-42.33333333333343,0.0005540579710148208,-0.1240829794571994,0.001333333333333409,-0.8500841772313805,-3.399688720703182,-0.2081981148637001,-0.014320280402898788
-53.33333333333329,0.003098550724637938,0.007665331068039904,0.0006666666666667043,-0.06903559372884871,-5.844451904296875,-0.09243071586370005,-0.00038590654730796814
-32.33333333333329,0.004870000000000152,1.257496653805177,-0.0086666666666666,-0.7761423749153948,-9.110946655273494,0.01400231303114635,-0.020592976361513138
87.33333333333331,0.02268637681159436,0.01039130279983169,-0.009333333333333305,-0.1952621458756312,-9.5218505859375,0.1163769777477464,0.003816753625869751
-54.0,0.0,0.2808126399828126,0.0,-1.149915822768605,-6.666213989257784,2.499809248490692e-10,-0.03171788156032562
-143.0,0.009337971014492852,0.1677497186327344,-0.002666666666666595,0.5976310729377943,-10.34361267089841,0.01129618904824981,0.00530281662940979
87.66666666666671,-0.008643623188405836,0.8363461580520237,0.006000000000000005,-0.6094757082487234,-0.4774780273436932,-0.07700780725225359,-0.012991037219762802
-49.33333333333339,0.01326797101449284,3.0778748186261,0.009999999999999898,2.178511301977579,-10.08648681640628,0.02375339788842545,0.04861104488372803
21.16666666666657,-0.003607826086956534,3.64581286977581,0.0193333333333332,1.580880229039771,1.900680541992216,-0.1476558300937,0.0323408767580986
-73.3333333333333,0.02495115942028969,6.359192744495118,0.009999999999999898,2.109475708248745,-4.698959350585994,-0.06226558104742352,0.07635965198278427
-42.0,0.004012422360248458,5.313034997046429,-0.008571428571428563,-0.971404520791026,15.1693115234375,-0.02299707909072771,0.04772822558879852
11.8333333333333,0.0,0.0,-0.005714285714285672,-0.5690355937288594,0.0,8.522568761826221e-11,-0.003923699259757996
-55.33333333333341,0.0335871118012423,-3.843735565663067,-0.01000000000000001,0.9142135623730994,24.13136291503911,0.0135992442869923,0.08439570665359497
-53.66666666666657,0.01971335403726693,-6.138833916885744,-0.01857142857142857,-2.609475708248731,-3.4525146484375,0.05824388053741253,-0.022853147238492966
-29.1666666666667,0.0182041925465839,-3.653872326384601,-0.004285714285714226,-0.6666666666666714,24.13134765625001,0.03506844555171021,0.038648590445518494
-72.66666666666671,0.003600310559006115,-11.81491791393761,-0.01928571428571424,-0.3619288125423097,20.6788330078125,0.04252866121088669,0.004819456487894058
-127.0,-0.01029114906832285,12.47030554346159,-0.003571428571428559,-2.678511301977583,-27.5838699340821,0.06802339571151178,-0.04799952358007431
0.0,-0.01607307692307691,-1.803922203066293,0.0,0.0,-4.729927062988281,-0.09724250413328317,0.003681737929582596
-86.0,-0.009849832775919776,-1.586019467999805,0.0,-0.3333333333333286,-9.599739074707031,0.03029265401902947,-0.004371751099824905
110.5,0.03746270903010063,0.03619280053897,0.003076923076922977,0.1666666666666643,-5.806671142578125,0.2725068133843185,0.030077533796429634
111.5,0.0805369565217392,-2.328254076036771,0.0007692307692310774,2.316582489435277,-5.385406494140625,0.4815667006928399,0.26604366302490234
103.5,0.02041605351170583,-1.108437692121498,0.003076923076922977,0.9714045207910189,-0.4766006469726562,0.2385967791283528,0.02841104194521904
80.33333333333331,0.02558026755852849,0.3207425948263989,-0.005384615384615987,-1.138071187457697,-17.64374542236328,0.03384308756758669,-0.027126658707857132
56.83333333333329,0.02020886287625412,1.714624189568482,0.007692307692307887,0.7761423749153877,-3.822891235351562,0.4230563657847735,0.03562196344137192
226.3333333333334,0.07843678929765885,-3.401217577206694,0.007692307692307887,2.511844635310915,-11.27999114990234,0.4948990313710387,0.3135225176811218
234.0,0.03898628762541811,-3.234488768245839,0.005384615384615987,0.9999999999999858,-6.071823120117188,0.448658266812785,0.0643152967095375
98.50000000000003,0.01165585284280946,-0.5519518389685061,0.00461538461538491,-1.816582489435284,3.164276123046875,0.1537410715463894,-0.013174828141927719
36.33333333333331,-0.01135819397993298,-2.538643382667772,0.00230769230769301,-0.9023689270621773,-1.163017272949219,0.00928684527946444,-0.014820683747529984
85.16666666666669,0.01798394648829427,1.5845928523336,0.007692307692306999,0.04044011451987473,3.634208679199219,0.01036007855624665,0.04651806876063347
67.16666666666669,0.02588762541806011,1.5845928523336,0.00923076923076982,1.138071187457697,4.831703186035156,0.1908100150260142,0.06110410764813423
-45.0,-0.008933444816053404,0.4943360239205958,0.007692307692307887,-0.6666666666666643,5.237876892089844,-0.02733973772069331,0.0015147924423217773
-56.5,0.02401521739130452,0.3422995242470961,0.01000000000000001,2.845177968644229,11.23737335205078,0.1022117372103983,0.08521068841218948
-4.333333333333428,-0.000876588628762609,-1.329131191399668,0.00461538461538491,-1.0,1.791450500488281,0.01265101433554616,-0.013613581657409668
-152.0,-0.04326872909699009,-3.826307684788588,0.00230769230769301,-1.040440114519875,-1.744522094726562,-0.3090353771837174,-0.049044687300920486
111.3333333333333,0.03225785953177251,3.108799082324126,0.01769230769230701,3.580880229039749,7.152702331542969,0.186023089147365,0.13279350101947784
-22.83333333333337,0.02159180602006683,2.43537489815391,0.01846153846153809,2.442809041582073,12.85234451293945,0.1055801982405889,0.09038236737251282
160.8333333333333,0.04444331103678945,0.4717156659156956,0.01230769230769213,0.2071067811865532,3.462905883789062,0.06594109821039829,0.05453852564096451
131.3333333333334,0.02884297658862889,1.862005714372671,0.01615384615384596,3.454653676892981,9.953865051269531,0.2622664817795437,0.1452832818031311
-129.8333333333333,-0.001739464882943076,-0.6582102710784028,0.007692307692307887,-1.914213562373106,0.6854095458984375,-0.1571797088240792,-0.025274433195590973
-104.6666666666667,-0.03500852842809354,-3.901485936609461,0.00461538461538491,-1.845177968644251,1.371826171875,-0.1672349435861158,-0.046553779393434525
-206.8333333333333,-0.02431254180602038,-2.557373139062577,0.00230769230769301,-2.345177968644251,-2.745658874511719,-0.1643034211793544,-0.024653799831867218
138.1666666666667,0.01916488294314367,2.025479738952612,0.02000000000000002,2.414213562373106,4.201751708984375,0.05346645065653172,0.07406008243560791
-86.66666666666669,-0.008492809364548437,0.499812326186202,0.02769230769230702,-0.3619288125423026,15.50957870483398,-0.240089017138795,0.03375831991434097
78.83333333333337,0.03331989966555193,1.731750286011504,0.02000000000000002,2.080880229039764,5.770446777343743,0.1578237875083161,0.07998533546924591
192.1666666666666,0.04236153846153856,0.7549815488137881,0.01615384615384596,-0.1380711874576974,1.884292602539062,0.1825012715874756,0.054689858108758926
55.83333333333331,0.002622909698996478,-4.800656329019304,0.01615384615384596,-1.569035593728849,-0.8958206176757812,-0.06850802033310366,-0.02225486934185028
-226.1666666666666,-0.01932006688963195,-3.414010061911668,0.00230769230769301,-2.718951416497461,-4.747932434082031,-0.2546229810187841,-0.04150690510869026
-228.0,-0.04931220735785935,-14.7359505072754,0.00230769230769301,-2.942809041582066,-3.95660400390625,-0.3294733495861158,-0.14851075410842896
41.33333333333329,0.03025083612040136,1.586192116350801,0.0276923076923079,2.040440114519889,9.253974914550781,0.1173184902106886,0.11243081092834473
63.66666666666671,0.01791170568561862,0.6239222410727905,0.02076923076923032,-1.040440114519875,16.40934371948241,-0.1172091248493145,0.04601333290338516
13.16666666666663,-0.012258862876254,-0.9175822406091072,0.01846153846153809,-1.0,23.77452850341797,-0.2282304899751244,0.005309775471687317
-37.16666666666669,0.01336806020066872,-1.032853153488389,0.01230769230769213,0.4309644062711513,2.609214782714844,0.03917469203571544,0.03661443293094635
42.5,-0.02264381270902993,-0.7663154174505422,0.01846153846153809,1.0,13.30465316772461,0.01684716961844757,0.023890545591711998
120.6666666666667,0.0373113712374582,-15.03519047044924,0.00923076923076982,-3.747546895706414,-9.285041809082031,0.1863185346379447,-0.016516100615262985
-154.1666666666667,0.01399615384615394,0.581034890553596,0.01846153846153809,-0.7071067811865532,14.49449539184571,-0.1529406855025605,0.043967604637145996
-104.1666666666666,0.006374080267558702,0.5635042952950045,0.02769230769230724,-2.414213562373085,20.02508544921875,-0.1945723056783135,0.010445509105920792
24.33333333333331,-0.009153511705685569,1.081710833780903,0.02769230769230724,-1.70710678118656,14.39764404296875,-0.05087019422636968,0.016669832170009613
122.0,-0.005156521739130393,0.4462801093031032,0.02000000000000013,1.540440114519875,4.798397064208984,0.1146528750604406,0.023723479360342026
109.1666666666667,-0.01324464882943144,-16.42969109149946,0.006923076923077032,-5.035533905932731,-13.82215118408203,-0.02946413126246988,-0.08492542803287506
-85.1666666666666,-0.02940100334448159,-0.7787882830420045,0.02846153846153809,-0.4309644062711442,19.99855041503906,-0.1337073325178803,0.017940886318683624
1.833333333333314,-0.004742642140468156,1.663917860777403,0.0276923076923079,-2.511844635310922,13.49706268310547,-0.001209590351928025,0.018835600465536118
5.833333333333371,-0.008791806020066906,0.09336693330949686,0.03000000000000014,-2.442809041582066,20.69452667236327,-0.282373465975254,0.012677505612373352
21.33333333333331,-0.01432508361204021,1.361689099733596,0.0207692307692311,-3.454653676892981,13.27500534057619,-0.0850660555194227,-0.0028104744851589203
19.5,-0.03330418060200691,-0.6776469181520923,0.02307692307692333,-3.649915822768591,21.16375350952148,-0.3115358160121475,-0.02052917331457138
38.83333333333337,0.03781939799331113,-15.01791449685931,0.005384615384615099,-2.316582489435284,-19.15059280395508,0.04370086010948404,-0.0026759840548038483
-6.666666666666629,0.005198160535116791,1.930702951071112,0.03000000000000014,-0.7761423749153948,13.82733917236328,-0.1102812721890397,0.04116096347570419
102.6666666666666,0.007711371237458131,2.814880250805999,0.02538461538461501,-0.735702260395513,12.67597961425781,-0.05056379741060779,0.057838063687086105
-111.0,-0.008634448160535046,1.873960024733606,0.02846153846153809,-1.638071187457705,11.52462387084961,-0.2391017254259545,0.015811298042535782
27.16666666666663,0.006411204013378025,2.063470226323801,0.02000000000000035,-0.0690355937288345,-3.490421295166016,0.2692551521284054,-0.000545259565114975
-101.1666666666666,-0.007003177257525195,1.728390026070002,0.02769230769230813,-1.540440114519875,11.78161239624023,-0.1583336851629481,0.02463669702410698
162.5,0.01433110367892954,2.451096133716007,0.02846153846153809,0.2642977396044941,11.7415771484375,-0.02149381248652482,0.0784023255109787
-24.66666666666671,-0.005678260869565244,2.814880250805999,0.02846153846153809,-1.040440114519875,10.29006958007812,-0.3014312370936373,0.03780575096607208
26.5,-0.00705301003344494,1.077602014232014,0.03230769230769281,-2.28798701022631,2.874855041503913,-0.1537914185006546,0.0019568614661693573
200.6666666666666,0.008426421404682194,1.674327176953597,0.02384615384615429,-0.9714045207910402,0.3367576599121094,0.2924463518605019,0.018659420311450958
141.3333333333333,0.0410969899665552,2.592814372639893,0.02692307692307727,-0.7642977396044799,-5.284824371337891,0.3491179347579107,0.04934331774711609
187.5,0.002681772575250818,3.835633086075703,-0.01076923076923109,-0.6785113019775793,-8.410194396972656,0.07970931223897698,-0.01454956829547882
399.8333333333334,0.1465754180602008,-1.477487385168999,-0.05230769230769217,-4.230796051808372,39.9179573059082,0.2916263328021358,0.25783097743988037
332.4999999999999,0.1193948160535119,6.870851723099804,-0.03615384615384709,-1.178511301977565,-10.18168640136719,0.1211523509588944,0.20453880727291107
-165.9999999999999,0.06456270903010064,-1.522370716373402,-0.0307692307692311,-1.292893218813461,-46.40315246582031,0.08248080630984023,0.011525318026542664
-69.33333333333331,0.05881170568561855,0.8235404144004974,-0.00461538461538491,-2.109475708248745,41.14209747314454,0.08102628395961481,0.09002352505922318
-81.83333333333337,-0.01676137123745813,-5.4000254646581,0.0792307692307701,2.540440114519878,-23.3622741699219,-0.02427326846910549,0.045907311141490936
-159.6666666666667,-0.00939147157190634,-7.499956397515206,0.08000000000000007,1.638071187457697,-8.288360595703097,0.07609815877219595,0.01519886776804924
-213.9999999999999,-0.03055451505016726,-6.265393320142493,0.09769230769230797,1.540440114519889,-12.88597106933591,0.1410213276086692,-0.041287101805210114
326.8333333333333,0.07528913043478247,-0.5800621449218113,-0.02076923076922998,-2.971404520791033,27.87577819824219,0.1402165531056914,0.2072743922472
34.16666666666663,-0.01006939799331097,0.6669253913022004,-0.006153846153845954,-3.983249156101934,27.18417358398438,0.06384027326410141,-0.03842071816325188
-145.6666666666666,-0.02720886287625424,-2.076550856285593,0.0792307692307701,2.247546895706424,-16.70083618164061,-0.05751770876383511,0.006450142711400986
39.50000000000006,-0.00366688963210704,-3.937414080615,0.05923076923077009,-3.885618083164125,0.4516220092774006,-0.1164646958656552,-0.014467954635620117
24.83333333333331,-0.006705852842809334,-3.280481351600002,0.07538461538461605,1.55228474983079,2.140075683593807,0.05364230477219595,0.03998658061027527
255.0,0.008856187290970152,-1.391557243980913,0.02230769230769192,-3.121320343559638,17.01155090332027,0.04047097343821821,0.040760789066553116
2.833333333333314,-0.0449653846153848,-2.720789449040893,0.1030769230769231,1.81658248943528,-1.222450256347699,-0.1007738069313329,-0.01946687325835228
-0.3333333333333144,-0.06227123745819407,-3.161315918149199,0.119230769230769,0.9714045207910189,-6.19597625732419,-0.2097346836352087,-0.041582897305488586
-23.83333333333331,-0.05193461538461541,-3.429972567064311,0.081538461538462,-5.897462718475047,21.76923370361328,-0.1946924071225986,-0.07990503311157227
-90.99999999999994,-0.01295836120401328,2.602415603285095,0.008461538461538964,-0.6785113019775793,24.94081115722656,0.02973674672426241,0.027395950630307198
9.666666666666686,-0.01095819397993292,-5.210108850663801,0.05153846153846198,-3.816582489435277,4.161117553711009,-0.1401172225402171,-0.019215881824493408
20.16666666666669,-0.0346682274247494,-4.428692056069494,0.04153846153846197,-0.7928932188134468,12.90188598632814,0.05907906230895449,-0.0013447925448417664
-262.3333333333334,-0.0581570234113713,-3.365382325795409,0.1084615384615391,2.592724864350668,13.16407775878911,-0.1095906979313329,0.00038233399391174316
50.16666666666669,0.01262207357859546,-2.6636875728897,0.063846153846153,-1.666666666666657,34.11639404296879,0.014242911616547,0.08659745752811432
-48.5,-0.01304916387959854,-0.2288879329518068,0.0815384615384609,-6.299831645537211,35.40393066406247,-0.05256781940873484,-0.06874491274356842
-103.1666666666666,-0.03147959866220718,-2.37511775447571,0.09615384615384603,-5.66176045807952,30.22933959960938,0.01380586088726549,-0.08106778562068939
-276.8333333333333,-0.05437943143812707,-0.3410308274984004,0.1184615384615391,-3.897462718475026,24.96463012695321,0.02650695907377898,-0.056905876845121384
227.6666666666667,0.003147993311036767,0.6321221890012083,0.08076923076923093,-1.345177968644251,45.77438354492185,0.1524088151536244,0.05527568608522415
-47.33333333333337,-0.03548244147157187,-1.399172656907595,0.08230769230769308,3.218951416497458,-2.441177368164006,-0.2348985724243909,0.04371034726500511
44.0,-0.02737508361203989,-2.8988338723303,0.09615384615384603,2.999999999999996,-6.609428405761804,-0.2646700349298599,0.028186708688735962
17.83333333333337,-0.01567040133779241,-1.656652115996692,0.07846153846153814,2.63807118745769,9.053894042968693,-0.2028239703354603,0.049696579575538635
-20.33333333333331,-0.03907458193979929,-2.732818532059397,0.105384615384615,-0.3047378541243724,20.3311309814454,-0.2787442828039311,-0.021009821444749832
229.5,0.006419397993311038,3.704142487741407,0.05076923076923001,-4.218951416497461,40.90752410888675,-0.091747317305438,0.04968123510479927
228.0,-0.004204515050167168,-0.8069729484654999,0.06384615384615411,-4.092724864350672,37.34297943115234,-0.08586186505786197,0.05290092155337334
252.3333333333333,-0.004914046822742546,0.1882988933582084,0.089230769230769,-3.828427124746167,38.26940155029293,-0.127591247044271,0.02700578048825264
-17.99999999999994,-0.002723578595317688,-1.235483107659206,0.110769230769231,-2.695262145875631,32.70140075683595,-0.1870041684529978,-0.016881879419088364
-1.166666666666686,0.03535568561872893,3.2698546531293,0.06692307692307708,-5.495093791412852,53.15271759033203,-0.0340612688582464,0.06254976242780685
-3.666666666666686,0.02610217391304337,2.754760809947697,0.07615384615384602,-6.995093791412852,54.13428497314456,0.03949387403448729,0.04106740653514862
212.4999999999999,0.003534949832775691,1.470634446621403,0.09615384615384603,-4.926058197684011,48.63621520996094,0.02995184854157662,-0.011719416826963425
120.6666666666666,-0.0256956521739129,-3.158899598769096,0.09923076923076901,2.861928812542303,4.747711181640597,-0.1410812241519565,0.03715980425477028
139.0000000000001,-0.01329013377926413,-2.712384556130402,0.08384615384615413,2.954653676892967,20.58901977539062,-0.1305219172096705,0.06978081166744232
104.0000000000001,-0.0166112040133779,-4.781530637448796,0.08999999999999986,5.575974020452605,16.7063522338867,-0.1158506249190295,0.15794016420841217
49.0,-0.02611354515050168,-3.636833392526611,0.09000000000000008,4.08088022903976,6.463714599609403,0.00527784667418546,0.06767614930868149
92.50000000000006,-0.008725083612040052,2.988690736133393,0.05000000000000004,0.4881553646890922,37.11288452148435,-0.1047235540248718,0.06464691460132599
99.33333333333331,-0.0123936594202898,-0.4501983998303984,0.005000000000000004,-0.7642977396044799,-15.4018249511719,-0.1684446478025112,-0.02185036987066269
-57.33333333333331,0.01864764492753601,-1.578330458611902,0.004166666666666652,0.3047378541243688,-39.89732360839844,0.1712763469593546,0.019894499331712723
237.6666666666667,-0.006449637681159359,-0.7669248663861055,0.0,1.252453104293586,-4.06893920898429,0.05073302449217271,0.010342162102460861
296.3333333333333,-0.004280434782608866,4.348890268936998,0.0008333333333334636,2.971404520791019,-25.4513244628906,0.0706410599886238,0.034163154661655426
60.0,0.02749492753623184,0.5275336374599959,0.0,1.804737854124369,-25.9292297363281,0.2982830589886238,0.04959779605269432
55.5,0.007274449463579913,0.1362532082771963,-0.0008333333333333526,2.52368927062183,-11.00532531738281,0.07055647540454446,0.01805219054222107
102.5,0.0833659420289855,-4.639876557010709,0.005000000000000004,2.73570226039552,-33.91676330566406,0.593374872813939,0.2920559048652649
162.5,0.185341131422925,-10.52795285763951,0.0008333333333333526,4.678511301977558,-33.4388427734375,0.6329119913272059,0.4498576819896698
276.0,0.01409329710144924,-0.8253451877169056,-0.0008333333333333526,2.971404520791033,15.87973022460932,0.1698671170577793,0.12104198336601257
214.3333333333334,0.03973170289855088,0.1742122140291968,-0.002499999999999947,5.218951416497461,9.899169921875,0.3879140175026899,0.14608034491539001
388.5,0.04961847826086951,-6.722836701459201,-0.005000000000000004,9.254485322430199,79.0711059570312,0.4984260018357355,0.42635998129844666
173.6,0.005379446640315977,-1.269279725536208,0.009090909090909038,-3.282842712474618,-24.07505798339842,-0.1367276280729513,-0.0506354458630085
235.0,0.03604249011857696,1.014040554349904,-0.01636363636363647,1.482842712474607,-0.2701416015625,0.1077671210828203,0.04599778354167938
-50.0,0.02423636363636361,-3.468899569974198,0.0009090909090907484,1.207106781186553,0.3268508911133097,0.2407455382275649,0.054335299879312515
260.8,0.02463913043478272,0.0,-0.01000000000000001,-0.5656854249492298,-0.2577438354492045,0.269044079907234,0.02644730545580387
8.800000000000011,-0.01590652173913043,0.2676542346604975,-0.00636363636363646,1.0,5.87908172607419,0.7667080127211354,0.011438965797424316
12.39999999999999,0.0,-0.8996080500677976,0.0,2.965685424949235,8.424026489257812,4.102135298111875e-11,0.04954875633120537
-63.59999999999999,0.003928853754940675,-0.7892067819116022,0.0027272727272728,4.965685424949232,22.1909637451171,-0.1753761194311357,0.1409875750541687
-224.6,-0.04355335968379448,-1.251529019669093,-0.0009090909090908594,5.214213562373089,11.49052429199219,-0.1858256910916165,0.1626194566488266
-186.4,0.01992845849802349,-1.691139878540199,0.0027272727272728,9.276955262170038,13.7378234863281,0.1725056510356076,0.2819773554801941
-277.8,-0.01359802371541508,-1.636069626830505,0.007272727272727431,7.628427124746189,19.06617736816412,0.3356844336155618,0.23305726051330566
-35.59999999999999,-0.02000434782608707,0.0419257567258029,0.01000000000000001,4.014213562373094,-0.7026519775390909,0.08019867057135388,0.081975057721138
-87.79999999999998,-0.004361462450592768,-0.1975609350514986,0.01090909090909087,5.062741699796945,10.7098388671875,0.3110131696354355,0.15125176310539246
21.19999999999999,-0.01960138339920947,-0.6658741340149135,0.01272727272727281,4.414213562373099,-17.162109375,-0.0505121038936065,0.0779675841331482
-231.2,-0.01085197628458501,-1.079285839518093,-0.0009090909090909705,5.745584412271558,19.88540649414068,0.3952620052364151,0.16403508186340332
-87.19999999999999,-0.01203260869565237,-1.742872450223899,0.00545454545454549,3.531370849898479,2.261856079101591,0.3892146137605907,0.07575442641973495
-117.8,-0.04133438735177852,-2.373881612776088,0.008181818181818068,3.214213562373089,-9.112121582031193,0.3322607777292098,0.03552785515785217
-24.59999999999999,-0.01772055335968348,-2.265838781486195,0.007272727272727209,3.331370849898477,-9.068405151367188,0.4302110327292097,0.07089090347290039
50.0,-0.02041205533596835,-1.826580351159706,0.008181818181818179,4.297056274847712,-14.2374267578125,0.3800138806779451,0.06810195744037628
-120.0,-0.0266756916996046,-1.4519842459665,0.00636363636363646,7.194112549695415,-16.98768615722662,-0.01369608289360658,0.20843514800071716
-82.39999999999998,-0.03192450592885376,-1.958641801158606,0.009090909090909038,5.711269837220804,-14.0101318359375,0.344329656334755,0.11715327203273773
-39.59999999999999,-0.011600790513834,-2.747900130920399,0.01181818181818184,9.174011537017769,-13.80572509765631,0.4005611710464116,0.28886744379997253
-200.0,-0.02684130434782617,-1.120602025635904,0.01181818181818195,5.345584412271556,1.1207275390625,0.4291294376061977,0.13265274465084076
-293.8,-0.006681422924901259,-2.090201329337702,0.0,3.531370849898479,13.6795349121094,0.6131414936155618,0.11649750918149948
-87.19999999999999,-0.006429446640316305,-2.637195242804296,0.002727272727272689,3.531370849898479,10.62757873535151,0.355260051532424,0.10260921716690063
-7.399999999999977,-0.00628438735177872,-2.751252399029894,0.01090909090909098,2.531370849898479,-0.7318115234375,0.4446120633865818,0.019485708326101303
33.80000000000001,-0.01057055335968382,-2.6793597948881,0.01000000000000001,8.042640687119281,-14.08589172363278,0.4616851899673165,0.23208680748939514
-90.0,-0.01415948616600782,-2.128477998563611,0.01000000000000001,3.9112698372208,10.50108337402341,0.3050448183476197,0.09531000256538391
-212.6,-0.06423498023715435,-2.83884308966131,0.01454545454545453,9.574011537017746,-16.578857421875,0.5239806200194161,0.28830647468566895
-263.6,-0.05286205533596855,-3.340792423153502,0.01363636363636367,10.69116882454315,-16.27578735351562,0.4684238540194161,0.30459338426589966
-192.8,-0.003634584980237276,-3.060053963173289,0.01363636363636367,7.994112549695434,-15.97271728515628,0.5680120436596986,0.2452218234539032
-39.80000000000001,0.05462905138339924,-1.458884210095704,0.01272727272727281,0.3656854249492341,-9.615905761718778,0.2138890803326459,0.08420346677303314
-156.4,0.07037252964426899,-1.672661182354503,0.01363636363636367,0.6343145750507588,-4.296920776367188,0.300519170885731,0.17141494154930115
-114.4,-0.004776679841897113,-1.486547437351888,0.01272727272727281,-0.434314575050756,-1.448013305664006,0.1393439453625984,-0.012863725423812866
-350.8,-0.03902766798418966,-1.137071677061201,0.01272727272727281,1.614213562373095,6.341049194335881,0.3187670905312112,0.025009533390402794
-98.60000000000002,0.0199774703557315,-1.774438292079608,0.001818181818181719,2.482842712474607,33.2029113769531,0.2416192212187117,0.08827739208936691
-69.19999999999999,-0.00508023715415018,-1.677630571310601,0.01000000000000001,0.9514718625761418,-11.79023742675781,0.3566328794623758,0.007805537432432175
-306.2,-0.02692094861660055,-1.907972777911112,0.01272727272727281,2.20000000000001,-13.95726013183591,0.4329927105159724,0.015360794961452484
38.19999999999999,0.03836304347826092,1.133004925315703,0.00545454545454549,-1.717157287525389,29.98831176757812,-0.2029046218965671,0.03952270746231079
-31.59999999999999,-0.004932806324110528,-0.4876269270570077,0.00909090909090915,-1.717157287525374,-13.7828369140625,0.07214865471717036,-0.027901168912649155
-22.19999999999999,-0.001145454545454672,-0.4375659304635064,0.00545454545454549,-2.565685424949244,4.682235717773381,-0.08330848148510583,-0.023312557488679886
-191.6,0.01056699604743094,2.1999654110097,-0.00545454545454549,1.497056274847708,33.34637451171881,0.008807750400487313,0.05682104080915451
51.20000000000002,0.01173003952569174,0.1773771363835976,0.003636363636363549,-4.097056274847716,-6.3978271484375,-0.02303650773090804,-0.05141835659742355
-123.0,0.02561758893280641,0.904153054348896,0.00181818181818183,-7.159797974644668,10.18792724609381,-0.1138145832797984,-0.1584262102842331
-34.0,-0.04575968379446638,-1.616641498225491,0.00363636363636366,-1.482842712474614,1.423797607421903,-0.0769091479094397,-0.030684944242239
-7.400000000000006,0.02652134387351779,1.558743874276402,0.0,0.2000000000000028,13.57754516601562,0.04880927669122859,0.06259873509407043
108.6,0.00317529644268788,3.484081556305796,-0.006363636363636349,0.4686291501015205,25.00978088378909,0.3062078380018922,0.056048616766929626
117.8,0.03760375494071133,1.6877723537891,0.0,-2.097056274847716,7.473663330078097,0.1459430177202016,0.04316532611846924
-17.40000000000001,0.03758241106719362,0.1837573375359938,0.0,-4.062741699796931,15.414306640625,0.03954485876610531,0.01042681559920311
-45.0,-0.03960395256917004,-1.709107360873389,0.00363636363636366,-1.779898987322333,-1.50088500976571,0.05156728009056033,-0.04390750825405121
76.00000000000003,0.01980869565217402,1.458681342657599,0.0009090909090908594,-1.731370849898489,5.226364135742188,0.03395042571446427,0.014848802238702774
-64.40000000000003,0.02677490118577086,0.1824473444285957,0.0,-1.282842712474604,2.159866333007898,0.1166274104092321,0.020695652812719345
-49.59999999999999,0.0459241106719368,3.1965976022192,-0.0009090909090908594,-1.44852813742385,33.28810119628912,0.1732534917641347,0.06899178773164749
-188.6,-0.009664031620553515,0.233301649454603,-0.00818181818181829,2.76568542494924,39.47940063476571,0.4158508190755513,0.055119991302490234
53.0,0.03676739130434792,3.072880704810302,0.0,-0.3999999999999986,35.41880798339849,0.06638129001062909,0.0781923234462738
-108.6,-0.06528833992094862,-1.160666072950704,0.002727272727272689,-1.317157287525383,-20.7613525390625,0.002440681515670673,-0.06775856018066406
33.80000000000001,0.004379644268774685,0.3484560735869024,-0.00181818181818183,-1.262741699796941,0.0,-0.1611983886331185,-0.010433580726385117
100.2,0.0,-0.70542589853099,0.0009090909090908594,0.931370849898471,8.307449340820312,-9.047673721340743e-11,0.026512013748288155
195.2,0.009974505928853628,0.1965491931672005,0.0009090909090908594,-2.331370849898484,16.61489868164062,0.1231004834766902,0.004346631467342377
99.80000000000001,0.03217411067193676,-0.579023908052406,0.002727272727272689,-0.08284271247462272,21.8121337890625,0.1377030783457265,0.06813857704401016
-109.0,0.036043675889328,2.971062881648507,-0.0009090909090908594,-2.531370849898472,44.66206359863281,0.2412289966983608,0.05016549676656723
-56.39999999999998,-0.04444881422924896,-0.5724630393529111,0.0009090909090908594,-1.317157287525376,-20.81135559082031,0.09270413768582875,-0.05728747323155403
-100.2,-0.05584703557312265,-1.263106965959707,0.002727272727272689,-3.497056274847722,-20.45828247070318,-0.2484144480842457,-0.09405084699392319
-31.40000000000001,-0.02429268774703552,-1.316852602979807,0.0,-3.545584412271566,-22.07203674316401,-0.3539563864505807,-0.06999288499355316
117.2,0.025025691699605,0.0,-0.00363636363636366,1.814213562373084,11.51967620849609,0.06641125642937873,0.0723717212677002
94.19999999999999,0.02101225296442677,0.0,-0.004545454545454519,3.02842712474618,11.50509643554688,-0.03003894902351134,0.09448562562465668
15.40000000000003,0.006894861660079132,0.0,-0.008181818181818179,2.331370849898491,11.49053192138672,-0.07477374036876488,0.04298887401819229
200.8,0.02912134387351784,0.4693534415084883,-0.006363636363636349,2.048528137423851,11.49053192138672,-0.01032045141168847,0.0998782217502594
128.6,0.02182391304347842,4.7134956088303,-0.00545454545454549,2.745584412271569,59.08795166015631,0.1414054370018922,0.1221405565738678
56.0,-0.004507114624505926,0.3899975084539022,-0.00727272727272732,1.165685424949231,11.50509643554688,0.03530586257079271,0.030458590015769005
84.20000000000005,-0.01024505928853769,0.3949096587240888,-0.004545454545454519,0.6343145750507588,24.83493804931639,0.0785768154834866,0.03326687216758728
86.59999999999997,0.0272116600790514,0.6556470720198035,-0.008181818181818179,0.2000000000000099,22.98105621337892,-0.1244708538226452,0.05580153688788414
176.4,0.04354822134387348,0.8350698839310979,-0.008181818181818179,1.945584412271565,1.227203369140597,-0.01027165148424763,0.05483810603618622
24.60000000000002,0.02105770750988123,1.341212024605696,-0.008181818181818179,-0.8485281374238482,1.183486938476491,-0.09375502860047064,0.020430229604244232
173.0,0.03534347826086959,3.0750767730175,-0.007272727272727098,-0.5999999999999943,1.139778137207003,-0.0625336985828911,0.03829255700111389
328.8,0.04969841897233207,3.615495132002906,-0.01181818181818173,0.6343145750507659,12.55745697021489,0.2491987893448936,0.16355372965335846
58.59999999999999,0.03888636363636377,1.069232265993108,-0.01090909090909087,1.897056274847721,29.1723556518554,0.2047644212065324,0.08439303189516068
-247.0,-0.06825968379446634,-2.20544547227469,0.01000000000000001,5.345584412271567,9.303359985351506,0.3562761065271739,0.15621283650398254
-177.4,-0.04912924901185778,-0.1612364980887975,-0.01000000000000001,3.779898987322326,23.82942199707028,0.2138867654935065,0.11446698009967804
-155.6,-0.02035533596837935,3.070920845822698,-0.01000000000000001,3.614213562373102,40.45890808105469,0.1192892685571784,0.11473483592271805
-137.4,-0.04218063241106729,-2.817876346432897,-0.0009090909090909705,-1.565685424949244,-23.27699279785159,-0.3547028596945369,-0.06658992916345596
137.6,0.004429446640316193,-0.9701387002205024,0.0,-0.6000000000000085,-16.17694091796872,-0.1687443967492302,-0.026881493628025055
154.0,-0.001911067193675842,0.08411376969270634,0.00363636363636366,-1.931370849898478,29.81361389160161,0.02221337090130748,0.0016691796481609344
4.0,0.03120652173913041,0.418153115573304,0.00545454545454549,-3.248528137423854,18.33765411376957,-0.5411810479651208,0.020134076476097107
-13.80000000000001,0.04166600790513852,0.06580916383889246,-0.00727272727272732,-1.062741699796952,29.31806182861324,-0.0648736159167751,0.04024545103311539
-26.80000000000001,-0.02325928853754944,-1.742272628676105,0.00545454545454549,2.165685424949224,-10.85841369628901,0.1923789193343947,0.006467711180448532
-231.6,-0.04641541501976265,-1.214741831768507,0.0,5.614213562373099,-26.4415283203125,0.2972655068742433,0.14284074306488037
-51.60000000000002,-0.05282569169960472,-3.481970114790897,0.004545454545454519,8.77401153701776,-15.92420959472659,0.3618035794262244,0.26033613085746765
-96.0,-0.06110652173913045,-2.173666568135502,-0.00363636363636366,7.394112549695429,-41.7098388671875,0.2162648121090683,0.191737562417984
-189.4,-0.05238537549407107,-1.965705892946403,0.004545454545454519,6.828427124746188,-7.100891113281193,0.4002868908742434,0.1612693965435028
-151.0,-0.05370592885375514,-1.507593018387595,-0.00363636363636366,8.89116882454314,-6.541305541992216,0.3196607669896548,0.2416020929813385
-115.6,-0.04777371541501974,-2.331807367828404,0.0,8.808326112068517,-13.68589782714849,0.4512045478285123,0.2596696615219116
-253.4,-0.0454332015810277,-1.5204205203257,0.0,11.95391052434009,-2.189453125,0.3711162185802361,0.2451496720314026
-239.4,-0.03814980237154153,-1.005136896543789,-0.002727272727272689,10.45685424949239,20.9930419921875,0.318196042563566,0.2659143805503845
177.6,-0.009476482213438664,-2.707006209201296,0.0,0.3999999999999986,-26.52738952636719,-0.08332759404498391,-0.013339977711439133
-28.80000000000001,0.02364367588932803,0.4602934051883949,0.004545454545454519,-3.56568542494923,26.51396942138669,-0.4517138093078607,0.01209188625216484
-240.8,-0.04526996047430842,-3.6457123543899,0.004545454545454519,6.228427124746197,-5.640243530273409,0.1299844246233752,0.15058255195617676
-151.4,-0.07152747035573137,-2.964375026870798,0.007272727272727431,6.559797974644663,10.31307983398432,0.2965597991575971,0.1701062172651291
-51.20000000000005,-0.05803498023715425,-3.044148376022903,0.001818181818181719,7.774011537017767,-2.296661376953097,0.28694026538901,0.2564128041267395
-83.19999999999999,-0.04124229249011846,-2.028988820658299,-0.0009090909090908594,5.379898987322328,14.991455078125,0.1882581761510059,0.15462113916873932
26.19999999999999,-0.04037450592885372,-3.338003650259694,0.00727272727272732,5.994112549695434,38.15940856933591,0.2286792823885876,0.14187073707580566
26.19999999999999,-0.04611067193675877,-1.957993380053594,0.00727272727272732,5.994112549695434,41.20277404785151,0.2307778886770973,0.14687363803386688
-151.0,-0.04512154150197634,-3.092812439341401,0.008181818181818179,6.676955262170043,62.11712646484378,0.1976453932216419,0.21699635684490204
-83.4,-0.02342924901185794,-1.863510194492804,0.0,9.60832611206851,53.92462158203128,0.08049054015075385,0.25950002670288086
148.6,0.008688735177865725,1.148489134113802,-0.0009090909090908594,1.96568542494925,16.46920776367192,-0.09727368296512084,0.05538269877433777
-24.19999999999999,-0.008581422924901161,0.2234550829109025,-0.004545454545454519,1.64852813742386,36.1943283081055,-0.1145360654170464,0.046781301498413086
171.6,-0.0007907114624505773,0.9266053248237966,0.007272727272727209,-2.46274169979695,26.6234130859375,-0.3653728365811983,0.016213998198509216
-38.39999999999998,-0.06140592885375507,-1.142578101670296,0.0009090909090909705,0.3656854249492483,-11.79636383056641,0.09964153233439471,-0.030030425637960434
-221.2,-0.06092569169960449,-1.619834615859901,0.0027272727272728,8.208326112068523,9.26171875,0.3189779216770973,0.26540979743003845
-109.0,-0.04623083003952577,-1.905054464373293,-0.0009090909090909705,7.194112549695429,20.52511596679682,0.2277478752847221,0.25766047835350037
-283.2,-0.06104328063241105,-1.422612865224991,0.007272727272727209,3.67695526217004,48.39471435546881,0.05741420281380749,0.0986279845237732
-327.8,-0.05539268774703565,-1.998795056918894,0.00727272727272732,5.662741699796964,43.96412658691412,0.2064091745259486,0.19321902096271515
-259.2,0.03630592885375505,-1.076570558382301,-0.0009090909090909705,3.4284271247462,-32.26683044433591,0.1742976751106985,0.12536391615867615
-123.4,0.02657351778656136,-0.9884275070040047,-0.004545454545454519,11.09116882454314,69.58198547363278,0.3010183449898912,0.24815915524959564
-58.0,0.02874762845849799,2.262560378877495,-0.01454545454545453,2.848528137423848,83.72523498535159,0.3808698273348416,0.033412348479032516
238.8,0.02735632411067201,1.176303021845996,0.002727272727272689,0.682842712474617,24.66008758544923,-0.007227505501590792,0.10269080102443695
168.4,0.01699229249011847,0.9776744096404002,0.0,1.248528137423861,44.37065124511716,-0.1993789393472271,0.06953887641429901
5.600000000000023,-0.02206739130434776,-0.1627517941897025,0.008181818181818179,-2.697056274847718,37.8059539794922,-0.4370004485740748,-0.015462744981050491
201.8,0.009917391304347878,0.09833095450170504,0.01000000000000001,-4.179898987322325,62.63400268554682,-0.3166706722968556,0.012757007032632828
-150.6,-0.04470474308300421,-1.866113815600002,-0.00818181818181829,6.945584412271568,0.9694671630859091,0.2739652481044517,0.2101702243089676
-141.6,-0.04118794466403131,-0.9802331158590079,0.00727272727272732,-2.014213562373101,48.9995956420899,-0.2368227590760104,-0.014499295502901077
-3.599999999999994,-0.01784090909090896,-2.444826213763406,-0.004545454545454519,8.725483399593909,24.1345520019531,0.2706438487807616,0.25214990973472595
-148.2,-0.01774920948616598,-1.96647055167449,-0.001818181818181941,7.559797974644674,39.0796203613281,0.3488469073612383,0.21304871141910553
-133.2,-0.01898557312252969,-3.391276598450702,-0.00545454545454549,9.3254833995939,35.85838317871091,0.09367107253678991,0.27729618549346924
-128.4,-0.02338320158102791,-2.648374971328892,-0.01000000000000001,4.262741699796937,33.61627197265631,0.2086081164959078,0.0929500013589859
-142.4,-0.02041581027668005,-2.522494865201494,-0.00545454545454549,5.345584412271574,48.07176208496091,0.1586493181476121,0.1508961021900177
-106.4,-0.01208300395256923,-2.233897089496097,-0.0009090909090908594,8.242640687119284,73.47897338867179,0.136484700176196,0.2526136636734009
-123.8,-0.002224901185770678,-1.986038537299095,-0.003636363636363771,5.897056274847714,70.74729919433591,0.11433389709805,0.15785937011241913
-162.0,0.0547247035573124,0.7373109729398948,-0.01363636363636356,7.842640687119278,83.26739501953122,0.4641580556155618,0.1965467482805252
-168.2,-0.0003466403162055709,2.687502462381204,-0.01363636363636367,2.931370849898471,98.91870880126949,0.3438844263231355,0.014319363981485367
-54.0,0.02176343873517794,1.739503145920395,-0.01454545454545453,5.262741699796958,95.67866516113278,0.3771880913348416,0.09925157576799393
84.39999999999998,0.09425079051383389,6.245279309015501,-0.01272727272727281,1.414213562373099,108.1760406494141,0.2639546461875248,0.1663658618927002
163.0,0.01377035573122531,-0.08327740270100037,0.0,1.600000000000001,27.70742797851558,0.001465147323776894,0.05411869287490845
-72.6,-0.01672055335968381,-0.4713012341820928,0.005454545454545379,0.1313708498984667,32.33588409423831,-0.1668791926183159,0.03710077702999115
29.40000000000001,-0.01401047430830038,-0.0820076692555034,0.003636363636363549,-0.4828427124746213,49.16238403320315,-0.4198991492968557,0.02050185576081276
34.40000000000003,-0.02367667984189725,-0.7285542256028918,0.007272727272727209,-1.365685424949241,55.98846435546875,-0.360958651215075,0.00488729402422905
4.199999999999989,-0.01354920948616611,-0.7041874369373033,-0.0009090909090908594,-1.965685424949235,37.4841613769532,0.1017926226506913,-0.002202823758125305
-12.20000000000005,-0.01609703557312259,-1.184566806337301,-0.00363636363636366,1.214213562373089,32.22784423828119,0.2198601388112372,0.03577631339430809
-88.20000000000005,-0.02798893280632431,-0.9409824182831983,0.00181818181818183,2.179898987322332,47.1465988159179,0.2493478573665847,0.03462037816643715
132.2,-0.02118023715415018,-1.857163820443091,-0.00363636363636366,3.965685424949228,49.8897323608398,0.0695326383015612,0.09850035607814789
-55.60000000000002,-0.006055928853754944,-1.771865221919811,-0.00545454545454549,6.711269837220801,46.88697814941409,0.112584700961696,0.19324538111686707
76.20000000000005,-0.01039209486165993,-1.431056565835206,-0.003636363636363771,5.697056274847711,61.31617736816409,0.1547235522608527,0.14745193719863892
147.6,-0.007967193675889161,-0.6740042597394904,0.001818181818181719,3.66274169979695,80.95117187499999,0.1199145083208045,0.07115603983402252
105.0,0.005314229249011815,-1.316132721889701,-0.00454545454545463,6.44264068711928,67.24150085449222,0.2683645013130995,0.1449652761220932
46.60000000000002,0.03666936758893258,-1.208339565069494,-0.00818181818181829,9.091168824543143,95.360580444336,0.2181899794753024,0.1946747750043869
39.40000000000003,0.04349387351778644,-0.4713273459903036,-0.00909090909090915,8.042640687119274,93.1065826416015,0.1862057551602864,0.18501612544059753
95.80000000000001,0.0598075098814228,4.727769434245502,-0.01181818181818184,-0.79999999999999,111.7223663330078,0.08339857930026268,0.0606095977127552
162.0,-0.006284584980236985,-0.07929970771770911,0.00363636363636366,1.848528137423855,23.84683990478516,-0.04792394224756991,0.05033935233950615
127.4,-0.007556324110671753,0.1774593368500916,-0.00545454545454549,1.565685424949237,35.63215637207034,-0.04398822421800974,0.03420688211917877
77.8,-0.01481185770750992,-0.03670783985090509,0.0,1.814213562373084,46.31199645996088,-0.09251651106504577,0.039969805628061295
-285.8,-0.06915098814229259,-1.452438395808798,-0.01090909090909087,2.897056274847714,10.64939880371089,-0.02934820656474901,0.06033669412136078
-202.4,-0.05964090909090936,-1.142602898158103,-0.006363636363636349,1.731370849898475,25.32337951660153,-0.4312694241529204,0.050003014504909515
36.19999999999993,-0.00519407114624526,-0.3558700926342055,-0.0127272727272727,5.228427124746183,18.5983505249023,-0.3090883198845081,0.140985906124115
43.40000000000003,0.009549999999999836,1.204865377571807,-0.0009090909090908594,-2.731370849898482,49.17021942138672,-0.5896903252106156,-0.007435530424118042
40.79999999999995,0.01136818181818189,0.2674127203518992,-0.00363636363636366,0.5514718625761397,44.453971862793,-0.1218609266889046,0.04961617663502693
15.79999999999995,0.007101976284584866,-0.7058508755410031,-0.001818181818181719,7.35979797464466,56.61476135253899,0.08276701478012316,0.20096901059150696
-11.19999999999999,0.03693517786561262,-1.022992350739599,-0.00454545454545463,5.979898987322329,65.83815002441399,-0.01625272678215423,0.16658687591552734
103.6,0.0348660079051385,0.06767453135680057,0.0,4.14558441227156,86.6970748901367,-0.007595849116567688,0.08929820358753204
107.2,0.05112173913043505,0.3123574280465107,-0.00545454545454549,5.262741699796951,85.21353912353511,-0.003080242344886575,0.17469120025634766
68.0,0.01762272727272729,1.3334097390903,0.00181818181818183,0.9171572875253773,13.04421234130859,-0.003869485247569915,0.07701849937438965
109.4,0.04838952569169974,1.367724272925599,0.003636363636363549,2.565685424949244,21.70389175415039,0.2223288187208706,0.0946776270866394
-165.0,-0.05710355731225292,-0.1617774217558008,-0.0009090909090909705,1.199999999999989,14.09120941162109,0.06328875457903427,0.01236068457365036
121.0,0.03260217391304354,1.333223013985105,0.002727272727272689,1.199999999999989,35.20119476318361,0.09894029115888558,0.08674551546573639
-99.0,-0.004422332015810326,-0.1057932621422992,0.00181818181818183,0.8828427124746199,36.46934509277341,0.1255627852044918,0.03750646859407425
-166.6,-0.05517964426877453,-1.374784029511702,-0.01363636363636356,6.945584412271572,10.4046249389648,0.4153181163110954,0.20525549352169037
-204.4,-0.06144367588932831,-1.358381748563502,-0.009090909090909038,2.531370849898479,24.58903503417973,0.173111080689651,0.02996533364057541
-137.0,-0.02904347826086962,-0.3880459723483938,-0.01636363636363636,6.476955262170051,18.64887237548831,0.2051693743965465,0.1587449014186859
-6.599999999999966,0.04080770750988139,-0.5214266937796026,-0.00454545454545463,2.414213562373089,68.84091949462889,0.0846092192632269,0.08588526397943497
123.4,0.02707865612648241,3.165302761093898,0.002727272727272689,2.214213562373097,8.863521575927734,0.2215618037208706,0.0842844694852829
26.60000000000002,0.0533069169960475,3.608062725575095,0.003636363636363549,4.511269837220809,15.0672378540039,0.2204895777789472,0.2008705735206604
58.0,-0.02555039525691705,2.085762503203597,0.003636363636363771,5.22842712474619,17.12056732177734,0.2005826241249309,0.14142385125160217
-118.6,-0.02572845849802352,-0.3705305912244086,0.00363636363636366,5.194112549695426,20.32666778564453,0.2848328525036804,0.1474064588546753
127.8,0.03553873517786588,1.492697790029197,0.0009090909090909705,2.614213562373095,41.21237945556642,0.1366905002777014,0.0902683287858963
-171.0,-0.01918774703557302,-0.9170280057104918,-0.01363636363636356,5.759797974644677,8.935913085937486,0.2823299392887002,0.1390935778617859
43.19999999999999,0.01194802371541503,0.7784214841268948,-0.00545454545454549,3.097056274847709,55.7826957702637,-0.05379112313964185,0.09371071308851242
-25.19999999999999,0.00400355731225277,-1.480389922518896,-0.02363636363636379,8.359797974644664,12.16862487792969,0.0607985905297671,0.19378799200057983
-96.99999999999997,0.001119762845849692,-0.8256720690718993,-0.01181818181818184,3.697056274847704,18.15930938720699,-0.04371810327739556,0.10403737425804138
108.4,0.01099446640316204,0.8254235126493938,-0.01727272727272733,7.759797974644659,8.92107391357419,0.06913777620936767,0.21898852288722992
-147.0,0.0227723320158103,1.077201322344692,0.0009090909090908594,1.779898987322333,0.9836807250976634,0.1632149665677372,0.06164200231432915
90.4,0.08745158102766792,2.482011042952607,0.00363636363636366,2.682842712474617,0.02816009521484375,0.2913898799471059,0.2657409906387329
63.0,0.0576662055335968,5.284269232569699,0.002727272727272689,1.682842712474617,11.70317077636719,0.08496258427687653,0.1689477264881134
7.399999999999977,0.02800079051383386,0.4733877897899958,0.00545454545454549,6.11126983722081,9.661186218261719,0.6734190462089473,0.1670835018157959
68.0,0.06535474308300382,2.283345116742694,0.00545454545454549,2.248528137423854,28.17774963378906,0.2332479382768765,0.176932692527771
-145.8,-0.01694565217391342,0.2932873190076037,0.00454545454545463,4.579898987322316,23.62443542480469,0.6130480959188316,0.1400594413280487
-141.2,0.002834584980237143,-1.061744108210306,-0.01272727272727259,3.779898987322326,1.771842956542983,0.2353578523236928,0.07964040338993073
-149.8,-0.0224432806324113,-0.8021466855010999,0.002727272727272689,5.594112549695431,33.87778472900389,0.4587378169528566,0.1498851329088211
113.4,0.02159920948616612,-0.682437341369706,-0.02090909090909099,6.159797974644668,11.2400207519532,0.2477952810923936,0.14769776165485382
119.6,0.02443577075098813,-0.2610313767796981,-0.01727272727272733,7.891168824543144,7.207603454589787,0.07079132420936773,0.2157125174999237
123.2,0.03884644268774717,-0.07247490716220284,-0.00727272727272732,2.979898987322329,24.44530487060547,-0.1537095357331819,0.08726730942726135
-15.19999999999999,0.02563952569169969,1.362652116144105,0.0027272727272728,1.56568542494923,2.62272644042968,0.1137913619471059,0.05204513669013977
-10.40000000000003,0.05499980237154167,4.385721727130104,0.002727272727272689,2.248528137423847,8.574012756347663,0.1848798168996225,0.14537537097930908
154.0,0.03844664031620548,2.254923285711598,0.008181818181818179,3.897056274847699,32.12741088867188,0.5301339779194612,0.13090384006500244
77.79999999999995,0.01494664031620518,-0.1002457537574912,-0.009090909090909038,4.945584412271558,14.73234558105466,0.2935062280149525,0.14256145060062408
140.0,0.05292193675889312,-0.2610313767796981,-0.01727272727272733,5.828427124746181,12.70870971679689,0.1593627754169177,0.15952268242835999
274.0,0.04581324110671936,-0.2044126793665129,-0.0154545454545455,6.159797974644651,7.207595825195298,0.1216698365110891,0.13830457627773285
0.0,0.0,-1.181662942540001,0.0,0.0,-1.85596847534179,-2.721045055942284e-10,-0.0035909749567508698
-97.39999999999999,-0.02712885375494056,0.1210871530578004,0.0009090909090908594,-2.131370849898481,3.878395080566413,-0.0394229829317318,-0.04120277240872383
-257.0,0.03314209486165998,-0.1400306064583106,-0.001818181818181941,-1.248528137423875,5.734363555908203,0.08875107166898827,0.04253578558564186
-10.60000000000001,-0.04684644268774707,-2.593167467064333,-0.005454545454545379,-0.7514718625761532,4.095314025878906,-0.08470831053329003,-0.016644880175590515
35.0,-0.0009166007905136997,-0.04266506621060273,0.002727272727272689,0.2828427124746327,4.917140960693345,0.05782709114611206,0.0071837157011032104
113.0,-0.03466976284584966,-0.6555566094367009,-0.001818181818181941,-1.31715728752539,7.590328216552727,-0.0800054000397401,-0.01856325939297676
23.60000000000001,-0.02941007905138338,-2.312034547166945,0.00545454545454549,-0.6828427124746099,-1.417522430419922,-0.2028259713232761,-0.02148103341460228
-8.599999999999994,-0.006116996047430656,-1.960740328674632,0.00454545454545463,-1.648528137423845,4.016685485839851,-0.2088973266703159,-0.011967793107032776
-291.2,-0.05367450592885381,-3.4648802889118,0.001818181818181719,2.482842712474618,-5.567901611328125,0.2441310393305972,0.008771553635597229
-204.2,0.00635059288537565,-1.178481570400891,0.002727272727272578,3.048528137423858,-5.10589599609375,0.0118029011191908,0.06833725422620773
-45.2,-0.005913241106719314,-0.2526160107136945,0.003636363636363549,-1.965685424949235,2.077491760253906,-0.06769525132327614,-0.01896033063530922
-377.6,-0.02662292490118578,-1.133730594436201,0.001818181818181941,1.848528137423862,-4.312240600585938,0.02066784681637457,0.0371255949139595
-271.6,-0.06019347826086929,1.386848084778691,0.007272727272727431,2.331370849898455,-5.429611206054688,-0.1312908020516334,0.014129798859357834
-222.4,0.007968379446640306,-0.603650307420196,-0.01454545454545453,2.76568542494924,-7.155036926269531,0.05405836670541242,0.028912527486681938
-287.2,-0.02473596837944658,-0.2656982008718956,-0.008181818181818068,-3.379898987322328,-12.74028015136719,-0.06130266742296953,-0.06020170450210571
-262.8,-0.001658498023715316,-0.3620068477421938,-0.0127272727272727,0.0,-22.26473236083984,0.08665285668146988,-0.008787870407104492
0.0,0.0,-1.210433961301106,0.0,0.0,0.7385940551757812,4.464484337773911e-11,0.014590751379728317
70.0,0.00901007905138329,-0.9167593761009982,0.0,-0.1656854249492454,4.095317840576172,0.01138307755547385,0.0004974305629730225
8.600000000000009,0.03555731225296455,-1.13163493394751,-0.003636363636363549,-0.5999999999999943,8.190635681152344,0.0004257786411497877,0.058039646595716476
11.2,0.01691324110671955,-0.3712612995089017,-0.00636363636363646,-0.8828427124746199,10.64690399169923,0.1150020424313025,0.03865420073270798
30.0,0.006224110671936622,-1.266080631023499,0.001818181818181719,-2.379898987322328,10.26812362670898,-0.1223350600282085,-0.013000361621379852
-169.2,-0.08287529644268765,-2.850167964169501,-0.00454545454545463,-0.6343145750507446,-7.700454711914062,-0.1883637744517375,-0.09076428413391113
-425.6,-0.1001229249011855,-0.9035036105693024,0.00818181818181829,-0.9313708498984639,-8.347885131835938,-0.2186699590392098,-0.07102896273136139
-375.0,-0.08735652173913055,-1.2018308400135,-0.007272727272727098,-1.88284271247462,-5.299247741699219,-0.2078326306241506,-0.12854814529418945
-341.2,-0.07845158102766803,-0.6002822566183994,-0.002727272727272689,-3.648528137423845,-6.912101745605469,-0.1721702716241506,-0.11664116382598877
-336.0,-0.06060098814229242,0.2731221085583968,-0.01000000000000001,-2.33137084989847,-16.00234985351562,0.00901828844455499,-0.0637473464012146
-174.6,0.0,-0.423196867991706,0.004545454545454519,0.1656854249492312,0.438446044921875,3.884611521343118e-10,0.02230290323495865
-88.0,-0.0407954545454543,-3.2738203867099,-0.001818181818181719,-0.117157287525373,5.272357940673828,0.1389335093815358,-0.013509277254343033
26.0,-0.004880632411067176,-1.83496183094671,0.001818181818181941,0.4828427124746142,8.62907409667968,0.0810170241537842,0.023892756551504135
-58.8,-0.001400592885375529,-2.022020777253999,0.01363636363636367,-2.414213562373106,-1.764801025390625,-0.04659423421899556,-0.0317639522254467
-208.8,-0.1166355731225296,-4.280370923366306,0.0,-2.614213562373095,-9.825080871582031,-0.1126276472841178,-0.11321388185024261
-212.0,-0.08369861660079059,-1.666664181296099,0.004545454545454519,-1.814213562373091,-5.022666931152344,0.04551544857799072,-0.12470661103725433
-127.2,-0.05353517786561268,0.3122914834141994,-0.00363636363636366,-4.097056274847695,-15.24109649658203,-0.01682091148262455,-0.10198874771595001
60.60000000000001,-0.02117964426877472,0.2944584789116078,0.006363636363636349,-0.1656854249492312,0.2765884399414062,-0.05577792983493601,0.010316673666238785
-46.59999999999999,-0.05006403162055328,-1.069645397600397,0.006363636363636349,2.014213562373101,-3.680435180664062,-0.07301905048631341,0.008856993168592453
-376.2,-0.1219126482213437,-5.998791353418142,-0.004545454545454519,-1.048528137423858,-8.407554626464844,0.1105677117203729,-0.11643288284540176
-340.6,-0.07178913043478252,-6.373578275046242,-0.009090909090909038,-3.165685424949231,-6.744941711425781,-2.71132841178634e-05,-0.11295375972986221
-343.8,-0.02071877470355754,-5.333574586424803,-0.004545454545454519,-3.014213562373087,-5.082328796386719,0.06065275114745317,-0.052272405475378036
28.2,-0.03633893280632416,-1.293298713591795,0.00727272727272732,2.248528137423868,4.071746826171875,-0.08225935557395436,0.00922725722193718
-408.6,-0.1050806324110672,-1.841158292515104,0.0027272727272728,-0.7171572875253744,-11.13247680664062,0.1153888672729591,-0.08494748920202255
-315.4,-0.1169996047430831,-3.447533926546399,0.001818181818181941,-0.4828427124746213,-10.23202514648438,0.1030457306754193,-0.07530684024095535
-138.8,-0.08056541501976289,-3.884086150337197,0.0009090909090909705,-1.165685424949238,-8.269264221191406,0.1190039928138497,-0.12714368104934692
-40.60000000000002,-0.01846067193675893,-3.513530163674901,0.002727272727272689,-1.64852813742386,-7.368812561035156,0.109479318720373,-0.023098919540643692
-385.4,-0.0646393280632408,-1.097280790549988,0.001818181818181941,-0.6828427124746099,-8.376052856445312,0.2629898622993894,-0.04146189987659454
-349.0,-0.082729446640316,-3.633665179513002,-0.003636363636363549,-1.965685424949235,-10.07015991210938,-0.09522820769331775,-0.10784575343132019
-316.6,-0.06821600790513827,-3.049099306712407,-0.001818181818181719,-1.848528137423862,-9.169715881347656,-0.348581918399993,-0.06064389646053314
-117.6,-0.02727411067193675,-3.247832483810612,-0.00727272727272732,-0.9656854249492355,-3.388221740722656,0.03132907471588209,-0.04144738242030144
-297.2,-0.04188280632411057,-1.573162649394305,0.002727272727272689,-2.448528137423871,-7.313743591308594,-0.07947027525829631,-0.0387999527156353
-376.8,-0.04188280632411057,-0.2678824584274935,0.003636363636363549,-1.379898987322342,-9.438362121582031,-0.07947027525829631,-0.0311838760972023
-346.2,-0.05444841897233199,-0.7924007147546916,-0.004545454545454519,-1.848528137423848,-4.750679016113281,-0.1620193969085841,-0.03318847715854645
-7.0,-0.02366146245059286,-0.8708001940186989,-0.00727272727272732,-2.979898987322343,-4.150382995605469,-0.03178264991699997,-0.06181498244404793
27.59999999999997,0.01855138339920959,-0.5031475349733512,0.01000000000000001,-0.8828427124746199,31.63130378723144,0.06849952283887484,0.04557007551193237
31.40000000000001,-0.03183774703557307,-3.911713176816804,0.00818181818181829,2.082842712474623,-3.893527984619141,-0.08945297749034559,0.006751637905836105
11.19999999999999,-0.02706324110671932,-1.486540057940104,0.0027272727272728,3.262741699796948,-18.27345275878906,-0.0315963442856842,0.033514924347400665
-15.66666666666663,-0.02181772575250851,7.534037810971242,-0.003846153846153832,-0.9428090415820662,-44.85302734375,-0.0879240446129888,-0.007476869970560074
228.1666666666666,0.07296287625418074,-5.150415304633,-0.1561538461538459,-2.81658248943527,6.446456909179688,0.1711081058786157,0.16532686352729797
187.6,0.08539403521379807,-8.70931910929771,0.1318181818181814,-3.262741699796955,-36.22443771362305,0.3560753203333695,0.3027946650981903
111.0,0.07440956701401347,7.553833700548779,0.08545454545454545,-6.076955262170046,-92.34737396240234,0.01651793077525643,0.10150061547756195
-128.0,0.04802695652173905,4.61748629601361,-0.05133333333333323,-5.299831645537218,-141.3135473728179,-0.3990664131787984,-0.10390233248472214
189.3333333333334,0.03371869565217389,4.156075602015306,-0.02666666666666651,0.1666666666666714,-113.4789276123047,-0.1372139455383082,0.08421248942613602
-154.4,-0.02376541501976304,-0.4429349454647991,0.00636363636363646,-0.3656854249492341,-8.003065109252933,0.0550504031827298,-0.012286841869354248
-84.0,-0.0310899209486164,-0.8336088909380948,0.00909090909090926,-1.448528137423864,-23.10601902008056,0.03447581640852965,-0.047400686889886856
18.79999999999995,-0.006143873517786669,-1.03786953149239,-0.008181818181818068,-2.46274169979695,-23.12541437149048,-0.073966250085159,-0.05717388913035393
-127.2,-0.01026205533596802,-2.700916073207793,0.01181818181818184,-2.282842712474626,-23.33522891998291,0.0321975251596624,-0.0463162325322628
148.6,-0.01155316205533585,-2.341524287382995,-0.01818181818181808,0.8485281374238625,-15.56710481643676,-0.0825358933841685,-0.02147030085325241
-10.79999999999995,-0.002538142292490053,-0.1907800071005994,0.01181818181818184,-0.5313708498984759,0.0,-0.03795877043803947,0.005653295665979385
-21.39999999999998,-0.01134881422924905,-2.441981318255898,0.001818181818181941,-3.34558441227157,-8.23227500915527,-0.1131091458949623,-0.05772712081670761
34.20000000000005,-0.011575494071146,-3.647541144176998,0.00909090909090915,-2.482842712474621,-31.22765159606933,-0.1472959599764411,-0.04365098476409912
-60.59999999999997,0.02346996047430838,-0.6866711204646947,0.03636363636363649,1.517157287525379,-21.9599723815918,-0.07941238675602091,0.08475624024868011
20.60000000000002,-0.00647055335968405,-0.4591038586889056,-0.008181818181818179,-2.697056274847711,-0.7070236206054688,-0.3185642296225023,-0.05651266500353813
-140.8,-0.01597826086956533,-1.523884365934691,0.00909090909090926,-5.11126983722081,-16.07224273681641,-0.2142600943762913,-0.06196525692939758
59.60000000000002,-0.02145237154150192,-2.741765943663793,-0.0027272727272728,-2.965685424949235,-23.9671049118042,-0.2907513787776302,-0.061629265546798706
-198.4,-0.02097391304347818,-0.9684416074574926,0.01363636363636378,-3.662741699796946,-24.12519454956055,0.06473209999783469,-0.04928693175315857
-259.0,0.006754743083003945,-1.742716792491294,0.0009090909090907484,-5.145584412271567,-8.76186752319336,-0.2138036861868808,-0.0751885399222374
47.60000000000002,0.03111422924901208,1.743148202364154,-0.01636363636363591,0.2142135623730894,0.0,-0.03888267438837789,0.04074958711862564
118.4,0.03455592885375491,3.337792075805893,-0.02909090909090883,1.365685424949234,0.0,-0.01543011552862666,0.04947064071893692
103.2,0.02876324110671935,4.411878207627794,-0.03181818181818197,3.428427124746193,0.0,-0.08026610695781738,0.10193003714084625
250.6,0.02876324110671935,5.393192047584904,-0.03272727272727294,-0.2142135623730894,0.0,-0.08026610695781738,0.09634040296077728
321.4,0.1267729249011857,11.92155152686118,-0.030909090909091,-0.5999999999999943,0.0,0.2074630059015392,0.3175463378429413
282.8,0.102044071146245,9.39192295802465,-0.030909090909091,0.0828427124746085,0.0,0.05814433782324172,0.2802400588989258
197.2,0.01376442687747037,4.144199875638961,-0.008181818181818956,0.2686291501015177,0.0,0.01158665357948346,0.0541536808013916
261.2,0.04551857707509877,6.336993636388925,-0.01363636363636411,1.765685424949233,0.0,0.0692765975545993,0.13636931777000427
62.80000000000001,0.05145553359683774,7.833546869377997,-0.008181818181817846,0.5656854249492369,0.0,0.1546508112032801,0.12213271856307983
193.2,0.129211067193676,14.05312793334335,-0.01636363636363702,1.579898987322331,0.0,0.2298178468228904,0.3001348376274109
72.60000000000002,0.05909387351778661,11.97543278077686,-0.01272727272727292,-0.1656854249492525,0.0,-0.03844933673800732,0.14689241349697113
333.6,0.1200675889328062,15.25156774009196,-0.01909090909090883,2.048528137423851,0.0,0.2555932298228904,0.3356771171092987
214.0,0.04492404891304347,2.385261596021806,0.05062499999999992,0.735702260395513,-2.026123046875,0.05592257102175047,0.12062536180019379
234.5,0.0873745923913043,1.036438440956005,0.02499999999999991,-0.3165824894352696,15.76643371582028,-0.09890672396256273,0.3469075858592987
37.66666666666669,-0.005779503105590167,0.0,0.005000000000000004,-0.6952621458756312,-4.18377685546875,-0.1354535682241574,-0.018083933740854263
133.1666666666666,0.01502127329192526,0.03815038132839277,0.00928571428571423,-0.06903559372885582,-4.597213745117188,0.08072850143626648,0.021509170532226562
94.83333333333337,0.006246739130434498,0.2313592293172917,0.0257142857142858,-1.080880229039757,-13.53131103515625,0.04228329891483257,-0.01589781790971756
0.5,0.02342158385093163,0.8409920201994936,0.03785714285714292,-2.954653676892967,-26.42760848999023,0.06728244943626649,0.03139655292034149
35.66666666666663,0.02561475155279502,0.7640366355554988,0.05285714285714294,-3.78798701022631,-27.08979415893554,-0.0159314436296949,0.07510139793157578
53.33333333333331,-0.003755745341614825,1.121484366575501,0.05928571428571427,-4.857022603955159,-31.13916778564452,-0.1629374052637836,0.012683693319559097
-111.8333333333333,0.005463509316770088,-0.04455292682160916,0.007142857142857006,0.5,-4.43048095703125,0.04674961294435964,0.005769047886133194
0.0,0.0,0.1587181973244043,0.0,0.0,-4.43048095703125,-2.237201535137956e-10,-0.001608278602361679
80.16666666666663,-0.002668478260869356,0.1587181973244043,0.02285714285714269,-2.276142374915388,-12.80350494384766,-0.1377246575322898,-0.031765516847372055
147.0,0.006127484472049471,0.3763586805384023,0.03214285714285714,-1.304737854124369,-21.08087921142578,0.1353435553797522,-0.013307224959135056
20.83333333333331,0.00965822981366482,0.688273627713599,0.04714285714285715,-0.1380711874576974,-26.97345733642578,0.1485607733444126,0.048330649733543396
127.6666666666666,0.01975621118012405,0.9621783006609945,0.05500000000000005,0.5690355937288487,-35.93273162841796,0.2557106752364054,0.15251825749874115
-24.33333333333331,0.0323538819875776,2.317761213835297,0.05500000000000005,-0.5,-35.17494583129883,0.05160632055211467,0.13918359577655792
114.9999999999999,0.01357003105590038,1.864248224169899,0.07071428571428562,-1.861928812542303,-40.60751724243164,0.01465686155211465,0.10275685042142868
63.0,0.04841180124223599,8.898619073672393,-0.02357142857142858,-1.747546895706421,31.60878944396973,0.3068454496668698,0.14927950501441956
248.8333333333333,0.03322313664596255,6.635797457848568,-0.01357142857142857,1.37377344785321,13.77291679382324,0.3481873545169002,0.19513268768787384
-47.0,0.00574208074534166,5.681537132994279,-0.01142857142857145,0.1380711874576832,13.49899291992187,0.2564793181173626,0.056381095200777054
-40.83333333333331,0.02192810559006197,-0.03387981114200045,-0.01071428571428568,0.7357022603955059,-5.112373352050781,-0.02508534624261993,0.024626653641462326
-198.3333333333333,0.01815108695652157,0.164799802648389,0.01071428571428568,-0.4714045207910402,-10.22475433349609,0.1758237161349155,0.019247286021709442
165.1666666666667,0.01060885093167685,0.3202910590392065,0.03214285714285714,-3.66176045807952,-17.28980255126953,0.02068595298461118,-0.015287347137928009
151.0000000000001,-0.008653416149068227,0.0786998847383984,0.0428571428571427,-2.402368927062177,-24.95574951171875,0.1425030084514527,-0.02047428861260414
-40.16666666666663,0.02375015527950319,0.4836905526639015,0.01571428571428568,-0.8451779686442507,-20.40895080566406,0.2431972252050304,0.0019933022558689117
17.16666666666669,-0.0005717391304347341,0.2901105239689059,0.06642857142857139,-0.2761423749154019,-33.68154907226562,0.3308029383444127,0.07604068517684937
21.83333333333331,0.03811413043478251,1.1917223474493,0.008571428571428563,3.78798701022631,-25.13639068603516,0.3006995605869984,0.10782401263713837
-131.8333333333333,0.01579052795031077,0.9178396534910007,0.07785714285714285,-0.9428090415820733,-45.47402572631836,0.3929668011870915,0.12605123221874237
150.6666666666666,0.07388649068322994,13.92073896834637,-0.02714285714285714,-0.776142374915409,32.7911491394043,0.2584816758653178,0.27711939811706543
24.33333333333331,0.0360633540372669,12.54109150659519,-0.01857142857142868,-0.264297739604487,34.10127639770507,0.2740605788343711,0.18324032425880432
99.5,0.06402779503105616,12.52245353009701,-0.01642857142857135,-0.2071067811865461,28.23983383178711,0.1587942637282171,0.23501940071582794
159.8333333333334,0.04270822981366473,8.662311624275716,-0.01857142857142857,-0.6094757082487376,25.48701095581055,0.1527007917566569,0.19195906817913055
255.0,0.03648307453416166,7.733905603142418,-0.01571428571428579,1.55228474983079,26.52321529388427,0.2486052033383322,0.22975417971611023
169.5,0.04035326086956526,3.818478464308214,-0.0149999999999999,1.011844635310908,26.52321338653564,0.2820235993111005,0.09152507781982422
74.8333333333334,0.03105683229813672,1.390821590200304,-0.01428571428571412,0.6380711874576974,26.52321434020996,0.1944984512557626,0.06739982217550278
239.8333333333333,0.01960885093167697,0.8961664156802414,-0.006428571428571339,0.0,22.73418426513672,0.3171276210172,0.08536586165428162
22.83333333333331,-0.04949782608695641,-7.972843268249903,0.09071428571428564,-1.873773447853218,-79.56634712219241,-0.1299294968869599,-0.04238726571202278
107.0,-0.002686024844720469,-0.4979001293943099,0.01571428571428568,-1.471404520791026,-11.58853912353516,-0.02728955479496964,-0.025357965379953384
-53.5,0.004905745341615031,-0.3439038960380998,0.02357142857142869,-1.902368927062177,-24.66392517089844,-0.1675689161506373,-0.017087019979953766
33.33333333333331,0.01361568322981366,-0.0792463636198022,0.02499999999999991,-0.7642977396044799,-27.48451995849609,0.03205583792658051,0.0250760056078434
148.6666666666667,0.007500931677018707,0.2319013200444999,0.06571428571428561,-1.735702260395506,-32.89358139038086,0.1443016258424682,0.060832343995571136
22.83333333333337,-0.01554347826086977,0.1391226932136078,0.07499999999999996,-0.3333333333333286,-36.8745231628418,0.3536624992004216,0.08897729963064194
76.0,-0.006168633540372559,-0.3785690976185947,0.04428571428571437,1.707106781186539,-45.90409469604494,0.1001842288493626,0.07240837067365646
-40.83333333333331,-0.004223136645962855,-0.1625147651568994,0.0992857142857142,2.040440114519875,-47.43725967407227,0.2091023246908122,0.09276736527681351
24.33333333333331,0.02777298136645956,0.6402532196843964,0.08214285714285707,0.3333333333333286,-52.44289016723629,0.3797059535942636,0.18471969664096832
-45.16666666666669,0.01468602484472037,1.804070965511798,0.08285714285714296,-0.7357022603955201,-57.3392066955567,0.2149885176442355,0.14518815279006958
-48.16666666666669,-0.01477468944099369,1.624764766521892,0.07857142857142863,-0.971404520791026,-55.43537902832033,0.05630073001921165,0.0719190388917923
-139.0,-0.01553773291925442,0.3464326480856954,0.08857142857142863,0.1094757082487376,-64.930908203125,-0.1124977056971558,0.09976176172494888
-123.5,-0.01831024844720497,-0.8111855191280029,0.1078571428571429,-0.2357022603955201,-68.22363281249999,-0.06617712215939187,0.07158776372671127
-173.5,-0.05508726708074541,-3.986026054155801,0.1085714285714285,1.499999999999986,-66.24985504150385,-0.2549323350290533,0.032685089856386185
-86.83333333333337,-0.02800295031055899,-3.082333613294679,0.1035714285714285,0.7357022603955201,-79.81105804443364,-0.2675945959890891,0.06405733525753021
-26.33333333333331,-0.05161878881987603,-6.215961450315476,0.1207142857142857,-0.3047378541243617,-76.59653663635254,-0.3027715196091916,0.031214244663715363
-175.5,-0.04594456521739121,-4.108959458366272,0.1007142857142858,-1.914213562373099,-91.73758888244632,-0.3768498005634812,-0.016932189464569092
103.5,0.02298260869565261,4.075648494123314,0.01000000000000001,-2.942809041582066,16.81212425231934,0.066821797149062,0.04780247434973717
36.0,0.01157748447204976,6.465433824123252,0.01500000000000001,-2.845177968644251,9.781909942626953,0.08892704783697575,0.0525253489613533
-176.8333333333334,-0.06021832298136653,-8.600499809313703,0.1357142857142857,-1.264297739604494,-100.1987047195434,-0.2082538351593918,-0.06246365234255791
-87.33333333333331,-0.005194565217391256,-0.3058170740757902,0.01357142857142846,-3.064129385141687,-28.86805725097656,0.07811909333462164,-0.06063610687851906
207.8333333333333,-0.001622670807453375,-0.3058170740757902,0.03071428571428569,-0.6666666666666643,-41.9462776184082,0.2605364369918185,0.018245819956064224
26.16666666666669,-0.01108338509316753,-0.464987142541105,0.05642857142857138,-0.3047378541243688,-47.79114532470702,0.265429027849531,0.05168622359633446
41.83333333333331,-0.0289843167701862,-1.327646711125993,0.05285714285714294,3.885618083164125,-49.42243957519529,0.1605791243913443,0.11364719271659851
-1.833333333333314,-0.02717267080745334,-1.879288734950805,0.06071428571428561,3.121320343559631,-54.27350997924803,0.04343453316348778,0.1366093009710312
-117.1666666666667,-0.04275527950310565,-1.718655947757398,0.03785714285714292,3.385618083164125,-43.98152923583985,0.4213424124608288,0.05457400530576706
5.5,-0.05631335403726712,-2.833203032042803,0.05142857142857149,2.414213562373092,-53.18358612060548,0.3354404304560665,0.017355717718601227
-93.33333333333331,-0.05040714285714309,-2.880618591854301,0.09142857142857141,0.3333333333333286,-62.36576080322266,0.00850080813543641,0.02466581016778946
-63.83333333333331,-0.05652018633540379,-4.530640125208905,0.0764285714285714,1.609475708248723,-68.98639297485349,-0.03990858683651222,0.04998611658811569
-133.5,-0.07518322981366454,-6.097773532399529,0.09285714285714286,3.207106781186553,-68.04318618774417,0.07842549059481485,0.064719557762146
-136.1666666666667,-0.03171894409937903,-6.55772444506465,0.1135714285714287,0.2357022603955201,-78.6329116821289,-0.08880441341079237,0.023597190156579018
-162.8333333333334,-0.0679004658385094,-7.790425131893699,0.05285714285714294,-0.3619288125423097,-56.31878089904785,-0.4597276008537515,-0.04227859526872635
-83.33333333333331,-0.03203245341614891,-4.983797645568842,0.1164285714285714,1.235702260395513,-89.32969474792475,-0.04674829460052732,0.11700643599033356
-117.3333333333333,-0.06890000000000007,-7.313881451557535,0.1285714285714286,-1.276142374915402,-84.82025146484376,-0.4807956368217172,-0.028376881033182144
-93.33333333333331,-0.06377484472049677,-9.01330458042564,0.1299999999999999,-3.483249156101948,-94.1532411575317,-0.08059958881454865,-0.0973188579082489
-122.5,-0.05366319875776404,-10.28500536722896,0.1328571428571427,-0.5976310729378227,-101.2697439193726,0.1674732430885484,-0.04267728701233864
-202.1666666666666,-0.1117136645962734,-14.79921333380439,0.07500000000000007,-4.89746271847504,-85.3817310333252,-0.08540144141386907,-0.2046477049589157
62.1666666666666,-0.02680326086956519,-9.093197694961262,0.05785714285714294,3.730796051808365,5.778445720672607,0.237326827826504,0.08093732595443726
-141.3333333333333,-0.03799968944099386,-9.989853729232124,0.05714285714285705,2.402368927062184,2.537263154983521,0.2047511895662627,-0.06957356631755829
92.83333333333331,-0.01025341614906838,-7.936794418087857,0.05142857142857138,7.064129385141698,2.537263154983521,0.29499352871766,0.2074260711669922
25.16666666666669,-0.02555931677018619,-3.46299542681291,0.05142857142857138,4.897462718475051,0.0,0.3744953392109514,0.12827877700328827
34.83333333333331,-0.03450015527950312,-4.635111407145345,0.05285714285714294,4.857022603955173,0.0,0.264207473586219,0.11278332024812698
87.5,-0.009711335403726595,-1.150362725977502,0.0385714285714287,-1.138071187457705,-35.30410003662115,-0.003874096008181505,0.0011170916259288788
-30.83333333333337,-0.02725714285714298,-1.296026285553197,0.05357142857142871,-2.926058197684,-42.77407073974607,-0.1036985316568851,-0.015387732535600662
-78.16666666666669,-0.03346863354037277,-1.120671152650999,0.0357142857142857,-3.402368927062184,-46.38467788696293,0.2946521224093884,-0.040791966021060944
86.5,-0.02791397515527938,-1.174587096140399,0.04928571428571427,-1.511844635310915,-51.95456695556645,0.3241829957464933,-0.01762934774160385
38.66666666666669,-0.03786319875776389,-2.064043895530702,0.07999999999999996,2.718951416497461,-57.1202697753906,0.1633936937474042,0.05726248398423195
129.6666666666667,-0.0363813664596272,-2.723059779932512,0.07428571428571418,1.873773447853225,-60.11019897460935,0.02357933088821873,0.061302877962589264
-53.5,-0.03974689440993817,-2.278214281488005,0.06500000000000006,2.609475708248716,-69.5057067871094,0.1493881540729848,0.0796303004026413
-104.6666666666666,-0.05176149068322988,-2.573309503779399,0.05428571428571427,-1.109475708248745,-51.46427154541016,0.03317204494578818,-0.05946062505245209
-0.8333333333333144,-0.1029559006211178,-3.995161780758096,0.05571428571428572,-1.471404520791026,-49.73683929443359,-0.0603291620685521,-0.11483357846736908
-93.83333333333331,-0.1155333850931678,-4.267861392466699,0.05500000000000005,-2.580880229039749,-42.69712066650391,-0.1591081092519113,-0.11242452263832092
-152.3333333333333,-0.06126242236024848,-5.920406592311835,0.04642857142857149,-0.3619288125423097,-43.75271606445312,-0.1739272782646423,-0.039005082100629807
-42.83333333333331,-0.0773364906832299,-6.645604747633655,0.04571428571428571,-1.402368927062177,-36.09230041503906,-0.2769684850394837,-0.08478079736232758
-11.0,-0.09692251552795028,-6.800995049062848,0.0764285714285714,-2.276142374915402,-72.83293914794925,-0.0827603268994247,-0.08060447871685028
-53.5,-0.07319487577639772,-6.159593029238835,0.112857142857143,-0.3047378541243759,-78.3421478271484,-0.0402290831696297,-0.02494901418685913
-126.3333333333334,-0.03193835403726686,-4.351282026172541,0.1214285714285713,-2.845177968644244,-82.13702392578125,-0.1814981781507864,-0.012871619313955307
-47.33333333333337,-0.08808757763975139,-6.191440977315139,0.1135714285714287,2.304737854124362,-87.2656478881836,0.06450563894593703,0.029597274959087372
-141.6666666666667,-0.06827500000000009,-6.390187203805638,0.06071428571428572,-5.368867239266073,-59.75796508789062,-0.3180573472270531,-0.12733778357505798
6.5,-0.0769715838509315,-8.167246729608152,0.05428571428571438,-2.442809041582059,-60.81356048583984,-0.2578101330251401,-0.11890372633934021
-157.5,-0.1108854037267081,-10.28676149253855,0.1328571428571427,-3.414213562373092,-95.83335113525395,-0.2104559571523342,-0.15623262524604797
-71.6666666666666,-0.09565791925465827,-15.31771758115813,0.06000000000000005,-1.247546895706442,-55.72927093505859,0.1036532685457163,-0.15204587578773499
-116.3333333333333,-0.08158229813664608,-16.59445062901317,0.1357142857142857,-1.971404520791033,-103.9819407463074,-0.3053516034136033,-0.2016407698392868
-104.8333333333334,-0.05437034161490695,-16.17744463153836,0.05928571428571427,5.759391531017332,2.340576648712158,0.2891295123822524,-0.0003559216856956482
-25.33333333333337,-0.03162406832298137,-13.74497651599226,0.05571428571428561,7.995093791412852,2.340576648712158,0.22754718471766,0.19938233494758606
25.5,-0.0599354037267078,-5.454431415091236,0.05499999999999994,6.799831645537218,0.0,0.1889317433437225,0.17176766693592072
-74.83333333333331,-0.05798757763975149,-4.476222157273639,0.05428571428571438,5.759391531017339,0.0,0.1332059333463907,0.09129584580659866
-90.0,-0.03917329192546581,-2.028372410556997,0.08285714285714274,-3.011844635310908,-55.75220108032222,-0.2478065012408891,-0.03555262088775635
-66.0,-0.03763291925465817,-1.487917896075004,0.06571428571428573,1.747546895706442,-59.22229003906244,-0.01742924582539673,0.04761993885040283
-43.83333333333331,-0.04789736024844704,-1.846213987802699,0.07857142857142863,1.569035593728849,-63.350341796875,-0.1146183000057632,0.0682886466383934
-12.66666666666669,-0.06210015527950308,-1.496308863266293,0.06928571428571417,-1.735702260395513,-51.85230255126953,-0.03392667043987652,-0.02282867580652237
-118.0,-0.09496739130434784,-1.662825339354299,0.06142857142857139,-1.304737854124376,-45.01948547363281,-0.1102268012519113,-0.10421067476272583
-95.83333333333331,-0.08978447204968953,-0.8500605785522879,0.0714285714285714,-2.707106781186546,-67.24111175537105,0.03488100701021879,-0.10571610927581787
15.0,-0.08359689440993812,-2.507357259849499,0.05428571428571427,-3.885618083164132,-46.281982421875,-0.0741045993766477,-0.10058343410491943
54.33333333333331,-0.09310434782608701,-1.783088613877396,0.08571428571428574,-2.649915822768612,-71.5446701049805,0.08697281426113723,-0.08451002836227417
-55.5,-0.08986863354037267,-3.643651603304292,0.1035714285714286,1.902368927062177,-72.19295501708984,0.3311774846903557,-0.019508540630340576
-30.66666666666669,-0.07888493788819895,-3.628145138479596,0.105,-2.247546895706421,-80.1722183227539,0.2559694423250455,-0.10769737511873245
9.833333333333314,-0.04823524844720473,-3.442688083732506,0.06999999999999995,-5.828427124746192,-56.51426696777344,-0.071416813447582,-0.033901646733284
-48.5,-0.05805465838509305,-1.766765134566,0.07999999999999996,-6.104569499661586,-69.7407455444336,-0.07263012957728188,-0.07801997661590576
-19.66666666666669,-0.05455481366459636,-2.348775697312405,0.0614285714285715,-3.942809041582059,-60.76669311523438,0.002831982576598557,-0.06180213764309883
41.83333333333331,-0.05663198757763988,-2.160665103810203,0.06428571428571428,-2.718951416497447,-52.89937591552734,0.1296918114406225,-0.03507237508893013
-126.3333333333334,-0.0575431677018633,-1.646916695378209,0.05428571428571427,1.218951416497454,-46.75948333740234,0.1201480385663694,-0.005722634494304657
-111.6666666666666,-0.06318478260869564,-3.743826644631099,0.08214285714285707,-4.259391531017336,-91.5232162475586,-0.0881494464646696,-0.043150369077920914
65.16666666666669,-0.014575,-4.690218926994234,0.1349999999999999,-0.9309644062711442,-101.1955032348633,0.2374151609507339,0.06461362540721893
-85.33333333333337,-0.0733531055900618,-11.73455119996869,0.09714285714285709,-5.202200572599402,-98.8167037963867,-0.1061572214398765,-0.14687049388885498
-161.8333333333334,-0.09457934782608679,-17.43649804447892,0.1114285714285714,0.247546895706428,-112.1939539909363,-0.2532184752408891,-0.11634239554405212
-40.33333333333329,-0.05963074534161494,-16.09098699335142,0.06857142857142862,8.145009614181458,2.340576648712158,0.1745315922207622,0.15857654809951782
-51.83333333333329,-0.07256428571428564,-17.15536414389972,0.06071428571428572,6.437902832994908,2.340576648712158,0.1018693713437225,0.072420135140419
-31.66666666666669,-0.09151940993788821,-12.93942344896625,0.06142857142857139,9.116414134972509,0.0,0.3047925622192253,0.19041860103607178
-39.33333333333331,-0.09845667701863325,-4.999177094410555,0.05999999999999994,9.783080801639162,0.0,0.4209509106434419,0.24477046728134155
32.83333333333337,-0.09039953416149082,-4.144392746608489,0.06071428571428561,12.57106781186547,0.0,0.4962233879513895,0.20778913795948029
104.0,-0.09875574534161491,-7.48268607204281,0.07714285714285718,9.478342947514804,0.0,0.603549652392825,0.17460086941719055
57.33333333333331,-0.02483354037267105,0.1756697306198021,0.06571428571428573,-3.661760458079534,-35.23187255859379,0.1534055046160728,0.017055202275514603
-42.16666666666663,-0.05051599378881988,-1.994177317987109,0.07999999999999996,-1.926058197683997,-59.24849319458008,-0.1158658815012641,-0.020058568567037582
-7.0,-0.03434767080745338,-2.210146671852613,0.0685714285714284,-4.55228474983079,-62.08928680419921,-0.2647083915262741,-0.034085310995578766
-58.0,-0.03179409937888189,-2.215587448662504,0.07571428571428573,1.833333333333343,-69.39197158813472,0.07329906284852161,0.07286800444126129
-150.8333333333333,-0.043755900621118,-1.811205912690994,0.0814285714285714,0.3619288125423097,-70.0052490234375,-0.07010845759158957,0.05103199928998947
73.0,-0.05166024844720518,-1.039792319786301,0.1007142857142858,0.02859547920895977,-74.15127182006837,-0.00896854178092743,0.03354864940047264
-13.83333333333331,-0.08948291925465834,0.195567663744697,0.09642857142857142,2.178511301977579,-84.69492340087896,-0.002177389005763142,0.07017860561609268
20.5,-0.07037173913043493,0.7148436230655051,0.08214285714285707,-4.564129385141705,-65.54942703247073,-0.03002764587746731,-0.05558096989989281
16.16666666666669,-0.07841645962732924,-0.6899485237925944,0.07428571428571418,-2.666666666666664,-55.51977157592773,-0.01195245656407229,-0.08637064695358276
-72.5,-0.07198618012422375,-0.8873535281951916,0.06714285714285728,-3.483249156101927,-56.82598114013672,0.003736768576598548,-0.05659919232130051
8.0,-0.03350916149068339,-1.495912957310196,0.06714285714285728,-2.138071187457697,-49.00236892700195,0.2072486965267967,0.009614162147045135
42.5,-0.0531403726708074,-0.9025155074905911,0.08785714285714274,-6.66176045807952,-83.64549255371097,0.01106426188898979,-0.10535972565412521
-157.6666666666667,-0.03331909937888189,-0.4321525594209987,0.06285714285714294,-4.55228474983079,-54.65584945678711,0.2037961430800076,-0.035232268273830414
-68.83333333333331,-0.04790543478260845,0.5590090122746005,0.09999999999999998,-8.409307353785948,-90.40570831298832,0.01092990309757735,-0.2716844081878662
-126.0,-0.07413447204968948,-0.2148847164956038,0.1164285714285715,0.6785113019775793,-89.294376373291,0.2651440361661316,0.05131126940250397
32.33333333333331,-0.05373586956521748,0.3499673967716888,0.1192857142857142,-0.3047378541243617,-91.56226348876959,0.1850951344786477,0.06134651228785515
245.6666666666667,-0.01089130434782604,1.216712381148795,0.1264285714285713,-0.7475468957064351,-91.44536209106445,0.03858876093836361,0.1019941046833992
-42.66666666666669,-0.02390170807453385,-3.301498176716606,0.07357142857142862,-0.5404401145198747,-77.91937255859375,0.2867479580334143,0.08702916651964188
50.5,-0.01837577639751531,-6.211430504564177,0.07785714285714285,-1.707106781186553,-69.88886642456055,0.2783178620334143,0.06392673403024673
-99.5,-0.07075031055900616,-10.18234643977313,0.07214285714285706,-1.040440114519875,-61.44455003738403,-0.07974793263337998,-0.08076465874910355
-77.83333333333331,-0.03152391304347812,-14.59179410322062,0.08785714285714297,1.707106781186553,-86.39959383010864,-0.08587865912804227,0.07661953568458557
-105.8333333333333,-0.05442763975155285,-14.13442430191311,0.09785714285714298,1.540440114519868,-99.66978502273561,-0.3286561291032244,0.00887531042098999
-24.0,-0.08859130434782625,-15.32242712837753,0.1292857142857142,-1.569035593728849,-106.7568287849426,-0.4338441934887354,-0.10379830002784729
-37.83333333333337,-0.08927763975155267,-14.08082414532292,0.1292857142857142,-0.8619288125422955,-111.4811782836914,-0.1294213530357959,-0.10357867926359177
-183.6666666666667,-0.1217872670807454,-10.92890737040227,0.1121428571428571,4.649915822768612,-116.2837142944336,0.1270214444292564,0.13737216591835022
-88.16666666666669,-0.09852779503105602,-4.038798104718211,0.08571428571428563,0.8047378541243759,-111.9122695922852,-0.1960797015640723,0.04699355363845825
-125.5,-0.0927571428571431,-2.4462312831959,0.06571428571428561,4.621320343559638,0.0,-0.01308001382231827,0.023587601259350777
81.66666666666663,0.004137422360248499,0.1084799138826895,0.06785714285714295,-2.414213562373096,-37.37310791015624,0.04043475168445421,0.05156169459223747
150.6666666666667,-0.02328524844720492,-0.04163352543410781,0.07785714285714296,-8.449747468305844,-43.04805755615236,-0.08983517603297808,-0.14686936140060425
146.1666666666667,-0.03530869565217387,-0.3778275670202902,0.08000000000000007,-4.604569499661594,-54.12200164794919,-0.02983941438578119,-0.014414191246032715
41.66666666666669,-0.04228322981366461,-1.711287938095495,0.08785714285714286,-4.149915822768602,-66.57865142822266,-0.120890606114935,-0.032301563769578934
29.0,-0.03823602484472033,-2.313512697488505,0.08785714285714286,-0.109475708248727,-75.43913650512695,-0.05122167268462602,0.050682034343481064
28.33333333333337,-0.01797220496894392,-2.210075943502503,0.07714285714285707,-5.828427124746185,-61.73792648315428,-0.2545492740567715,0.010748419910669327
-51.16666666666669,-0.03617701863354028,-2.210075943502503,0.09142857142857141,-5.299831645537218,-75.06248855590823,-0.3580460959019325,-0.05534834414720535
-53.66666666666669,-0.03964021739130441,-1.708703872666788,0.09214285714285719,-3.718951416497461,-78.62587356567383,-0.2097052655858516,-0.027795497328042984
-12.33333333333337,-0.03562857142857145,-0.5752137009391021,0.09285714285714297,-1.914213562373099,-80.59848403930664,-0.006746009780927431,-0.015350442379713058
-79.5,-0.07951335403726711,0.7472941664449024,0.09857142857142853,-0.5,-78.14965438842775,0.1268918430961441,-0.049115028232336044
8.333333333333371,-0.07148214285714272,0.7411074009412033,0.1042857142857143,-1.747546895706428,-87.84822463989255,0.07390247733189514,-0.00939185544848442
-45.83333333333337,-0.0175276397515528,0.3003273028988076,0.09357142857142864,-1.885618083164104,-76.75783157348636,0.1536420853022434,0.03144456818699837
19.16666666666669,-0.005831987577639697,-0.86032652494589,0.0871428571428573,-0.971404520791026,-69.18483543396,0.4171631106975663,0.08899284899234772
-64.33333333333337,-0.005108540372670722,-1.032107234423989,0.0871428571428573,-2.73570226039552,-71.84838676452641,0.359396073143597,0.036770813167095184
-154.0,0.003717236024844861,-0.3601267173664979,0.07785714285714296,-5.28798701022631,-63.86158561706543,0.3965615191435969,0.004343725740909576
-141.3333333333333,-0.03581428571428569,0.103520200135705,0.07000000000000006,-5.564129385141712,-65.00460815429688,0.17552342236662,-0.06486819684505463
-36.33333333333337,-0.01781552795031061,0.4517219376644022,0.09857142857142842,-4.776142374915388,-99.89834594726565,0.1019876952179604,-0.0007555000483989716
103.0,-0.05250714285714286,-0.1085021773292993,0.1142857142857143,-0.8856180831641254,-114.8918914794922,-0.01086515828230639,0.02891566976904869
124.3333333333333,-0.02411118012422375,-0.7249828706057002,0.115,-3.592724864350679,-106.1252746582032,0.135739272107479,0.005673035979270935
-65.5,-0.05231288819875779,-2.508595584729605,0.1242857142857143,0.7928932188134539,-101.0629348754883,0.2301882742063617,0.06007629632949829
-145.6666666666667,-0.07897313664596262,-6.086902799662269,0.08571428571428563,-1.776142374915395,-87.86599063873291,-0.0884259898533083,-0.08391276001930237
94.50000000000003,-0.0255341614906831,-7.567434644012721,0.1321428571428571,-1.20710678118656,-102.7645044326782,0.05173562818639599,0.03321082144975662
-75.0,-0.05606490683229814,-14.49111304572082,0.09785714285714298,-0.5285954792089598,-94.50672245025635,0.009370650143596948,-0.021280396729707718
38.33333333333331,-0.003079037267080809,-5.658471433090725,0.127142857142857,-0.6785113019775793,-109.6178359985352,0.01766715143124453,0.08523641526699066
180.5,0.002789285714285605,0.079459348642402,0.08000000000000007,-4.080880229039749,-45.39618682861322,-0.2016521700329781,0.060107339173555374
100.8333333333334,0.003305279503105552,-0.3447756027681095,0.09000000000000008,-2.63807118745769,-54.46356964111334,-0.07249004297287065,0.057420775294303894
165.3333333333334,-0.004317701863354118,-0.4549481611074953,0.09000000000000008,-6.052284749830783,-59.37336730957037,-0.2035401101622739,-0.005976971238851547
119.0,-0.02667903726708054,-1.967074269450009,0.09999999999999998,-3.649915822768605,-76.81520080566406,-0.1559877630791603,0.008486207574605942
-71.83333333333331,-0.04489580745341626,-1.710469667097399,0.09999999999999998,-6.633164978870546,-83.52465820312497,-0.3171350841899968,-0.0875391960144043
-38.5,-0.03906723602484474,-1.772329612101103,0.1007142857142858,-2.914213562373085,-86.57551956176752,-0.273359310509026,-0.01537233218550682
-124.0,-0.02955760869565216,-2.10741048970381,0.1014285714285714,-0.971404520791026,-96.99903488159183,-0.099602814684626,0.02509172074496746
17.33333333333331,0.01577795031055917,-0.4773442941190922,0.0942857142857142,0.1666666666666643,-77.76531600952154,-0.08537153980052004,0.17373886704444885
-40.83333333333331,0.01871444099378883,0.6893873398766885,0.08142857142857152,0.6666666666666643,-79.36585235595707,0.2126591749639598,0.2092180699110031
-82.66666666666669,-0.001550000000000162,0.8893268827350056,0.08285714285714296,-0.5690355937288487,-72.7363929748535,-0.002611839130148841,0.11109139025211334
24.66666666666663,-0.01563431677018645,0.7225538394869062,0.1121428571428571,-2.345177968644236,-97.38262557983398,0.1773992261647734,0.055226847529411316
64.0,-0.003819875776397419,0.3965317828269974,0.1121428571428571,-4.897462718475019,-100.5759048461914,0.250613644107479,0.022629810497164726
-83.66666666666669,-0.0231400621118012,1.141896257317399,0.1142857142857143,-4.828427124746199,-95.67587852478027,0.3491462572360519,0.0038324743509292603
-184.1666666666667,-0.0484889751552795,0.6558528391688014,0.1100000000000001,-3.454653676892978,-96.25359535217281,0.5044353134292565,-0.04721809923648834
-163.3333333333333,-0.02672251552795024,0.5021341274190974,0.1164285714285714,-1.873773447853214,-93.08273124694824,0.5346093515978972,0.04891703277826309
1.333333333333314,-0.02882546583850942,-0.2204047272529976,0.09714285714285709,-6.673605093390432,-88.02546882629397,0.1926269142960476,-0.08906964957714081
81.33333333333337,-0.0317532608695652,0.2354873678647067,0.09928571428571431,-5.064129385141698,-100.9692840576171,0.1701652108698511,-0.029674988240003586
141.5,-0.0468917701863355,-1.109385521913495,0.09071428571428564,-1.845177968644244,-82.16894149780273,0.0475428545262474,-0.010410334914922714
22.16666666666669,-0.05930326086956506,-3.636069806150303,0.1107142857142857,1.178511301977572,-106.8698425292969,0.04483600208350058,0.09499193727970123
45.5,-0.09012127329192543,-7.041473115083534,0.1192857142857143,-2.540440114519875,-118.2907915115357,-0.03772546366810492,-0.08022256195545197
-150.6666666666667,-0.06343043478260879,-11.99995229344806,0.1228571428571429,-1.316582489435277,-121.0003829002381,0.08663664487410438,-0.05748062953352928
-42.5,-0.08148276397515508,-15.77638976809882,0.1307142857142857,-0.1262265521467683,-125.8960471153259,-0.2327693576681049,-0.07132568955421448
-100.1666666666666,-0.050862111801242,-12.60524592424773,0.1335714285714286,-2.718951416497454,-107.4744741916657,-0.3544617827621799,-0.06512469798326492
51.33333333333331,-0.04982934782608694,-15.25353225469577,0.09714285714285709,-2.052284749830797,-106.3786163330078,-0.1140421721874155,-0.06852133572101593
-74.66666666666669,0.02994006211180134,-9.463704228055079,0.1335714285714285,2.621320343559653,-111.9433364868164,0.3993206956124857,0.2393166422843933
-73.16666666666663,-0.0648195652173914,-2.267007142039489,0.06571428571428573,5.035533905932731,0.0,0.02898025234684276,0.09675198793411255
97.16666666666669,-0.01723354037267077,-0.005969485236391847,0.0764285714285714,-2.885618083164132,-55.21894836425776,-0.08399808954872001,0.04632721468806267
120.1666666666667,-0.02957298136645947,0.2172207643206008,0.08857142857142852,-4.454653676892967,-62.13530731201172,-0.0906820461800899,-0.01989341899752617
64.5,-0.03330605590062108,-1.316584852439803,0.08857142857142852,-3.357022603955159,-71.96784973144531,0.1230718745235969,-0.0009902752935886383
-7.166666666666686,-0.0281905279503103,-1.154252378407591,0.09857142857142853,-4.564129385141712,-86.49349212646487,-0.1296652533100547,-0.02097679302096367
62.66666666666663,0.01866770186335387,-1.099272176679307,0.1021428571428572,-0.5404401145198747,-75.41955566406253,0.04993242106528928,0.15443885326385498
60.5,-0.004303416149068262,-0.5419575199337885,0.1007142857142856,-3.385618083164118,-92.716926574707,-0.2177990897201024,0.03569883853197098
24.0,-0.03240574534161478,0.3779306540742056,0.1064285714285714,-3.580880229039764,-107.2215995788574,0.0845811413701052,0.0010059215128421783
-31.16666666666669,-0.04111801242236013,0.4898952851497995,0.1035714285714286,-4.230796051808376,-118.2963199615479,-0.2003318128442492,-0.025941208004951477
67.33333333333337,-0.0007641304347825173,1.641410475221804,0.09571428571428564,-2.218951416497461,-99.72701644897465,-0.06613314791649949,0.06859177350997925
15.83333333333331,0.002439906832298,0.6103127448739087,0.09499999999999997,-2.276142374915402,-91.8276329040527,0.2724202877624914,0.05916891247034073
-90.16666666666669,-0.004403881987577685,1.121424400822107,0.1092857142857143,-1.442809041582059,-105.0942878723145,0.2885758546004173,0.06784545630216599
-120.3333333333333,-0.02170388198757767,0.09846737254508753,0.1157142857142858,-5.633164978870546,-126.5285015106201,0.2179495706650894,0.00024310126900672913
-82.66666666666669,-0.00587375776397514,-0.2637861452151071,0.1185714285714287,-2.983249156101941,-118.8984661102295,0.4663237201261571,0.020075742155313492
-62.33333333333331,-0.04023027950310565,-1.282947225004406,0.12,-6.161760458079527,-126.0959463119507,0.2573461546547519,-0.11029992997646332
99.16666666666669,-0.02002732919254668,-1.552186434926696,0.1242857142857143,-1.235702260395513,-132.9817657470703,0.4077849783171954,0.053985435515642166
-39.5,-0.04523493788819888,-2.224020706159692,0.125,0.09763107293781559,-107.6132736206055,0.3325514472790616,0.03671418875455856
114.1666666666667,-0.06732965838509308,-6.213461490715048,0.1264285714285716,-1.333333333333329,-116.3035669326782,0.1782743351570029,-0.001367378979921341
41.5,-0.1048990683229813,-11.46208202293104,0.1307142857142859,-2.149915822768619,-110.3649764060975,0.2819357002309753,-0.13627560436725616
-19.66666666666663,-0.03836972049689436,-14.4217444027604,0.1342857142857142,-2.735702260395513,-108.3947167396545,-0.05578980481360396,-0.07015600800514221
190.8333333333334,0.02465729813664586,-11.95895739020214,0.135,-4.759391531017343,-109.4911452531814,-0.09102545588917937,0.1375737339258194
74.16666666666663,-0.01285279503105585,0.6670718019957889,0.0692857142857144,-2.247546895706421,-64.48342895507815,0.0499798790865067,0.04908670857548714
-92.16666666666663,-0.026760093167702,-0.1333235169917089,0.08071428571428574,-2.718951416497461,-73.13700866699219,-0.0488599332561942,0.03156707435846329
144.3333333333334,-0.01320791925465847,-1.277587628414011,0.08071428571428574,-1.540440114519875,-80.11581420898435,0.3180370800646622,0.08741918951272964
64.83333333333331,-0.02049192546583856,-1.512658015068794,0.08928571428571419,-3.523689270621823,-97.14384460449219,-0.03136633604156436,0.033378198742866516
-24.5,-0.04218059006211172,-1.79528170386439,0.09142857142857141,-2.149915822768605,-98.26035690307614,0.1457192535596769,-0.01246728003025055
4.666666666666686,-0.04107375776397515,-0.6806652600871104,0.0942857142857143,-3.011844635310908,-106.0765495300293,-0.03832043492277448,-0.026561256498098373
-7.666666666666686,0.01810822981366478,2.215526346732901,0.0971428571428572,-2.523689270621823,-96.60893630981444,0.1028521846543541,0.11912901699542999
46.83333333333331,0.02315,3.031043354733001,0.102857142857143,-2.247546895706442,-106.6385841369629,-0.007194374567130568,0.10931792855262756
107.5,0.02633680124223592,3.014387668071308,0.102857142857143,-1.804737854124376,-109.2986087799073,-0.05045426356713056,0.10992377996444702
109.5,0.03872593167701843,1.860478689195006,0.1021428571428572,-0.9595598854801182,-120.6024150848389,-0.01409883538769918,0.17593461275100708
70.66666666666669,-0.01566242236024851,0.6125994336298959,0.1042857142857143,-5.466498312203889,-132.122911453247,-0.2147973218771927,0.017387673258781433
-74.5,0.002382763975155244,1.035282320437091,0.1114285714285714,-1.678511301977586,-111.5938796997071,0.1898650153177274,0.07743927836418152
-72.83333333333331,0.002382763975155244,-0.1938015560918984,0.1114285714285714,-1.402368927062184,-117.0543022155762,0.1898650153177274,0.07624298334121704
-63.83333333333331,0.01304798136645957,0.9951209196160988,0.1064285714285715,-2.511844635310908,-119.1964740753174,0.2946413101579338,0.08950074017047882
-120.0,-0.0265315217391302,-1.339388059437397,0.1164285714285714,-4.78798701022631,-131.1648778915405,0.06671560480451055,-0.03706318885087967
26.16666666666669,-0.008509937888198982,-0.9035226942164059,0.1135714285714287,-3.857022603955144,-142.8483686447144,0.3355664783171954,0.03280791640281677
-11.0,-0.04624099378881996,-2.438933598482507,0.1142857142857141,-4.759391531017329,-145.4557342529297,0.0006390421557508352,-0.030669797211885452
-18.0,-0.007069409937888071,-2.16797867852442,0.1164285714285715,-1.37377344785321,-137.7151536941528,0.1455631184074947,0.09396392107009888
-15.16666666666669,-0.04128400621118022,-9.578478565501314,0.1264285714285713,-2.511844635310915,-150.0204105377197,0.2403518064376575,-0.017585810273885727
-62.5,-0.04224301242236028,-12.70011882942838,0.1314285714285713,-1.011844635310922,-122.4129018783569,0.2947129284599781,-0.02329450100660324
-28.33333333333331,-0.04748928571428568,-12.65541441319768,0.1364285714285713,-1.069035593728849,-118.2337608337402,0.148276927208894,-0.03298870101571083
221.1666666666666,-0.03423540372670797,-14.06070682621096,0.1335714285714286,-2.97140452079104,-113.2444343566894,0.04927574863285394,0.018277138471603394
65.83333333333331,-0.01120077639751571,0.5489862257611975,0.0664285714285715,-2.080880229039764,-74.7199783325195,0.0928906210865067,0.08205266296863556
105.8333333333333,-0.00748322981366456,0.1876673317948985,0.07642857142857151,-3.678511301977579,-82.8777465820313,0.3237778759015059,0.05338152125477791
2.833333333333314,0.03150947204968968,3.736630106980499,0.1007142857142858,-3.44280904158207,-133.6658420562744,-0.07002021159250527,0.10305261611938477
46.0,0.01694937888198755,2.040585418704495,0.102857142857143,-4.730796051808369,-135.6766376495361,-0.05804552319166512,0.08068876713514328
-5.5,-0.03586226708074558,0.4986096615429005,0.1014285714285714,-4.995093791412856,-138.1208305358887,-0.2201972182847659,-0.016098041087388992
69.16666666666663,-0.04597934782608726,-1.999856534091805,0.1021428571428571,-2.299831645537218,-140.3483171463013,0.1149210926632954,0.01840713620185852
-29.66666666666663,-0.04330155279503101,-0.6927224466122937,0.105,-5.426058197684014,-150.4348430633545,0.1248455466293809,-0.03461151942610741
-27.0,-0.06123198757763981,-2.101348668651795,0.1085714285714284,-3.690355937288487,-151.7722997665405,-0.02006030019441662,-0.020046893507242203
98.33333333333337,-0.01115481366459625,-0.3743577762577956,0.1121428571428571,-2.040440114519882,-154.7257843017578,0.06295047626212891,0.08023959398269653
-13.66666666666669,-0.002283540372670867,-0.8819196340917017,0.1257142857142859,-0.5976310729378085,-121.9686675071716,0.1217526855976601,0.11516638100147247
16.5,-0.008040993788820172,1.30884971764641,0.07428571428571429,-3.442809041582073,-93.33098602294928,0.2230047529312293,0.06898017227649689
32.66666666666669,-0.02261909937888196,-0.4475595942076041,0.07499999999999996,-4.149915822768619,-102.2441139221192,0.181479110777831,0.026121284812688828
128.1666666666666,0.04327795031055892,4.413981666621297,0.09357142857142864,-4.454653676892981,-144.5552978515626,0.0003915040269150127,0.05331527814269066
147.6666666666666,0.03284192546583853,3.945144355556707,0.09714285714285709,-3.247546895706421,-146.4029064178467,-0.06494084536770017,0.12397269904613495
170.3333333333333,0.007013975155279573,3.460932282318012,0.09714285714285709,-3.37377344785321,-147.3078269958496,-0.2681342751436309,0.07281907647848129
117.5,-0.03999425465838513,-0.6499191474447912,0.1014285714285714,-5.799831645537232,-157.8616724014282,-0.03018489701560401,-0.08191344141960144
232.6666666666666,0.05218788819875775,14.56140325134089,0.08214285714285707,-5.495093791412863,-75.14891624450684,0.09449672173133661,0.1347464621067047
130.1666666666667,0.06808369565217376,11.54774155921453,0.0842857142857143,-5.328427124746185,-109.9790906906128,0.05418277456801657,0.12850546836853027
197.6666666666666,0.06005388198757755,14.17262455570041,0.08714285714285719,-2.983249156101934,-109.5726318359375,0.08970883322723422,0.18205757439136505
-0.1666666666666288,-0.01685900621118031,-1.554002290909892,0.125,-0.9428090415820733,-130.9848003387451,0.05375308495692233,0.10414758324623108
-84.83333333333337,-0.01413447204968965,-3.60329021907036,0.1264285714285714,-0.2071067811865248,-132.832407951355,0.1261327596728285,0.10270600765943527
71.0,0.03214922360248451,4.313026654725604,0.08499999999999996,-3.718951416497458,-143.0807685852051,0.04548922731806682,0.09782713651657104
106.1666666666667,0.02111956521739144,4.817746982590009,0.08214285714285707,-6.783080801639148,-153.4187679290771,0.01141082768341961,-0.0027966387569904327
100.0,0.07312686335403706,18.32333373468805,0.07214285714285706,-5.437902832994936,-90.3672046661377,0.1294855416875649,0.141368567943573
224.3333333333333,0.0526459627329191,15.14631393994435,0.0814285714285713,-5.495093791412856,-82.2055778503418,-0.04256407825516062,0.12743926048278809
182.6666666666666,-0.0382026397515528,1.952918847904598,0.1014285714285714,-5.426058197684014,-160.1330232620239,-0.1999036290481608,-0.08342915773391724
97.83333333333337,0.03154363354037248,13.82310872808304,0.09214285714285719,-6.368867239266077,-77.40837001800537,-0.175950042514129,0.0069303326308727264
157.5,0.05007919254658411,10.31036553975481,0.08642857142857141,-4.19035593728848,-133.5318918228149,-0.0794696513712786,0.1291012465953827
-35.16666666666669,-0.05003773291925473,-3.53593312918477,0.06214285714285717,3.40236892706217,0.0,0.1069584491776817,0.025680294260382652
53.83333333333331,-0.04268105590062077,-10.84166959061493,0.06214285714285717,6.564129385141712,0.0,0.08138868285843692,0.10815881937742233
12.0,0.0373538819875775,5.037556423768592,0.07785714285714285,-4.149915822768598,-155.6831588745117,0.1705992483180668,0.06912544369697571
0.1666666666666856,0.08030465838509304,18.53932199809647,0.06714285714285717,-4.99509379141287,-111.8945293426514,0.1567051914651332,0.17195464670658112
25.16666666666669,-0.069740838509317,-2.341451605416708,0.09571428571428575,-7.173605093390421,-163.7858381271362,-0.2723248186473507,-0.20644362270832062
52.0,0.04649503105590069,5.40490074847196,0.09499999999999997,1.78798701022631,-93.10327911376953,0.1333823997267662,0.21972915530204773
5.666666666666686,0.03565263975155275,5.701842203037373,0.07071428571428573,-5.271236166328244,-165.3777637481689,0.03381572341118599,-0.055055778473615646
-99.83333333333331,0.04365745341614913,5.048132097578204,0.07285714285714295,-1.166666666666657,-157.947551727295,0.09963011331806682,0.1344536542892456
-39.33333333333337,0.0733987577639752,17.14917610158116,0.06142857142857139,-4.454653676892974,-123.5424394607544,0.1722790834240991,0.13764378428459167
116.6666666666666,0.08369347826086959,17.83021513411046,0.06857142857142862,-3.023689270621823,-122.8563013076782,0.336779927006874,0.21361340582370758
118.8333333333334,-0.03772903726708077,-4.487526743091337,0.09857142857142864,-5.104569499661579,-175.1451573371887,-0.1697410232221691,-0.14059312641620636
75.83333333333331,0.01706304347826093,-6.268686588922392,0.1042857142857141,-2.63807118745769,-106.0759738683701,-0.08094414227323377,0.10894548892974854
-11.83333333333331,0.01772841614906828,-1.776604594900164,0.0914285714285713,-2.983249156101941,-144.0979461669922,0.069013571006874,0.10373209416866302
33.5,0.05029409937888207,-9.561162506515956,0.1042857142857141,0.06903559372886292,-98.4411849975586,0.09203268694144662,0.2495383620262146
-26.83333333333331,-0.01751925465838522,-9.649744643151294,0.105,6.271236166328247,-90.89144134521484,0.3817349525081763,0.21006301045417786
-131.0,-0.06855465838509323,-17.24009962839013,0.1178571428571428,3.02368927062183,-147.736572265625,0.005104535672828481,0.0721178948879242
-129.6666666666667,-0.05313711180124214,-18.02159178949623,0.1107142857142857,2.87377344785321,-152.3867950439453,-0.2416798552663096,0.10199782997369766
78.33333333333331,0.08942888198757748,2.336765164733109,0.06214285714285706,-4.690355937288476,-120.8288917541503,0.1123218676732554,0.19578146934509277
-6.833333333333314,0.1121242236024845,3.872007173947097,0.06642857142857139,-0.511844635310915,-169.7555675506592,0.1826527529510226,0.3300221264362335
101.1666666666667,0.01562996894409929,-1.150189842016403,0.08642857142857141,-4.190355937288494,-162.600378036499,0.1305971349312294,0.10484258830547333
55.83333333333331,0.02201086956521736,2.492316402888832,0.08642857142857141,-4.776142374915398,-174.0844306945801,0.02955648872077565,-0.028629165142774582
105.0,-0.03182546583850931,-4.380127761539015,0.09357142857142864,-6.564129385141698,-173.6338677406311,-0.1378086086095137,-0.23202641308307648
227.0,0.07694534161490674,7.901918364264233,0.08785714285714274,-3.483249156101948,-130.4305882453919,0.1921981775510916,0.2365403175354004
-107.1666666666667,-0.09815605590062115,-13.45582806547789,0.115,-0.5118446353109221,-162.1956723332405,-0.02413403356234245,-0.10981915146112442
-44.66666666666669,-0.08738198757763982,-17.46707011175189,0.1071428571428571,3.109475708248738,-163.2657012939453,-0.1298492209231624,0.03213144838809967
61.33333333333329,0.05024875776397497,-0.006342704874001015,-0.01000000000000001,0.4023689270621702,-37.41911315917969,0.03960196567325536,0.046079374849796295
143.0,0.07334254658385098,-5.17399092044009,0.07214285714285718,-4.483249156101948,-178.4821281433105,0.1865954074620038,0.18938222527503967
69.33333333333331,0.05552313664596276,-0.645713815168591,0.08999999999999997,-1.942809041582059,-185.9012589454651,0.2312306788421261,0.11356686055660248
208.0,0.08797888198757764,8.346918315676064,0.08642857142857152,-2.080880229039764,-131.211091041565,-0.07221526619128266,0.2857345938682556
101.3333333333333,0.08005698757763968,1.776067921803843,0.08857142857142841,-2.442809041582066,-140.4088010787964,0.110359720645149,0.3002695143222809
-100.3333333333333,0.05582717391304326,3.05760010889955,0.09142857142857153,-3.621320343559653,-145.9908347129822,0.009670900365549406,0.15000875294208527
-79.33333333333331,-0.06345822981366467,-10.21345587634804,0.1035714285714286,-3.857022603955166,-179.2526930570602,-0.1859003475471807,-0.17325590550899506
8.833333333333314,-0.09581770186335392,-4.658258616316957,0.1035714285714286,-0.1666666666666572,-170.4089605212212,-0.1038721726386692,-0.08831726759672165
181.8333333333333,0.05409037267080741,-13.00873193496541,0.09571428571428586,-0.9714045207910402,-137.9217756986617,0.1232565938087173,0.32479771971702576
87.0,0.06609037267080742,1.370518685617839,0.09285714285714275,-2.540440114519868,-143.5037938952446,0.1454191531797374,0.2404099404811859
-89.16666666666669,-0.01542826086956528,1.764697966176286,0.1057142857142856,3.011844635310908,-95.06113642454147,0.3188939161182934,0.15282517671585083
164.3333333333333,0.08227996894409972,5.728934483127574,0.03071428571428569,-1.695262145875624,-104.234245300293,0.4335617344032736,0.22750014066696167
168.5,0.1120013975155277,2.725515399190698,0.03500000000000003,-2.649915822768612,-115.5631790161133,0.5079962078421261,0.20693649351596832
153.0,0.03568850931677037,4.546478438704895,0.04500000000000004,-3.247546895706435,-122.9799118041992,0.1530791248912912,0.07009217888116837
189.6666666666667,0.1199329192546582,12.40493683565444,0.0535714285714286,-6.437902832994908,-119.4769287109375,0.1778393372889301,0.05335570499300957
-171.8333333333333,-0.0263996894409938,-0.4467218516961111,0.1142857142857143,-5.104569499661579,-83.57608324289322,0.1684829918838837,-0.014066342264413834
250.5,-0.002564906832298153,3.781739043447473,0.05214285714285705,-6.092724864350668,-155.8793411254882,0.1328774850795676,0.0009130164980888367
8.833333333333371,0.03268850931677014,7.674194749996673,0.09142857142857153,5.080880229039757,-89.53613090515137,0.09641202395543885,0.3006979823112488
-123.3333333333333,-0.01143090062111807,4.169853420743266,0.11,-1.361928812542292,-90.80849832296371,0.1919555789989218,0.031702205538749695
-112.5,-0.03822670807453421,0.8175470995139733,0.1114285714285714,-2.552284749830783,-86.12913125753403,0.4104967527037817,-0.003984946757555008
-73.16666666666671,0.01973431677018633,-0.1706533783611093,0.1042857142857143,0.84517796864424,-94.35999298095703,0.5182547781283005,0.1830856204032898
299.3333333333334,0.002599223602484435,-1.011644136331114,0.02357142857142858,-0.7642977396044799,-108.2332382202148,0.1411125058048875,0.07828612625598907
80.16666666666663,-0.04788649068323003,3.440499791361162,0.04428571428571415,-5.535533905932731,-136.2575225830078,0.1500865178229118,-0.06214895471930504
-59.83333333333329,-0.01329875776397516,-1.241199473740679,0.08571428571428574,-0.3047378541243617,-176.8537912368775,0.04707586088600718,0.039614226669073105
28.0,-0.01937329192546577,-2.777096045277872,0.0892857142857143,-3.649915822768598,-177.9443664550781,-0.01020294985215842,-0.050961874425411224
2.166666666666686,-0.02355279503105578,-4.04722314785937,0.0942857142857142,-6.328427124746185,-187.3371418714523,-0.2801095835025803,-0.18073169887065887
66.49999999999997,0.003890062111801207,5.235140986164652,0.09642857142857142,-2.414213562373099,-177.9316232800484,0.1373683559518477,-0.017830118536949158
132.6666666666666,0.04299208074534167,-0.1427094211591111,0.01214285714285701,0.4023689270621844,-107.5151672363282,0.0161960645257071,0.11479685455560684
156.0,-0.03281661490683241,1.58731113383854,0.02285714285714291,-3.149915822768598,-107.1511383056641,0.005063006822911831,-0.02918131649494171
119.1666666666666,-0.02481677018633555,-0.4322507948469507,0.02928571428571425,-4.05228474983079,-118.2635498046874,-0.07987520243730506,-0.01460723951458931
260.3333333333334,-0.01551071428571438,3.511012958387681,0.0407142857142857,-3.442809041582073,-136.8880271911621,0.1046980247287047,0.06250187009572983
268.5,0.01255698757763979,2.416689911513004,0.03285714285714292,-3.345177968644251,-147.2743377685547,0.2420144336521081,0.11611779779195786
326.3333333333334,0.03120388198757762,4.886924232905059,0.04785714285714271,-3.19035593728848,-156.8750972747803,0.3601662850869043,0.12503351271152496
146.1666666666666,0.02147857142857135,4.210504435799081,0.03642857142857137,-4.080880229039764,-169.0144138336182,0.09675061837065113,-0.026918955147266388
-53.83333333333331,0.03773229813664603,-5.667218185312905,0.08571428571428585,2.983249156101941,-156.6717965602875,0.1609260067648388,0.3042159080505371
-62.66666666666669,-0.0276001552795031,-5.945947071232638,0.09857142857142853,-0.0976310729378227,-151.7185831069946,0.05420589527868092,0.09385128319263458
88.5,0.03045295031055917,7.658879676386988,0.0842857142857143,-4.218951416497468,-187.5340157747269,0.01133335008690434,0.00014302879571914673
-3.5,-0.02411475155279508,-5.224464186729392,0.1107142857142857,-5.064129385141701,-142.0319131612778,-0.02852499872131908,0.009779546409845352
116.8333333333333,0.05443524844720493,8.689842597774359,0.0942857142857142,-4.121320343559642,-187.6713662147522,0.1906362270967663,0.03429059684276581
-129.5,-0.0381414596273294,-5.871128959773642,0.1078571428571428,-5.357022603955159,-142.7897316813469,0.1767461998237428,-0.0761280506849289
69.49999999999997,0.02079844720496882,-7.53897065603681,-0.006428571428571561,0.5690355937288558,-64.8899002075195,-0.01652179262934883,0.06012482941150665
137.0,0.001568322981366443,-2.452174615114345,0.008571428571428563,0.06903559372885582,-76.2092361450195,-0.06481368327773451,0.011156667023897171
204.6666666666667,0.05142298136645973,-1.011129808796525,0.007142857142857229,-0.9428090415820662,-96.51667022705075,-0.1192779223988797,0.07167726755142212
281.8333333333333,0.05085947204968955,5.678112205744767,0.01428571428571423,-2.31658248943527,-107.5795516967773,-0.02377792598231698,0.068559929728508
259.0,0.03624472049689431,12.24423967588172,0.02785714285714291,-1.942809041582045,-117.7936401367187,0.3430879089235042,0.1069142147898674
351.5,0.09600341614906838,-7.866357385339498,0.02928571428571436,-0.1666666666666643,-138.721549987793,0.2776517045500562,0.6184677481651306
292.1666666666667,0.0800024844720496,10.05141393780696,0.03642857142857137,-0.7071067811865461,-149.2434425354004,0.6540380155383905,0.471285343170166
380.3333333333334,0.07623913043478259,16.85907237603782,0.03142857142857158,-0.5690355937288487,-159.770185470581,0.3259426715189509,0.38901299238204956
269.6666666666667,0.08743773291925461,16.94649275292609,0.02428571428571435,-0.9428090415820591,-151.5120887756348,0.3658779140318159,0.41364964842796326
325.3333333333333,0.128849689440994,16.61017775188351,0.02285714285714291,-1.885618083164132,-172.7743148803711,0.4255742913673337,0.32382047176361084
-50.33333333333337,0.04007142857142831,1.187646041481798,0.07499999999999996,-6.828427124746199,-147.8424014151096,0.06897070796315063,0.05466398224234581
76.83333333333331,-0.004493788819875721,1.171768138980596,0.08928571428571441,-2.638071187457697,-133.7018485069275,0.04492769876156566,0.07212185114622116
33.16666666666669,0.03160155279503096,-2.165128228963155,0.09357142857142853,-1.816582489435277,-147.9999968260526,0.1043085973851481,0.1697196364402771
192.1666666666667,0.1172229813664597,16.29451736408301,0.02142857142857157,-0.6380711874576903,-150.6027488708496,0.3780850566055367,0.38831719756126404
96.3333333333334,0.05187934782608683,-19.51051014802412,0.002857142857143002,1.678511301977579,-108.1468734741211,0.1491514205449417,0.24061311781406403
176.6666666666667,0.108540838509317,8.719122386460569,0.01428571428571435,-0.235702260395513,-128.380069732666,0.2868257993280711,0.311357319355011
209.6666666666667,0.1101687888198759,14.90354850335919,0.01642857142857157,-1.609475708248731,-148.1052551269531,0.3317414824175545,0.26323944330215454
131.5,0.0887374223602484,14.09026454461038,0.007857142857143007,-2.247546895706421,-127.366641998291,-0.0007609993260053738,0.1600039005279541
342.6666666666666,0.1265461180124224,12.17160116501658,0.01214285714285723,-2.385618083164118,-135.9628982543945,0.0071218420101129,0.3246827721595764
336.5000000000001,0.1054600931677019,-10.5700240297395,0.0007142857142858894,-2.540440114519875,-134.608585357666,0.06325519198410601,0.38266393542289734
230.6666666666667,0.1317504658385095,-10.16977816974921,0.04642857142857137,-2.247546895706421,-21.64573669433593,0.6335832456958591,0.3667576014995575
228.8333333333333,0.09026847826086948,-1.224482218752755,-0.03642857142857137,0.0976310729378227,-69.1213150024414,0.4752662887046826,0.14547544717788696
222.6666666666666,0.07564285714285712,11.097537500725,-0.02000000000000002,0.6094757082487305,-129.7999725341797,0.09447932042093055,0.23883625864982605
300.3333333333334,0.1038604037267081,10.64543452276757,-0.007857142857142785,-2.121320343559645,-121.5635833740234,0.09223973760116355,0.2125822901725769
315.1666666666666,0.116306211180124,-19.77229045015523,-0.03214285714285725,-2.235702260395513,-113.8878173828125,0.2417920625683622,0.23098957538604736
328.3333333333333,0.1218965838509317,13.64277696943708,-0.01214285714285723,-3.080880229039757,-132.5461006164551,0.08649873360116345,0.19361546635627747
300.8333333333333,0.1085315217391303,-5.347443374128744,-0.02142857142857135,-1.0,-103.5152893066406,-0.03269564910105016,0.2878777086734772
278.3333333333334,0.1445824534161492,-14.49830139774799,-0.01785714285714279,-2.649915822768612,-104.3049621582031,-0.01477343755827137,0.3257331848144531
61.83333333333331,-0.04235854037267095,-1.995357069695231,-0.01071428571428579,5.121320343559631,24.5921745300293,0.6545416385527232,0.13517072796821594
-44.83333333333329,-0.04031350931677014,0.738706703208635,-0.00642857142857145,5.454653676892981,7.649856567382812,0.7685594066556385,0.13008230924606323
-84.83333333333331,-0.01294145962732907,2.731360225025,-0.009285714285714342,3.885618083164132,18.20650100708008,0.5436165555072354,0.09770464897155762
186.8333333333333,-0.001575465838509205,3.986306319264543,-0.005000000000000004,4.66176045807952,9.023017883300781,0.6179342116825387,0.14894473552703857
126.8333333333334,0.02639534161490675,2.617744353198503,-0.01285714285714301,3.897462718475037,15.84502029418945,0.2782107527542395,0.13535502552986145
292.8333333333334,0.1139723602484471,3.823895688369944,-0.04500000000000004,-1.471404520791019,-102.3156509399415,0.1024467282517777,0.14601926505565643
107.8333333333333,0.009317701863353789,1.970476836715378,-0.08642857142857141,2.195262145875638,74.266357421875,0.03965596302487617,0.07761365920305252
296.6666666666666,0.190164596273292,-5.568000076182102,-0.04714285714285715,-6.035533905932731,-100.8932647705078,0.4393474644417287,0.11653916537761688
-304.8333333333333,-0.1211860248447205,-18.56163441352848,-0.0149999999999999,-0.1548220313557493,67.15140533447266,-0.02762224813638786,-0.07335522770881653
-18.83333333333337,-0.06525807453416144,-11.5712922737024,-0.1392857142857143,-4.287987010226296,20.59005165100098,-0.07681595407434039,-0.023945748805999756
18.5,-0.03293338509316746,-3.752113560602012,-0.1507142857142857,-4.633164978870553,7.999050140380859,0.03071480421444583,0.004668381065130234
-214.0,-0.08251350931677037,-14.14301105666597,-0.1285714285714286,-2.816582489435277,24.64675140380859,-0.2519898452474291,-0.07600001990795135
31.83333333333329,-0.02775000000000005,-8.919981503112183,-0.1285714285714287,-0.7761423749153877,17.21821594238281,0.5705172140598371,0.034946925938129425
-172.6666666666667,-0.04093276397515522,-8.320777614323504,-0.1278571428571429,0.764297739604487,2.093746185302727,0.4314550494913994,-0.001098785549402237
-214.6666666666667,-0.0928891304347822,-7.540716734986347,-0.1371428571428572,-0.4714045207910331,1.962306976318359,-0.3394606621776828,-0.05898766592144966
65.33333333333329,0.04585295031055914,-5.156423299267843,-0.147142857142857,-2.483249156101948,4.112300872802734,0.2270566805121939,0.021139364689588547
-352.8333333333333,-0.0681857142857143,-0.8135940774754999,-0.1335714285714285,-1.430964406271151,4.742107391357422,-0.05174575715069718,0.011657100170850754
-250.1666666666667,-0.07296397515527964,-2.882532950084197,-0.137142857142857,-2.190355937288494,1.216342926025391,0.02996423212676769,-0.0309198796749115
-47.66666666666669,-0.01301972049689426,-2.757169225040514,-0.102857142857143,-2.080880229039764,-0.9121932983398438,0.366877676717325,-0.021266311407089233
-108.8333333333333,-0.02927577639751566,0.8985246252519943,-0.1357142857142857,-2.276142374915395,-9.402896881103509,0.3487475836754383,-0.02152133360505104
234.6666666666667,0.1175715838509316,4.928957880803495,-0.04714285714285726,-5.357022603955159,-127.2925758361816,-0.09075821143342677,-0.012955479323863983
418.3333333333334,0.1785757763975157,-2.0591462997224,-0.0335714285714287,-4.178511301977579,-126.7177467346191,0.3433351962482549,0.15518906712532043
96.16666666666669,0.05453152173913056,5.650432983756005,-0.0178571428571429,-4.702200572599413,-104.3166084289551,-0.04112484799750149,-0.0757228434085846
271.5,0.09870465838509301,5.457972810791759,-0.01857142857142868,-5.271236166328251,-113.8302478790283,0.172451870997435,0.03709503263235092
248.6666666666667,0.1301843167701864,1.487017482642102,-0.0228571428571428,-5.023689270621809,-132.5503158569336,-0.07750071432464967,0.10872061550617218
204.0,0.1139459627329193,6.874912349942761,-0.03500000000000003,-4.080880229039749,-143.661569595337,-0.31729556058451,0.11385057866573334
-65.33333333333343,0.03183136645962747,-12.39945885092449,-0.05499999999999994,-3.385618083164118,-96.03968811035156,0.04878870767933263,-0.026051055639982224
124.0,0.02847003105590051,-2.851725455988131,-0.0357142857142857,-2.540440114519868,-102.0283737182617,-0.0492633660374705,-0.01711428537964821
-99.99999999999999,-0.04137018633540368,6.627793999613033,-0.04785714285714293,-4.69035593728848,-93.25356292724607,-0.131155175887293,-0.1417992264032364
-7.333333333333343,0.05121909937888214,-14.2535531739848,-0.02285714285714291,-3.092724864350664,-78.1816329956055,0.3480302508538398,-0.01301887258887291
188.8333333333333,0.1296763975155281,-2.236826191345898,-0.02428571428571435,-4.995093791412856,-97.4497108459473,0.08973591286577581,0.048964083194732666
-99.99999999999999,-0.0398100931677019,25.74985554470794,-0.04571428571428571,-1.373773447853225,-82.40570831298831,-0.08004887963678564,-0.036749713122844696
-179.0,-0.02035543478260848,25.07955832314578,-0.03785714285714292,-1.149915822768619,-90.71592712402347,0.0938525992732605,-0.04135856032371521
-147.6666666666667,-0.06491180124223628,2.458834587686994,-0.00642857142857145,-0.5118446353109221,-63.46785736083984,0.1948628744599781,-0.06587627530097961
252.0,0.05397282608695664,-2.644786308610307,-0.0128571428571429,-2.069035593728834,-75.49665832519528,0.2756872384048175,0.06511339545249939
123.3333333333334,0.1155663043478261,4.449160481942329,0.003571428571428448,-9.185449728701354,-96.86102676391602,-0.1158574763903051,-0.24008288979530334
45.0,0.01137096273291938,3.878025489114066,0.04857142857142871,-5.89746271847504,-103.7887001037597,0.009541500025407601,0.01667165756225586
4.333333333333314,0.02353913043478262,6.33945627327833,0.05642857142857138,-6.006938426723757,-120.5232410430908,0.04356027202540758,0.02199520170688629
47.16666666666671,0.08356537267080788,-20.34400808705909,-0.06000000000000005,-2.357022603955151,-71.1617813110351,-0.2756861556270039,0.11107994616031647
3.5,0.07324037267080752,14.86960424866609,-0.007142857142857006,-2.052284749830775,-81.65363693237305,0.3064413451010584,0.11026731878519058
145.8333333333333,0.05225372670807449,1.208160788292219,0.0,-1.55228474983079,-90.68891525268555,0.2362246192444074,0.05700976774096489
224.8333333333333,0.06615838509316774,5.198654340506351,0.01785714285714279,-4.86886723926607,-99.55221557617185,-0.2285252834598835,0.046791985630989075
193.6666666666666,0.03479068322981371,3.389591746608772,0.04857142857142849,-5.357022603955151,-79.32361984252934,-0.0538631730204171,0.05062687024474144
295.8333333333334,0.05290791925465843,5.252843905422438,0.06642857142857139,-6.218951416497461,-94.61277770996095,-0.194256790893204,0.07173959910869598
-189.1666666666666,-0.02399254658385108,23.43087149312325,-0.01571428571428579,-2.37377344785321,-99.82737731933597,-0.01904847192307224,-0.03472759947180748
-212.0000000000001,0.03663680124223612,-1.031534166893437,0.01642857142857135,-2.31658248943527,-74.34214782714847,-0.164525516909853,0.014266271144151688
-16.83333333333337,0.0804086956521739,2.284850497074615,0.02642857142857136,-2.23570226039552,-82.79738235473633,-0.2665700454986664,0.22881987690925598
228.3333333333333,0.1339506211180121,8.098330446278553,0.04785714285714282,-4.345177968644236,-91.25261306762692,-0.1833305192637638,0.256884902715683
239.5,0.1232726708074533,11.01179438552744,0.05428571428571427,-4.897462718475026,-99.70783042907715,-0.1253270922637638,0.21401000022888184
317.5,0.1549368012422361,7.141436031863009,0.05714285714285727,-4.454653676892967,-108.1630630493164,-0.009350834285336451,0.3071831464767456
79.0,0.04126490683229822,3.902734368250862,0.0764285714285714,-7.937902832994908,-93.23251533508302,-0.2607923446884807,-0.14774438738822937
85.16666666666669,0.04979503105590066,4.626058857934098,0.08642857142857141,-8.547378541243638,-101.0058479309082,-0.195594803353971,-0.11120385676622391
-57.5,-0.08188478260869558,17.8725821439693,-0.02857142857142858,-2.87377344785321,-88.7074584960937,-0.1652427515170878,-0.16615384817123413
-222.1666666666667,0.020816304347826,14.5652309497891,-0.02571428571428569,-4.954653676892974,-102.4959564208984,-0.1198074709454309,-0.0792887806892395
292.8333333333333,0.1265897515527952,8.039113498657613,0.04214285714285726,-5.483249156101948,-103.8046035766602,-0.05412538397631361,0.21329423785209656
317.0,0.04894767080745366,6.184811577072054,0.07000000000000006,-8.018783062034672,-86.50551605224605,-0.1249627653539711,-0.017896562814712524
206.8333333333333,0.07209208074534146,7.911600386781586,0.07928571428571418,-5.66176045807952,-93.89710235595703,0.08128827825554674,0.14937278628349304
136.8333333333333,0.04639968944099349,6.672099200121082,0.06000000000000005,-4.426058197684,-123.61399269104,-0.08209420652334631,0.08331289887428284
60.16666666666669,0.06977593167701868,9.576509440699965,0.08000000000000007,-5.690355937288501,-106.9773817062378,-0.02875862651570715,0.15416336059570312
-134.6666666666667,-0.04786552795031063,9.291250417467595,-0.03214285714285725,-2.080880229039749,-100.6211013793946,-0.09918028851055777,-0.06571000814437866
-213.1666666666666,-0.07374984472049695,-4.279519223914392,-0.01142857142857134,-3.690355937288487,-85.1463394165039,-0.1731305721982976,-0.10521586239337921
-220.8333333333333,-0.02855388198757758,-4.963569613179047,-0.003571428571428448,-6.937902832994912,-93.19660186767578,-0.1812449875252479,-0.12875239551067352
166.0,0.08921925465838532,-13.69391422727482,-0.0178571428571429,-6.426058197684007,-118.9530563354492,-0.2242597751516848,0.01375490427017212
65.83333333333337,0.11338850931677,11.14086545636266,0.05071428571428593,-6.828427124746181,-84.71128082275392,-0.2423835096592508,0.04468398541212082
194.1666666666667,0.1213375776397515,10.6752018732695,0.05928571428571416,-4.28798701022631,-91.72112274169916,0.1823310965658477,0.18098361790180206
233.3333333333333,0.09861319875776386,10.01962745149903,0.06714285714285706,-3.759391531017336,-98.73096466064452,0.1741601716022242,0.2619536817073822
169.3333333333333,0.0492038819875773,6.056253889103999,0.05642857142857138,-4.385618083164132,-127.7816104888916,-0.1716275671318828,0.09260745346546173
126.1666666666666,0.02667531055900618,5.672294190698082,0.08928571428571419,-3.247546895706442,-92.77803993225095,0.0466396870444632,0.08186134696006775
70.5,0.02100186335403753,6.413848380873773,0.0942857142857142,-4.868867239266081,-100.1269931793213,-0.02533116846763761,0.04854332655668259
-196.3333333333333,-0.05679114906832339,10.43777913657487,-0.01714285714285713,-4.121320343559631,-87.82444763183591,-0.2558253391318828,-0.08588138222694397
-95.83333333333329,0.006181211180124158,2.942660263572407,-0.01500000000000001,-4.926058197684014,-100.4181632995606,-0.09094759932531515,-0.09602725505828857
-136.3333333333333,0.01122422360248443,-1.887732609723074,0.01214285714285723,-6.937902832994901,-78.82848739624023,-0.02478462769211931,-0.12787865102291107
13.16666666666669,0.01122422360248443,0.7453938971766263,0.02000000000000002,-9.811676280848136,-86.82921981811523,-0.02478462769211931,-0.25378772616386414
187.3333333333334,0.01269580745341614,3.739069999413545,0.02785714285714291,-12.36396103067891,-94.82993698120117,-0.4004408252059736,-0.20392119884490967
190.6666666666666,0.08385869565217408,13.38683505415409,0.01571428571428568,-10.05922317655456,-125.6056175231934,-0.262410243184753,-0.14553074538707733
173.1666666666667,0.05553618012422368,4.382616634848787,0.07428571428571418,-9.656854249492376,-82.31002235412599,-0.03421135249249529,-0.10846178233623505
155.8333333333334,0.04955341614906839,3.755649871192318,0.08428571428571419,-8.185449728701343,-88.25622749328612,0.1225132788127868,-0.13730277121067047
96.83333333333331,0.02912717391304331,2.829083060344701,0.08285714285714296,-4.466498312203889,-94.20243263244635,0.03918799081278679,0.10295426845550537
77.1666666666666,0.0483198757763974,6.411394650016334,0.08285714285714296,-3.328427124746192,-100.148630142212,0.05276387204236044,0.10901793837547302
323.5,0.08455636645962716,9.632615281180676,0.09000000000000008,-0.8333333333333428,-106.0948343276978,0.2672211532282101,0.3925628960132599
23.33333333333331,-0.02059316770186315,4.886421971052187,0.09857142857142853,-2.011844635310922,-102.6322789192199,0.1193155365495813,0.042504243552684784
-44.33333333333331,0.01958167701863345,7.503449921980049,-0.01428571428571435,-4.121320343559638,-112.9466857910157,-0.06915281653852823,-0.05899496003985405
174.1666666666667,0.005308229813664744,-1.06151416292559,0.01571428571428568,-7.495093791412852,-91.97186279296878,-0.2811208031158334,-0.1862611621618271
144.3333333333333,0.02334021739130432,2.76779127542251,0.02071428571428569,-8.064129385141712,-102.6663818359375,-0.4328510431959435,-0.2142532765865326
212.1666666666666,0.129603726708075,-15.7803353180006,0.008571428571428674,-6.023689270621819,-129.320369720459,-0.1326881876735109,0.20579198002815247
237.0,0.1669670807453419,8.902481152014673,0.05357142857142849,-4.483249156101941,-85.26139450073241,0.08123195727133498,0.24049237370491028
78.66666666666669,0.04170838509316788,7.234523823083833,0.0428571428571427,-6.190355937288484,-114.8288230895996,-0.2939720896530598,0.005647521466016769
64.16666666666669,0.1020422360248446,6.622192072419821,0.07071428571428573,-3.569035593728849,-93.60747146606441,0.1493978148274528,0.2286977767944336
-65.83333333333329,0.04352950310558978,5.883820744492695,0.07357142857142851,-5.121320343559645,-101.5586643218994,0.0009815212454288291,0.05677331984043121
62.66666666666669,-0.03670496894409936,0.1709145019326996,0.09714285714285709,-3.097631072937816,-89.82210731506348,0.0957375100892014,-0.033954355865716934
84.66666666666669,-0.01410015527950292,-4.2871037419972,0.09714285714285709,-3.540440114519882,-94.70467472076416,0.01004804796479242,0.018247243016958237
217.3333333333333,0.07752189440993773,10.13769042428821,0.01500000000000001,-6.506938426723774,-104.2739715576172,-0.1855604270876325,0.010782435536384583
206.3333333333334,0.09273183229813642,11.70185620499896,0.0178571428571429,-5.937902832994919,-111.8929595947266,-0.04200744408763257,0.041138749569654465
218.3333333333333,0.05382624223602483,6.024037899707324,0.04357142857142871,-7.145009614181461,-91.33602523803711,-0.1995635616835683,-0.024197973310947418
319.1666666666666,0.02730791925465836,5.453608141924533,0.0585714285714285,-5.937902832994915,-99.2872123718262,-0.07001405968356822,0.06696350872516632
188.9666666666667,0.06892515527950294,1.044708802957089,0.09500000000000008,-2.889949493661135,-91.85674476623538,0.3324531307140047,0.20739270746707916
279.7666666666667,0.1001399068322979,3.912058582801535,0.09500000000000008,-3.938477631085007,-96.73930454254146,0.3985101355278435,0.2074221819639206
209.3333333333333,-0.01973291925465825,1.050331393514199,0.0892857142857143,-4.995093791412856,-125.4122381210327,-0.0403567171104019,0.03818307816982269
51.66666666666669,-0.04932624223602511,0.7381300800499986,0.1057142857142856,-1.792893218813461,-102.2154145240784,-0.09869966638618355,-0.003054756671190262
189.6666666666667,0.02919875776397507,5.435743545811249,0.04214285714285704,-2.149915822768619,-104.7125396728516,0.04799607359138647,0.10225304216146469
262.8333333333334,0.09738524844720509,8.68602245509419,0.0692857142857144,-0.707106781186539,-81.67614746093749,0.5569729309862262,0.37254178524017334
204.3333333333333,0.02711614906832294,6.681831191110987,0.05499999999999994,-0.1380711874577045,-112.281982421875,0.1571451939006375,0.17776000499725342
210.5,0.04873555900621107,7.688461063745279,0.08357142857142852,-1.080880229039771,-88.68565940856934,0.2341579594354304,0.17545978724956512
215.0,0.0366448757763973,8.73568836122871,0.04785714285714282,-4.357022603955159,-118.089054107666,0.1235258359023469,0.06466162949800491
192.1666666666667,0.03078897515527934,6.022633329393301,0.07071428571428573,-4.75939153101735,-91.03545570373534,0.07787239866739304,0.07436767220497131
193.5,0.01650031055900636,5.532017069540316,0.07285714285714295,-3.857022603955173,-94.77539253234863,-0.041853661143053,0.10956926643848419
197.25,-0.01749378881987562,1.462039484870999,0.09999999999999998,-1.69873135923752,-83.93498039245601,0.01149003395978432,0.07521294057369232
114.5,0.09595372670807456,7.281400314532974,0.03285714285714281,-8.478342947514797,-121.2518711090088,0.08661053786567163,-0.14279372990131378
156.3333333333334,0.0265826086956521,5.558174820296287,0.0585714285714285,-7.202200572599402,-101.6286087036133,0.05560906754168082,-0.08657018095254898
119.6666666666667,0.02309534161490667,-3.1624373552349,0.08642857142857141,-3.977326838446494,-82.24100112915038,0.2121630145894915,0.09933967888355255
132.5,0.01264270186335414,5.501856189552129,0.05571428571428572,-7.771236166328251,-105.5053844451905,-0.1672053273487364,-0.1495271921157837
81.16666666666669,0.02440155279503087,7.553694239182619,0.04000000000000004,-5.178511301977576,-110.1456508636475,-0.3020148468230969,0.009741533547639847
312.0833333333333,0.06377546583850946,1.924375686678999,0.09142857142857141,-1.009391531017343,-106.3577499389648,-0.1000635720326074,0.20791134238243103
19.5,0.02045854037267092,9.562975338071467,0.03785714285714281,-5.564129385141712,-115.5493927001953,-0.3312940852542193,0.045495495200157166
361.8333333333333,0.1760400621118011,7.029096486381235,0.06000000000000005,-4.609882151876064,-81.73999404907227,0.654766002402251,0.26990801095962524
263.8333333333333,0.09791273291925451,7.890816663812984,0.06857142857142862,-4.592724864350679,-86.56416130065921,0.2570122338836344,0.2413076013326645
74.0,0.04613245341614902,9.380731780967821,0.02499999999999991,-2.0,-119.8453998565673,-0.301356598083633,0.05077241733670235
147.3333333333333,0.0870088509316771,-13.8353662102093,0.02642857142857136,-2.816582489435284,-125.45658493042,-0.1566491415974174,0.3048083186149597
210.8333333333334,0.05443586956521707,8.017591111819186,0.05928571428571439,-7.368867239266066,-90.42888450622559,-0.2146352081342394,-0.008427172899246216
348.8333333333334,0.06018167701863353,6.905005410783005,0.05714285714285705,-7.937902832994922,-96.37226867675781,0.01772000611986368,-0.015111662447452545
259.5,0.04653944099378882,5.618429456994221,0.06142857142857139,-5.535533905932741,-102.31565284729,-0.03631212137919071,0.06074737757444382
275.0,0.02559145962732889,4.177687309454086,0.06500000000000006,-1.040440114519868,-108.2590370178223,0.03723929758970523,0.14823836088180542
120.5,0.04195217391304362,5.679436233280427,0.02857142857142858,0.1666666666666714,-106.5475158691406,-0.4305909465471404,0.09557263553142548
142.1666666666667,0.0539704968944098,7.110362473745226,0.0357142857142857,0.2238576250845981,-112.1091556549072,-0.2976413730529987,0.21780161559581757
151.0,0.06386195652173865,9.093878491922055,0.03214285714285714,-2.954653676892967,-121.7429370880127,-0.1751083256377222,0.11079435795545578
148.0,0.07235388198757753,8.046081444728017,0.01142857142857134,-4.730796051808365,-126.0643825531006,-0.1893322373358523,0.08522725850343704
307.0,0.1061944099378882,-15.55528269198031,0.01357142857142846,-2.718951416497458,-131.2442779541016,-0.0199224636907924,0.32803264260292053
223.9666666666667,0.2137119565217392,-7.379825715200809,0.04642857142857137,1.447140452079111,-82.36347198486328,0.5597149060473724,0.5418193340301514
174.5,0.142881211180124,5.893720457145363,0.05214285714285727,0.6380711874576903,-82.446533203125,0.2880965688529867,0.4406169056892395
127.1666666666667,0.07211226708074547,4.451830979637563,0.05928571428571439,-3.914213562373103,-86.53443908691403,-0.1487342917045875,0.19510626792907715
128.8333333333333,0.04947826086956542,3.908276546157268,0.06214285714285728,-6.661760458079531,-92.04654026031488,-0.2423647067341028,-0.0007731392979621887
119.0,0.04830776397515513,3.802704178392077,0.06571428571428573,-9.294925436950074,-101.9629907608032,-0.2802359671708305,-0.11136233061552048
206.0,0.03307981366459622,3.248068891913505,0.06285714285714283,-8.283080801639173,-107.4750919342041,-0.2501700941708305,-0.10288728773593903
193.5,0.03670900621118012,3.263349354623259,0.04214285714285726,-0.5522847498307932,-112.5104818344117,-0.140459017638422,0.17345264554023743
180.5,0.03577453416149068,2.024929738603561,0.05000000000000004,-0.09763107293781914,-117.6408376693726,0.00677091069317115,0.21177369356155396
196.3333333333333,0.01943540372670827,3.861679180940342,0.04500000000000004,-3.954653676892974,-122.7711849212647,-0.02498549020212881,0.06199272349476814
381.0,0.01939270186335407,-14.0651990236442,0.08428571428571419,4.58088022903976,-88.62596559524536,0.6651494870939663,0.4684441089630127
234.3333333333334,0.02427934782608687,-8.430126904156197,0.08571428571428574,4.678511301977569,-85.93880105018616,0.7267948600939662,0.42511671781539917
99.16666666666669,-0.01297080745341594,-1.050358868577391,0.09000000000000008,3.138071187457697,-89.7111394405365,0.7690406653874694,0.18547171354293823
107.0,0.0003018633540374793,-4.334201363402229,0.09000000000000008,0.3619288125422955,-95.17370176315308,0.6726010601000163,0.12975214421749115
72.8333333333334,0.01643649068323005,6.663733314545013,0.03214285714285714,-3.235702260395506,-130.7855658531189,-0.08756668463056466,0.02599961683154106
31.0,0.02268369565217399,-14.05018000745019,0.03785714285714292,-5.218951416497458,-135.5341687202454,-0.1061822667537092,0.07054094225168228
26.66666666666671,-0.01674565217391288,3.169510180494044,0.0685714285714285,-4.121320343559638,-98.40076017379764,-0.2096423202664924,0.05332731455564499
299.5,0.06026599378881992,-9.013106473327397,0.05785714285714283,-2.109475708248727,-122.4278054237366,0.1794501158400437,0.35303956270217896
321.8333333333333,0.08528959627329191,-19.74103022721107,0.06857142857142862,-1.0,-129.5741758346558,0.7033313798577835,0.5269680619239807
171.8333333333334,0.1397108695652174,-17.38734857603039,0.05928571428571427,-4.454653676892967,-134.654993057251,0.6341088141619791,0.28701817989349365
2.666666666666714,-0.00513074534161484,-4.724477819454378,0.07428571428571429,-2.873773447853218,-110.4024285376072,0.4010624587889987,0.04671099781990051
109.8333333333334,0.01787717391304344,6.20212312246241,0.06071428571428572,-3.759391531017336,-110.5866470336914,-0.03634638571583027,0.08340468257665634
-64.66666666666663,-0.03042344720496892,2.311750191045888,0.07500000000000007,2.149915822768609,-82.33555603027344,0.02379081440575886,0.15940707921981812
-25.83333333333331,-0.01817111801242233,3.379323341385899,0.07500000000000007,2.638071187457705,-88.06873321533203,-0.06300514108957356,0.20244629681110382
140.3333333333334,0.02278121118012455,7.067740094555518,0.07000000000000006,-4.25939153101735,-99.53507995605469,-0.1005459597158302,0.09574344754219055
156.1666666666666,0.04222453416149075,9.491983735964567,0.06357142857142861,-3.816582489435284,-105.2682495117188,0.0504134504620094,0.13523389399051666
62.0,0.07546444099378868,11.51228146260807,0.06285714285714283,-2.442809041582066,-111.0014266967773,0.4160486164204403,0.20386315882205963
-97.0,-0.02911614906832272,2.512069455091492,0.08571428571428574,0.7879870102263098,-70.86920928955078,0.3309942505153743,0.07015020400285721
241.6666666666667,0.07280248447204984,12.00066650502625,0.06285714285714294,-2.540440114519882,-116.7345962524414,0.5148246970116697,0.24754218757152557
-8.0,-0.01786242236024826,1.621908842541288,0.08571428571428563,0.05719095841792665,-82.33555603027344,0.4887522907660882,0.12984000146389008
-0.5,-0.00938167701863346,1.462612802014903,0.0814285714285713,-0.776142374915402,-88.06873321533203,0.4388452581983495,0.1107213944196701
119.1666666666666,-0.01742500000000002,1.885271396860702,0.0821428571428573,-2.361928812542303,-93.8019027709961,0.2804324327560386,0.07900955528020859
41.33333333333337,-0.02577453416149067,1.102241548873963,0.0814285714285714,-4.385618083164132,-105.2682495117188,0.3270746962090634,0.0257671270519495
-94.33333333333331,-0.07082468944099385,-4.78485436770093,0.09499999999999997,0.09763107293781559,-63.55757904052734,0.4282273670564902,-0.040444329380989075
36.16666666666669,-0.01786878881987586,3.605953085555342,0.07857142857142863,-2.833333333333336,-111.0014266967773,0.2957037732090634,0.06580191105604172
307.0,0.05296630434782623,8.230983808912143,-0.01571428571428568,-4.259391531017336,-65.40280151367188,-0.1362995788792094,0.07143627107143402
-3.0,0.09958819875776415,6.865222909977007,0.03357142857142859,-6.437902832994908,-122.4677658081055,-0.2011388430490154,0.036689065396785736
-7.5,-0.00226956521739119,2.130586557613199,0.06571428571428561,0.0,-75.68833923339844,0.2214262100564902,0.1450495570898056
21.16666666666669,-0.000818012422360459,2.740727824372513,0.07428571428571429,3.287987010226299,-81.75371551513672,0.317940735894425,0.22096040844917297
38.5,0.01615263975155279,3.608017233555017,0.07071428571428562,2.414213562373085,-87.819091796875,0.3030432734470764,0.2509952783584595
30.33333333333337,0.03167950310559031,5.053906738809715,0.07071428571428573,-0.1094757082487305,-93.88447570800781,0.252524524075028,0.1978759765625
-48.0,0.05288913043478261,7.006879453140698,0.07000000000000006,0.3333333333333357,-99.9498519897461,0.27110828547219,0.23363855481147766
226.6666666666666,0.0821409937888199,12.31015546824452,0.06785714285714295,-0.04044011451987473,-106.0152282714844,0.2624242036500565,0.3723375201225281
246.5,0.09703369565217401,15.25377325184662,0.05999999999999994,-0.9428090415820591,-112.0806121826172,0.3032465118257329,0.3511591851711273
75.66666666666663,0.02590450310559012,6.295900267664408,0.0864285714285713,1.569035593728834,-56.24594879150391,0.5970352966816131,0.14622144401073456
-82.5,0.02909565217391297,4.670855687932345,0.08285714285714274,3.149915822768605,-69.0411148071289,0.4957573401694664,0.2468128800392151
108.6666666666667,0.08879937888198752,12.05947537343901,0.05642857142857138,-2.414213562373092,-124.2113723754883,0.3925857338257329,0.22240674495697021
-52.83333333333331,-0.0004481366459625491,4.436293290602109,0.0814285714285714,1.76429773960448,-75.43870544433594,0.3382264328860307,0.13904303312301636
81.16666666666669,-0.006868012422360348,4.363986956898245,0.07499999999999996,1.81658248943527,-88.23387145996094,0.2969680158860307,0.17390674352645874
108.0,0.05790279503105589,-19.7862187398288,0.05428571428571427,-3.609475708248731,-130.2767486572266,0.3240771674773413,0.25823092460632324
17.5,-0.001000465838509434,3.818555230569217,0.0714285714285714,-1.178511301977586,-94.63145446777344,0.3871075754404836,0.10352253913879395
57.83333333333331,-0.02630496894409928,2.810817709140323,0.08499999999999996,-0.6666666666666643,-56.95096588134766,0.2622348251884734,0.0757722556591034
167.0,0.01494658385093162,3.946091538435937,0.07571428571428573,-2.040440114519889,-101.0290374755859,0.3539030862476242,0.10911533236503601
-115.0,-0.04918866459627336,1.49166965607435,0.09357142857142853,0.5404401145198818,-63.63691329956055,0.208978141004226,0.021452374756336212
-32.5,-0.02145388198757769,0.2922999581187042,0.08999999999999997,2.718951416497461,-70.32286834716797,0.2903326197600896,0.13092048466205597
184.1666666666667,0.02883121118012422,6.727910487278692,0.07499999999999996,-2.414213562373099,-107.426628112793,0.282341604877641,0.13762816786766052
156.5,0.07171987577639749,6.300515606481056,-0.01928571428571435,-8.77123616632825,-62.49241638183597,-0.292809158688524,-0.24905642867088318
36.33333333333337,0.0580597826086956,6.039569952686136,0.04214285714285704,-0.3905242917512695,-77.00881958007812,-0.04066286811700859,0.18703874945640564
111.0,0.0517986024844721,6.140392555481256,0.04714285714285704,-1.040440114519875,-83.69477081298828,0.1631610771439567,0.15931656956672668
159.6666666666667,0.06831972049689439,8.329316107291007,0.04785714285714293,-0.3737734478532246,-90.3807144165039,0.3853703915232363,0.2546248733997345
128.1666666666666,0.07665947204968937,10.61718245692089,0.05785714285714294,0.09763107293781559,-97.06666564941406,0.3990742235232362,0.3100491166114807
87.33333333333329,0.07952220496894424,11.40742856960065,0.05285714285714294,-1.81658248943527,-110.4385681152344,0.3859431011169256,0.24584925174713135
162.8333333333333,0.04114704968944127,10.393774384097,0.07785714285714274,2.304737854124369,-54.76174926757812,0.369791621122085,0.21973243355751038
17.83333333333337,0.04305574534161472,11.20196643446116,0.07999999999999996,4.580880229039749,-61.61671447753906,0.2794075091904322,0.2981204092502594
59.16666666666669,0.05225621118012425,11.17556399084219,0.07714285714285707,4.580880229039764,-68.4716796875,0.3614180281576656,0.3071242868900299
272.5,0.08173618012422379,9.660478131126055,0.08214285714285707,4.207106781186546,-82.39176177978516,0.5210116741896821,0.4889674782752991
-73.0,0.04442841614906823,10.79293840572315,0.0692857142857144,3.149915822768584,-82.1816177368164,0.3525265838371309,0.27225837111473083
54.0,0.03500729813664594,11.36601197771718,0.06928571428571417,1.942809041582059,-89.03658294677734,0.3594732854100522,0.26249825954437256
187.6666666666667,0.04939798136645945,10.22484590510044,0.06714285714285728,0.735702260395513,-95.89155578613281,0.2806700726757351,0.2491810917854309
139.3333333333333,0.01014472049689419,5.332429111824965,0.08499999999999996,3.954653676892974,-74.59667205810547,0.3898124476879277,0.20115935802459717
176.6666666666667,0.008806987577639758,7.806097415889511,0.07857142857142851,1.483249156101934,-80.66847229003906,0.4423062813014734,0.16462872922420502
183.6666666666667,-0.004063664596273164,7.814303741384165,0.07714285714285718,0.7928932188134397,-87.69245147705078,0.4573921365011264,0.1493963897228241
90.66666666666663,0.04482468944099349,10.69486532699473,0.03214285714285703,-1.914213562373092,-101.7404251098633,0.0410827593906038,0.07561022788286209
98.16666666666663,0.0826026397515528,12.49679634096684,0.04428571428571426,0.3333333333333428,-93.54132080078125,0.5119353688925226,0.32758092880249023
52.5,0.1066749999999997,-7.650548905325209,0.05571428571428572,1.333333333333329,-99.72822570800781,0.3638326471413272,0.47443336248397827
321.1666666666666,0.1581574534161491,-14.44802124948869,0.08999999999999997,0.8047378541243546,-50.30218887329102,0.6886831150895303,0.6313948631286621
438.0,0.1522958074534162,-13.9559039607586,0.09785714285714275,-0.5404401145198676,-54.23193740844727,0.6758473895236212,0.5986600518226624
121.0,0.08137577639751581,-3.593396646551341,0.09571428571428564,3.138071187457683,-41.90096282958984,0.8177687813998736,0.41084617376327515
68.66666666666669,0.06653835403726716,1.585588999357896,0.09642857142857142,7.299831645537214,-35.7354736328125,0.6825893853895887,0.3657764196395874
271.8333333333334,0.07771583850931685,1.061428768127797,0.1000000000000001,-1.361928812542295,-52.07196426391602,0.6301991799379789,0.3019673824310303
152.6666666666667,0.03582670807453436,-0.6597489025129022,0.1014285714285715,-0.2642977396044657,-45.83071136474609,0.5065667516888743,0.1415010690689087
122.3333333333334,0.03406739130434766,2.863464299716654,0.1100000000000001,-1.942809041582073,-49.91199493408203,0.1456555091834331,0.11169146001338959
282.6666666666667,0.01219068322981376,-1.0369583753901,0.1085714285714287,-2.638071187457712,-43.59497451782227,0.2012578338086279,0.05930933356285095
12.66666666666669,-0.006107919254658478,3.596102739288625,0.1014285714285715,1.833333333333343,-37.2779541015625,0.1470303291333774,0.09685541689395905
23.5,0.0371576086956521,4.963329047205221,0.1007142857142858,6.966498312203878,-30.96093368530273,0.472270093791375,0.27254682779312134
165.6666666666666,0.06268416149068312,9.044523460860958,0.1078571428571429,-2.414213562373099,-47.75202178955078,0.3737572748086279,0.15212953090667725
137.6666666666666,0.04234487577639734,6.096412994514679,0.1078571428571429,-1.540440114519889,-41.35923767089844,0.3267573804608659,0.08675457537174225
4.666666666666686,0.05134409937888185,4.947553850487211,0.09857142857142853,0.178511301977565,-28.57366371154785,0.2499485661333775,0.1574268490076065
-21.5,0.09028276397515522,5.168812360836014,0.09714285714285709,1.247546895706414,-22.18087768554688,0.428980931791375,0.2581806480884552
344.5,0.0958023291925465,4.966880633679907,0.04714285714285726,1.402368927062181,-26.68268203735352,0.4333771041612186,0.34616389870643616
267.0,0.07067499999999993,9.6112824228655,0.06785714285714295,-6.104569499661594,-47.75202178955078,0.0690613804885174,0.2532496452331543
-37.16666666666669,0.03450434782608669,7.156609683165726,0.06857142857142862,-5.535533905932745,-41.35923767089844,0.00965352832497357,0.06622855365276337
140.3333333333333,0.05225854037267075,5.047532971381898,0.07428571428571429,-6.10456949966159,-34.96644973754883,-0.1553000454111644,0.10983313620090485
-43.5,0.08665434782608694,4.209091707218391,0.07214285714285729,-6.730796051808365,-28.57366371154785,-0.18258060676478,0.12923243641853333
232.1666666666667,0.1019703416149069,4.635144071615699,0.07214285714285706,-5.190355937288501,-22.18087768554688,-0.07677795436069124,0.18591125309467316
313.1666666666667,0.09781987577639728,5.71086026646671,0.07571428571428573,-1.776142374915398,-26.68268203735352,0.206882416868134,0.32430315017700195
300.3333333333333,0.09294394409937912,7.544634549036914,0.06928571428571428,1.873773447853214,-43.43492126464844,0.425877110088246,0.4489571154117584
127.8333333333334,0.04951599378881977,9.325727395589908,0.09642857142857131,-1.707106781186546,-45.5920524597168,-0.0219114980524141,0.11295478045940399
182.5,0.0371167701863353,5.653063320175633,0.09571428571428575,-1.971404520791026,-39.12349700927734,-0.0207289502284328,0.10773035883903503
-46.0,0.05301785714285712,3.788540613793103,0.09642857142857142,-2.373773447853225,-26.18639373779297,0.01279686177156725,0.12398015707731247
49.5,0.06700760869565225,1.916128407998499,0.09642857142857142,-3.816582489435284,-19.71784019470215,0.3551071765966378,0.10828440636396408
118.3333333333334,0.10696350931677,0.9095471285570937,0.08857142857142852,-1.5,-24.32444763183594,0.4225648730837916,0.275754451751709
195.0,0.1038099378881987,1.038593886450101,0.09214285714285719,-0.1380711874576832,-32.86958312988281,0.6281505849225886,0.33167603611946106
5.833333333333314,0.06015729813664594,2.947701293920019,0.115,-1.816582489435277,-43.43207931518555,0.4774766425873576,0.15016767382621765
-85.5,0.002737577639751465,-0.4295579327845758,0.1085714285714285,-0.5404401145198818,-36.88776016235352,0.3169511962864306,0.05358877778053284
-38.16666666666669,0.005415527950310528,-1.880750139645968,0.1071428571428572,-0.3619288125422884,-30.34344100952148,0.1394334205678069,0.03414953500032425
-59.66666666666669,0.02290372670807461,-3.628282847640321,0.1057142857142856,-2.483249156101948,-23.79912376403809,0.1645328825633814,0.046715110540390015
105.1666666666667,0.08707531055900597,-0.4508773919949078,0.1007142857142856,-1.73570226039552,-17.25480461120605,0.4406066810538569,0.24085289239883423
245.1666666666667,0.08264596273291913,-0.2607934326153014,0.09785714285714275,-1.37377344785321,-30.68036842346191,0.3819174450538569,0.3209487199783325
136.1666666666667,0.07665760869565219,-0.3961546878023938,0.09714285714285709,0.5404401145198818,-39.39452362060547,0.3684160743520107,0.36349087953567505
54.83333333333331,0.0782315217391305,1.676615480467504,0.09928571428571431,-1.678511301977579,-19.60798072814941,0.3080031709269986,0.21670550107955933
60.1666666666666,0.09100139751552805,3.218910087224202,0.09642857142857142,-0.9428090415820733,-28.49115180969238,0.3523090530462439,0.2842044234275818
129.5,0.1363400621118013,4.770181252670497,0.08857142857142863,1.649915822768605,-37.37432098388672,0.6607955467421476,0.36289048194885254
52.0,0.04710885093167716,0.9804985834953044,0.05285714285714282,-5.897462718475044,-12.32873153686523,0.1778911841819215,0.038749489933252335
132.8333333333333,0.06671568322981336,0.9498612732205913,0.05214285714285727,-6.064129385141712,-26.30193519592285,0.1840664697813914,0.11962968111038208
35.16666666666663,0.08641847826086946,3.577661004973493,0.05785714285714294,-5.092724864350679,-35.35412216186523,0.321369543970696,0.19938050210475922
17.0,0.06372204968944084,3.625619276717302,0.06785714285714295,-5.092724864350679,-14.89151477813721,0.09572384754345686,0.14432941377162933
7.833333333333314,0.08575900621118027,5.763054912669219,0.06857142857142862,-7.771236166328247,-24.11271858215332,-0.105531498035603,0.02251278981566429
87.83333333333331,0.1143723602484471,6.196269794822214,0.06928571428571428,-6.08088022903976,-33.33392333984375,-0.09520371446537407,0.18255206942558289
182.8333333333334,0.09024052795031079,5.305091685822021,0.0842857142857143,-7.506938426723757,-12.53328132629395,-0.0444917787815044,0.03593158721923828
65.83333333333331,0.09114192546583844,6.468699326236177,0.08714285714285719,-5.483249156101937,-21.92350387573242,-0.05753465578798478,0.18812286853790283
-22.8333333333334,0.0961722049689443,7.431981928100853,0.07714285714285707,-5.121320343559645,-31.31372451782227,0.0983667829140426,0.22012042999267578
234.6666666666667,0.09510838509316766,5.303930531443299,0.07499999999999996,1.247546895706435,-40.70394515991211,0.04591384791404257,0.3841123878955841
88.33333333333331,0.08031832298136632,8.705310205403151,0.09642857142857142,-3.454653676892995,-10.175048828125,0.00725674480661731,0.19651764631271362
168.3333333333334,0.1066184782608696,8.648733295322899,0.09071428571428575,-2.804737854124362,-19.73428726196289,-0.01514722134235458,0.2412034124135971
160.5,0.1183995341614907,-8.757233656375405,0.09142857142857141,-2.511844635310929,-29.29352378845215,0.3403691911210838,0.3620677590370178
233.5,0.05754130434782589,2.064457911117998,0.07071428571428584,-0.5857864376269006,-77.32923126220703,0.5450419416843293,0.2208702117204666
108.6666666666667,0.05706909937888205,2.104561775110412,0.1171428571428572,-4.828427124746206,-9.475502014160156,0.430430343313578,0.04512226581573486
114.6666666666667,0.04779751552795042,2.442094155315232,0.1071428571428572,-3.080880229039757,-7.816815376281738,0.3008347826775719,0.05507814884185791
111.8333333333334,0.03469425465838516,4.209678264153411,0.1085714285714287,-2.454653676892981,-17.54507064819336,0.1095494281209198,0.08060859888792038
168.3333333333333,0.04136273291925474,4.246340442833898,0.09999999999999998,-0.01184463531091495,-27.27332496643066,0.1005174153200961,0.12748105823993683
80.66666666666669,0.08615155279503095,6.479213286016531,0.11,-0.5690355937288629,-1.76740825176239,0.2161343472371831,0.22582930326461792
59.33333333333331,0.09525652173913046,7.596482911052078,0.11,-0.5690355937288558,-7.323258876800537,0.2116925313856457,0.2660473585128784
99.0,0.1010621118012424,8.62061296015689,0.1007142857142856,-0.7357022603955059,-17.25080299377441,0.2557362114304922,0.2583399713039398
38.33333333333337,0.1358177018633541,-12.4619570397055,0.09928571428571431,0.1380711874576903,-27.17834663391113,0.575189965344075,0.397952139377594
101.3333333333334,0.08739689440993814,6.390165217076429,0.0842857142857143,-8.909307353785962,-1.66802978515625,-0.1186755817892521,-0.07456773519515991
64.83333333333331,0.09291677018633537,7.078691885217424,0.08357142857142863,-7.299831645537221,-7.47803258895874,-0.198814596188218,0.045746199786663055
-96.16666666666671,0.1007406832298134,8.911809489443868,0.0764285714285714,-5.023689270621816,-17.61539077758789,-0.02561985680722423,0.1744537055492401
202.6666666666667,0.1335751552795028,10.1282970043728,0.0792857142857144,-2.37377344785321,-27.75274848937988,0.2137918587814494,0.3087632358074188
205.8333333333333,0.1707093167701862,-10.7747128421417,0.07714285714285707,-3.190355937288501,-37.89010620117188,0.4240054341918409,0.38621699810028076
22.83333333333331,0.0897855590062111,2.681454895420245,0.1128571428571429,-3.845177968644251,-7.548355579376221,0.2831251685018152,0.18268582224845886
76.83333333333337,0.05786708074534175,2.317001442025443,0.1071428571428573,0.0976310729378227,-7.632806301116943,0.1056606402330712,0.15279744565486908
118.5,0.002440993788819679,-3.979926711757997,-0.02714285714285702,0.3737734478532104,-98.05061340332031,-0.07172172921434922,0.04417060315608978
-138.8333333333334,0.02380372670807474,-2.636322267361095,-0.03714285714285714,-2.649915822768605,-124.4351577758789,-0.003420178422933795,-0.036027513444423676
-78.83333333333331,0.04867142857142881,-1.366488067235707,-0.03428571428571436,0.05228474983078968,-113.2024841308594,-0.02169294984401321,0.10314343869686127
7.666666666666686,0.04867142857142881,-1.133266734213507,-0.04499999999999993,-5.621320343559624,-125.7857131958008,-0.02169294984401321,-0.08092492818832397
321.6666666666666,0.02169767080745311,-0.8632024635476938,-0.004285714285714337,-2.011844635310908,-103.1878967285156,-0.1307203837642952,0.017998412251472473
29.33333333333329,0.006058695652173651,6.14407957602954,-0.01500000000000012,3.109475708248731,-13.46498107910151,-0.04274490749741089,0.03999858349561691
-120.8333333333333,-0.032949844720497,-1.965145596273331,0.01214285714285701,1.345177968644236,11.83299255371088,8.232236961791539e-05,0.008641071617603302
-184.5,-0.03962624223602484,-3.405477548909104,0.01714285714285713,0.1666666666666856,10.88299560546872,0.009777007998515774,0.01808849349617958
-85.66666666666669,-0.02385978260869581,-3.408820723236843,0.01357142857142901,0.8737734478532246,9.933013916015597,-0.0965801971620196,0.035040609538555145
32.83333333333343,-0.02003540372670809,-1.420494447633089,0.0128571428571429,0.2238576250845981,7.765029907226506,-0.0513212197525289,0.026294473558664322
19.16666666666657,0.02621040372670802,1.216782137079107,0.02857142857142803,1.292893218813461,18.23402404785159,0.02671386238000595,0.09557268023490906
62.83333333333329,-0.001204658385093316,0.3880219775510909,0.02928571428571503,0.01184463531090785,16.06605529785159,-0.08041715728070176,0.04168663173913956
120.6666666666666,0.04459534161490664,-10.61839195231171,-0.01571428571428601,2.149915822768605,-18.6671142578125,0.3061679795219934,0.06619162112474442
-5.166666666666714,-0.009573291925465854,1.864629498736718,-0.009285714285713897,6.857022603955162,-1.363998413085994,-0.02439429526967185,0.18465930223464966
-31.33333333333331,-0.04935574534161491,-0.57468157237291,0.02071428571428613,3.080880229039757,24.88397216796878,-0.2586414120212101,0.0820782482624054
-35.33333333333329,-0.03708835403726707,-0.2298773767867317,0.002857142857143113,8.909307353785952,11.9549560546875,-0.2271943799586117,0.27947524189949036
24.5,-0.03251754658385109,-1.939858086706451,0.04785714285714304,2.138071187457705,29.79901123046878,-0.04998079804427624,0.026016445830464363
202.6666666666666,0.05512173913043483,-5.1269859908478,0.05785714285714305,2.81658248943527,10.51213073730472,0.3633015321805789,0.2858355641365051
76.66666666666671,0.02432018633540378,-3.925478217441807,0.05428571428571516,0.5285954792089669,8.612136840820312,0.2838548083901506,0.1284230798482895
148.9999999999999,0.05279177018633541,-4.951794263619192,0.01500000000000012,1.44280904158208,10.70001220703119,0.3975628030922111,0.1380492001771927
168.6666666666667,0.04793245341614893,-3.815202769771588,0.0128571428571429,2.47140452079103,6.116348266601506,0.2975121740922111,0.08209986984729767
143.6666666666667,0.03657717391304349,3.1821634929439,0.01785714285714213,3.414213562373092,7.471405029296903,0.2464363927756526,0.10394585132598877
-134.6666666666667,0.001333229813664238,-11.55017219345018,0.04214285714285704,2.052284749830804,41.19891357421881,0.1514197732603955,0.049015067517757416
339.6666666666666,0.07392934782608696,-10.53733111731684,0.04285714285714293,0.8500841772313876,32.10003662109369,0.4739527995388307,0.5027018189430237
238.6666666666667,0.06420310559006215,-14.46112261388924,0.04214285714285704,0.792893218813461,44.81399536132812,0.5071476901330512,0.34912365674972534
-125.3333333333334,-0.05469487577639753,-18.27375006181309,-0.03571428571428514,-1.166666666666686,-9.900741577148494,-0.1488561573166063,-0.14155755937099457
-101.0,-0.0390388198757764,1.088792981488211,-0.02928571428571392,-1.954653676892967,-20.11904907226571,-0.2726281179207769,-0.07682088017463684
-19.16666666666671,-0.06664860248447224,-7.225513495565792,-0.03357142857142903,0.3047378541243546,-22.30931091308588,-0.06492693181338549,-0.06731046736240387
-68.16666666666671,0.02484006211180134,-3.311619441998502,-0.02214285714285702,-3.580880229039771,29.63344573974608,-0.05800870569250371,0.004269737750291824
-225.3333333333333,0.01176118012422345,-3.915374251426897,-0.03214285714285814,-0.792893218813461,24.76856231689457,0.04606294923824789,0.022509627044200897
-6.833333333333286,-0.01659968944099366,-0.697767817018601,-0.0128571428571429,0.4714045207910331,-17.8318634033204,-0.277354783211069,-0.013409387320280075
0.0,-0.03470527950310565,-4.759110136263516,-0.01928571428571391,-0.2357022603955201,-17.632568359375,-0.2653118559207769,-0.06140860170125961
68.66666666666671,-0.03743276397515527,-11.85029399918074,-0.02285714285714291,1.718951416497454,-17.43325805664062,-0.04196540381338548,-0.06025731936097145
23.33333333333331,0.006705900621117866,-4.754252753506037,-0.01714285714285801,-0.01675084389805903,5.303451538085895,0.1229661829877237,-0.008056286722421646
187.3333333333333,0.02234767080745337,-8.1366059481076,-0.02000000000000002,-0.8451779686442507,-5.656867980957003,0.0165764401767079,0.03838881850242615
166.0000000000001,0.007797515527950272,-1.271125449443929,-0.01714285714285713,-0.09763107293781559,-4.102523803710881,0.009523908701116246,-0.013284262269735336
187.5,0.0114680124223604,1.235774898577134,-0.01714285714285713,-1.345177968644251,-2.548187255859403,0.01869212945707305,-0.02559010311961174
209.0000000000001,0.01352251552795025,1.719504022644401,-0.0149999999999999,-0.4309644062711655,-0.9938354492187216,-0.02960904310463086,-0.015137076377868652
129.8333333333334,-0.01187018633540382,-12.43349517290169,-0.01571428571428601,0.7761423749153877,-11.95414733886722,-0.1750776512856463,-0.005131684243679047
121.3333333333333,-0.002198757763975046,-5.198832015214805,-0.0107142857142859,-0.1380711874576832,-4.221229553222699,-0.05953774182329213,-0.0145290307700634
-79.66666666666671,0.006882919254658337,-9.00573497020389,-0.01928571428571502,-0.8451779686442435,34.35726165771486,0.1815263582382479,-0.007351994514465332
122.3333333333333,0.01651863354037275,-14.03623408690507,-0.02499999999999991,1.678511301977565,-4.304458618164091,0.1504606433730544,0.042301908135414124
177.0000000000001,0.02132763975155283,-10.30166961741891,-0.01642857142857101,-0.2642977396044941,-2.235458374023409,0.3034159359879747,0.042280249297618866
195.3333333333333,0.0653021739130436,-12.0676902749875,-0.01071428571428612,0.1666666666666572,-0.1664581298827841,0.3448569895855809,0.17130175232887268
-24.83333333333343,-0.01523742236024861,-1.27038046793929,-0.01928571428571391,0.8165824894352909,12.51466369628911,0.1440433248167498,0.019618060439825058
14.0,-0.001359316770186303,-5.457551517856601,-0.0171428571428569,0.1952621458756312,8.293441772460895,0.01847082577993597,0.013246390968561172
238.0,0.1018377329192547,6.474535051932307,0.06857142857142862,-8.966498312203893,24.58336448669433,-0.4061470967669288,0.0876028835773468
219.6666666666666,0.1139051242236023,5.242052930290129,0.07071428571428573,-9.478342947514797,0.1090545654296875,-0.2905303048450996,0.003171682357788086
-213.4,-0.04781393280632396,-0.6809683467252938,0.05454545454545445,8.891168824543133,-116.3660736083984,0.4216507449323912,0.38846728205680847
-156.2,-0.02927338646202293,-3.504381338988608,0.05545454545454542,7.511269837220809,-124.2318878173829,0.5416967129490355,0.42202675342559814
-3.0,0.00463354037267083,-1.153777434856806,-0.002857142857142891,0.8047378541243617,-2.470741271972649,0.02390676657456847,0.0011975392699241638
15.0,0.002681211180124321,-0.6339055505116988,-0.008571428571428896,-0.4309644062711513,-4.148612976074226,-0.002412221502644862,-0.023393437266349792
17.33333333333329,-0.007179813664596302,-4.2678693679361,-0.01000000000000001,0.7357022603955201,8.877796173095696,0.03810355451684344,0.02314908429980278
0.0,0.0,0.102808131310212,0.0,0.0,7.100330352783203,1.651050407502908e-10,0.01833411306142807
22.66666666666671,-0.00226583850931672,-1.228122368193198,-0.03214285714285703,-0.264297739604487,31.42974472045898,0.1785725475396598,0.0201561376452446
7.666666666666572,-0.01404270186335377,-2.847558798274704,-0.03285714285714314,-0.971404520791026,25.39975357055664,0.1798772388667118,-0.006888914853334427
39.83333333333329,0.01095481366459616,4.589330944326505,-0.02642857142857191,1.414213562373092,-19.31478118896484,0.01698589739050915,-0.013485826551914215
-13.33333333333329,-0.0235795031055902,-6.447369319962405,-0.03285714285714292,-0.1380711874576974,18.87880325317384,0.05503108989605743,0.0037394315004348755
-37.83333333333329,0.009977018633540502,-2.367176103672804,-0.05571428571428605,0.5404401145198889,-14.03567886352539,0.186724297158131,-0.004484478384256363
114.8333333333334,0.06121677018633542,-2.018793492995997,-0.132857142857143,2.333333333333336,-36.77914428710942,0.5746773119573223,0.10871312022209167
133.1666666666666,0.06232065217391303,-2.018793492995997,-0.1328571428571421,4.466498312203889,-31.25521087646489,0.5502032043337097,0.15743811428546906
81.5,0.05044440993788823,5.600566909458593,-0.1735714285714292,3.454653676892981,-6.097198486328125,0.4675963649790394,0.11670763790607452
128.9999999999999,0.07357018633540369,0.1131924167121952,-0.170714285714286,1.166666666666679,-19.63149261474609,0.5888495238102203,0.10752122849225998
147.0000000000001,0.06817282608695652,-6.483442514432397,-0.149285714285714,3.55228474983079,-30.17680740356445,0.5324277270576013,0.23646730184555054
111.3333333333334,0.01782096273291922,7.933543169861096,-0.1478571428571429,1.804737854124355,-26.72107696533203,0.473145684938081,0.08287161588668823
10.83333333333329,0.06026133540372669,15.8952428184041,-0.1892857142857141,-0.4714045207910331,-6.089279174804688,0.3364266130213648,0.09175154566764832
106.6666666666667,0.0723113354037268,10.88361578348351,-0.1864285714285721,-0.4595598854801182,-9.019844055175781,0.3986658030930103,0.11213220655918121
183.0000000000001,0.07302204968944093,0.8718642622845891,-0.1564285714285709,1.540440114519896,-11.94825744628906,0.1710367861407627,0.1210968941450119
184.4999999999999,0.0855246894409939,7.019795570098395,-0.1542857142857141,3.454653676892971,-8.591323852539062,0.3598826056537722,0.23443348705768585
-64.14285714285722,0.01222086956521751,-0.1941738884981135,0.102,4.508049883729143,-78.49487686157227,0.3203021618439206,0.2900638282299042
-107.8571428571428,0.001300869565217577,-4.186932282557322,0.112,4.379550607070328,-85.62696933746338,0.3124192468439206,0.2269265502691269
178.1428571428572,0.005368885869565188,4.406229292040109,-0.125625,-1.246846008765402,62.2958984375,0.1044208911588934,0.1333497166633606
271.5714285714286,-0.003640489130434799,1.175500912871811,-0.18125,-1.261203874963734,133.8449172973633,0.03598099883986509,0.027362018823623657
-192.1428571428572,-0.03681073369565224,-0.8380491721782874,-0.08499999999999996,-2.512255205375261,221.6724090576172,-0.0682276170719243,-0.0987924337387085
279.1428571428572,0.1275940217391305,0.3029228317805917,-0.13375,3.424366106925312,147.7179107666015,0.2103213457229562,0.3758466839790344
368.9999999999999,0.1236512228260868,-0.6847988006281014,-0.07687499999999992,3.271356419515946,104.2190246582031,-0.03719620097407549,0.39291781187057495
404.4285714285714,0.1096728260869565,-1.440816664406299,-0.09625000000000006,4.995794678353867,94.27586364746091,-0.1729306600811406,0.29938605427742004
-94.42857142857144,0.01947663043478265,-5.143161264092001,-0.160625,1.05917336605328,117.7826080322266,-0.02810032051541421,0.0966692864894867
140.8571428571428,0.04358016304347823,0.1521229273613045,-0.17875,2.187672642712094,119.4217376708984,0.120918398462983,0.09815067052841187
70.14285714285722,0.02908641304347825,-0.7739152988634999,-0.183125,2.724438258837935,102.0145111083984,0.07878294454447511,0.07426542043685913
308.4285714285714,0.02015923913043483,0.3460035681279976,-0.184375,3.21218305346266,101.0799560546875,0.2099069412537358,0.10020223259925842
116.8571428571428,-0.01637999999999973,-2.289011914266212,-0.02266666666666672,-3.759101214140692,20.4711799621582,-0.3078049248427894,-0.029115308076143265
-40.71428571428584,-0.02890130434782601,-7.518443204462159,-0.02200000000000013,-2.581581115980782,28.4183235168457,-0.2356928098777322,-0.03770555928349495
161.0,0.007042608695652097,-3.113690445355999,-0.02599999999999991,-2.236693464213197,31.51485443115234,-0.2255396440356249,0.017216451466083527
-29.28571428571433,0.05248462732919257,1.650480875773496,-0.06642857142857106,-1.404061017820879,-55.06838226318354,0.1326196475614609,0.015032604336738586
201.9999999999999,0.1227375776397515,3.13930736287999,-0.06214285714285706,-2.950979178498905,-54.07393646240237,0.3275989099820953,0.08831776678562164
38.0,0.1310970496894412,5.98798359665021,-0.04000000000000004,-3.616244071283528,-41.71412658691406,0.3222815487702156,0.05427384749054909
178.8571428571429,0.05746863354037279,-12.24317509576031,-0.02214285714285813,-1.783611624891218,28.78106689453122,0.3813197543753526,0.1320592612028122
170.5714285714285,0.04390719063545145,2.589223096971907,0.01615384615384607,-2.093836321356051,-188.4371871948242,-0.02628079698474362,-0.04904817044734955
92.57142857142856,0.04840334448160533,2.142611262039608,0.01230769230769224,-3.424366106925298,-170.8634033203125,-0.1234131151632202,-0.05175700783729553
72.0,0.03841939799331107,1.936293206087498,0.01999999999999991,-0.4530818393219675,-200.845344543457,0.2207445168961306,-0.03358825296163559
249.4285714285714,0.001301003344481688,-0.6337320311456978,0.006923076923076921,-0.4978973391769301,-128.7053298950196,-0.08043886038479808,0.06165283918380737
91.85714285714278,0.003731772575250702,-4.411689440326199,0.0007692307692307443,0.09383632135605069,-105.6282958984375,0.1660862949763072,0.03780598193407059
-14.28571428571428,-0.01885267558528458,2.487994209714401,0.01384615384615384,-2.699927848087384,-191.0736999511719,-0.05899975674189306,-0.1383284032344818
15.57142857142861,-0.002023745819398126,1.060304150701,0.009230769230769154,-2.33052978556924,-151.0102767944336,-0.3543418163626023,0.01562529057264328
-102.5714285714286,-0.01140250836120416,2.287640015897892,0.01076923076923075,-4.424366106925302,-182.9572677612305,-0.1693682576727648,-0.14051800966262817
0.0,-0.01607491638795955,0.0,-0.003846153846153721,0.0,7.410354614257784,0.105582337111144,0.021668847650289536
131.1428571428571,0.01358612040133778,-0.2844840722480058,0.0015384615384616,0.6060915267313192,0.0,0.3115324068504506,0.02734140306711197
8.000000000000114,-0.0008874581939799508,2.786370312296498,0.006153846153846176,-1.404061017820879,14.143798828125,-0.2341359175541979,0.01551714539527893
14.14285714285711,0.02947842809364565,4.214653518749898,0.003846153846153721,-0.2020305089104397,6.523635864257812,0.1269337630177952,0.07077671587467194
-35.14285714285705,-0.001533612040133914,1.506818638818999,0.005384615384615321,-0.08368377680383077,-7.546249389648409,-0.06139467362166806,-0.0009657330811023712
239.5714285714285,-0.006277591973244179,1.681651961207791,0.003076923076923199,0.8571428571428399,-4.917572021484403,0.2387514821967733,0.021550357341766357
-45.42857142857139,0.001166889632106871,3.520586447263,0.01153846153846139,0.03466295530274976,-31.07023620605469,-0.08411436667276478,-0.005773086100816727
23.14285714285711,0.003293645484950036,2.31134238512611,0.01153846153846161,0.83263244639231,-33.11866760253909,0.1815499244025508,0.008987270295619965
-68.71428571428584,-0.02095066889632102,-2.9627210588976,-0.02153846153846162,1.128499276658808,114.687484741211,0.2890427085634233,-0.00452529639005661
-87.57142857142861,-0.02152926421404677,-1.909118501852305,-0.003076923076923199,4.828427124746185,81.5360717773438,0.3429043587674628,0.12742581963539124
-245.1428571428572,-0.03089916387959868,4.844556141540792,0.003846153846153832,1.985642133801669,75.576171875,0.05428895576746282,0.0710366815328598
-54.0,-0.02533327759197312,0.6635293721452058,-0.003846153846153721,1.857142857142872,54.44795227050778,0.1625398284449721,0.047368139028549194
-53.14285714285722,-0.05869799331103698,-0.9551415450347918,0.003846153846153832,5.020305089104422,82.90278625488281,0.08223427100941802,0.10366982221603394
31.0,-0.06150752508361212,-2.3586099573279,-0.0015384615384616,4.710080392639576,83.516616821289,0.1482333581700465,0.09400821477174759
-166.8571428571429,0.001312207357859529,-2.359099550660503,-0.05461538461538473,-1.118346732106602,150.3649215698243,-0.127002545745808,-0.06039927154779434
-69.85714285714278,-0.04278946488294322,-1.441789927214799,-0.04846153846153844,1.261203874963741,148.9451675415039,-0.278135252745808,-0.0069868303835392
-185.4285714285714,-0.01279130434782627,-2.772455266319298,-0.05769230769230771,-1.773459080339016,172.7346725463867,-0.1550768653118111,-0.06396031379699707
340.2333333333333,0.01520525362318859,-0.4438452082904973,0.0008333333333333526,1.955634918610386,0.1528396606444886,0.2129208032748431,0.09881310164928436
273.4285714285714,0.0599797101449272,-4.688653684232506,-0.1246666666666667,-0.3795506070703425,-131.6030740737915,-0.08251682740522809,0.2850165367126465
-29.7777777777778,-0.01233729977116715,-0.04741872983308326,-0.01105263157894742,0.157134840263673,0.0,0.0907332599994724,-0.0010677985846996307
39.22222222222231,-0.004793020594965669,-0.9473557945438955,-0.01263157894736833,-0.1111111111111214,1.868423461914006,0.003359693959769539,-0.009541135281324387
0.0,0.0,-0.1202060920067964,0.0,0.0,0.0,-3.04368197312499e-10,0.015227314084768295
49.44444444444451,-0.04017608695652175,-0.2243848160406117,-0.005263157894736858,0.09204745830514227,2.398773193359375,-0.04020766177460249,-0.00904076173901558
-22.2222222222222,0.0,1.165445930420191,-0.006842105263157983,-0.09204745830512095,2.663970947265682,4.90719097301362e-10,0.006465107202529907
12.66666666666657,0.04321098398169332,6.780541844035909,-0.02105263157894721,0.7396504721658133,11.2825927734375,-0.246510368178076,0.11982941627502441
-74.22222222222217,-0.01340160183066375,3.848804838945313,-0.02368421052631575,0.0,3.363143920898409,-0.2029120330764964,0.006259426474571228
91.0,0.009711441647597185,0.2639976381738052,-0.02789473684210519,0.1761984930696556,8.787445068359403,0.1219866636706581,0.015918605029582977
85.22222222222231,0.01287402745995425,-1.946328033009948,-0.01684210526315799,0.3602934096799189,3.893508911132784,-0.002868129537269101,0.012021232396364212
-64.77777777777769,-0.01552768878718536,2.261762249231623,-0.03000000000000003,0.241285875028197,0.337646484375,0.2498223550127685,-0.005064759403467178
-8.555555555555486,-0.006706521739130444,0.246837413683636,-0.03263157894736834,0.2682459513747872,0.8679962158203125,0.1222197104402586,-0.007055971771478653
57.0,-0.007146910755148728,-2.188206376959783,-0.03473684210526318,-0.09204745830513161,1.398361206054688,-0.1779327485720032,-0.010312046855688095
24.11111111111097,-0.0324702517162474,3.169610414455406,-0.0473684210526315,0.1111111111111072,0.8679962158202841,0.0353945045877395,-0.00257042795419693
53.7777777777778,-0.03475194508009172,0.7154903977663736,-0.0447368421052633,0.7396504721658346,-1.892333984375,0.00718817460256,-0.04147575423121452
33.33333333333329,-0.0399631578947367,-2.276482462949218,-0.03473684210526307,-0.2491822985688046,1.398361206054716,0.1147477845338975,-0.03565919026732445
-94.7777777777778,0.005957894736841829,-0.1614421951355496,-0.01368421052631574,0.1571348402636801,-9.8720703125,0.2928310366548022,-0.01829076185822487
81.88888888888879,-0.008911556064073345,0.9444649848498017,-0.02157894736842114,-0.8507615832769346,-3.555877685546818,0.1124673762188858,-0.04247419536113739
4.888888888888886,-0.006087528604118986,0.2956068814935406,-0.01842105263157912,-0.6015792847081158,4.25506591796875,-0.0857558883289313,-0.01106637716293335
82.55555555555561,0.02355664251207723,-0.3335284591877041,0.0005555555555555314,-1.314269680527349,7.960090637207074,-0.1343040303706951,0.029184306040406227
0.0,0.0,-4.926519294567228,0.0,0.0,4.369979858398494,1.68338676331814e-10,0.013110145926475525
62.20000000000002,0.01377889016018308,-10.57990938524566,-0.0005263157894739301,0.341421356237305,0.0,-0.0115886277738288,0.03818894922733307
-306.6,-0.04508878718535481,-2.332813610133798,-0.000526315789473708,-0.8656854249492412,-2.229660034179688,0.0523958462988971,-0.0317123681306839
-370.1,-0.03111006864988553,-0.8274551345170948,-0.01210526315789473,0.1828427124746206,-4.459335327148494,0.1726393284488249,-0.011157616972923279
-32.80000000000001,-0.05884375910131046,-2.030287247769508,0.01578947368421046,-0.08284271247462272,34.1446228027344,0.06884510464149557,0.014722798019647598
-80.30000000000001,-0.03134173080923663,-1.732552053546996,0.0189473684210526,0.3414213562372979,52.6265869140625,0.06125564223883292,0.01987658068537712
-14.40000000000003,0.005934143222506294,0.4031156839864991,-0.05352941176470605,-0.6242640687119234,-2.835845947265597,-0.1443237980708498,-0.036512233316898346
-9.900000000000034,0.01024258312020465,-1.880993275350093,-0.04941176470588204,-0.8242640687119263,-2.742080688476591,-0.0672585651966364,-0.030225064605474472
-88.0,0.04284583940087361,0.8415480936638886,-0.1415789473684215,-0.7071067811865284,156.7344970703125,-0.1432067819307401,0.06447283923625946
107.2,0.02901824942791775,1.015178149494702,-0.1384210526315787,-0.6071067811865483,154.906982421875,0.0758451501563091,0.02557329833507538
-107.5,-0.06048837112544203,-0.9649542096733228,0.09578947368420998,-0.2242640687119426,14.82924938201904,-0.016136621562585,-0.049620792269706726
-101.1,-0.05822800603286882,-3.894942817980862,0.1084210526315792,0.3242640687119298,14.82924938201904,-0.0141503834384587,-0.04266735166311264
-328.2,-0.07019653110047852,-7.889795806799711,0.02842105263157912,0.6656854249492419,-106.1441030502319,0.08265778632537807,0.027683816850185394
118.5,-0.01218342391304339,-1.475798368660392,0.004375000000000018,-0.4414213562372957,-28.08437728881837,-0.05023525085411074,-0.028124142438173294
71.09999999999997,-0.0273789402173914,-1.625288635722498,0.005000000000000004,-0.04142135623731846,-65.63497924804688,-0.1961389039298571,-0.004969913512468338
-44.0,-0.03709266304347825,-1.974916565528787,0.010625,-0.04142135623731136,-81.47151756286617,-0.328200953344169,-0.0009799189865589142
29.5,-0.02339497282608693,-13.6959583617591,0.005624999999999991,0.4828427124746213,-79.80917358398438,-0.1738594232009913,0.030554182827472687
-85.0,-0.04533682065217381,-1.301760488940104,0.01249999999999996,-0.1414213562372986,-110.9257216453552,-0.1070498383237909,0.009213659912347794
-27.90000000000003,-0.02904021739130425,-4.215644583215393,0.01000000000000001,-0.2828427124746185,-106.9078752994537,-0.06725816020099129,0.01698179915547371
40.5,-0.008387092391304307,0.08609677051359199,0.008750000000000036,-0.4414213562373135,-129.2787935733795,0.3228203693366059,0.03628526255488396
37.80000000000001,0.006019836956521862,-1.008028419122198,0.006250000000000089,-0.7242640687119284,-120.5697345733643,0.02758658628797273,0.03549088537693024
-97.70000000000002,0.01334687499999987,-1.327821563213902,-0.010625,0.182842712474617,-3.7623291015625,0.2037825439621463,-0.005410749465227127
-147.4,0.005688586956521746,-1.297345708338995,-0.01312500000000005,0.1171572875253695,20.47246360778809,0.1957626271470925,0.021482154726982117
40.0,-0.0222917119565218,-2.22445352697801,-0.005000000000000004,0.682842712474617,27.78830623626709,-0.0787785410231297,0.029180405661463737
-60.40000000000001,0.03744006656958609,-0.5931596062136038,-0.002631578947368318,-0.9656854249492355,-38.50874710083009,-0.0347485480499849,-0.00022212788462638855
24.79999999999995,0.02432333055960068,-2.104896625809502,0.000526315789473708,-0.6414213562373128,-28.60733795166018,-0.1927428898730209,0.0019418075680732727
78.69999999999999,0.04571531620553371,4.799338410682708,-0.05105263157894724,-0.3171572875253865,-82.14442443847659,0.0993778514657751,0.015293177217245102
86.30000000000001,0.05848115248595798,6.089865912873378,-0.03578947368421037,-0.5414213562373185,-46.74877166748047,0.04862621505819451,0.037387341260910034
14.70000000000005,0.05807464114832528,10.67180593070087,-0.03631578947368408,-0.8242640687119263,-50.60595703124997,0.1003083711350947,0.06281163543462753
195.7,0.05203191699604748,9.369227523643133,-0.06052631578947354,-0.2242640687119213,-82.90702438354492,0.1062948447270625,0.10087749361991882
-61.39999999999998,-0.02639529852298728,0.1734272494998947,-0.1915789473684214,-0.8485281374238589,72.32594108581543,0.05011102307386262,0.07462755590677261
281.6,0.1907115300603286,-10.4424091025207,-0.1857894736842108,0.5656854249492298,-13.24167633056642,0.201146257232647,0.45357078313827515
164.6,0.04109104859335022,4.951132783776501,-0.01176470588235312,0.465685424949239,-33.13195800781247,-0.04696900393816822,0.0034721121191978455
181.1,0.09032787723785163,4.253613608554502,-0.01176470588235312,-0.424264068711917,-32.5841064453125,-0.05619324757164482,0.16690565645694733
-82.20000000000005,-0.04160946291560108,-13.9664303518618,0.105294117647059,0.1171572875253908,52.45916748046872,0.220075512117822,-0.05753405764698982
