AGB_diff,NDVI_diff,LFMC_diff,VPD_diff,Sc_diff,Rd_diff
-0.0037820120342075825,-0.03068338707089424,0.003866159822791815,0.020746616646647453,0.08055843412876129,-0.0270089041441679
-0.006304176989942789,-0.026794349774718285,-0.0021434100344777107,-0.009475908242166042,0.004736624658107758,-0.02301924116909504
-0.004332459066063166,0.005501194391399622,0.004269700963050127,-0.04175315424799919,-0.009679587557911873,-0.032177284359931946
-0.0027436395175755024,0.018002836033701897,-0.00266152061522007,-0.04797615483403206,0.09261146932840347,-0.034185729920864105
-0.007333940360695124,0.006974662188440561,-0.0020213352981954813,-0.039242107421159744,0.03165693208575249,-0.027892274782061577
-0.008037982508540154,0.021400531753897667,0.014730854891240597,-0.017177069559693336,0.09409025311470032,-0.019346658140420914
0.001825417741201818,-0.012504668906331062,0.000482352712424472,0.023532157763838768,0.03159581124782562,0.017737796530127525
-0.00195373990572989,0.0029800033662468195,-0.0036219267640262842,-0.02037019468843937,0.025109989568591118,-0.02352728880941868
-0.004236358217895031,0.007817493751645088,-0.002204259391874075,-0.020938746631145477,-0.03534463793039322,-0.02222650684416294
-0.010767504572868347,-0.02310442179441452,0.04040021076798439,-0.026859112083911896,0.017019852995872498,-0.038297634571790695
-0.007686202879995108,-0.02778894454240799,-0.005345453508198261,-0.02881346084177494,0.022402366623282433,0.01309746503829956
-0.009720337577164173,-0.029757939279079437,-0.002267279429361224,-0.02848486416041851,0.06365643441677094,0.012018557637929916
-0.009759028442203999,0.06906475871801376,-0.007196306716650724,-0.0407092347741127,0.0014589055208489299,0.02046755887567997
-0.008253403939306736,-0.026371533051133156,-0.0012248549610376358,-0.029992083087563515,-0.012922867201268673,-0.022182926535606384
-0.0010489597916603088,-0.021500006318092346,-0.0012265276163816452,-0.02883584052324295,-0.03079288825392723,-0.02791389636695385
0.037856925278902054,0.01652066968381405,0.01573447324335575,-0.04453929886221886,-0.04094820097088814,-0.028575586155056953
-0.008518295362591743,0.011259153485298157,-0.0024826868902891874,-0.021253928542137146,-0.08650436252355576,-0.023566903546452522
-0.005302068777382374,0.0155211566016078,0.004102161154150963,-0.029081355780363083,-0.11304277926683426,-0.02577967196702957
-0.003990455996245146,0.00740967458114028,0.001974431797862053,-0.046672672033309937,-0.27729299664497375,-0.02586471661925316
-0.0032829302363097668,-0.002957702148705721,-0.001083257724530995,-0.02030811458826065,-0.04484441131353378,-0.023592891171574593
0.07528988271951675,0.0669005960226059,0.0341191440820694,-0.018618319183588028,-0.04470949247479439,-0.03991314023733139
0.004759430419653654,0.12673813104629517,0.00018371388432569802,-0.019354987889528275,-0.0620940700173378,-0.009410475380718708
-0.0030574887059628963,-0.026599735021591187,0.0038945437408983707,-0.028250129893422127,-0.03853519633412361,-0.028884360566735268
-0.005837892647832632,-9.923864126903936e-05,0.004041055217385292,-0.04572342336177826,-0.007847368717193604,-0.021590882912278175
-0.0020141974091529846,0.0011358148185536265,-7.458371692337096e-05,-0.051023323088884354,-0.052002038806676865,-0.030169982463121414
-0.009239917621016502,0.07318640500307083,0.029839439317584038,-0.020138658583164215,-0.010217568837106228,-0.023557361215353012
0.05880502611398697,0.2068883180618286,0.015953337773680687,-0.004651016555726528,-0.09586015343666077,-0.04168771579861641
0.0035174661315977573,0.21218816936016083,-0.0012242821976542473,-0.009795625694096088,0.027299804612994194,-0.022799022495746613
0.05877615883946419,0.25707486271858215,0.0577671155333519,-0.013375998474657536,-0.005760905332863331,0.002025123918429017
0.003005016129463911,0.19393767416477203,0.004598306026309729,-0.025190776214003563,0.0142326345667243,0.004196531604975462
0.057111453264951706,0.26663345098495483,-0.005402773153036833,-0.025339029729366302,0.0372534915804863,-0.0006448415224440396
-0.008173435926437378,-0.03458193689584732,-0.004422533325850964,-0.001705688307993114,-0.03898477926850319,-0.015279745683073997
-0.0073076458647847176,-0.0362333320081234,-0.0005951070343144238,0.011523496359586716,0.004905449226498604,-0.018718697130680084
-0.024742471054196358,-0.08687390387058258,-0.0207406934350729,0.025403635576367378,0.015619856305420399,-0.023104535415768623
-0.009689673781394958,-0.08961924910545349,-0.005152651574462652,0.022775154560804367,0.03245655447244644,-0.025034070014953613
-0.0003873680252581835,-0.004483012482523918,-0.0017468866426497698,-0.02634504809975624,-0.02435452491044998,-0.020496826618909836
-0.01212614681571722,-0.02348344586789608,0.00020011613378301263,-0.02943149209022522,-0.057384274899959564,-0.017385270446538925
-0.008294801227748394,0.017836062237620354,0.017389509826898575,-0.030967941507697105,-0.022445302456617355,0.04349896311759949
-0.01541808433830738,0.018157778307795525,-0.008037005551159382,-0.02507602423429489,-0.048434387892484665,0.033355068415403366
-0.010492214001715183,-0.03002789244055748,-0.006265030708163977,-0.013985184021294117,-0.007332488428801298,-0.0033531261142343283
-0.0036474247463047504,-0.02978518232703209,-0.005436822306364775,-0.010458359494805336,0.008922170847654343,-0.005042294971644878
-0.005847168155014515,0.018882645294070244,-0.012444054707884789,-0.010975378565490246,0.08233393728733063,-0.02175166830420494
-0.006881298962980509,0.010192062705755234,-0.0104771563783288,0.002263941103592515,0.1550220251083374,-0.026426054537296295
-0.012983233667910099,-0.027460334822535515,0.002537543186917901,0.016941269859671593,-0.04393152520060539,0.023705383762717247
-0.006239712703973055,0.020010752603411674,-0.012582224793732166,-0.011424095369875431,0.01701279543340206,-0.01620647870004177
-0.007602960802614689,0.025933967903256416,0.01093666348606348,-0.017636043950915337,0.0685625895857811,-0.032328881323337555
-0.009494397789239883,-0.036272745579481125,0.0023582885041832924,0.023669784888625145,0.011341096833348274,0.03821171075105667
-0.011299473233520985,-0.03164219856262207,-0.005794160533696413,0.02612733095884323,0.016459109261631966,0.024130551144480705
-0.012654934078454971,0.011788186617195606,0.005221270956099033,-0.015118972398340702,0.09164076298475266,-0.03230951726436615
-0.004397076554596424,0.007459504995495081,-0.003606931073591113,-0.02242877706885338,0.030319619923830032,-0.018945569172501564
-0.001881889533251524,0.020420057699084282,-0.001735249301418662,-0.0275306086987257,0.06554444879293442,-0.01851055771112442
-0.008796310052275658,0.07979021221399307,-0.0027604964561760426,-0.022874362766742706,0.04667713865637779,-0.01805964671075344
-0.005238679237663746,-0.031647443771362305,0.00031856432906351984,-0.009404690004885197,0.014064228162169456,-0.0010988326976075768
-0.008838365785777569,0.10555004328489304,-0.0017053167102858424,-0.06429915130138397,0.024946322664618492,-0.0280303955078125
-0.009021289646625519,0.020770814269781113,0.01959809474647045,-0.008505670353770256,0.006792705971747637,0.0324539989233017
0.05274995416402817,0.01874040812253952,0.033890578895807266,-0.004254953004419804,0.020105687901377678,0.036570094525814056
-0.013942590914666653,-0.03566300496459007,-0.005813721567392349,0.011188861913979053,-0.013506810180842876,0.008013171143829823
-0.005431723315268755,-0.01358768530189991,-0.008364854380488396,-0.00542415352538228,0.014629971235990524,0.013251158408820629
-0.004717707633972168,-0.032898470759391785,-0.007959144189953804,-0.005485339555889368,-0.0005768390838056803,0.012573139742016792
-0.006293990183621645,-0.04121268913149834,-0.008582845330238342,-0.0030635446310043335,0.0036146382335573435,0.014937764033675194
-0.007801645901054144,-0.031851619482040405,-0.0023435812909156084,-0.005842147395014763,0.01936849020421505,0.007503659464418888
-0.00266735116019845,-0.0025170305743813515,0.004406288266181946,-0.041500505059957504,0.003344673663377762,-0.029886314645409584
-0.007169171702116728,-0.02730174921452999,0.002220835769549012,-0.023669512942433357,0.0010513169690966606,-0.017178699374198914
-0.016228580847382545,-0.0672161653637886,0.04085877537727356,0.0029030353762209415,-0.033965397626161575,0.039242614060640335
-0.008441172540187836,-0.06325051933526993,0.0687825009226799,0.010914644226431847,-0.03731255605816841,0.0440339520573616
0.012782798148691654,-0.060460057109594345,-0.003344464348629117,0.013417338952422142,-0.03719249367713928,0.028605986386537552
-0.007568798493593931,-0.05248855799436569,-0.006050541996955872,0.004524834454059601,0.012836997397243977,0.022126443684101105
-0.015264523215591908,-0.07000461965799332,0.011598164215683937,0.010530195198953152,-0.057389840483665466,0.027463644742965698
-0.01921059750020504,-0.05762086063623428,0.05859280005097389,0.016781874001026154,-0.01858634687960148,0.05375679209828377
-0.013766949996352196,-0.0630229189991951,-2.2356322006089613e-05,0.018199827522039413,-0.06172330677509308,0.024845052510499954
-0.0076772356405854225,-0.05868581309914589,-0.010020215064287186,0.015749849379062653,-0.0007584458799101412,0.020319534465670586
-0.01142369769513607,-0.07616261392831802,0.04287546128034592,-0.014185909181833267,-0.04163822531700134,0.020883187651634216
-0.00011112869833596051,-0.03200607746839523,0.036989726126194,0.010234621353447437,0.03383615240454674,0.03232761099934578
-0.004033339209854603,-0.04469739645719528,0.007606956642121077,-0.012249722145497799,0.019598402082920074,-0.028678013011813164
-0.008002374321222305,-0.06685788929462433,0.0028770454227924347,0.0023916338104754686,0.0028847355861216784,-0.004555136431008577
-0.01060990709811449,-0.04324040189385414,-0.005846807267516851,-0.006822462193667889,-0.017746809870004654,-0.0034626610577106476
-0.00793203990906477,-0.07768922299146652,0.0014585888711735606,-0.003122798167169094,-0.005830379202961922,-0.006288629490882158
-0.012914345599710941,-0.06632736325263977,0.0059860083274543285,0.0011931813787668943,0.01992347650229931,-0.02247103862464428
-0.019045252352952957,-0.070796899497509,0.0024952527601271868,-0.009453884325921535,0.010751673951745033,-0.022550217807292938
-0.008025137707591057,-0.06642381101846695,0.0007376149296760559,-0.005037532187998295,0.01389402523636818,-0.02245410718023777
-0.005884289275854826,-0.04020187631249428,-0.0036117236595600843,-0.012227756902575493,0.02898385003209114,-0.0219209436327219
-0.0046066963113844395,-0.036733876913785934,-0.004887422081083059,-0.004655902273952961,-0.0018756334902718663,-0.001794583396986127
-0.003818531520664692,-0.05922960862517357,-0.000990382512100041,-0.016100915148854256,0.023151572793722153,-0.024931713938713074
-0.005620207171887159,-0.029327619820833206,-0.0023131046909838915,-0.017768017947673798,0.012365484610199928,-0.01916121505200863
-0.005540044978260994,-0.030287068337202072,-0.002131600398570299,-0.013076678849756718,0.03371748700737953,-0.021225223317742348
-0.0020869302097707987,-0.02724103443324566,-0.003811040660366416,-0.020558031275868416,0.034500591456890106,-0.02403416484594345
-0.0012334041530266404,-0.028926534578204155,0.0019782567396759987,-0.0160510316491127,0.041236478835344315,-0.022794196382164955
-0.00328570744022727,-0.029124530032277107,-0.0026949215680360794,-0.017943838611245155,0.016741512343287468,-0.020638898015022278
-0.00899889413267374,-0.027981942519545555,-0.001300919335335493,-0.015459852293133736,0.015490846708416939,-0.019992724061012268
-0.0035175825469195843,-0.02571224980056286,-0.0022816057316958904,-0.01532240305095911,-0.004195139743387699,-0.022055309265851974
-0.0041476059705019,0.003734224010258913,-0.006319065112620592,-0.018171072006225586,0.016493258997797966,-0.023173796012997627
-0.001777267549186945,0.007709287106990814,0.0016068668337538838,-0.030692480504512787,-0.0226251520216465,-0.030322829261422157
0.08762024343013763,0.23018687963485718,0.054846227169036865,-0.006897198036313057,-0.026629483327269554,-0.028701983392238617
-0.008721265941858292,-0.035191796720027924,-0.002110111992806196,-0.012590911239385605,-0.018849937245249748,-0.0193893201649189
-0.006437298376113176,0.024265456944704056,-0.00446322001516819,-0.023376915603876114,-0.021505793556571007,0.004783978685736656
-0.007900330238044262,0.0076548694632947445,-0.002065276727080345,-0.021427737548947334,-0.03388677537441254,0.025092588737607002
0.027336426079273224,0.006486906670033932,-0.01597737893462181,-0.03625817969441414,-0.0199603158980608,-0.022342875599861145
-0.006835471838712692,-0.05597012862563133,0.06685567647218704,0.005380547605454922,-0.008462096564471722,0.026807278394699097
-0.01628214307129383,0.02410009317100048,0.022800631821155548,-0.02665371634066105,0.03666031360626221,-0.007942764088511467
-0.006257168482989073,0.11682263016700745,-0.008401093073189259,-0.012980055063962936,0.03933858126401901,-0.023142997175455093
-0.0020615183748304844,-0.025836870074272156,-0.0024684001691639423,-0.020427288487553596,-0.013868933543562889,-0.01927804946899414
-0.008285397663712502,0.1395687460899353,-0.002593677956610918,-0.06138692423701286,-0.06385547667741776,-0.018702106550335884
-0.009201869368553162,-0.03458216041326523,-0.005999441724270582,-0.005757312756031752,-0.014769463799893856,0.003495909972116351
0.014272522181272507,0.00988832488656044,-0.012042246758937836,-0.019760260358452797,0.01274709403514862,-0.025628618896007538
0.028392640873789787,0.07799938321113586,-0.011996611952781677,-0.05039391666650772,-0.008574428968131542,-0.02680313214659691
-0.009821133688092232,0.12527865171432495,-0.0013562750536948442,-0.06101890653371811,-0.046802859753370285,0.003769581438973546
0.009800543077290058,0.006981874816119671,-0.0055691516026854515,-0.040800247341394424,-0.010289865545928478,-0.02377316914498806
-0.005258241202682257,0.007013242691755295,-0.003636690089479089,-0.04008131101727486,-0.042261600494384766,-0.0212209802120924
-0.0040113958530128,-0.03478104621171951,-0.007611661683768034,0.02464987523853779,0.012542624957859516,-0.002673596842214465
-0.00784060824662447,-0.029232893139123917,-0.01107645221054554,-0.0023072727490216494,0.014282137155532837,0.009756232611835003
0.0017245190683752298,0.0031498484313488007,-0.012706354260444641,-0.012275527231395245,0.0004931786679662764,0.01516892109066248
-0.00924758892506361,-0.031197231262922287,-0.0027298384811729193,-0.00962124578654766,0.025313328951597214,-0.008708140812814236
-0.003100784495472908,-0.029289590194821358,-0.0030651616398245096,-0.02535376138985157,0.00031067561940290034,-0.023119384422898293
-0.005674290936440229,-0.026698457077145576,-0.004865226335823536,-0.02535097301006317,0.0025425858329981565,-0.0179740060120821
-0.004955933429300785,-0.023168954998254776,-0.003944316413253546,-0.033206939697265625,0.020285410806536674,-0.027002481743693352
-0.001018037204630673,-0.024433646351099014,-0.0026026368141174316,-0.03420434892177582,0.016561059281229973,-0.027090545743703842
0.00036804607952944934,-0.023438939824700356,-0.0046439687721431255,-0.02934536151587963,0.001110265264287591,-0.02918277308344841
-0.006649385206401348,-0.04714692756533623,-0.0022358570713549852,0.0015012586954981089,-0.021479707211256027,-0.005308391526341438
-0.005011981353163719,-0.02837335877120495,-0.00013692182255908847,-0.011920314282178879,-0.012380102649331093,-0.018333034589886665
-0.011921845376491547,-0.008373238146305084,-0.0028737292159348726,-0.0445089116692543,0.0035308527294546366,-0.015990952029824257
-0.005981676746159792,0.014574127271771431,-0.005067335907369852,-0.04684111475944519,0.020450111478567123,-0.022641237825155258
-0.005849279463291168,0.012188807129859924,0.0011579431593418121,-0.03998540714383125,0.026247357949614525,-0.021363815292716026
-0.0017101969569921494,-0.01938941888511181,-0.004259475041180849,-0.04270300269126892,0.017101692035794258,-0.021041911095380783
-0.006204388570040464,-0.027111519128084183,-0.0011576575925573707,-0.025343863293528557,-0.02372531034052372,-0.02341351844370365
-0.00826525129377842,0.040746670216321945,-0.0044701602309942245,-0.012823719531297684,0.03747512400150299,-0.009932506829500198
-0.0041804006323218346,0.022782059386372566,-0.0053891753777861595,-0.044607896357774734,0.018636273220181465,-0.022400235757231712
-0.008410210721194744,0.08105315268039703,-0.006775728426873684,-0.01849512755870819,-0.00035691913217306137,-0.015806298702955246
-0.011498977430164814,0.014751918613910675,-0.0029288670048117638,-0.047161564230918884,-0.021246882155537605,-0.017565295100212097
-0.013026168569922447,-0.004816188011318445,-0.007864244282245636,0.024617990478873253,-0.04856580123305321,-0.031003514304757118
-0.004148573148995638,0.044216252863407135,-0.0019998957868665457,-0.030789421871304512,0.03219491243362427,-0.0018878747941926122
0.0016000750474631786,0.13766612112522125,-0.004318917635828257,-0.06341075897216797,0.006730088498443365,-0.018780820071697235
-0.013124040327966213,0.015100742690265179,0.0015436606481671333,-0.05427498742938042,-0.013559376820921898,-0.026987768709659576
-0.0048093232326209545,0.032646294683218,0.0025288702454417944,-0.007140106521546841,0.019191954284906387,-0.024472801014780998
-0.0016320492140948772,0.020973971113562584,-0.0052218008786439896,-0.04357673227787018,0.004805574659258127,-0.02258138544857502
-0.0024865693412721157,0.0630052387714386,-0.0016308233607560396,-0.05439893528819084,0.0018174982396885753,-0.020246174186468124
-0.0027968764770776033,-0.023342201486229897,-0.004335162229835987,-0.03572328761219978,0.026612628251314163,-0.03600607067346573
-0.003023675875738263,-0.0257907435297966,-0.00019258183601778,-0.03700661659240723,0.011391757056117058,-0.03146766126155853
-0.0032170063350349665,0.011670059524476528,-0.004770609550178051,-0.011637093499302864,-0.007780307438224554,-0.024685410782694817
0.008638753555715084,0.006185565609484911,-0.0005638102884404361,-0.0099590253084898,0.030972760170698166,-0.01842433027923107
-0.008526851423084736,-0.026007283478975296,-0.001641224604099989,-0.031489238142967224,0.027576081454753876,-0.02474079094827175
-0.0053207604214549065,-0.010116343386471272,-0.0036276367027312517,-0.03469061851501465,0.020362308248877525,-0.023578617721796036
-0.000775618595071137,-0.03230496868491173,0.000727674167137593,-0.00501345656812191,0.023851877078413963,-0.02387392520904541
-0.005037895869463682,0.01864415779709816,-0.00585951516404748,-0.012920081615447998,0.022217683494091034,-0.025137342512607574
0.029465466737747192,0.06944785267114639,0.008598409593105316,-0.03090272657573223,-0.012639244087040424,0.02747468277812004
0.0074796839617192745,0.0064843702130019665,-0.004908515606075525,-0.014095261693000793,0.02536671794950962,0.026634130626916885
0.004652100149542093,0.15612685680389404,-0.008701455779373646,0.027141181752085686,-0.20954382419586182,-0.027092227712273598
0.003027376951649785,0.013281567953526974,-0.002609682735055685,-0.019529249519109726,-0.022962624207139015,-0.020444078370928764
0.00307067739777267,0.015436283312737942,-0.004169906489551067,-0.008228207007050514,-0.05581941083073616,-0.02061563730239868
0.034379247575998306,0.013740304857492447,-0.01397664099931717,-0.0028641740791499615,-0.015080975368618965,-0.038465969264507294
0.047088805586099625,0.07842470705509186,-0.008548049256205559,-0.008748050779104233,-0.05688432976603508,-0.037959277629852295
-0.0016781117301434278,0.011935709975659847,0.0005170193035155535,-0.014508611522614956,0.03534721955657005,-0.015926850959658623
0.006750587373971939,0.09068575501441956,-0.00861275102943182,0.023743372410535812,0.01720883697271347,-0.012949242256581783
-0.006767221726477146,-0.016827750951051712,0.0022073532454669476,0.02842770889401436,0.05136248841881752,0.036543358117341995
0.007740930654108524,0.004594400990754366,-0.008367734029889107,-0.009713291190564632,-0.03592114523053169,0.0019294254016131163
0.01511318888515234,-0.001604448421858251,-0.0066855973564088345,-0.014485138468444347,0.002685499144718051,-0.022912995889782906
-0.0015537104336544871,-0.040407560765743256,0.004209287464618683,0.011300722137093544,0.17323487997055054,0.02614513225853443
-0.0011398543138056993,0.014435341581702232,-0.005931688006967306,-0.01388784870505333,-0.002141409320756793,-0.02036954276263714
-0.0018798770615831017,0.009137573651969433,-0.005951436702162027,-0.006589651573449373,-0.023410344496369362,-0.0042488910257816315
-0.0045661116018891335,0.013489603996276855,-0.006831744220107794,-0.013224925845861435,-0.026830080896615982,-0.0025155225303024054
-0.011739951558411121,-0.03277525305747986,0.008256864733994007,0.012746136635541916,0.15584616363048553,0.035634513944387436
0.0023134711664170027,-0.0320342592895031,-0.004425663035362959,-0.008926179260015488,0.007445293944329023,-0.019982483237981796
0.003995789680629969,-0.024250108748674393,-0.003320863237604499,-0.008478580974042416,0.24238170683383942,0.03695739433169365
-0.008312410674989223,-0.015358619391918182,-0.001361976028420031,0.023382404819130898,0.0901373103260994,-0.016098571941256523
-0.0018829641630873084,-0.016495084390044212,0.0002681026526261121,0.00681192334741354,0.0489811971783638,-0.0029443250969052315
-0.00454936595633626,-0.03209632635116577,-0.0031132700387388468,-0.011653226800262928,0.022023731842637062,-0.02312513068318367
-0.008185832761228085,0.003057128982618451,0.0003956151194870472,0.008113032206892967,0.22238421440124512,0.027999239042401314
0.002454636385664344,-0.0114460289478302,0.002421770477667451,0.010460375808179379,0.1676776260137558,0.05403852462768555
0.03856859356164932,-0.019841590896248817,-0.012968063354492188,0.025168292224407196,0.0455196313560009,-0.02632776089012623
-0.007010292261838913,0.0069795330055058,-0.00257267989218235,-0.009169992059469223,-0.013295561075210571,-0.018995683640241623
-0.008852489292621613,0.01773509941995144,0.0021211702842265368,-0.0035588154569268227,-0.0488964281976223,0.004205974284559488
-0.004415926989167929,3.4382468584226444e-05,0.002858457388356328,0.0005327672115527093,0.15417924523353577,0.05256658419966698
0.022660691291093826,-0.022343069314956665,-0.009791331365704536,0.02259877137839794,0.24726244807243347,0.055943991988897324
0.0010931689757853746,-0.017509402707219124,0.001597643829882145,0.015157602727413177,0.12473251670598984,-0.012813492678105831
-0.009725824929773808,-0.024415066465735435,-0.002316489117220044,-0.0012164247455075383,-0.03443346917629242,0.0004624150169547647
0.007967665791511536,0.006494166329503059,-0.010744813829660416,-0.01667162962257862,-0.03496463596820831,-0.00027245620731264353
-0.00230036536231637,0.011527459137141705,-0.0070052072405815125,0.018665868788957596,-0.045552581548690796,0.0024441154673695564
-0.00729688024148345,0.005431623198091984,-0.012278307229280472,-0.006521302741020918,-0.06045142933726311,0.019920742139220238
0.0056812213733792305,0.03395688906311989,-0.004640538711100817,0.04134860262274742,-0.01989290490746498,0.011926600709557533
-0.0045480309054255486,0.008998733945190907,-0.0018668111879378557,-0.014602435752749443,0.09029512852430344,-0.026990996673703194
0.008500990457832813,-0.0250919908285141,-0.011415696702897549,0.017435548827052116,-0.036181285977363586,0.0005928571335971355
-0.014598479494452477,-0.035103704780340195,-0.007966837845742702,0.01966462843120098,-0.06258706748485565,0.015486984513700008
-0.004766607191413641,-0.02252066321671009,-0.004634158220142126,-0.013282470405101776,0.023412499576807022,-0.006158146541565657
-0.0017157674301415682,-0.009139901027083397,0.0013227143790572882,-0.011970116756856441,0.17422828078269958,0.0356169193983078
0.008100763894617558,0.048496637493371964,-0.007383870892226696,-0.013424035161733627,0.023740865290164948,-0.01982663758099079
0.004440394230186939,0.01375975925475359,-0.007636419963091612,0.007035047747194767,0.04741963744163513,-0.03522138297557831
-0.0069545782171189785,0.006837029941380024,0.0014486170839518309,-0.01556782703846693,-0.040732625871896744,-0.03043491579592228
-0.0014850974548608065,0.053888604044914246,-0.003424790222197771,-0.0011022641556337476,0.10236610472202301,-0.021785106509923935
-0.0011170909274369478,0.008667802438139915,-0.0020734695717692375,-0.04775003716349602,0.14018794894218445,-0.024688193574547768
0.026811789721250534,0.006949990056455135,-0.01431797631084919,-0.037053972482681274,0.02494092844426632,-0.029171297326683998
0.002090743277221918,-0.027111751958727837,-0.005791765637695789,-0.03377010300755501,0.022717084735631943,-0.025633255019783974
0.021466100588440895,0.0011005373671650887,-0.008477123454213142,-0.03160911798477173,0.0037256982177495956,-0.026063235476613045
-0.006224216427654028,0.009340177290141582,-0.0047654034569859505,-0.041175954043865204,0.02809012494981289,-0.024628430604934692
-0.0021587263327091932,-0.028923848643898964,-0.006344685330986977,-0.023485330864787102,0.015536741353571415,-0.02203100360929966
-0.0027160632889717817,-0.02652287483215332,-0.0022738908883184195,-0.03778872266411781,0.04271452873945236,-0.02602742612361908
-0.005983090028166771,-0.027792640030384064,-0.0037871908862143755,-0.035184346139431,0.03683862090110779,-0.02391706593334675
-0.008040105924010277,0.01759370230138302,-0.006760784890502691,-0.04142409935593605,0.044199250638484955,-0.03376972675323486
-0.006772813852876425,0.009649516083300114,-0.0031458442099392414,-0.03044419176876545,0.04109848663210869,-0.03446347266435623
0.03889842703938484,0.013078995048999786,-0.016444193199276924,-0.042425841093063354,0.04418892413377762,-0.038966383785009384
0.02420196682214737,0.02730717882514,-0.012329261749982834,-0.03891971334815025,0.11020904034376144,-0.026659119874238968
0.04034356772899628,-0.02567351795732975,-0.014737379737198353,-0.025619933381676674,-0.02429400384426117,-0.03935156762599945
-0.0037913538981229067,-0.02494579553604126,-0.001265035243704915,-0.025661582127213478,-0.000500293739605695,-0.022510819137096405
-0.006074835546314716,-0.02975802682340145,0.00029156243545003235,-0.03379439935088158,0.013866462744772434,-0.026814240962266922
-0.00816760491579771,-0.023127388209104538,-0.0013113761087879539,-0.028171462938189507,0.01147122960537672,-0.009204600006341934
-0.007742295507341623,0.008741642348468304,-0.00675157317891717,-0.03905167430639267,0.017672406509518623,-0.022615555673837662
-0.003183461260050535,0.010708077810704708,-0.004008893854916096,-0.03976624459028244,0.11790688335895538,-0.027999557554721832
-0.005536057520657778,0.008833242580294609,-0.002594308229163289,-0.04520462825894356,0.09273649007081985,-0.03410327807068825
0.010908287018537521,0.007827762514352798,-0.007472350262105465,-0.03549215942621231,0.11859336495399475,-0.03126081824302673
0.0024017507676035166,0.006260225549340248,-0.005884494166821241,-7.570507295895368e-05,0.03776820749044418,-0.03017391823232174
0.004861088469624519,0.011544846929609776,-0.006821604445576668,-0.030765224248170853,0.024904921650886536,-0.034704338759183884
-0.008244120515882969,-0.02860693447291851,0.0003469089278951287,-0.02730967104434967,0.03629901260137558,-0.0282510407269001
-0.007184274028986692,-0.032213304191827774,0.0018576314905658364,-0.03201646730303764,0.039698172360658646,-0.029013391584157944
-0.009468456730246544,-0.025472423061728477,-0.00046562598436139524,-0.03034391440451145,0.03804309666156769,-0.02576722390949726
-0.005030454136431217,0.0140537703409791,-0.00490524573251605,-0.03698397055268288,0.026327082887291908,-0.024884074926376343
-0.0046892473474144936,0.006336767692118883,-0.004278405569493771,-0.026113875210285187,0.1004386767745018,-0.01246569212526083
-0.0023306156508624554,0.01349680870771408,-0.00401315838098526,-0.028648467734456062,0.09235035628080368,-0.02817893773317337
0.0030117284040898085,0.01680990308523178,-0.00555510725826025,-0.03251822665333748,0.0335032120347023,-0.030013015493750572
-0.0011117048561573029,0.015499678440392017,-0.009217792190611362,-0.02916480414569378,0.01934123784303665,-0.005391556769609451
-0.007529193535447121,0.014097522012889385,-0.006531167775392532,-0.041542936116456985,0.013471092097461224,-0.007479496765881777
-0.0027375309728085995,0.00829643476754427,-0.004731299821287394,-0.02538672462105751,0.041960980743169785,-0.026783833280205727
-0.004556235857307911,-0.029232528060674667,-0.0011896844953298569,-0.029555492103099823,0.02111232653260231,-0.025456739589571953
-0.009608733467757702,-0.040785256773233414,-0.00043990553240291774,-0.0243537575006485,0.037051960825920105,-0.024893153458833694
-0.007233146112412214,0.019118979573249817,-0.000914022559300065,-0.03519182652235031,0.016166696324944496,-0.006366011220961809
-0.008482811041176319,0.11443836987018585,-0.00432549649849534,-0.06250593066215515,-0.00902702659368515,-0.023930463939905167
-0.005728129297494888,0.019760066643357277,0.0009046719642356038,-0.042047470808029175,0.09428594261407852,-0.0274911317974329
-0.006494577042758465,-0.03046543523669243,-0.006071935873478651,-0.027836831286549568,0.014599536545574665,0.004754285328090191
-0.00733867147937417,0.006610796321183443,0.00763296103104949,-0.035109978169202805,-0.016307232901453972,-0.0016388604417443275
-0.006818026769906282,0.020731434226036072,-0.0029244106262922287,-0.04414372146129608,0.001241203397512436,-0.022580236196517944
-0.0048129200004041195,0.015719104558229446,-0.003849111497402191,-0.03637583926320076,0.036790989339351654,-0.024582216516137123
-0.004862661473453045,-0.03036550246179104,0.003384625306352973,-0.031807348132133484,0.09100280702114105,-0.023953687399625778
-0.006064061541110277,0.014177231118083,-0.005471625365316868,-0.03769870847463608,0.02459777519106865,-0.010119982995092869
-0.0015397368697449565,0.016613850370049477,0.002417302457615733,-0.0381501279771328,0.021354811266064644,0.001902535674162209
-0.005501678679138422,-0.025499502196907997,-0.0033345010597258806,-0.02801734395325184,-0.013732139952480793,0.00323123880662024
-0.0029429057613015175,0.08478076756000519,-0.00984147097915411,-0.04602809250354767,0.02946235053241253,-0.03067920356988907
-0.006167363841086626,-0.00555886747315526,-0.001746402122080326,-0.043174661695957184,0.11618125438690186,-0.024856530129909515
-0.001000037300400436,0.01786196045577526,-0.006089458707720041,-0.04061877727508545,0.01594528555870056,-0.0016256386879831553
0.04659683629870415,0.00422801123932004,-0.01688808761537075,-0.03148265555500984,-0.013745532371103764,0.0011243552435189486
-0.0036725150421261787,0.003379845293238759,0.0013867159141227603,0.005967131815850735,-0.028529953211545944,-0.028143469244241714
-0.0020934774074703455,0.04276444390416145,0.014768225140869617,-0.01737799309194088,0.008838449604809284,-0.029498979449272156
-0.008593980222940445,0.020315079018473625,0.007564213592559099,-0.003032196080312133,-0.022931251674890518,-0.02171933837234974
0.08642169833183289,0.14940901100635529,0.03621669113636017,-0.020563827827572823,-0.021351536735892296,-0.04382215067744255
-0.011274476535618305,0.13179564476013184,0.0005419236258603632,-0.027644066140055656,-0.022176077589392662,-0.004945843946188688
0.00806351751089096,0.003341101808473468,0.03895362466573715,-0.0042254021391272545,-0.02059047296643257,-0.0349000059068203
0.0681978240609169,0.13888829946517944,0.03987700119614601,-0.020409267395734787,0.054537080228328705,-0.04950336739420891
-0.0008533383952453732,0.12670905888080597,0.0018645563395693898,-0.02297525480389595,-0.006814246531575918,-0.004939214792102575
0.0022410196252167225,0.16845035552978516,0.02860412932932377,-0.01085453201085329,0.06334211677312851,-0.009188167750835419
0.06896324455738068,0.24712993204593658,0.07770546525716782,-0.043921757489442825,0.10395564883947372,-0.03606434538960457
0.05762292817234993,0.1738492250442505,0.0184293482452631,-0.034304894506931305,0.028321562334895134,-0.007036772556602955
0.07585909962654114,0.14434073865413666,0.021231692284345627,-0.03334284946322441,0.04455285519361496,-0.043924834579229355
0.006607017945498228,0.13025417923927307,0.04417336359620094,-0.027964694425463676,0.03857266530394554,0.030619174242019653
0.046783361583948135,0.18436603248119354,0.03056005761027336,-0.027000565081834793,0.08473323285579681,-0.05493507534265518
0.07743793725967407,0.19320595264434814,0.024762623012065887,-0.021321963518857956,0.07452463358640671,-0.057185545563697815
-0.005517227109521627,-0.03584672510623932,-0.0034495778381824493,0.017333153635263443,-0.0030174197163432837,0.008424178697168827
-0.005830236244946718,0.013490448705852032,-0.00847299862653017,-0.006705133710056543,0.012558101676404476,0.0169997476041317
-0.009390953928232193,0.009663988836109638,-0.004370363894850016,-0.011283005587756634,0.040447887033224106,0.01808500476181507
0.06913229078054428,0.18416722118854523,0.007342123426496983,-0.029984408989548683,0.05416284129023552,-0.04519807547330856
0.08102035522460938,0.19158953428268433,0.0680115669965744,-0.017856424674391747,0.054325252771377563,0.041783541440963745
-0.01169602107256651,0.1755330115556717,0.048843830823898315,-0.033390920609235764,0.09018412232398987,0.03719983994960785
-0.007748373318463564,0.1320030689239502,0.02948441542685032,-0.030721979215741158,0.03971397876739502,-0.03473488241434097
0.09577973932027817,0.2102302461862564,0.037837568670511246,-0.05327271297574043,0.02661479078233242,0.02455918863415718
-0.0004103566752746701,0.04426886886358261,-0.009662776254117489,-0.016124004498124123,-0.006544684059917927,0.021490540355443954
0.05297321081161499,0.07622334361076355,-0.01807720586657524,-0.004150587599724531,-0.0315229706466198,0.03133923560380936
-0.0018922555027529597,0.020963363349437714,0.0020211096853017807,0.015040439553558826,-0.042186252772808075,0.031924404203891754
-0.012441958300769329,0.14130762219429016,0.04422140493988991,-0.02169332094490528,0.05687087029218674,0.03640689328312874
0.09934809058904648,0.19638705253601074,0.016103962436318398,-0.02338097244501114,0.08608872443437576,-0.011958703398704529
-0.015565297566354275,0.10497965663671494,0.03854985162615776,-0.027622021734714508,0.10399427264928818,0.03906882554292679
-0.007706000003963709,0.16522559523582458,-0.002190128667280078,-0.02526070736348629,0.0586111955344677,-0.03718465194106102
0.08781520277261734,0.19835670292377472,0.04469645395874977,-0.028825394809246063,0.07697010785341263,0.019077979028224945
-0.019440123811364174,0.13665255904197693,0.031658608466386795,-0.0545644573867321,0.01842641457915306,-0.0040628197602927685
-0.012120120227336884,0.15138572454452515,-0.002458573319017887,-0.05493079870939255,0.011260990984737873,-0.03190595656633377
-0.004302786197513342,0.15145520865917206,0.008298185653984547,-0.049600061029195786,0.051924075931310654,0.0455186627805233
-0.003097177715972066,0.11276066303253174,0.06138959527015686,-0.021963011473417282,-0.019170006737113,0.050767380744218826
0.09374648332595825,0.17609593272209167,0.055131226778030396,-0.012296671979129314,0.04201385751366615,0.04067050293087959
0.07593032717704773,0.23931501805782318,0.026892419904470444,-0.030695665627717972,0.036122262477874756,0.002534459577873349
0.09732456505298615,0.17950956523418427,0.03342069685459137,-0.011185308918356895,0.06481115520000458,-0.05178151652216911
-0.014041818678379059,0.12279824912548065,0.04618772491812706,-0.020614324137568474,0.03672665357589722,0.03704578056931496
-0.0035857909824699163,0.06484010070562363,0.015513818711042404,0.0024870240595191717,0.02540663070976734,-0.041206978261470795
0.008898272179067135,0.2022259533405304,0.04257765784859657,-0.04945458099246025,0.04355550929903984,-0.0034298112150281668
-0.010978760197758675,0.19642449915409088,0.03152468800544739,-0.05480841174721718,0.015889715403318405,-0.007317993324249983
-0.015919771045446396,0.13276338577270508,-0.0011134441010653973,-0.05593201518058777,-0.02471335232257843,-0.025832615792751312
-0.017083289101719856,0.16810080409049988,0.008671094663441181,-0.03795861825346947,0.037202849984169006,0.03656367212533951
0.025192907080054283,0.15556304156780243,0.027519846335053444,-0.010699871927499771,0.00663204537704587,0.0502852238714695
-0.01537635363638401,0.13761058449745178,0.0361141599714756,-0.0206350889056921,-0.06173884868621826,0.028550630435347557
0.06857696175575256,0.20430147647857666,-0.008955399505794048,-0.034660499542951584,-0.05234088376164436,0.01606791466474533
0.10244900733232498,0.20340880751609802,0.06698959320783615,-0.028011880815029144,0.032567206770181656,-0.030357569456100464
-0.014100986532866955,0.10716281086206436,0.016110926866531372,-0.027666602283716202,-0.02635759674012661,-0.03720662370324135
0.05710206553339958,0.22209540009498596,0.037711139768362045,-0.05528981611132622,-0.008113956078886986,-0.006023838650435209
-0.010169259272515774,0.15570175647735596,0.013192586600780487,-0.057001374661922455,-0.003955119289457798,-0.030148811638355255
-0.005917869042605162,0.013618485070765018,0.010887249372899532,-0.03818546235561371,-0.014693038538098335,-0.03591754660010338
-0.004534534644335508,0.022161098197102547,0.003995775245130062,-0.03606100007891655,-0.007233981043100357,0.03571058064699173
-0.009596888907253742,-0.024600284174084663,-0.0010465368395671248,-0.027815643697977066,-0.012723889201879501,0.03132820129394531
-0.0070351287722587585,0.016128873452544212,-0.005573011934757233,-0.029102502390742302,-0.059236329048871994,0.028936732560396194
0.06559251993894577,0.18326923251152039,0.04406279698014259,-0.03860381245613098,-0.07320301979780197,0.02503805048763752
0.060208920389413834,0.18668588995933533,-0.0046159569174051285,-0.03542757406830788,-0.05675933510065079,-0.0016179992817342281
0.08150641620159149,0.1628984957933426,0.05356613174080849,-0.032892923802137375,-0.02286520227789879,0.0528901144862175
-0.015437869355082512,0.12617230415344238,0.027065949514508247,-0.048299096524715424,-0.027821004390716553,-0.04093441739678383
-0.004661838989704847,0.14753921329975128,-0.0014949418837204576,-0.06208750605583191,-0.030901620164513588,-0.021825594827532768
-0.011329452507197857,0.068435437977314,0.024865249171853065,-0.04561702907085419,-0.033635787665843964,-0.036017246544361115
-0.0038126150611788034,0.004172857850790024,-0.008411940187215805,-0.016235798597335815,-0.017380159348249435,0.020492292940616608
-0.006727954838424921,-0.027489708736538887,-0.00612321961671114,-0.016925357282161713,-0.06290846318006516,0.02753148227930069
0.061987631022930145,0.19949299097061157,0.04452487453818321,-0.03888176381587982,-0.05430153012275696,0.02502092719078064
-0.004267161712050438,0.06463893502950668,0.024462290108203888,-0.04440288990736008,-0.030512331053614616,-0.04259117692708969
-0.004628169350326061,0.12944525480270386,0.0315457321703434,-0.05488212779164314,-0.016455544158816338,-0.040000613778829575
-0.004304707515984774,0.15487080812454224,-0.007739013060927391,-0.05864797905087471,0.024710766971111298,-0.0294071976095438
-0.008527386002242565,0.07233700901269913,-0.0037835973780602217,-0.05898531526327133,0.0029998677782714367,-0.01629474014043808
-0.010652037337422371,-0.02006879821419716,0.0034002349711954594,-0.03897833824157715,-0.017819464206695557,-0.02783118560910225
-0.00547801423817873,0.012854852713644505,-0.011982008814811707,-0.019132737070322037,-0.02478158101439476,0.026165099814534187
2.4172046323656105e-05,0.14000092446804047,0.0012178062461316586,0.05206527188420296,-0.041253626346588135,-0.008896795101463795
-0.009537089616060257,0.10295979678630829,0.024702968075871468,-0.05474073067307472,0.024173274636268616,-0.04634466767311096
-0.004225847311317921,-0.015703322365880013,0.006820374168455601,-0.041064612567424774,-0.009025286883115768,-0.03128798305988312
-0.005452616140246391,0.01625867560505867,-0.005785719957202673,-0.04125959426164627,-0.0354778878390789,-0.019894957542419434
0.08982522040605545,0.2020416110754013,0.061887793242931366,-0.022915879264473915,-0.04989396035671234,-0.03487175703048706
-0.00945725105702877,-0.05505053699016571,-0.006090197712182999,-0.001715473597869277,0.008497211150825024,0.011081879958510399
-0.005354044493287802,-0.028675850480794907,-0.003347857855260372,-0.008434232324361801,0.016653357073664665,-0.047196220606565475
-0.0010823955526575446,-0.02974950522184372,0.00330296135507524,-0.034629352390766144,0.12235885858535767,-0.02323112264275551
0.0009475909173488617,-0.0011407004203647375,-0.005902549717575312,-0.009675865061581135,-0.003408679272979498,-0.03784488886594772
-0.004799324553459883,0.01658139005303383,-0.011866905726492405,-0.025691062211990356,0.0714421197772026,0.01492280513048172
-0.005578427109867334,-0.02948046289384365,-0.003099343040958047,-0.0035273220855742693,0.010179754346609116,-0.04253523424267769
-0.003575923852622509,0.08264259994029999,-0.009194203652441502,-0.012158883735537529,0.11569426208734512,0.01712881773710251
-0.003459592116996646,0.01264891680330038,-0.01549476571381092,-0.01773083768785,0.10849327594041824,0.01810315251350403
-0.005216063931584358,0.007344025652855635,-0.009310251101851463,-0.01913539692759514,0.035510238260030746,0.01862991228699684
-0.011719015426933765,-0.03399235010147095,-0.008704808540642262,-0.014563622884452343,0.037642043083906174,0.018930837512016296
0.0036031578201800585,0.0403626412153244,-0.012403035536408424,-0.04161535203456879,0.14392000436782837,0.025043291971087456
-0.004105497617274523,-0.03080054186284542,-0.006043779198080301,-0.005949452053755522,0.017732739448547363,-0.04135267809033394
-0.00023702459293417633,-0.05255432799458504,-0.0034868379589170218,0.002284279093146324,0.006608550902456045,-0.03304082900285721
0.001169838011264801,-0.030737856402993202,-0.004676610231399536,-0.0027201869525015354,0.018296319991350174,-0.03769731894135475
-0.009144199080765247,0.007529568858444691,-0.007528472691774368,-0.007476470898836851,0.013201061636209488,0.022487422451376915
-0.0011630492517724633,0.007252472452819347,-0.008621737360954285,-0.011919520795345306,0.03426337242126465,0.017870832234621048
-0.009213407523930073,-0.03448493778705597,-0.008082977496087551,-0.012056068517267704,0.021676713600754738,0.021875089034438133
-0.010523650795221329,-0.03003527782857418,-0.006774383597075939,-0.015576999634504318,0.09238677471876144,0.023306770250201225
-0.006727193482220173,0.0037671481259167194,-0.01110048871487379,-0.01987351104617119,0.03962771221995354,0.02337772026658058
-0.010717801749706268,-0.029483743011951447,-0.006254075560718775,-0.01122319046407938,0.029405219480395317,0.01950022764503956
-0.008635752834379673,-0.02252313122153282,-0.008703465573489666,-0.01680346205830574,0.13105829060077667,0.023179523646831512
-0.007463196758180857,-0.04076255112886429,-0.007805017288774252,-0.015292113646864891,0.08709684014320374,0.018525665625929832
-0.00237587234005332,-0.028454046696424484,-0.008430223912000656,-0.028281759470701218,0.12536881864070892,0.017703918740153313
-0.011212754994630814,-0.03155013546347618,-0.010903287678956985,-0.03339603543281555,0.19801773130893707,0.021903948858380318
0.05849866196513176,0.04656707122921944,-0.028177522122859955,-0.01032471377402544,0.009091328829526901,0.02865339070558548
-0.00858490914106369,0.004644346889108419,-0.009234234690666199,-0.014067077077925205,-0.019841792061924934,0.023721732199192047
-0.012482593767344952,-0.04636398330330849,0.0019651204347610474,-0.007157803513109684,0.05007411539554596,0.021688323467969894
-0.00667726481333375,-0.05362396687269211,-0.007257784251123667,-0.004013580270111561,0.003963688854128122,0.02537391521036625
-0.009383289143443108,-0.032742034643888474,-0.004460556898266077,-0.009937774389982224,0.02707972563803196,-0.001836727955378592
-0.0034767144825309515,-0.02922254242002964,-0.0039504473097622395,-0.009470022283494473,0.04413117840886116,-0.03200472891330719
-0.010959286242723465,-0.05222439765930176,-0.005978356581181288,-0.004531873390078545,-0.0056325169280171394,0.02782103791832924
-0.013681603595614433,-0.03069905936717987,-0.006825809367001057,-0.013755551539361477,0.00017195094551425427,0.027320880442857742
-0.007360558025538921,-0.03692428395152092,-0.005498877726495266,-0.009280589409172535,0.01818595640361309,0.019185299053788185
-0.004804521333426237,-0.03298630192875862,-0.010552125982940197,-0.010823218151926994,0.022623928263783455,0.013251330703496933
-0.005860899109393358,-0.03290996700525284,-0.007214569486677647,-0.009145461954176426,0.015618662349879742,0.018156101927161217
-0.007629282772541046,-0.04284955561161041,-0.0035663743037730455,-0.01740170456469059,0.017477260902523994,0.025588152930140495
0.0007101919036358595,-0.03173895925283432,-0.010075950995087624,-0.011514315381646156,0.01028069481253624,0.01718684658408165
-0.006821413058787584,-0.02983945421874523,-0.00681645842269063,-0.01981218159198761,0.02520424872636795,0.019206279888749123
-0.008420205675065517,-0.034197743982076645,-0.007011210545897484,-0.015636444091796875,0.018917636945843697,0.014729184098541737
-0.008176957257091999,-0.04366200044751167,-0.005738725420087576,-0.01923079788684845,0.03756803646683693,0.01255880482494831
-0.006161319557577372,-0.052870575338602066,-0.0037488790694624186,-0.018061719834804535,0.09055838733911514,0.03029472939670086
-0.005826711654663086,-0.045375559478998184,-0.00570658128708601,-0.022624393925070763,0.07654567807912827,0.010393700562417507
-0.006416359916329384,-0.029695145785808563,-0.006954868324100971,-0.025268087163567543,0.021938089281320572,0.013170626945793629
-0.006078400183469057,-0.026707828044891357,-0.0008177612908184528,-0.028881380334496498,0.11280769854784012,0.018008610233664513
-0.00460610818117857,-0.034283388406038284,-0.008644412271678448,-0.022741632536053658,0.01275437232106924,0.02770826406776905
-0.010100506246089935,-0.03008074313402176,-0.007131193298846483,-0.022260136902332306,0.09133172780275345,0.0167304165661335
-0.00824365857988596,-0.03157193958759308,-0.00945223867893219,-0.02562851831316948,0.026889074593782425,0.016463590785861015
-0.006326447241008282,-0.030335666611790657,-0.007190423086285591,-0.029021644964814186,0.042249277234077454,0.012480515986680984
-0.005822969600558281,-0.02769024297595024,-0.005871947389096022,-0.02948131412267685,0.023438388481736183,0.0011422201059758663
-4.497122063185088e-05,-0.04038127511739731,-0.002700311364606023,-0.021124882623553276,0.09799139946699142,0.025852663442492485
-0.003170315409079194,-0.03374033421278,-0.0027335328049957752,-0.023651231080293655,0.08488140255212784,0.012275191955268383
0.012932910583913326,-0.028126103803515434,-0.010048311203718185,-0.025308342650532722,0.03480911627411842,0.019894899800419807
-0.0005325233796611428,-0.02599320001900196,-0.012031975202262402,-0.024677829816937447,0.025132138282060623,0.026675228029489517
-0.007031240966171026,-0.028709767386317253,-0.007724375929683447,-0.02921275608241558,0.021268196403980255,0.0017654815455898643
-0.006506728939712048,-0.026852302253246307,-0.008662783540785313,-0.028216859325766563,0.026134779676795006,0.012551099061965942
-0.008208705112338066,-0.02926858514547348,0.0006736682262271643,-0.022678503766655922,0.012351803481578827,-0.019600119441747665
-0.003153714817017317,-0.027183478698134422,-0.00030593000701628625,-0.03232518583536148,-0.013059712015092373,-0.021933645009994507
-0.0008865874842740595,-0.03361940383911133,-0.010773597285151482,-0.01889869198203087,-0.011945906095206738,0.025146661326289177
-0.009315035305917263,-0.03134889528155327,-0.01106339879333973,-0.01546994224190712,-0.018475081771612167,0.01869697868824005
-0.0067308209836483,-0.028027035295963287,-0.011707146652042866,-0.029105350375175476,-0.010814551264047623,0.02210910990834236
-0.003582224017009139,-0.02599412389099598,-0.002387584652751684,-0.03312000632286072,0.015622190199792385,-0.02211184799671173
-0.010188186541199684,-0.023226959630846977,0.0005630707019008696,-0.038545653223991394,-0.05885140597820282,-0.014827669598162174
-0.007654850836843252,-0.021922653540968895,-0.009358691982924938,-0.01794462651014328,-0.00879126600921154,0.022663557901978493
-0.006195188499987125,-0.029643874615430832,-0.00917268730700016,-0.011612841859459877,-0.014614904299378395,0.01443660818040371
0.009897283278405666,-0.03427695855498314,-0.015016977675259113,-0.01134904008358717,-0.0031391626689583063,0.020635349676012993
-0.0045958710834383965,-0.029479987919330597,-0.007804327178746462,-0.027877075597643852,0.024745933711528778,0.010842429473996162
-0.009126298129558563,-0.022714784368872643,-0.00384839391335845,-0.043909598141908646,-0.04758754000067711,-0.022054556757211685
-0.004521713126450777,0.01479331124573946,-0.003114077029749751,-0.03348209708929062,-0.06437204778194427,-0.026705686002969742
0.0004919349448755383,0.004012316465377808,-0.010794999077916145,-0.030288109555840492,0.0017999719129875302,0.013065791688859463
0.10111318528652191,0.10199742764234543,0.06361355632543564,-0.029869794845581055,0.049311209470033646,-0.004065492656081915
0.00738332886248827,-0.007147739641368389,-0.011712949723005295,-0.015966245904564857,-0.0013134495820850134,0.019932320341467857
-0.001909022219479084,-0.02492769993841648,-0.006397758144885302,-0.025260522961616516,-0.0008641929016448557,0.001835842034779489
-0.01043463684618473,-0.037645529955625534,-0.000667886168230325,-0.01383981667459011,0.0038691298104822636,-0.002892878372222185
-0.006815811153501272,-0.02492445707321167,-0.0037902742624282837,-0.04243409261107445,-0.058746255934238434,-0.018675819039344788
0.0014932146295905113,0.004359861835837364,-0.009905894286930561,-0.028592517599463463,0.013797339983284473,-0.006708359811455011
-0.0013334626564756036,-0.0244322307407856,-0.005458196625113487,-0.01961572654545307,-0.011474095284938812,-0.022553622722625732
-0.008463957346975803,0.0027301618829369545,0.003278561169281602,-0.022498570382595062,0.07411085069179535,-0.023198038339614868
-0.003934783861041069,0.0040170736610889435,-0.002683311002328992,-0.01996522583067417,-0.0007106325356289744,-0.021330146118998528
-0.0052270605228841305,0.012138254940509796,-0.007380178198218346,-0.029416030272841454,0.005465600173920393,-0.024165203794836998
-0.002999552059918642,0.004597197286784649,-0.004378830082714558,-0.01658269204199314,0.005952481646090746,-0.022098835557699203
-0.005755633115768433,0.003325077472254634,-0.003268645377829671,-0.020472172647714615,0.021352583542466164,-0.022893035784363747
0.003556872485205531,-0.02296793833374977,-0.0038933062460273504,-0.01441267691552639,0.00999483559280634,-0.019978471100330353
-0.009079636074602604,-0.031415194272994995,-0.0008935735677368939,-0.006817398127168417,-0.010418589226901531,-0.0029605741146951914
-0.007388793397694826,0.018659230321645737,0.03925197571516037,-0.026499679312109947,-0.007768062874674797,-0.03810353949666023
0.011481392197310925,0.0029397234320640564,0.04310140758752823,-0.015004109591245651,-0.011180870234966278,-0.03290756419301033
-0.0034473720006644726,-0.03366116061806679,-0.009720107540488243,-0.006278760265558958,0.008248439058661461,0.01579553447663784
-0.004305736161768436,-0.02617642655968666,0.01627294160425663,-0.021145666018128395,-0.014373713172972202,-0.03191356360912323
-0.00262798392213881,-0.027693651616573334,0.002830951940268278,-0.020642491057515144,-0.014166461303830147,-0.03157293051481247
-0.006433583330363035,0.015456240624189377,-0.004745572339743376,-0.041448287665843964,0.006555479019880295,-0.03575883060693741
0.002872778568416834,-0.020600028336048126,-0.0046103354543447495,-0.03762243688106537,0.004803295712918043,-0.039217278361320496
0.08215160667896271,0.14425912499427795,0.04046677425503731,-0.04459208622574806,0.010195493698120117,-0.04503084346652031
0.010632379911839962,0.0635930746793747,0.008240493945777416,-0.0567241869866848,-0.004409763030707836,-0.03636595234274864
-0.004572984762489796,0.018499379977583885,-0.010246976278722286,-0.05306652933359146,0.007176490034908056,-0.028893625363707542
-0.0034457475412636995,0.02242267318069935,0.03738391399383545,-0.0412452258169651,0.017725851386785507,-0.036704398691654205
-0.00977453775703907,-0.05152735486626625,-0.0024896222166717052,0.0028377973940223455,0.032102424651384354,0.022451326251029968
-0.012298504821956158,0.15569090843200684,0.022969689220190048,-0.0639922171831131,-0.04830828681588173,-0.02415240928530693
0.005593765527009964,0.006814139895141125,-0.009108364582061768,-0.02064765803515911,-0.013697709888219833,-0.021041985601186752
-0.00426908303052187,0.016961444169282913,0.0007358377333730459,-0.032775022089481354,-0.024197494611144066,-0.027739519253373146
-0.004677691496908665,-0.01995711773633957,0.0020002536475658417,-0.034845419228076935,-0.05085756257176399,-0.01879343017935753
-0.0019517664331942797,0.01847686618566513,-4.686377451434964e-06,-0.045586735010147095,-0.06474586576223373,-0.02936628833413124
-0.004560425877571106,-0.021895775571465492,-6.136566662462428e-05,-0.02943703532218933,-0.055916834622621536,-0.012520802207291126
0.07190785557031631,0.15582069754600525,0.030341213569045067,-0.06155683472752571,-0.04640202969312668,-0.0431877002120018
-0.0029594500083476305,0.00930415652692318,0.0011492351768538356,-0.04471075162291527,-0.03453558683395386,-0.03307509422302246
-0.008364430628716946,-0.02550879493355751,-0.005599043797701597,-0.015684587880969048,-0.012854979373514652,0.0056037683971226215
-0.00014836816990282387,-0.043315887451171875,-0.005887126084417105,-0.0031312524806708097,-0.05596358701586723,0.02441038377583027
-0.011069197207689285,-0.02101004682481289,0.001197357545606792,-0.055534280836582184,-0.19074536859989166,-0.008429767563939095
0.0031201362144201994,0.1301649808883667,0.001770945847965777,-0.0692262351512909,-0.031335145235061646,-0.025841446593403816
0.0021717892959713936,0.015699021518230438,-0.005066377576440573,-0.05505429580807686,-0.010535631328821182,-0.02756122127175331
0.010952719487249851,0.021250782534480095,-0.004250207915902138,-0.042853325605392456,-0.011096919886767864,-0.0336284376680851
0.0760737881064415,0.2412986010313034,-0.007632395718246698,-0.06173458322882652,0.036953628063201904,-0.032079461961984634
-0.004493338987231255,-0.029795417562127113,-0.0023984420113265514,-0.012455577030777931,0.005050393752753735,-0.018170636147260666
-0.0073506650514900684,-0.025334762409329414,-0.0017508334713056684,-0.013126518577337265,-0.003002817975357175,0.018672436475753784
-0.011877031996846199,-0.03079201467335224,-0.002244631526991725,-0.01775270327925682,-0.03479132428765297,0.021553155034780502
-0.013740754686295986,-0.051621999591588974,-0.006874213460832834,-0.007054971996694803,0.007136583793908358,0.024387769401073456
-0.008652942255139351,-0.05267338827252388,-0.009139562956988811,-0.0051983315497636795,0.0010303717572242022,0.02527642995119095
-0.002882737433537841,-0.05778837576508522,-0.005379121284931898,-0.009485305286943913,-0.007856635376811028,0.03472863882780075
-0.01380963809788227,-0.05758451670408249,-0.005348661914467812,-0.003603380871936679,-0.012902463786303997,0.028409557417035103
-0.008696824312210083,-0.0612666942179203,-0.006951163988560438,-2.4548751298425486e-06,0.021883418783545494,0.020699871703982353
-0.004789756145328283,0.14983241260051727,0.0020189182832837105,-0.07337242364883423,-0.016754498705267906,-0.03337283432483673
0.0436185747385025,0.2079264521598816,-0.01082549523562193,-0.06733579933643341,-0.010507081635296345,-0.03458331525325775
-0.006130867172032595,-0.03301835060119629,-0.006253556814044714,-0.010521892458200455,0.03952888399362564,0.00969124399125576
-0.008304757066071033,-0.0331757627427578,-0.010440897196531296,-0.008206954225897789,0.03360030800104141,0.009860102087259293
-0.005243151914328337,-0.03313679248094559,-0.006193171255290508,-0.011570767499506474,0.015945395454764366,0.01018202118575573
-0.0012055323459208012,-0.029094818979501724,-0.007270726840943098,-0.008519294671714306,0.012666162103414536,0.017436590045690536
-0.001780194346792996,0.01566225476562977,-0.000482174422359094,-0.04349793493747711,-0.01751530170440674,-0.020176617428660393
-0.012807168997824192,-0.04571524262428284,-0.007782358210533857,-0.010447941720485687,-0.002816573018208146,0.024902932345867157
-0.014284941367805004,-0.051804281771183014,-0.007927462458610535,-0.0031263527926057577,-0.002829873701557517,0.025716029107570648
-0.007731175050139427,-0.059705350548028946,-0.010887487791478634,-0.010438119061291218,0.01755330339074135,0.0232703797519207
-0.013554228469729424,-0.054499171674251556,-0.006098729558289051,-0.01121396105736494,-0.04002305120229721,0.034266307950019836
-0.008030938915908337,-0.051278356462717056,-0.003780582919716835,-0.010004871524870396,0.004569825250655413,0.01795598678290844
-0.002008106792345643,-0.06583914160728455,0.0012646305840462446,0.0053415377624332905,-0.013446024619042873,-0.03735635057091713
0.0021575852297246456,-0.06263288855552673,-0.00013682854478247464,0.006433391477912664,0.025543974712491035,-0.037388596683740616
0.05739215016365051,0.16709637641906738,-0.019429711624979973,-0.07063160091638565,0.05587856099009514,-0.0272518377751112
0.036385729908943176,0.10273008793592453,0.046920597553253174,-0.051358580589294434,0.01450666505843401,-0.046201009303331375
0.05350843816995621,0.1151503175497055,0.0030416357330977917,-0.06371766328811646,0.006896346341818571,-0.04394984990358353
-0.004580726847052574,-0.02384633757174015,-0.005216688383370638,-0.039317574352025986,0.01727052964270115,-0.03497079014778137
-0.003462189342826605,0.01601940393447876,-0.0005636488785967231,-0.022331401705741882,0.013372808694839478,-0.02364608459174633
-0.003962539602071047,-0.03610643744468689,-0.008306961506605148,-0.01046366710215807,-0.04571637511253357,0.022217905148863792
-0.004632961470633745,-0.02784714661538601,-0.0116614680737257,-0.02117590606212616,0.009295177645981312,0.029188189655542374
-0.011386556550860405,-0.03200196474790573,-0.0066176485270261765,-0.02070646546781063,-0.01242524292320013,0.0305746179074049
-0.013248002156615257,-0.053538497537374496,-0.004877365194261074,-0.015317225828766823,-0.023154890164732933,0.0311441570520401
-0.008584918454289436,-0.049997925758361816,-0.00457420852035284,-0.012492229230701923,0.005491932854056358,0.025589102879166603
-0.01045789010822773,-0.06506837904453278,-0.004212147556245327,-0.0031635561026632786,-0.027505915611982346,0.02328796498477459
-0.014261252246797085,-0.056824129074811935,-0.007296354975551367,-0.005784418433904648,0.008651400916278362,0.02453657239675522
-0.0011416326742619276,-0.051587656140327454,-0.0009372344356961548,0.0008094186778180301,-0.018196597695350647,-0.010610322467982769
0.007332973647862673,-0.05997752398252487,-0.001457560108974576,0.005877812393009663,0.0035414393059909344,0.026817074045538902
-0.005876494105905294,-0.060379523783922195,-0.00559513783082366,0.006153461057692766,-0.0016138548962771893,0.02431480772793293
-0.014212734997272491,-0.07703553885221481,0.00030264907400123775,0.014740834943950176,-0.02607882209122181,0.02487926557660103
-0.01252379734069109,-0.060129761695861816,-0.006790574174374342,0.015061765909194946,0.005808847025036812,0.014902874827384949
-0.006993526592850685,-0.05074088275432587,-0.0051176114939153194,0.011787502095103264,0.01773465797305107,0.0096652302891016
-0.008728540502488613,-0.06287462264299393,-0.002575943246483803,0.022023331373929977,-0.04584003612399101,0.030016707256436348
-0.0073368665762245655,-0.029645448550581932,-0.011300178244709969,-0.016034940257668495,0.0054877097718417645,0.022450944408774376
-0.00894378311932087,-0.0292634516954422,-0.007925025187432766,-0.02223319187760353,0.005372512619942427,0.024934712797403336
-0.006572057958692312,-0.026149403303861618,-0.010370162315666676,-0.020188109949231148,0.009324301034212112,0.026880234479904175
-0.013920563273131847,-0.03195524215698242,-0.0045838975347578526,-0.01856691762804985,0.01609177328646183,0.029189476743340492
-0.010330729186534882,-0.04791054502129555,-0.006739297416061163,-0.006841298658400774,0.0021595931611955166,0.02485334873199463
-0.013056738302111626,-0.052636876702308655,-0.005992320366203785,-0.0018134813290089369,0.017447568476200104,0.02301010675728321
-0.005173244513571262,-0.05380592122673988,-0.004741273820400238,0.0044348472729325294,-0.04405045136809349,0.025199029594659805
-0.007140960078686476,-0.05320524051785469,-0.004365060944110155,0.0038081372622400522,-0.04021039977669716,0.027384759858250618
-0.013278987258672714,-0.05718692019581795,-0.0014464762061834335,0.007746370043605566,-0.0494406633079052,0.023171622306108475
-0.006819233763962984,-0.05639457330107689,-0.0032928409054875374,0.002890676259994507,-0.0457361675798893,0.026876069605350494
-0.005257769022136927,-0.05692032724618912,-0.0063859447836875916,0.011021118611097336,-0.025417905300855637,0.01888781599700451
-0.012496022507548332,-0.035365134477615356,-0.008837413042783737,0.012215481139719486,0.02050439640879631,0.009173568338155746
-0.01658800058066845,-0.04093392565846443,-0.006472892593592405,0.010031248442828655,-0.01318860612809658,0.02192743867635727
-0.010160313919186592,-0.0589853934943676,-0.006154670845717192,0.011472008191049099,-0.04279250651597977,0.019962061196565628
-0.008324815891683102,-0.03564509004354477,-0.0067310938611626625,0.009599365293979645,-0.010449745692312717,0.021240008994936943
-0.010484148748219013,-0.026737894862890244,-0.0081259086728096,-0.019599301740527153,-0.013962788507342339,0.025362489745020866
-0.005170601885765791,-0.039696335792541504,-0.009071484208106995,-0.011197383515536785,0.016767647117376328,0.021463915705680847
-0.005891973618417978,-0.029155056923627853,-0.009980509988963604,-0.014214255847036839,0.014434455893933773,0.021278150379657745
0.00542795704677701,-0.050224121659994125,-0.0034534947481006384,-0.002162405988201499,-0.04531189054250717,0.01971713826060295
-0.00229760748334229,-0.04972102865576744,-0.006580093409866095,-0.0014919375535100698,0.008883366361260414,0.023880572989583015
0.005897543393075466,-0.05004515126347542,-0.0036916190292686224,0.0013254660880193114,-0.048132095485925674,0.02015380747616291
0.0033443747088313103,-0.052925121039152145,-0.0035643146838992834,0.003438616404309869,-0.04570868983864784,0.026189766824245453
-0.010209668427705765,-0.05421362817287445,-0.0024472379591315985,0.001719798194244504,-0.04660811647772789,0.025864064693450928
-0.01417747512459755,-0.0524439699947834,-0.004375424236059189,0.003038139548152685,-0.05499482899904251,0.02263244241476059
-0.014228155836462975,-0.044697701930999756,-0.005149650853127241,-0.004091750830411911,-0.042612455785274506,0.017610128968954086
-0.010319601744413376,-0.056227609515190125,-0.003913945518434048,0.006394294090569019,-0.04013005644083023,0.02076813578605652
-0.003117560176178813,0.0038323041517287493,-0.009346489794552326,-0.025683986023068428,-0.039974868297576904,0.021771356463432312
-0.004279100336134434,0.015356832183897495,-0.006576048210263252,-0.022650031372904778,-0.013022778555750847,0.020143352448940277
-0.007342819590121508,-0.04041733965277672,-0.004859415348619223,-0.006683141924440861,-0.04351363331079483,0.014533101581037045
-0.012762817554175854,-0.05429449677467346,-0.007731718942523003,-0.003287225728854537,-0.044387757778167725,0.01978859305381775
-0.006283802445977926,-0.033038970082998276,-0.0015886833425611258,-0.00884716585278511,-0.04207811877131462,0.020747993141412735
-0.010750120505690575,-0.03309417888522148,-0.005628146696835756,-0.004872176796197891,-0.021716875955462456,0.017696933820843697
-0.0005370386061258614,-0.03067677468061447,-0.0023701172322034836,-0.003563388017937541,-0.01400457601994276,-0.003643882693722844
-0.015345397405326366,0.011519140563905239,-0.007614218629896641,-0.028346100822091103,-0.06633344292640686,0.03202073648571968
-0.006929180584847927,0.058213405311107635,-0.011146624572575092,-0.025222811847925186,-0.011086104437708855,0.019328072667121887
-0.0068048881366848946,-0.03432653099298477,-0.009618031792342663,-0.011389636434614658,-0.013038648292422295,0.010022795759141445
-0.002441728487610817,-0.025320550426840782,-0.005693466868251562,-0.008854759857058525,-0.012218520976603031,-0.01370682567358017
0.00987798348069191,-0.03156595304608345,-0.010453719645738602,-0.006651957519352436,-0.0037006200291216373,-0.0019657860975712538
-0.004013549070805311,0.007749691605567932,-0.005874975584447384,-0.03248986974358559,-0.06564291566610336,0.024098873138427734
0.0395316481590271,0.0036739930510520935,-0.019978536292910576,-0.022720279172062874,0.017759427428245544,-0.039458125829696655
-0.011836754158139229,8.335358143085614e-05,-0.003611215390264988,-0.012164750136435032,0.008491458371281624,-0.020603647455573082
-0.002563127549365163,0.01485465932637453,-0.004760416224598885,-0.01519800629466772,0.016794029623270035,-0.025680627673864365
-0.0038351595867425203,-0.027920501306653023,0.0036464761942625046,-0.013228078372776508,-0.00449289521202445,-0.023217197507619858
-0.00837735366076231,-0.028214724734425545,-0.007938887923955917,-0.021608714014291763,0.0037856821436434984,-0.0041754720732569695
-0.004654657561331987,-0.030591370537877083,0.0004025101661682129,-0.017993858084082603,0.013357969000935555,-0.015184007585048676
-0.007997487671673298,-0.026728734374046326,-0.007681023329496384,-0.012255245819687843,0.014829053543508053,0.011179998517036438
-0.0051742433570325375,-0.03304705023765564,-0.007328764069825411,-0.018703363835811615,-0.006215170491486788,0.013955304399132729
-0.005214842967689037,-0.029824556782841682,-0.005100873298943043,-0.020081887021660805,0.0044769952073693275,-0.009531278163194656
-0.002179209841415286,-0.031196219846606255,-0.007001675199717283,-0.021680494770407677,0.018153280019760132,-0.026641730219125748
-0.006212772335857153,-0.0317542590200901,-0.0031416723504662514,-0.008343719877302647,0.03916410729289055,-0.02489812672138214
-0.014404678717255592,-0.027880705893039703,-0.007505771238356829,-0.015351932495832443,-0.014856978319585323,0.018969791010022163
-0.00451209582388401,-0.031502820551395416,0.0011768393451347947,-0.01015231478959322,0.014024979434907436,-0.005419448018074036
-0.011413623578846455,-0.028146404772996902,-0.005926270969212055,-0.016709817573428154,-0.014710153453052044,0.016474517062306404
-0.008786148391664028,-0.02940528653562069,-0.008742377161979675,-0.016821861267089844,0.02074037306010723,0.01281747780740261
-0.00963693019002676,-0.026843788102269173,-0.008787079714238644,-0.026682831346988678,0.026237206533551216,0.018398797139525414
-0.009237157180905342,-0.0034905255306512117,-0.008435378782451153,-0.018594637513160706,0.004419807810336351,0.02289467863738537
-0.008903431706130505,-0.026096360757946968,-0.011767959222197533,-0.017279190942645073,-0.01629549264907837,0.01596163585782051
0.03723644092679024,0.0028420116286724806,-0.019426938146352768,-0.01524669211357832,-0.012347838841378689,0.03321302309632301
-0.010853301733732224,-0.030959175899624825,-0.006812633480876684,-0.0077770729549229145,0.021051621064543724,0.019173037260770798
-0.009452138096094131,-0.030162619426846504,-0.0023181664291769266,-0.01846649870276451,0.04277186468243599,-0.023425662890076637
-0.010131771676242352,-0.030179839581251144,-0.009847656823694706,-0.015673264861106873,0.02330118417739868,0.013106334954500198
-0.003124416805803776,-0.031127460300922394,-0.011627580970525742,-0.025948097929358482,0.02726106345653534,0.017769619822502136
-0.00010476158786332235,-0.02405262179672718,-0.006501480937004089,-0.02646552212536335,0.039021365344524384,0.021462883800268173
-0.007674270775169134,-0.02587742544710636,-0.002093333750963211,-0.026958035305142403,0.026539739221334457,0.028259402140975
-0.0024737699422985315,0.00527422409504652,0.04041149094700813,-0.017710650339722633,0.013326662592589855,0.03620102256536484
-0.0027843827847391367,-0.03348420560359955,-0.002148355357348919,-0.015709245577454567,0.0016808640211820602,-0.0059121944941580296
-0.007005635183304548,0.013728977181017399,-0.004773139487951994,-0.015125473961234093,0.022562572732567787,-0.023321615532040596
-0.0032114004716277122,-0.02997693605720997,-0.0068823411129415035,-0.015041707083582878,0.009847614914178848,0.01047690398991108
-0.007019663695245981,-0.028623703867197037,-0.007780211511999369,-0.03139485418796539,0.022822344675660133,0.014043615199625492
-0.012162427417933941,-0.03172602131962776,-0.01369414385408163,-0.01579389162361622,0.024622667580842972,0.02245653234422207
-0.004931076895445585,-0.028173314407467842,-0.008153281174600124,-0.028223792091012,0.01673259772360325,0.025035712867975235
-0.004773302935063839,-0.017224159091711044,-0.008226378820836544,-0.025836007669568062,0.013441339135169983,0.02641897089779377
-0.011668589897453785,0.016303574666380882,-0.0058964090421795845,-0.01730852760374546,-0.007818863727152348,0.017765231430530548
-0.006604284513741732,-0.02963791787624359,-0.009860989637672901,-0.015814445912837982,-0.011006951332092285,0.01642789877951145
-0.007259855978190899,-0.03452344238758087,-0.010498728603124619,-0.0061239940114319324,-0.01660495437681675,0.017741555348038673
0.008765463717281818,-0.03295375034213066,-0.01109579112380743,-0.012206814251840115,-0.010433604940772057,0.02633039653301239
0.06288862228393555,0.014062891714274883,-0.02345861680805683,-0.018949177116155624,-0.0035620711278170347,0.040820714086294174
0.0005799848586320877,-0.03249109908938408,-0.007040564436465502,-0.006570141296833754,0.011469271965324879,0.024354785680770874
-0.005028358194977045,-0.029610948637127876,-0.004719729069620371,-0.006307852920144796,0.011612982489168644,-0.00702430447563529
0.005094921216368675,-0.03230534493923187,-0.01453303825110197,-0.0139986053109169,-0.03478103131055832,0.020477864891290665
-0.00520270736888051,-0.030913665890693665,-0.005803731270134449,-0.004719980526715517,-0.026217419654130936,0.016968073323369026
-0.009011447429656982,-0.026873324066400528,-0.01122782751917839,-0.008248761296272278,-0.02634168229997158,0.019014939665794373
-0.005569456610828638,-0.029993753880262375,-0.008745572529733181,-0.0032352113630622625,-0.024053167551755905,0.02441886067390442
0.03106929175555706,0.015242692083120346,-0.020555684342980385,-0.023023288697004318,0.005785374902188778,0.021264245733618736
-0.006653329823166132,-0.03024185262620449,-0.00981680117547512,-0.013434169813990593,-0.03787999972701073,0.019987108185887337
-0.006905463524162769,-0.033009953796863556,-0.011424566619098186,-0.012555979192256927,-0.0360485203564167,0.020424697548151016
-0.0030086624901741743,-0.03269682079553604,-0.008654175326228142,-0.006454085931181908,-0.03758532181382179,0.017500003799796104
-0.011745437979698181,-0.032220084220170975,-0.007330853026360273,-0.009239282459020615,-0.009354133158922195,0.026156185194849968
-0.009222116321325302,-0.03098789043724537,-0.0032582569401711226,-0.008106815628707409,0.020997347310185432,-0.004563676659017801
-0.008822454139590263,-0.02952217310667038,-0.0016141767846420407,-0.007789383176714182,0.024411723017692566,-0.021540604531764984
-0.005847204476594925,0.009775931015610695,0.0672726109623909,-0.020604968070983887,-0.014679350890219212,0.035337626934051514
-0.005747249815613031,-0.031877972185611725,-0.0031018585432320833,-0.005840018857270479,-0.002298870822414756,-0.003357741516083479
-0.008107703179121017,-0.02811935916543007,-0.006104161497205496,-0.02563527040183544,-0.022676624357700348,0.017194826155900955
-0.0075708432123064995,-0.0289141945540905,-0.009807261638343334,-0.0237937793135643,-0.0405915193259716,0.019334277138113976
-0.011060845106840134,-0.028426965698599815,-0.007889936678111553,-0.009176257997751236,-0.023350875824689865,0.01638132333755493
-0.0025252297054976225,-0.028310222551226616,-0.006358882412314415,-0.019077330827713013,-0.01993648335337639,0.018885714933276176
-0.007322542369365692,-0.05371807515621185,-0.006562254391610622,-0.015568146482110023,0.011008104309439659,0.023428382351994514
0.0001350067905150354,-0.026156019419431686,-0.0048343222588300705,-0.03314128518104553,0.07816289365291595,-0.013293362222611904
-0.0013700829586014152,-0.031484927982091904,-0.004263890907168388,-0.006578030996024609,0.04195992648601532,0.007961727678775787
-0.004477823153138161,-0.031148431822657585,-0.004018155392259359,-0.006102452054619789,0.0174552071839571,-0.02034003660082817
-0.007340703625231981,-0.030074913054704666,-0.0028133259620517492,-0.01006291899830103,0.0016786776250228286,-0.018597112968564034
0.0016755778342485428,-0.026651529595255852,-0.00742811756208539,-0.018485305830836296,-0.013936624862253666,0.01393656525760889
-0.014492571353912354,-0.03747068718075752,-0.008365936577320099,-0.025422481819987297,-0.012373033910989761,0.015420637093484402
-0.007634843233972788,-0.04493748024106026,-0.004555852152407169,-0.02383800968527794,0.01894356869161129,0.011226107366383076
0.0011858304496854544,-0.03166094049811363,-0.0076322187669575214,-0.013897914439439774,0.01261371560394764,0.016978418454527855
-0.0033585932105779648,-0.025425000116229057,-0.004716000985354185,-0.029890455305576324,-0.020868828520178795,-0.015809984877705574
-0.0015990283573046327,-0.024289947003126144,-0.0038465317338705063,-0.03433388099074364,0.03616289421916008,-0.025677474215626717
-0.005057662259787321,-0.009212223812937737,-0.004176457412540913,-0.0366290882229805,0.020339183509349823,-0.024704117327928543
-0.0029768352396786213,-0.02934355102479458,-0.004027306567877531,0.0043701655231416225,0.013721989467740059,-0.020791608840227127
-0.006967227440327406,-0.030496178194880486,-0.003686723532155156,-0.010198728181421757,0.017917286604642868,-0.022837718948721886
0.01188724022358656,0.20986256003379822,0.04456764832139015,-0.01869472675025463,0.054274287074804306,0.020771712064743042
-0.008699197322130203,-0.029892968013882637,-0.0007862295024096966,-0.010324526578187943,0.020717844367027283,-0.02165985107421875
-0.005787642206996679,-0.028824277222156525,-0.0037856248673051596,-0.011934079229831696,0.012569960206747055,-0.02161792293190956
-0.0050431303679943085,-0.029787523671984673,-0.006452571600675583,-0.023960476741194725,0.010025099851191044,0.01504821889102459
-0.009516362100839615,-0.05228991433978081,-0.005409467965364456,-0.01778869703412056,0.002860036678612232,0.0155250309035182
-0.008495878428220749,-0.05204460024833679,-0.004960218444466591,-0.020665405318140984,0.024809764698147774,0.018688254058361053
-0.004662330728024244,-0.032580405473709106,-0.006544795352965593,-0.021173818036913872,0.0024677994661033154,-0.002920388011261821
0.0023488241713494062,0.008821073919534683,-0.00690325116738677,-0.03925362229347229,0.0366039052605629,-0.028356686234474182
-0.0030721244402229786,-0.026620915159583092,-0.004456765949726105,-0.03404459357261658,0.01219678483903408,-0.0230058953166008
-0.0035768141970038414,-0.030284831300377846,-0.00545584736391902,-0.007451076991856098,0.018772363662719727,-0.023563239723443985
-0.004410954657942057,-0.030685724690556526,-0.00522647425532341,-0.008557145483791828,0.015805786475539207,-0.02380661480128765
-0.005845036823302507,-0.029259396716952324,-0.0015439477283507586,-0.0068752346560359,0.0200202539563179,-0.02403719536960125
-0.003886632388457656,-0.04142604395747185,-0.0010207470040768385,-0.0032097091898322105,0.011910183355212212,-0.019827555865049362
-0.004234808497130871,-0.030184395611286163,-0.003120962530374527,-0.007320856675505638,0.021067600697278976,-0.021955998614430428
-0.00630712416023016,-0.0303497277200222,-0.005792948417365551,-0.012597238644957542,0.01869957521557808,0.006581681314855814
0.00645357184112072,0.049600135535001755,-0.00865770224481821,-0.03781856968998909,0.07168769836425781,0.019736073911190033
-0.006204023491591215,-0.044371120631694794,-0.0005567558109760284,-0.003078561509028077,0.014987182803452015,-0.0239708349108696
-0.006363318767398596,-0.030918847769498825,-0.0038444253150373697,-0.003960226196795702,0.021255938336253166,-0.02186133712530136
-0.008398806676268578,-0.02790353074669838,-0.008995252661406994,-0.02602364681661129,0.014131530188024044,0.014439414255321026
-0.009225609712302685,-0.02713583968579769,-0.0086058983579278,-0.02685358002781868,0.01054569985717535,0.014476868323981762
7.637060480192304e-05,-0.030117163434624672,-0.0069685326889157295,-0.015448160469532013,-0.016493309289216995,-0.019765861332416534
-0.0077909487299621105,0.015479599125683308,-0.0003200783976353705,-0.02646433189511299,-0.012498431839048862,-0.017784899100661278
-0.001572060165926814,0.010827688500285149,-0.0025296600069850683,-0.04264336824417114,0.08721538633108139,-0.02806125581264496
0.038489993661642075,0.056926533579826355,-0.01734643243253231,-0.02960795909166336,0.004096056334674358,-0.03150397166609764
-0.0029193388763815165,-0.033079929649829865,-0.005140325985848904,-0.005825996398925781,0.01660364866256714,-0.022252554073929787
-0.0030553629621863365,-0.029483607038855553,-0.0018838633550330997,-0.004807292018085718,0.022644447162747383,-0.024398941546678543
-0.010707320645451546,0.05908281356096268,0.002031687879934907,-0.021293342113494873,0.03548064082860947,0.014186855405569077
-0.009114234708249569,-0.030523043125867844,-0.004823686555027962,-0.011083545163273811,0.08106524497270584,-0.025102829560637474
-0.008049886673688889,-0.029283972457051277,-0.0008665468776598573,-0.006348048336803913,0.009740698151290417,-0.018954012542963028
-0.005524964537471533,-0.03556542098522186,-0.0005630473606288433,-0.0022352770902216434,0.020016048103570938,-0.021849827840924263
0.0003299461386632174,-0.023208990693092346,-0.004206968937069178,-0.003957045264542103,0.016850585117936134,-0.019933294504880905
-0.003106343559920788,-0.03113512136042118,-0.0031680562533438206,-0.004918412771075964,-0.0007142623653635383,-0.020502634346485138
-0.001150725525803864,-0.045645132660865784,-0.004386853892356157,-0.022973503917455673,0.02306441031396389,0.011356070637702942
-0.0022893964778631926,-0.03053600899875164,-0.0052108136005699635,-0.008355461061000824,0.019923822954297066,-0.02268514223396778
-0.01216114778071642,-0.03259826824069023,0.002856210106983781,0.01184002310037613,0.013334897346794605,-0.021967655047774315
0.041718028485774994,0.13202236592769623,-0.016231834888458252,-0.003651520237326622,0.026221785694360733,-0.033019281923770905
0.047119420021772385,0.1963537037372589,-0.020028889179229736,-0.0012909694341942668,0.053533557802438736,-0.033207427710294724
0.059286314994096756,0.23336152732372284,-0.008585342206060886,-0.06452599912881851,0.028956370428204536,-0.03926694020628929
-0.005192573182284832,0.01952277682721615,-0.0022599813528358936,-0.04278799146413803,0.024595342576503754,-0.026795877143740654
-0.00255122734233737,0.013581588864326477,0.002336859004572034,-0.039757393300533295,0.03847698122262955,-0.027759835124015808
-0.0007379223243333399,-0.005742063745856285,-0.004216163884848356,-0.03874940052628517,0.005287249572575092,-0.02564331702888012
-0.008552568964660168,-0.02996663935482502,-0.007585485931485891,-0.020953118801116943,0.016559090465307236,-0.00013480192865245044
-0.0011878490913659334,-0.02877971902489662,-0.0018977392464876175,-0.007231548428535461,0.019495779648423195,-0.023606082424521446
0.1198444589972496,0.22536857426166534,0.05181673541665077,-0.010051952674984932,0.018329663202166557,0.04004265367984772
-0.005324638914316893,0.0102425217628479,-0.01128461491316557,-0.013672549277544022,0.0032835069578140974,0.013440372422337532
0.06810913980007172,0.09212414920330048,-0.004648212809115648,-0.009724443778395653,0.02482934109866619,0.04195595532655716
-0.006864658556878567,-0.02983412891626358,0.0005852236063219607,-0.017207032069563866,0.003216622630134225,-0.02753918245434761
-0.007064805831760168,0.00782173965126276,-0.003228601533919573,0.018308335915207863,0.020335646346211433,-0.02507408708333969
-0.0011164447059854865,0.056234102696180344,0.0018887670012190938,0.019952252507209778,0.037159617990255356,-0.026860112324357033
-0.00886177085340023,0.18869037926197052,-0.00026970537146553397,-0.0052034854888916016,0.08944516628980637,-0.030194394290447235
-0.0004522514354903251,0.0538405142724514,0.0034636242780834436,0.02432703599333763,0.08913388848304749,-0.024665499106049538
-0.010376318357884884,-0.02464284561574459,-0.002287253737449646,-0.034248244017362595,0.02111463062465191,-0.024311048910021782
-0.008440571837127209,-0.028774667531251907,-0.004129368811845779,-0.0057449652813375,0.022291293367743492,-0.021405089646577835
-0.006169233936816454,0.006172207649797201,-0.004929965827614069,-0.01577618718147278,0.018741795793175697,-0.021411893889307976
0.07757381349802017,0.2009846419095993,0.003399074077606201,0.0017655575647950172,0.000621976621914655,0.04725375771522522
0.029014676809310913,-0.004411456175148487,-0.009305804967880249,-0.039103854447603226,-0.013874326832592487,-0.0316157229244709
-0.011325902305543423,-0.025265272706747055,0.0009483086760155857,-0.034621890634298325,-0.025446675717830658,-0.02238093875348568
-0.006019433494657278,0.009440414607524872,-0.002730171661823988,0.019042080268263817,0.008309475146234035,-0.02267375960946083
-0.004309909883886576,0.028792185708880424,0.0020261609461158514,0.030624259263277054,0.059735655784606934,-0.02503960207104683
0.03986372798681259,-0.032477810978889465,-0.013432024046778679,-0.014465785585343838,0.023683926090598106,-0.03233792260289192
-0.0006376625970005989,-0.028289513662457466,-0.003366196295246482,-0.028695272281765938,-0.04056038334965706,-0.01792505942285061
0.028168585151433945,-0.02491806074976921,-0.010741841979324818,-0.02877446636557579,-0.04964305832982063,-0.019993314519524574
-0.009817065671086311,-0.02562166377902031,-0.0020298471208661795,-0.011144548654556274,-0.05353585630655289,-0.016541536897420883
-0.0061155324801802635,-0.028549788519740105,-0.004010663367807865,-0.012528195045888424,-0.04002554714679718,-0.01755140908062458
-3.229314825148322e-05,-0.029975509271025658,-0.00398551020771265,-0.0008670085808262229,0.009048172272741795,-0.004285982809960842
-0.004553171340376139,-0.02913348376750946,-0.006945165805518627,-0.0111218998208642,0.02398594282567501,0.010507936589419842
0.005570123437792063,-0.03012467920780182,-0.00850793905556202,-0.016222959384322166,0.01719949021935463,-0.03031737171113491
-0.007307388819754124,0.012989332899451256,-0.004869512282311916,-0.01978915184736252,-0.026119787245988846,-0.02025018259882927
-0.00745781697332859,0.015441840514540672,-0.004730565939098597,-0.03558349609375,-0.019089434295892715,-0.021167796105146408
-0.006191803142428398,0.016077371314167976,-0.004180265124887228,-0.03747067227959633,-0.04392475262284279,-0.0006330021424219012
-0.006645185872912407,0.008319203741848469,-0.006900415755808353,-0.01960589550435543,-0.05573074519634247,0.0035004946403205395
-0.009377160109579563,-0.02723444253206253,-0.00139412481803447,-0.011950533837080002,-0.0248540248721838,-0.01678605005145073
-0.0020223238971084356,-0.0286948774009943,-0.0026521608233451843,-0.003588750958442688,-0.019225073978304863,-0.01799628511071205
0.002790445229038596,-0.003069070167839527,-0.007227547001093626,-0.03152408078312874,-0.002072881441563368,0.00025352294323965907
-0.003127172589302063,-0.015208996832370758,-0.005254731979221106,-0.014474370516836643,-0.01673402264714241,-0.026303119957447052
-0.0024426402524113655,0.011060871183872223,-0.0012490683002397418,-0.025186579674482346,0.02240844815969467,-0.022862620651721954
-0.0045616100542247295,0.008935602381825447,-0.008021480403840542,-0.028689293190836906,-0.009861340746283531,-0.0032443588133901358
-0.00027032612706534564,0.011653255671262741,-0.0031278207898139954,-0.04011685028672218,0.00754751218482852,-0.02647910639643669
0.002976918127387762,0.03715291619300842,-0.005794217810034752,-0.02892502211034298,-0.04158371314406395,-0.016135668382048607
-0.0019355490803718567,0.017624933272600174,-0.002861707704141736,-0.04397342726588249,-0.06099393591284752,-0.019824473187327385
0.031762272119522095,-0.030008669942617416,-0.01387492474168539,-0.02469784952700138,-0.02003583125770092,-0.028669409453868866
-0.0058213090524077415,-0.03219719976186752,-0.0023387307301163673,-0.009051408618688583,0.018349798396229744,-0.024548202753067017
-0.0071998718194663525,-0.024975677952170372,-0.004036067984998226,-0.020061923190951347,0.01211586408317089,-0.02263944409787655
-0.009327299892902374,0.01878964528441429,-0.00037244311533868313,-0.039805639535188675,0.01845882646739483,-0.02285812981426716
-0.00878089852631092,-0.028737351298332214,-0.005578811280429363,-0.018534209579229355,0.010030742734670639,0.000531656201928854
0.02759031392633915,-0.0283394455909729,-0.013558229431509972,-0.01384185440838337,-0.0073759546503424644,-0.024306533858180046
-0.003424942260608077,-0.00691115902736783,-0.006555037572979927,-0.025097651407122612,-0.0029473607428371906,-0.003160060616210103
-0.0033708347473293543,0.045830875635147095,-0.001479732571169734,-0.018489819020032883,0.02128283679485321,-0.026782650500535965
-0.005034465342760086,0.0043273065239191055,-0.0008238395676016808,-0.036100540310144424,-0.0007926926482468843,-0.027774516493082047
-0.00105876789893955,-0.020596204325556755,0.002170822350308299,-0.04326856881380081,0.041405800729990005,-0.0246597733348608
0.025308266282081604,0.038240425288677216,-0.011843180283904076,-0.046887289732694626,0.019619226455688477,-0.036730408668518066
0.03632783517241478,0.15805459022521973,-0.009157254360616207,-0.060845065861940384,0.02820313535630703,-0.0363384410738945
0.019573161378502846,-0.031007835641503334,-0.009859672747552395,-0.015737952664494514,0.03614869713783264,-0.035384535789489746
-0.003830472007393837,-0.02579495497047901,-0.0016651671612635255,-0.04049809277057648,0.02452632412314415,-0.03202660754323006
-0.008757505565881729,0.0031211005989462137,-0.002802311908453703,-0.032139845192432404,0.01520922314375639,-0.02944072335958481
-0.004945358261466026,-0.027380183339118958,-0.005046655889600515,-0.03391722962260246,0.02182847633957863,-0.028663408011198044
-0.010966147296130657,0.08597995340824127,-0.0007118391222320497,-0.05004233866930008,-0.01815604418516159,-0.021084919571876526
-0.005774726625531912,-0.04178578406572342,-0.0019784641917794943,-0.029694991186261177,0.011501806788146496,-0.021534917876124382
-0.0031601875089108944,-0.027046237140893936,-0.005654694512486458,-0.012172064743936062,0.01446423027664423,-0.0059312270022928715
-0.00763584254309535,-0.032288435846567154,-0.00280374544672668,-0.021922461688518524,0.015288440510630608,-0.02562868595123291
-0.008938114158809185,0.18438869714736938,0.0006006339681334794,-0.03387733921408653,0.0389481857419014,-0.030820250511169434
-0.007482938468456268,0.160885289311409,0.0015358980745077133,-0.06968498229980469,0.05061577260494232,-0.018486125394701958
0.029941929504275322,0.002947559580206871,-0.015846027061343193,-0.030784940347075462,0.04241042211651802,-0.025901049375534058
3.5322733310749754e-05,-0.02991940639913082,-0.003934874664992094,-0.03259465843439102,0.02176591381430626,-0.018003106117248535
-0.0034811710938811302,-0.026799241080880165,-0.00038304622285068035,-0.02527686581015587,0.013539203442633152,-0.028059085831046104
-0.0027698504272848368,-0.03692471981048584,0.004841478541493416,-0.038008131086826324,0.13229025900363922,-0.021203849464654922
-0.0025297459214925766,0.016223248094320297,-0.0007456887979060411,-0.04157407581806183,-0.0024166812654584646,-0.033150725066661835
0.03403095901012421,-0.026410972699522972,-0.0032321037724614143,-0.029756447300314903,0.01925838179886341,-0.03313932567834854
0.007212696596980095,-0.02483445405960083,-0.005733647383749485,-0.031286146491765976,-0.06358329206705093,-0.025243382900953293
0.04165276512503624,-0.017108771950006485,-0.015276364982128143,-0.02851700969040394,-0.05137334391474724,-0.030284298583865166
-0.003990914672613144,-0.024884888902306557,-0.0006368652102537453,-0.03816227614879608,0.043291766196489334,-0.021177273243665695
-0.01102241687476635,-0.050693925470113754,0.00047613412607461214,-0.03568745404481888,0.02004568837583065,-0.016053250059485435
-0.0038374632131308317,-0.024642756208777428,-0.0008468891610391438,-0.03243964910507202,-0.025993065908551216,-0.018671516329050064
0.030613476410508156,-0.022987380623817444,-0.010346602648496628,-0.01949041709303856,-0.04222632199525833,-0.03191571682691574
-0.00610225647687912,-0.04440823942422867,-0.0018440394196659327,-0.027756059542298317,-0.042945925146341324,-0.02448049560189247
-0.005290519446134567,-0.031152131035923958,-0.0055086612701416016,-0.03172477334737778,-0.24057777225971222,-0.024389123544096947
-0.0034377037081867456,-0.02050730399787426,-0.006276428699493408,-0.033663976937532425,-0.11695542931556702,-0.020191801711916924
0.0033663201611489058,0.010804873891174793,-0.00880384910851717,-0.024561049416661263,-0.02710009552538395,0.03238585218787193
-0.006719456985592842,-0.023929394781589508,-0.010659495368599892,-0.02394147589802742,0.002947954460978508,0.026774877682328224
-0.015050340443849564,0.1296217292547226,-0.003385535441339016,-0.032926831394433975,0.037714242935180664,0.026099374517798424
-0.012067483738064766,0.017461322247982025,-0.008141504600644112,-0.024606455117464066,0.004689565394073725,0.03032149001955986
-0.013255733996629715,0.06479086726903915,0.02239624410867691,-0.026267850771546364,-0.0333525687456131,0.04469485208392143
-0.006264656316488981,-0.028140604496002197,-0.008066611364483833,-0.029562897980213165,-0.002824170282110572,0.025580119341611862
-0.0008197369752451777,0.009126603603363037,-0.010603434406220913,-0.02746005542576313,0.021589739248156548,0.025777466595172882
-0.017463404685258865,0.11939207464456558,-0.010561521165072918,-0.03912128508090973,0.022171910852193832,0.017453230917453766
-0.012279062531888485,0.03806662559509277,-0.0029718694277107716,-0.030313845723867416,0.016715267673134804,0.02916100062429905
0.006071834359318018,0.0045720976777374744,-0.012562774121761322,-0.02726851776242256,0.03855697065591812,0.01938379555940628
-0.005569763481616974,-0.020154979079961777,-0.0029272441752254963,-0.03286151587963104,-0.05410078912973404,-0.023604881018400192
-0.0051592071540653706,-0.02187696471810341,0.0026523687411099672,-0.0385788194835186,-0.20220030844211578,-0.01973130740225315
-0.012087223120033741,-0.025952687487006187,0.00025660739629529417,-0.02436935156583786,-0.06378534436225891,-0.026092806831002235
-0.014687709510326385,-0.03130120038986206,0.012696966528892517,0.02294927090406418,0.015031686052680016,0.021387705579400063
-0.0077532073482871056,0.05862079933285713,-0.004770264495164156,-0.023790525272488594,0.03626162186264992,0.024954022839665413
-0.0016897786408662796,0.13768373429775238,-0.0028673335909843445,-0.043436143547296524,-0.008533118292689323,0.04244561493396759
-0.012753590941429138,0.07092606276273727,-0.005738166160881519,-0.025863461196422577,0.008336097933351994,0.03185746446251869
0.008173653855919838,0.013716164045035839,-0.0054703084751963615,-0.016914142295718193,0.024384085088968277,0.0339738205075264
-0.007152345962822437,0.04403818026185036,-0.008058043196797371,-0.026053886860609055,0.013217732310295105,0.024819230660796165
-0.007419864181429148,-0.027829356491565704,-0.005704150069504976,-0.023508964106440544,0.026003899052739143,0.02983393520116806
-0.0019760369323194027,-0.012579841539263725,0.009057577699422836,-0.01860804297029972,-0.016019858419895172,0.031295571476221085
-0.01329569797962904,0.14281359314918518,-0.002294376026839018,-0.04140377789735794,-0.04644181579351425,0.03740859776735306
0.004394460003823042,0.014497451484203339,-0.00124292669352144,-0.020147688686847687,-0.015780078247189522,0.03934676945209503
-0.008257109671831131,0.018335716798901558,-0.005222408566623926,-0.024728206917643547,-0.03706733509898186,0.037688277661800385
-0.010932212695479393,-0.029752224683761597,-0.0038553904742002487,-0.026100149378180504,0.01540993433445692,0.025091061368584633
-0.012635590508580208,-0.026174305006861687,-0.007640442810952663,-0.0187343992292881,-0.021730761975049973,0.0311751589179039
-0.00814402848482132,-0.005720045417547226,-0.008859616704285145,-0.02175196446478367,-0.029060842469334602,0.03120727464556694
-0.007323847617954016,-0.02481495589017868,-0.005481946747750044,-0.03570209816098213,-0.04090738669037819,-0.02607233077287674
-0.004604431800544262,-0.02124122530221939,-0.002790119731798768,-0.029727915301918983,-0.059908606112003326,-0.019195081666111946
-0.006535299122333527,-0.0013030285481363535,-0.0037250262685120106,-0.037203602492809296,-0.037754178047180176,-0.02292436547577381
-0.007190081290900707,0.04826805740594864,0.03555585443973541,0.02735419012606144,0.026626668870449066,0.022831495851278305
-0.005992546211928129,0.05864947661757469,-0.006558085326105356,-0.023159001022577286,-0.02640610747039318,-0.052242081612348557
0.0006351047195494175,0.04526617005467415,-0.006143982522189617,-0.023904556408524513,0.006409989669919014,-0.0389983244240284
-0.0074985455721616745,0.03841168433427811,0.007028790190815926,0.006306754425168037,-0.05891082435846329,-0.038090020418167114
-0.00720111234113574,0.02319031022489071,-0.004816148895770311,-0.031614936888217926,-0.04643635451793671,-0.04029352590441704
-0.0004956508637405932,0.016525812447071075,-0.0024081801529973745,-0.0029052160680294037,-0.029442330822348595,-0.03663505241274834
0.009892639704048634,0.015517022460699081,-0.012145810760557652,-0.027775559574365616,-0.012673200108110905,0.0406511053442955
-0.012345255352556705,0.06434527784585953,-0.0064145768992602825,-0.0290757417678833,-0.08510497957468033,-0.06204739958047867
-0.0002019960229517892,0.05279407277703285,-0.004595997743308544,-0.03815348818898201,-0.014554250054061413,-0.05539821460843086
0.004995446186512709,0.0038469296414405107,-0.008582676760852337,-0.03209276497364044,-0.04383820295333862,-0.04690111055970192
0.019338475540280342,0.01706704869866371,-0.008054806850850582,-0.03143616020679474,-0.03882286697626114,-0.07481395453214645
-0.010526678524911404,0.051244787871837616,0.00566464476287365,-0.025350723415613174,-0.021804366260766983,0.03663071617484093
-0.010504798963665962,0.08815150707960129,0.004148533102124929,0.029196815565228462,0.004662207327783108,0.008691656403243542
-0.0014718328602612019,-0.023271076381206512,-0.0006980959442444146,-0.03709171339869499,0.012033169157803059,-0.029726902022957802
0.00011454772902652621,0.018414435908198357,-0.004825572948902845,-0.04574655368924141,-0.017533496022224426,-0.034778475761413574
0.03389228507876396,0.013960614800453186,-0.017502836883068085,-0.04406732693314552,0.00411027017980814,-0.04325683414936066
0.0022139770444482565,0.015355213545262814,-0.0011790348216891289,-0.041291479021310806,-0.020448310300707817,-0.03326313570141792
-0.00497083505615592,-0.023118089884519577,-0.011485381983220577,-0.019661441445350647,-0.04092099890112877,0.029564229771494865
-0.010056882165372372,0.010311008431017399,0.007482246030122042,-0.022390296682715416,-0.03289647772908211,-0.03335365653038025
0.10508548468351364,0.050095852464437485,0.044122856110334396,0.0015871567884460092,-0.04960574954748154,-0.03808913007378578
-0.009829121641814709,-0.03779127448797226,-0.010174466297030449,-0.02509293705224991,-0.04833266884088516,0.02582906372845173
-0.015833072364330292,-0.02301253005862236,-0.0036503567826002836,-0.01854204759001732,0.004904652945697308,0.026725657284259796
-0.007458565291017294,-0.025318346917629242,-0.010285334661602974,-0.012771709822118282,-0.02423687092959881,0.029082035645842552
-0.009646868333220482,-0.026001140475273132,-0.005951476749032736,-0.013979289680719376,-0.020652607083320618,0.0354137048125267
-0.007302462123334408,-0.024591028690338135,0.013674682937562466,-0.013948698528110981,-0.01361707504838705,0.04268764704465866
0.0018176150042563677,-0.024166950955986977,-0.0016909799305722117,-0.018846280872821808,-0.02003847435116768,0.035442836582660675
-0.003046068362891674,-0.025103313848376274,-0.014031520113348961,-0.017113136127591133,-0.014883595518767834,0.030497483909130096
-0.014893058687448502,-0.0219913087785244,-0.003803231520578265,-0.015031562186777592,-0.04330693557858467,0.02191552147269249
-0.008344392292201519,0.05005812644958496,0.009268799796700478,0.015018153935670853,0.053949400782585144,-0.04368314892053604
-0.006501179654151201,-0.01802317425608635,-0.009764038026332855,-0.022293513640761375,-0.06204618141055107,0.027980299666523933
-0.012215327471494675,-0.035224709659814835,-0.0007612696499563754,-0.016584986820816994,-0.09809621423482895,0.04027596488595009
-0.01054653525352478,-0.030328189954161644,-0.0052575161680579185,-0.03033779002726078,-0.29715192317962646,0.032684795558452606
-0.012762317433953285,-0.04577330872416496,-0.006771767046302557,-0.024922965094447136,-0.29721543192863464,0.026858098804950714
-0.012179707176983356,-0.019855204969644547,-0.00949963927268982,-0.018939603120088577,-0.040586162358522415,0.027354475110769272
-0.011883224360644817,-0.02634231559932232,-0.005870184861123562,-0.019256075844168663,-0.014893392100930214,0.026296868920326233
-0.008383160457015038,-0.02269337885081768,-0.009305021725594997,-0.01706276461482048,-0.04260352626442909,0.03180183470249176
-0.005618018563836813,-0.01280385721474886,-0.0020458654034882784,0.042717743664979935,-0.015298379585146904,-0.03870202973484993
-0.0054666101932525635,-0.02951897494494915,-0.004894402343779802,-0.005456837359815836,0.022991687059402466,0.023756884038448334
0.06490495800971985,0.016949189826846123,-0.021446475759148598,-0.022996965795755386,0.015043273568153381,0.05003519356250763
-0.006825588643550873,0.00989819597452879,-0.00981434341520071,-0.01970568485558033,0.04174600914120674,0.02139044553041458
0.007791701704263687,0.0022423076443374157,-0.011894580908119678,-0.01730271801352501,0.011416877619922161,0.03991290554404259
0.04619920626282692,-0.02629864774644375,-0.01330659631639719,-0.016937056556344032,-0.011798102408647537,0.046486493200063705
0.012734453193843365,0.007584939245134592,-0.01580643840134144,-0.01977875828742981,0.06080435961484909,0.027581356465816498
0.011402544565498829,-0.02351175993680954,-0.00899317767471075,-0.03745851665735245,0.02170943282544613,-0.06701894104480743
-0.007231018040329218,-0.0238189697265625,-0.009869999252259731,-0.019616926088929176,0.12089935690164566,0.02838575653731823
0.004567681346088648,-0.02471562661230564,-0.002027440583333373,-0.01477882545441389,-0.04591963440179825,-0.03173225745558739
-0.007982078939676285,-0.025762658566236496,-0.01050823274999857,-0.01601770706474781,-0.04548899456858635,-0.012205652892589569
-0.005348165985196829,-0.02557811699807644,-0.00533920107409358,-0.018064923584461212,-0.046914178878068924,0.0263921357691288
-0.0162346288561821,-0.017136812210083008,-0.006768716499209404,0.04846262186765671,-0.027203340083360672,0.03043564222753048
-0.008468667045235634,-0.030703062191605568,-0.012606083415448666,-0.01624789461493492,0.03897067531943321,0.02178509347140789
-0.004044870380312204,-0.026901839300990105,-0.011407798156142235,-0.015545492060482502,0.025571897625923157,0.022051092237234116
-0.009341813623905182,-0.055260732769966125,-0.007250156719237566,-0.011660492978990078,-0.017425786703824997,0.0283221248537302
-0.0092306612059474,-0.028286635875701904,-0.005227331072092056,-0.016154570505023003,-0.04608452320098877,0.029698679223656654
-0.004979301709681749,-0.0248015895485878,-0.010489506646990776,-0.015676775947213173,-0.029271265491843224,0.02695128321647644
-0.012910108081996441,-0.02327701635658741,-0.006016585510224104,-0.022643987089395523,-0.06907978653907776,0.028761157765984535
0.01620754972100258,-0.03077983483672142,-0.006800926756113768,-0.023960713297128677,-0.06185748055577278,0.03501909226179123
-0.004684243816882372,-0.007825063541531563,-0.006769063416868448,-0.027559325098991394,-0.022145094349980354,-0.05166948214173317
-0.007973895408213139,0.01593693532049656,0.0623602569103241,-0.017688481137156487,0.010046632029116154,0.05785509571433067
-0.00798714067786932,0.011279626749455929,-0.009516878053545952,-0.021165521815419197,0.09570790827274323,0.021284135058522224
-0.011252298951148987,0.06307115405797958,-0.008307389914989471,-0.02418633922934532,0.0950651615858078,0.02326526865363121
0.03499111905694008,0.017959220334887505,-0.019531087949872017,-0.02089337445795536,0.019670873880386353,0.029992353171110153
-0.009941687807440758,0.05617629736661911,-0.012036487460136414,-0.019599569961428642,0.029448267072439194,0.019405415281653404
-0.006153417285531759,-0.05171411857008934,-0.0031218884978443384,0.030232161283493042,0.013925082050263882,0.028171705082058907
-0.010606368072330952,-0.02761276625096798,-0.0006766370497643948,-0.016439879313111305,-0.04874827340245247,-0.014220568351447582
-0.00984980072826147,-0.036396656185388565,-0.0065621729008853436,-0.003324266290292144,-0.02690858580172062,0.031440481543540955
-0.007778368890285492,0.014542834833264351,-0.011220424436032772,-0.030469458550214767,0.0014263015473261476,0.026901960372924805
-0.024136561900377274,-0.029549553990364075,-0.01893000677227974,-0.01694553904235363,-0.06777589023113251,0.027634603902697563
-0.014932310208678246,-0.02756473980844021,-0.0077303373254835606,-0.02180475927889347,-0.060277242213487625,0.026985257863998413
0.016860228031873703,0.017378339543938637,-0.013180572539567947,-0.030793113633990288,-0.04956933856010437,0.03454790264368057
-0.00965211447328329,-0.021506834775209427,-0.0010256498353555799,-0.014716344885528088,-0.0030262244399636984,0.029959168285131454
-0.008047008886933327,0.008534298278391361,-0.010768347419798374,-0.030850492417812347,0.020063918083906174,0.0074499365873634815
-0.005523051600903273,0.009812445379793644,-0.0064238375052809715,-0.036985497921705246,-0.01216780673712492,-0.049181319773197174
-0.010064462199807167,0.02087525464594364,0.034127674996852875,-0.030870407819747925,0.0221247598528862,-0.05024859681725502
-0.0054035913199186325,0.008237527683377266,0.06361211836338043,-0.019051529467105865,0.022423461079597473,0.058406662195920944
-0.01088242419064045,-0.02924436889588833,0.012961787171661854,-0.012017499655485153,0.0015144041972234845,0.04133731871843338
-0.008847830817103386,-0.022740934044122696,0.0019342174055054784,-0.012960688211023808,-0.03725510463118553,0.032661519944667816
-0.01900903694331646,0.015103821642696857,0.04405330866575241,-0.019640548154711723,-0.020068421959877014,0.05552988499403
-0.006612794473767281,0.009855345822870731,-0.00971335731446743,-0.025334617123007774,-0.021817559376358986,0.028271738439798355
-0.010248764418065548,-0.0032204692251980305,-0.012711471877992153,-0.02854885905981064,-0.048033569008111954,0.03077695332467556
0.0012908077333122492,0.04749182611703873,-0.013637975789606571,-0.02902357652783394,0.015343294478952885,0.020019397139549255
-0.005553980357944965,-0.02468078024685383,-0.008928114548325539,-0.022990884259343147,-0.057688117027282715,0.02637339197099209
-0.006723877973854542,-0.025899287313222885,-0.005922824610024691,-0.03450532630085945,-0.08057922124862671,0.019873488694429398
0.03645947575569153,0.00858504232019186,-0.010238672606647015,-0.029148265719413757,-0.04925789311528206,0.027936000376939774
0.053478095680475235,0.05940614268183708,-0.014867306686937809,-0.026102546602487564,-0.03463217243552208,0.03553129732608795
0.06183113530278206,0.05080556124448776,-0.0220746211707592,-0.02720966748893261,-0.014170795679092407,0.02775060199201107
0.028878215700387955,0.05741501227021217,-0.0156471598893404,-0.03505554050207138,0.025047767907381058,0.017313014715909958
0.05916580557823181,0.02023867703974247,-0.004909359384328127,-0.03134438768029213,-0.006285360548645258,0.03353505581617355
0.05921478569507599,0.014846178703010082,-0.018823152408003807,-0.03390389308333397,0.006403690204024315,-0.03971857577562332
0.015522180125117302,0.05632934719324112,0.05451642721891403,-0.01679481565952301,0.029462765902280807,0.05574003607034683
-0.014884009957313538,0.01705796830356121,0.0643000528216362,-0.01940709725022316,0.022899959236383438,0.05230489745736122
-0.012433975003659725,-0.02380041591823101,0.014961707405745983,-0.010567898862063885,0.0037673201877623796,0.04374869912862778
-0.012453898787498474,-0.0016811409732326865,0.048394374549388885,-0.013402257114648819,-0.02015959471464157,0.055387597531080246
-0.006610988639295101,0.010071675293147564,-0.004451304208487272,-0.025672726333141327,-0.04746468737721443,0.028908276930451393
-0.007330009713768959,0.012572045437991619,-0.0036920018028467894,-0.0329989492893219,-0.10623008757829666,0.022085756063461304
-0.008839575573801994,0.007960688322782516,-0.004130900837481022,-0.031108969822525978,-0.05378648266196251,0.019522717222571373
-0.01245031412690878,-0.02306457608938217,-0.002392151625826955,-0.017705991864204407,-0.06349868327379227,0.025749314576387405
-0.010192847810685635,0.01829243078827858,-0.009770897217094898,-0.030579229816794395,-0.04158133268356323,0.020734157413244247
-0.014557809568941593,-0.02383880689740181,-0.005508065689355135,-0.02317308820784092,-0.05891633406281471,0.022290004417300224
-0.005737885367125273,0.0074159977957606316,-0.004413009621202946,-0.03096877969801426,-0.02003803662955761,0.02133297733962536
-0.014783281832933426,-0.023241838440299034,0.005274700932204723,-0.028325971215963364,-0.06232837215065956,0.023263581097126007
0.0037327948957681656,0.015658512711524963,0.0035604459699243307,-0.03149548918008804,-0.03321219980716705,0.0242945346981287
-0.005510434973984957,0.013170972466468811,-0.006654056720435619,-0.035931073129177094,0.0215737484395504,0.015489100478589535
-0.009295152500271797,-0.026037827134132385,-0.009314963594079018,-0.0229155533015728,-0.021483616903424263,0.028839757665991783
-0.008212340995669365,0.008659189566969872,-0.01013254001736641,-0.0311540849506855,-0.040873944759368896,0.030580105260014534
-0.01209993939846754,0.008648558519780636,-0.001509853987954557,-0.021104343235492706,-0.04211108386516571,0.03189834952354431
-0.005531344562768936,-0.025473013520240784,-0.009758186526596546,-0.013454429805278778,-0.03401589021086693,0.023430349305272102
-0.002552442252635956,-0.021891983225941658,0.000627645873464644,-0.021329212933778763,-0.015189425088465214,0.010938354767858982
-0.009709241800010204,-0.02450866997241974,-0.0019073119619861245,-0.015734774991869926,-0.04583371803164482,0.011836185120046139
-0.014587745070457458,-0.03270909935235977,-0.018955914303660393,-0.015589103102684021,-0.015924982726573944,0.030122997239232063
-0.007858982309699059,-0.0198178980499506,-0.004927539732307196,-0.02869134396314621,-0.05919730290770531,0.01838388852775097
-0.0032130423933267593,-0.012498455122113228,0.011720283888280392,-0.03571883589029312,-0.02154676988720894,-0.0018325147684663534
-0.0062174489721655846,-0.023296210914850235,0.01815113238990307,-0.02521914429962635,0.005644105840474367,-0.001190494978800416
-0.0063758110627532005,-0.021103082224726677,0.0007653872016817331,-0.03543822839856148,-0.026938283815979958,-0.0027307034470140934
0.031161300837993622,0.018215330317616463,-0.016278155148029327,-0.03699242323637009,-0.01878952607512474,-0.03230651095509529
-0.0036037468817085028,0.005360594484955072,-0.013402673415839672,-0.014970623888075352,-0.0010401536710560322,0.017593981698155403
0.00442484999075532,0.0037910835817456245,-0.008774860762059689,-0.038329046219587326,0.015530339442193508,-0.02467218227684498
0.04907253757119179,0.0023742716293781996,-0.01683134026825428,-0.01070735976099968,0.021816076710820198,-0.0007294604438357055
0.03153737634420395,0.00021670332353096455,-0.01361946202814579,-0.02357448637485504,0.0211905799806118,-0.02983691357076168
-0.0010022952919825912,-0.022284584119915962,-0.0037444650661200285,-0.03373877331614494,0.01734054833650589,-0.02111654169857502
0.029673917219042778,-0.028194699436426163,-0.013564985245466232,-0.012582080438733101,0.019463514909148216,-0.024418959394097328
-0.003486625151708722,-0.029054569080471992,-0.0012677923077717423,-0.01871294155716896,0.02662770263850689,-0.022815857082605362
-0.011332433670759201,-0.029813233762979507,-0.004461000673472881,-0.021087873727083206,0.023028241470456123,-0.023744991049170494
-0.0036935482639819384,-0.02689993754029274,-0.00031641664099879563,-0.03482881560921669,0.011571455746889114,-0.02607448399066925
-0.002253930317237973,-0.025875093415379524,-0.00445088604465127,-0.0326642170548439,0.016811039298772812,-0.025309110060334206
-0.0086583336815238,-0.024595877155661583,-0.001655607484281063,-0.03063015826046467,0.015387214720249176,-0.022344302386045456
0.022689493373036385,0.006154943257570267,-0.010494488291442394,-0.027918357402086258,0.011030763387680054,-0.025236746296286583
0.027830088511109352,-0.02403186447918415,-0.0105295954272151,-0.03459523990750313,-0.01448056660592556,-0.029806066304445267
0.0030175086576491594,-0.017574774101376534,-0.006663150154054165,-0.03592173010110855,-0.0004366396169643849,-0.031289465725421906
0.003407882060855627,0.05387745052576065,-0.007208465598523617,-0.050617266446352005,-0.0006901322049088776,-0.037449806928634644
0.010515864007174969,0.006054839584976435,-0.0002491366467438638,-0.04442160949110985,0.005754271987825632,-0.037647318094968796
0.029182730242609978,0.2578943371772766,0.03693796694278717,-0.059115584939718246,0.10685171186923981,-0.03667406737804413
-0.002297279192134738,0.013670903630554676,-0.002183732111006975,-0.044554565101861954,0.011370827443897724,-0.036388445645570755
0.0034357085824012756,-0.025879517197608948,-0.004237948916852474,-0.035208139568567276,0.010120455175638199,-0.030074728652834892
-0.007333732210099697,-0.031881239265203476,-0.0065586562268435955,-0.009722909890115261,-0.012369247153401375,0.006969565991312265
-0.0065605370327830315,-0.03179464116692543,-0.005707181058824062,-0.00794264767318964,-0.015342595055699348,0.0011392476735636592
0.018570246174931526,0.014177750796079636,-0.007184954825788736,-0.031215179711580276,0.03968503698706627,-0.030420755967497826
-0.001136814709752798,-0.03265678510069847,-0.005577973090112209,-0.005614749155938625,0.014791484922170639,0.014322260394692421
0.029805190861225128,-0.026176290586590767,-0.017256617546081543,-0.012166815809905529,-0.01610551029443741,-0.02150816284120083
-0.007649236358702183,0.015276032499969006,0.0030074547976255417,-0.02137230709195137,-0.034176673740148544,-0.01805591583251953
-0.0016236997907981277,-0.006709331646561623,-0.0029171400237828493,-0.008378948085010052,-0.03262551128864288,0.023127950727939606
-0.009360786527395248,-0.03178786486387253,-0.008171246387064457,-0.010193693451583385,0.0004977495409548283,0.01795274391770363
0.035488031804561615,-0.03167203813791275,-0.01552608236670494,-0.006567849777638912,-0.012763690203428268,0.020682496950030327
-0.008000949397683144,-0.020007070153951645,-0.0026139942929148674,-0.01355648972094059,0.003703915514051914,-0.01978442631661892
-0.006846648640930653,-0.028993189334869385,-0.0024664076045155525,-0.0190628282725811,-0.0129859559237957,-0.004694321192800999
-0.006800978910177946,-0.025192825123667717,0.012080108746886253,-0.028428854420781136,-0.0357949323952198,-0.0016233311034739017
-0.013026822358369827,0.010469748638570309,-0.00034556526225060225,-0.017320318147540092,0.014586740173399448,-0.02092670649290085
-0.0077332984656095505,-0.02691321261227131,-0.0020342713687568903,-0.016001220792531967,-0.03802340850234032,-0.0010116909397765994
0.0004130657180212438,-0.03195245563983917,-0.005723044276237488,-0.00716104032471776,-0.03370737284421921,0.016096698120236397
-0.002935761120170355,0.0011201977031305432,-0.008400334976613522,-0.019694015383720398,0.012546609155833721,-0.022198140621185303
0.03236343339085579,-0.027997447177767754,-0.009509184397757053,-0.013326463289558887,-0.03477665036916733,-0.026455791667103767
-0.003312224755063653,-0.028437551110982895,-0.00326440273784101,-0.01564735360443592,-0.019987618550658226,-0.017197156324982643
0.004224378149956465,-0.0015044045867398381,-0.005102459341287613,-0.011914440430700779,0.023285165429115295,-0.024742018431425095
-0.012165620923042297,-0.02474750205874443,-0.0020376595202833414,-0.010119092650711536,-0.02153986319899559,-0.002746926387771964
-0.0055300104431807995,0.018633045256137848,-0.008356893435120583,-0.006921182386577129,-0.01275900099426508,0.023566219955682755
0.002724591875448823,0.004760239738970995,-0.01519534271210432,-0.011273914948105812,0.004418445751070976,0.02008415386080742
-0.0009203513036482036,0.002701761433854699,-0.007978837937116623,-0.020692989230155945,0.003066369565203786,-0.02230457216501236
-0.009849639609456062,-0.02907526306807995,-0.003903292352333665,-0.014768111519515514,-0.03904811292886734,-0.018114443868398666
-0.007230079732835293,-0.026636896654963493,0.0006616568425670266,-0.003739012638106942,-0.051507484167814255,-0.015002374537289143
-0.006511241663247347,-0.029976803809404373,-0.002275837818160653,-0.010537230409681797,0.003404972143471241,-0.02010488696396351
-0.012791763059794903,-0.030295725911855698,-0.0007949635619297624,-0.00965922325849533,0.014288068749010563,-0.008577464148402214
0.0070417472161352634,0.0470995269715786,-0.0075607881881296635,0.006693492643535137,-0.03025848977267742,0.01882162131369114
0.04604267328977585,0.03110937401652336,-0.020244698971509933,0.03609537333250046,-0.004806275945156813,0.01768614538013935
-0.005278061609715223,-0.02904173731803894,-0.00584879145026207,-0.0076403082348406315,-0.01527810376137495,-0.01889064721763134
-0.002398009179159999,-0.028905265033245087,-0.002105801133438945,-0.004594622645527124,-0.047212038189172745,-0.011516595259308815
-0.008029344491660595,-0.026672815904021263,-0.0016185048734769225,-0.0036119180731475353,-0.047805048525333405,-0.016556954011321068
0.004463523626327515,0.00475429929792881,-0.00556277995929122,0.010397412814199924,-0.020908895879983902,-0.025380458682775497
0.0014144876040518284,-0.0541129969060421,1.4864816876070108e-05,0.0034599879290908575,-0.029108256101608276,-0.020156238228082657
0.005121673922985792,-0.03599100187420845,-0.004942411556839943,0.017423531040549278,-0.03691098466515541,-0.020953543484210968
-0.0025352491065859795,-0.038887910544872284,-0.0035742269828915596,0.024067264050245285,-0.013002761639654636,-0.021660340949892998
0.0032564285211265087,0.03386225551366806,-0.008172472007572651,0.04484395682811737,0.0033090387005358934,0.008923904970288277
0.03209288790822029,0.024645362049341202,-0.012858223170042038,0.03338400647044182,-0.035595376044511795,0.015459070913493633
0.0097751934081316,0.0333644337952137,-0.007953853346407413,0.020103350281715393,-0.03505498543381691,-0.02645048126578331
-0.020763015374541283,-0.028269296512007713,0.003892701817676425,0.035380855202674866,-0.11549654603004456,-0.010104112327098846
0.007576573174446821,0.016308488324284554,0.005339984782040119,0.014448578469455242,-0.0916920155286789,0.015218413434922695
-0.0005687397788278759,-0.03299262002110481,-0.006150341127067804,0.023785781115293503,-0.02222960628569126,0.009914626367390156
-0.011731221340596676,0.03657966107130051,0.028698435053229332,0.02797568030655384,-0.06898494809865952,0.00037958493339829147
0.012802861630916595,0.00928917434066534,-0.00829937495291233,0.031064754351973534,-0.03632669523358345,0.016652822494506836
0.07429300993680954,0.18018807470798492,0.0330650694668293,0.02349434792995453,-0.04834819957613945,-0.030667714774608612
0.003939580637961626,0.0774751827120781,0.025544803589582443,0.05132565274834633,-0.06767996400594711,-0.02679874189198017
0.0012573034036904573,0.15009666979312897,0.01723342016339302,0.04702265188097954,-0.08367601037025452,-0.029617812484502792
0.008823337964713573,0.09686901420354843,-0.007957869209349155,0.03228986635804176,-0.06458023935556412,-0.02346305549144745
0.03969008848071098,0.029543235898017883,-0.01242839451879263,0.04415317252278328,-0.16689059138298035,-0.01634598895907402
0.005244462285190821,0.019231798127293587,-0.007054975721985102,0.019432468339800835,-0.2783704102039337,-0.007566744927316904
-0.014837596565485,0.027474861592054367,0.01779778115451336,0.03442617878317833,-0.27928102016448975,-0.02155514433979988
-0.013889576308429241,0.05495458468794823,0.011434833519160748,0.03419480845332146,-0.13950036466121674,-0.008949384093284607
-0.006562717724591494,0.03492683544754982,-0.002834731712937355,0.055114105343818665,-0.05469624698162079,-0.025901906192302704
0.048663921654224396,0.08365485072135925,0.0020814791787415743,0.0460406132042408,-0.04507268965244293,-0.023189758881926537
0.008719551376998425,0.0856403112411499,0.016020463779568672,0.05610412359237671,-0.06073400750756264,-0.013758208602666855
0.10345558077096939,0.15935766696929932,0.04147886484861374,0.004092896357178688,0.10080178081989288,0.042110130190849304
0.07745694369077682,0.29444074630737305,0.020421206951141357,0.008738219738006592,0.0371420718729496,-0.03123190440237522
0.0016620538663119078,0.18877774477005005,0.030137786641716957,-0.0035746574867516756,-0.021064918488264084,-0.02859034575521946
0.0656096339225769,0.29283639788627625,0.024944011121988297,0.03346854820847511,-0.01237890962511301,-0.03309572488069534
0.05348411574959755,0.24972987174987793,0.0011152762454003096,0.03809477016329765,-0.05904235690832138,-0.03753305971622467
0.08990301936864853,0.15113146603107452,0.041909001767635345,0.036164540797472,-0.08510715514421463,-0.014534033834934235
0.021220874041318893,0.007315956521779299,-0.005179900676012039,0.0560603141784668,-0.05369078367948532,-0.013326214626431465
0.025394946336746216,0.14525100588798523,0.041170358657836914,0.046728529036045074,-0.0684097483754158,-0.008677542209625244
-0.018818266689777374,0.03176688775420189,0.0040496536530554295,0.05227131024003029,-0.06967952847480774,0.00948064960539341
-0.003005663165822625,-0.036018166691064835,-0.0014175467658787966,0.052667468786239624,-0.04140987992286682,-0.001471191761083901
0.008837898261845112,0.20575737953186035,0.0430142916738987,0.06534775346517563,-0.026512542739510536,0.004351920913904905
-0.006769100669771433,0.11963607370853424,-0.004189885221421719,0.07815234363079071,-0.03921516612172127,-0.0009140631882473826
0.0030167612712830305,0.1743737757205963,0.0012591024860739708,0.08199770003557205,-0.042188610881567,0.002984864404425025
0.06865357607603073,0.07382391393184662,0.019025791436433792,-0.001258690026588738,-0.008704515174031258,0.06825856864452362
0.04714200273156166,0.23835012316703796,-0.008508743718266487,-0.013026227243244648,-0.05021350458264351,-0.03793679550290108
0.007029634900391102,0.16495384275913239,-0.0018220196943730116,-0.0039369091391563416,-0.07197614014148712,-0.014271419495344162
-0.006170174572616816,0.01307076495140791,-0.004014664329588413,-0.027874456718564034,-0.10632137209177017,-0.015287086367607117
0.010700538754463196,0.01671731472015381,-0.010055088438093662,-0.013912567868828773,-0.07404693961143494,-0.01895981654524803
0.05678149685263634,0.1742432415485382,-0.01377311535179615,0.047247495502233505,-0.12778553366661072,-0.011092709377408028
0.006095315329730511,0.01932583749294281,0.0033843249548226595,0.022062813863158226,-0.20049725472927094,-0.006017778068780899
0.11301823705434799,0.2251657396554947,0.05858638510107994,0.04875415936112404,-0.20983070135116577,-0.02579696662724018
0.04201383888721466,0.22467367351055145,-0.0012291624443605542,0.08490356057882309,-0.2707751989364624,0.002209615660831332
-0.009669792838394642,-0.042160868644714355,0.0035548717714846134,-0.01876571960747242,0.004699489567428827,-0.023337429389357567
-0.013212273828685284,-0.03236904740333557,0.007267845794558525,-0.04098576307296753,-0.020187413319945335,-0.024111609905958176
-0.009169272147119045,-0.02586156316101551,-0.011236382648348808,-0.02172774262726307,-0.019627278670668602,0.029844533652067184
0.0014456844655796885,-0.029781991615891457,-0.009404852986335754,-0.02063610404729843,-0.018116610124707222,0.0337165929377079
-0.005806461442261934,0.016711020842194557,-0.0006374267977662385,-0.02364051342010498,0.020776009187102318,0.03430376574397087
-5.131631769472733e-05,0.16157273948192596,0.0031663693953305483,-0.017799612134695053,-0.09575864672660828,-0.01879265159368515
-0.005555131938308477,0.006449948996305466,-3.977500819019042e-05,-0.019967498257756233,-0.10721376538276672,-0.013141012750566006
0.007904666475951672,0.004638499114662409,-0.0019819610752165318,-0.011322563514113426,-0.19460585713386536,-0.0127764493227005
-0.0023827608674764633,0.1253119558095932,0.0035337498411536217,0.04350495710968971,-0.08378630876541138,0.00047359682503156364
-0.0035512265749275684,-0.028700213879346848,-0.0022088377736508846,-0.03178790584206581,0.020863009616732597,-0.021980540826916695
0.007283554878085852,0.018580256029963493,0.003239064710214734,0.05124429985880852,-0.20263773202896118,0.006341989152133465
-0.0010750510264188051,0.023126965388655663,-0.0006254750187508762,0.06289143860340118,-0.08802326023578644,0.007381774485111237
0.03473639488220215,0.16168494522571564,-0.0040300386026501656,0.046771809458732605,-0.0693894475698471,0.004359789192676544
-0.00610283063724637,0.0067094541154801846,-0.008189343847334385,0.0044633569195866585,-0.020589379593729973,0.024523742496967316
0.001121946144849062,0.0076816328801214695,-0.010894710198044777,-0.027264349162578583,-0.05554450303316116,0.031194370239973068
0.06677789241075516,-0.018841935321688652,-0.009396117180585861,-0.025497788563370705,-0.05454631894826889,0.04607296735048294
0.00234754616394639,-0.03170087933540344,-0.007530490402132273,-0.022176537662744522,-0.0379636213183403,0.028549257665872574
-0.01272148359566927,-0.029828546568751335,-0.0033732864540070295,-0.02138536423444748,-0.014470656402409077,0.025159891694784164
0.004129699897021055,0.01094659324735403,0.001659832545556128,-0.02929050289094448,-0.05986001715064049,-0.02573898807168007
-0.0014589758357033134,0.012068349868059158,-5.1818013162119314e-05,-0.05044490098953247,-0.06883672624826431,-0.025883067399263382
0.029627863317728043,0.05446809157729149,-0.004797117318958044,0.009377418085932732,-0.13930591940879822,-0.01401131134480238
0.040878936648368835,-0.03222846984863281,-0.008489633910357952,0.027735544368624687,-0.2590518593788147,0.0033353762701153755
0.012381689622998238,0.030620422214269638,-0.016577698290348053,0.052170805633068085,-0.2849803566932678,-0.006859470158815384
0.008474231697618961,0.04261823371052742,0.0196142066270113,-0.03409700095653534,-0.007577125448733568,-0.03816862776875496
0.0629555955529213,0.15151150524616241,-0.01741846650838852,-0.06516727060079575,-0.04043835774064064,-0.04490489512681961
-0.013651151210069656,0.10032318532466888,0.0212580393999815,-0.04430053010582924,-0.020731549710035324,-0.03699594736099243
0.09266997873783112,0.002557960106059909,0.08583833277225494,0.02005895785987377,-0.04999915510416031,0.07791878283023834
0.010600571520626545,-0.011353825218975544,0.018108783289790154,-0.02063572034239769,-0.03482966870069504,0.042839717119932175
-0.018052540719509125,-0.037600211799144745,-0.004547543358057737,-0.007572799921035767,-0.025611067190766335,0.019952354952692986
-0.006073795724660158,0.1020757183432579,0.015147550031542778,-0.03633541986346245,-0.07722240686416626,-0.037103451788425446
0.07441115379333496,0.056558407843112946,0.02245151996612549,-0.052239689975976944,-0.11986497789621353,-0.05270878225564957
0.05183516815304756,0.1263246387243271,-0.013685180805623531,-0.014888386242091656,-0.07993775606155396,-0.016945961862802505
0.0005923142889514565,0.0023396483156830072,-0.001255179988220334,-0.0028985561802983284,-0.23997968435287476,-0.005537011660635471
-0.00796752143651247,-0.03774585202336311,-0.0003469326766207814,-0.010055813938379288,0.015050599351525307,0.0005575373652391136
-0.009007302112877369,-0.02969229780137539,-0.0022664018906652927,-0.013568933121860027,0.03917016088962555,-0.024613888934254646
-0.01056708674877882,-0.0886002704501152,-0.02239002287387848,0.008097277022898197,0.03910653665661812,-0.02974814362823963
-0.011460904031991959,-0.03165219724178314,-0.0065453508868813515,-0.014370383694767952,-0.001437233411706984,-0.005238208454102278
-0.005441742017865181,0.005453961901366711,-0.006587313488125801,-0.013580293394625187,0.014144361019134521,-0.003512619761750102
-0.003166377078741789,-0.006306557450443506,-0.00467892037704587,-0.021382298320531845,0.016384152695536613,-0.020173553377389908
-0.003968426026403904,0.005657471250742674,-0.0032951326575130224,-0.027227824553847313,0.02104818820953369,-0.024515023455023766
-0.0039029892068356276,-0.03121633641421795,-0.006746239960193634,-0.009812282398343086,0.007565691135823727,-0.005675982218235731
0.02718450501561165,-0.03202936798334122,-0.01167516503483057,-0.01866849511861801,0.013654706068336964,-0.026128267869353294
0.0021079625003039837,-0.031019778922200203,-0.0047551775351166725,-0.027186570689082146,0.00832810252904892,-0.021781178191304207
-0.009015686810016632,0.01840481534600258,0.008683030493557453,-0.010833868756890297,0.026986470445990562,0.022681107744574547
-0.001785899861715734,0.01284072920680046,0.011875025928020477,-0.009881333447992802,0.02348029986023903,0.024559350684285164
-0.005580808501690626,0.004087311215698719,-0.004228333942592144,-0.026505645364522934,0.02295609936118126,-0.02471749112010002
-0.006902616936713457,-0.030776632949709892,-0.0029922237154096365,-0.012667763978242874,0.04041251167654991,-0.022377226501703262
-0.0030390629544854164,0.0115828737616539,-0.0046633328311145306,-0.030543336644768715,0.04183277487754822,-0.026325993239879608
-0.005470691714435816,-0.03112296387553215,-0.005595306400209665,-0.007163502275943756,0.017534783110022545,-0.0016993316821753979
0.026627086102962494,0.004773156717419624,-0.015419213101267815,-0.00853771436959505,0.022090615704655647,0.0017296482110396028
0.040923893451690674,0.009431997314095497,-0.014352856203913689,-0.00880623422563076,0.043768126517534256,0.021801279857754707
0.0044164396822452545,0.012920686043798923,-0.00025071832351386547,-0.011119426228106022,0.06683837622404099,0.019724272191524506
-0.008443430066108704,0.014252571389079094,0.014364861883223057,-0.009976735338568687,0.04032798483967781,0.025167683139443398
-0.002678520046174526,0.009019145742058754,0.012194843962788582,-0.007871192879974842,0.023944009095430374,0.025109896436333656
-0.001240325509570539,0.001978939166292548,-0.005144733004271984,-0.024412933737039566,0.08460583537817001,-0.02766146883368492
-0.006224003620445728,0.0025037177838385105,-0.00569889135658741,-0.016871199011802673,0.022425875067710876,-0.02463487908244133
-0.008875521831214428,0.003974636550992727,-0.005470062140375376,-0.021644992753863335,0.040763575583696365,-0.023418951779603958
0.0009046511258929968,-0.027875028550624847,0.0013709431514143944,-0.0109367985278368,0.02715081162750721,-0.020254788920283318
-0.0040395320393145084,-0.05654530227184296,0.00212050206027925,-0.0013770374935120344,0.03955089673399925,-0.023476241156458855
-0.003018564311787486,0.0022162909153848886,-0.0020485559944063425,-0.010667563416063786,0.036303866654634476,0.01903546415269375
-0.005188278388231993,0.005508412141352892,-0.0034086524974554777,-0.009236064739525318,0.03522481024265289,0.017823392525315285
-0.0019909089896827936,0.014299355447292328,0.007594944443553686,-0.008626141585409641,0.021409615874290466,0.025197992101311684
0.007274255156517029,0.012650925666093826,0.017305104061961174,-0.012023242190480232,0.015398681163787842,0.024400725960731506
-0.009267172776162624,0.021648650988936424,0.008002144284546375,-0.008803035132586956,0.014560581184923649,0.025985175743699074
-0.008308385498821735,-0.012408250011503696,-0.0012344567803665996,-0.01908828131854534,0.03282177820801735,-0.02603681944310665
-0.006899998523294926,0.0064621600322425365,-0.007223818451166153,0.003574320813640952,-0.012764811515808105,0.015064298175275326
-0.012327544391155243,-0.0546354316174984,-0.0016721480060368776,-0.0191339123994112,0.034211646765470505,-0.027441024780273438
-0.007500116713345051,-0.030070628970861435,-0.0071701304987072945,-0.009668589569628239,0.02173912338912487,-0.0007098838686943054
-0.008427087217569351,-0.03375260904431343,-0.006262501701712608,-0.00482651824131608,0.08089207857847214,-0.003635944100096822
-0.00479171285405755,-0.0016532496083527803,-0.0065529984422028065,-0.006571031641215086,0.0811401903629303,0.012066659517586231
0.001191882067359984,-0.0027941663283854723,-0.0035520149394869804,-0.008194605819880962,0.0831025093793869,0.017360758036375046
-0.003912319429218769,0.008651016280055046,-0.0008106735185720026,-0.009144837036728859,0.004575845319777727,0.02062433958053589
-0.005164695903658867,0.006649035960435867,0.0031052324920892715,0.01476125605404377,0.016230784356594086,0.012897204607725143
-0.004148777574300766,-0.026635022833943367,-0.005596646573394537,0.02233927883207798,0.08721456676721573,0.005165348295122385
-0.0076384833082556725,-0.0562494657933712,0.004778675734996796,-0.03368596360087395,0.08979938179254532,-0.03361811488866806
-0.0057297199964523315,-0.03735838457942009,-0.008062750101089478,0.010138453915715218,0.0365283265709877,0.008224478922784328
-0.007165092974901199,-0.04254341498017311,-0.004536439664661884,0.01346538495272398,0.020135456696152687,0.01005580648779869
-0.002295460319146514,0.010549179278314114,-0.0028732011560350657,-0.017062842845916748,-0.03176628053188324,0.0005711427074857056
-0.0019148839637637138,0.003244452876970172,-0.010041769593954086,-0.013096929527819157,-0.0215938538312912,0.017135581001639366
-0.004335598088800907,0.005849875509738922,-0.008562902919948101,-0.015469766221940517,-0.01097503025084734,0.0028321160934865475
-0.00762911606580019,0.018250035122036934,-0.005060830619186163,-0.018549364060163498,0.03757879510521889,0.002757513662800193
0.0008466856670565903,0.06805124878883362,-0.008093760348856449,-0.01473914086818695,0.01663469895720482,-0.015101931057870388
0.006762644276022911,0.18221740424633026,0.0038651851937174797,0.004977644421160221,0.010744770057499409,0.016719141975045204
0.037128154188394547,0.007275663316249847,-0.019746651872992516,-0.021392960101366043,-0.0095756147056818,-0.03809504210948944
-0.002110881730914116,-0.031385671347379684,-0.008886432275176048,-0.012055285274982452,-0.0002532663056626916,-0.004741809330880642
-0.0038808423560112715,0.007644170895218849,-0.00033797984360717237,-0.01712666265666485,0.020129380747675896,-0.022820156067609787
0.038213904947042465,0.06665346026420593,-0.006343408953398466,-0.005755452439188957,0.023226488381624222,0.008547614328563213
-0.010174039751291275,0.012897997163236141,-0.001701026689261198,-0.013869419693946838,0.04123063385486603,-0.02324620448052883
-0.005770254880189896,0.12705685198307037,0.0004350942908786237,-0.005633004009723663,0.04637075960636139,-0.0021069429349154234
-0.0032973599154502153,0.014002344571053982,-0.003908378072082996,-0.021016666665673256,0.03148048371076584,-0.027661552652716637
0.0019120359793305397,-0.029141627252101898,-0.0012045485200360417,-0.012965057976543903,0.04451833292841911,-0.025304039940238
-0.007182165514677763,0.004850652534514666,-0.0069408295676112175,-0.01788702793419361,0.013599577359855175,-0.02209283597767353
-0.00623447448015213,-0.031037529930472374,-0.0035187690518796444,-0.01399700716137886,0.0010675389785319567,-0.019462252035737038
-0.0026830302085727453,-0.04053550213575363,-0.003742408938705921,-0.012428980320692062,0.0034456842113286257,-0.02544267289340496
-0.003945473115891218,0.010439828969538212,0.000626298482529819,-0.028958359733223915,0.030389709398150444,-0.026278162375092506
-0.006659595295786858,-0.014858696609735489,-0.0026372424326837063,0.0042598978616297245,-0.013027887791395187,-0.021052271127700806
-0.010462584905326366,-0.02204493060708046,0.0025997948832809925,-0.02037016674876213,0.03952868655323982,-0.025693928822875023
0.005908627063035965,0.05601336434483528,-0.010704764164984226,-0.015585103072226048,0.006051597185432911,0.01945510320365429
-0.001101723057217896,-0.028657786548137665,-0.00417488906532526,-0.008906301110982895,0.024547290056943893,0.01234146486967802
-0.004969452507793903,-0.022591568529605865,-0.004848947748541832,-0.023998411372303963,-0.04389958456158638,0.029303569346666336
-0.0013408618979156017,-0.03345031663775444,-0.00894167274236679,-0.0065657636150717735,0.011879640631377697,0.014821226708590984
-0.007877400144934654,-0.0329221747815609,-0.006873919628560543,-0.0125983702018857,0.015190942212939262,0.018707625567913055
-0.007287817541509867,0.007928342558443546,-0.004340565763413906,-0.019811969250440598,0.03929046541452408,0.023978931829333305
-0.007843813858926296,0.009481002576649189,-0.008816913701593876,-0.02543337456882,0.024266066029667854,0.02450961247086525
-0.006409337278455496,-0.033390503376722336,-0.007522706873714924,-0.010025087743997574,0.015061157755553722,0.011719987727701664
-0.00420581316575408,-0.05160803720355034,-0.0039072721265256405,-0.002215287182480097,0.01440315879881382,0.012539816088974476
-0.013439220376312733,-0.03538244962692261,-0.0025636530481278896,-0.013839034363627434,0.030071433633565903,0.020982984453439713
-0.008172877132892609,-0.03254245966672897,-0.009438860230147839,-0.01291739009320736,0.04062534123659134,0.011250484734773636
-0.009836548939347267,-0.015194492414593697,-0.010962235741317272,-0.014279341325163841,0.02319537289440632,0.014046958647668362
-0.004393659066408873,0.0038262237794697285,-0.00708061084151268,-0.015644902363419533,0.08526066690683365,0.010200250893831253
-0.006171847693622112,-0.007687954697757959,-0.008548857644200325,-0.012548449449241161,0.02977007068693638,0.010985109955072403
-0.006814268417656422,0.004563461057841778,-0.002052504802122712,-0.017112450674176216,0.020142385736107826,0.020852187648415565
-0.006257033906877041,0.07263877987861633,-0.0013600155944004655,-0.012841694056987762,0.08685558289289474,-0.002234653802588582
-0.006778043229132891,-0.027506619691848755,-0.008510772138834,-0.010723089799284935,0.08318966627120972,0.010664025321602821
-0.0060517070814967155,-0.029287593439221382,-0.005041412077844143,-0.008633129298686981,0.120876245200634,0.009205111302435398
-0.004718576092272997,-0.0324995256960392,-0.007700183894485235,-0.009597327560186386,0.09134490042924881,0.008118710480630398
0.011021123267710209,0.11250993609428406,0.049215927720069885,-0.008126861415803432,0.126104936003685,-0.030732454732060432
-0.005492917262017727,-0.03654937446117401,-0.005402714479714632,-0.0068177031353116035,0.06850830465555191,0.009331167675554752
-0.007839621976017952,-0.012637238018214703,-0.008215862326323986,-0.010299484245479107,0.1246941015124321,0.00986009743064642
-0.004427846986800432,-0.035581354051828384,-0.009183527901768684,-0.007727630902081728,0.11175701022148132,0.011440800502896309
-0.006604121066629887,-0.03173791617155075,-0.010360565036535263,-0.009664559736847878,0.12924359738826752,0.02152644656598568
-0.0019013051642104983,-0.03345700353384018,-0.009908857755362988,-0.007297002710402012,0.11307558417320251,0.011340143159031868
-0.0006069563096389174,-0.03265868499875069,-0.010697165504097939,-0.010700679384171963,0.1157289370894432,0.01576719433069229
-0.001771564595401287,-0.010608816519379616,-0.009544648230075836,-0.013616496697068214,0.12182221561670303,0.019083097577095032
-0.007253569085150957,-0.03557431697845459,-0.01204247958958149,-0.013225952163338661,0.13637375831604004,0.013847731985151768
-0.011273453012108803,-0.03448563069105148,-0.00791170448064804,-0.008116542361676693,0.12271115183830261,0.012204136699438095
-0.0016371113015338778,-0.03071613609790802,-0.012443478219211102,-0.0071843708865344524,0.1110166683793068,0.012920143082737923
-0.005488140974193811,-0.031209735199809074,-0.009610140696167946,-0.011009047739207745,0.12146350741386414,0.020108813419938087
-0.009992733597755432,-0.03278009966015816,0.05474802851676941,-0.001469240989536047,0.027949422597885132,0.031866397708654404
-0.00800288561731577,0.02245227061212063,0.014386972412467003,-0.01632922701537609,0.039230991154909134,0.010411539115011692
0.05787094309926033,0.06885633617639542,-0.021129077300429344,-0.022627824917435646,0.03792431578040123,0.02313413843512535
-0.005389233585447073,-0.03434319421648979,-0.009587937965989113,-0.008735097013413906,0.06352050602436066,0.009454363025724888
-0.009819664992392063,-0.024975799024105072,0.0734427198767662,-0.0053995270282030106,0.03889339044690132,0.038252003490924835
-0.017635496333241463,-0.06478381156921387,-0.014949984848499298,-0.006335889920592308,0.03068186156451702,0.02607192099094391
-0.008005310781300068,-0.030294355005025864,-0.0063620335422456264,-0.001559682423248887,-0.047971297055482864,0.019463183358311653
-0.005381813272833824,-0.030579764395952225,-0.0024762756656855345,-0.006878958083689213,0.05088579282164574,-0.005820875056087971
-0.00541283842176199,-0.03246961161494255,-0.00499088317155838,-0.007758244872093201,0.027338072657585144,-0.008225761353969574
-0.012138783931732178,-0.025538582354784012,-0.005245991516858339,-0.02441415749490261,0.012567229568958282,-0.010050705634057522
-0.00906669907271862,-0.030994411557912827,-0.006972286384552717,-0.015566558577120304,0.022837048396468163,-0.006341885309666395
-0.005327641498297453,-0.02191753126680851,-0.008343231864273548,-0.01257809903472662,0.013934114016592503,-0.005405339412391186
-0.00934454333037138,-0.03232480213046074,-0.00382581097073853,-0.006704240571707487,0.037514083087444305,-0.008587888441979885
-0.00547725660726428,0.0012053143000230193,0.0034890533424913883,-0.017336972057819366,0.02293999493122101,-0.018741324543952942
-0.006801215931773186,-0.031806740909814835,-0.007791472598910332,-0.010103083215653896,0.017174437642097473,-0.006953571457415819
-0.008397210389375687,-0.04805455729365349,-0.002330395160242915,-0.00408890238031745,0.022091856226325035,-0.010627173818647861
-0.007053770590573549,-0.03033139742910862,-0.007226048968732357,-0.011769620701670647,-0.024169044569134712,0.007527853362262249
-0.007008686196058989,-0.04321587458252907,-0.002086482709273696,-0.002414469374343753,0.01010116282850504,-0.007676219567656517
-0.009827747941017151,-0.0295645073056221,-0.006211485713720322,-0.006781009025871754,0.013452485203742981,-0.004707101732492447
-0.005501385312527418,-0.02901257574558258,-0.005808443762362003,-0.008379236795008183,-0.01887526735663414,-0.003709129523485899
-0.010297306813299656,-0.03501950949430466,-0.004339536186307669,-4.256150350556709e-05,0.034061137586832047,-0.005976178217679262
-0.007030271925032139,-0.03125385567545891,-0.004508581478148699,0.008144216611981392,0.02311839908361435,-0.0074211363680660725
-0.015427405014634132,-0.053210385143756866,-0.00454609515145421,0.004227141384035349,0.038342077285051346,0.014235208742320538
-0.008788667619228363,-0.05699016898870468,0.031388361006975174,0.023455917835235596,-0.06142837181687355,-0.02941300719976425
-0.0061387429013848305,0.001980610191822052,0.042709026485681534,-0.010171175003051758,-0.03916071355342865,-0.030207041651010513
-0.005665572825819254,-0.029365360736846924,0.0014952042838558555,-0.005551461596041918,-0.019664054736495018,-0.002088921843096614
-0.006970326416194439,0.012828851118683815,1.4871148778183851e-05,0.012538949958980083,-0.015072406269609928,-0.01691131852567196
-0.006153123918920755,-0.02973930910229683,-0.0035917735658586025,-0.008006574586033821,0.023177478462457657,-0.02214204892516136
-0.0018076460110023618,0.006313074845820665,-0.0005746246897615492,0.01370879914611578,-0.015428086742758751,-0.02173040248453617
-0.006783682387322187,-0.020846355706453323,-0.00291387178003788,0.019232504069805145,0.003040534909814596,-0.028575386852025986
-0.002784246811643243,-0.0082967858761549,0.004389554727822542,0.011699853464961052,0.03406282514333725,-0.027128897607326508
0.0021990477107465267,-0.05990765616297722,-0.0028297407552599907,0.010639534331858158,0.04029577597975731,-0.024779949337244034
-0.0027180216275155544,-0.030149130150675774,-0.004742610268294811,-0.006739080883562565,0.02062297984957695,-0.029484227299690247
-0.0030399165116250515,-0.030693531036376953,-0.005490572191774845,-0.011416426859796047,0.036925241351127625,-0.0291755273938179
-0.00496011134237051,-0.028201453387737274,-0.0023967111483216286,0.015470722690224648,0.027531078085303307,-0.0313291996717453
-0.013174712657928467,-0.04798511788249016,-0.000432613305747509,8.034977508941665e-05,0.00018497956625651568,-0.009390941821038723
-0.003599765943363309,-0.028548747301101685,4.56875677627977e-05,-0.009095072746276855,0.0228017158806324,-0.02668999880552292
-0.005995519924908876,-0.026575997471809387,-0.0025703811552375555,-0.011787189170718193,0.07182855904102325,-0.031658004969358444
-0.0029290947131812572,-0.029605787247419357,-0.0004678471595980227,-0.020866869017481804,-0.01596989296376705,-0.014796855859458447
-0.009755773469805717,-0.02927974984049797,0.003579217242076993,-0.008805370889604092,0.08583511412143707,-0.023726800456643105
-0.0015068631619215012,-0.023174989968538284,0.005683611147105694,-0.006635245867073536,0.12412163615226746,-0.024299776181578636
-0.0036577803548425436,-0.02974057011306286,-0.0012798324460163713,-0.009426052682101727,0.03810741379857063,-0.027033617720007896
-0.005344803910702467,-0.02854626253247261,-0.0021950004156678915,-0.008680162020027637,0.022019242867827415,-0.030072815716266632
-0.0037982878275215626,-0.028864478692412376,0.0010992897441610694,-0.00515815569087863,0.022143255919218063,-0.025282489135861397
-0.019014988094568253,0.016992993652820587,0.060515522956848145,-0.005633993074297905,0.026319092139601707,0.005555173847824335
-0.007952945306897163,0.010588599368929863,0.05667852982878685,-0.006729869171977043,0.037789326161146164,-0.0025070880074054003
-0.005574237555265427,0.015714433044195175,-0.0027587246149778366,-0.01869567111134529,0.019403208047151566,-0.02698664553463459
-0.0030350240413099527,0.006872520782053471,0.004200179595500231,-0.018330248072743416,0.023312730714678764,-0.02480400539934635
-0.009193366393446922,-0.03340701758861542,-0.002445406513288617,-0.011399532668292522,-0.0413835309445858,-0.015527714975178242
-0.0053045437671244144,-0.0306868813931942,-0.0036921463906764984,-0.00805574283003807,-0.022350752726197243,-0.00020186662732157856
-0.008974753320217133,0.018056515604257584,0.052026111632585526,-0.007658729329705238,0.021067451685667038,0.006689268629997969
-0.01081814058125019,0.021926429122686386,0.015565330162644386,-0.016653047874569893,0.03343744948506355,-0.0016513929003849626
-0.0077293021604418755,0.010168838314712048,-0.004354849923402071,-0.01944049447774887,0.015697523951530457,-0.02435944601893425
-0.00901792012155056,0.012809407897293568,0.024820920079946518,-0.01793248951435089,-0.01569157838821411,0.012574665248394012
-0.010201776400208473,-0.047217171639204025,-0.0036185847129672766,-0.008504798635840416,0.01064799539744854,-0.004678536206483841
-0.006672360468655825,-0.037202589213848114,-0.00779661675915122,-0.007724103983491659,0.033091168850660324,-0.007103092968463898
-0.009465907700359821,-0.031022774055600166,-0.003659158945083618,-0.00943874940276146,0.03306983411312103,-0.010723419487476349
-0.006145623046904802,-0.027020176872611046,-0.006780547555536032,-0.013819083571434021,-0.008151387795805931,-0.014467385597527027
-0.005299577489495277,0.017325982451438904,-0.00577546376734972,-0.04829277843236923,0.01899516023695469,-0.03006414882838726
-0.01470720674842596,-0.03549504652619362,-0.026290899142622948,-0.022284068167209625,0.01567951776087284,-0.01569751277565956
-0.0003438872518017888,-0.01151952613145113,-0.006471856962889433,0.031247040256857872,-0.02530236542224884,-0.020743010565638542
-0.008523054420948029,-0.032274480909109116,-0.007072710432112217,0.02185012958943844,-0.04724041372537613,0.009247508831322193
-0.0035743394400924444,0.05670451745390892,0.0021155462600290775,-0.04507377743721008,0.0198283139616251,-0.028839467093348503
-0.004971075803041458,0.10184638202190399,0.002524961717426777,-0.03400067612528801,-0.015140699222683907,-0.007541333325207233
-0.00592848751693964,0.010519715026021004,0.004104246851056814,-0.02836032770574093,-0.045355040580034256,-0.01912490464746952
0.0032851151190698147,0.04548748582601547,-0.006524143740534782,-0.04266154393553734,0.024364059790968895,-0.013512869365513325
-0.0020095529034733772,0.012163069099187851,-0.004243284929543734,-0.028395555913448334,0.03325672447681427,-0.013978318311274052
0.00445212097838521,-0.02524995058774948,-0.005925468634814024,-0.019872654229402542,0.016970602795481682,0.018517203629016876
0.06407614052295685,0.13140152394771576,-0.018430961295962334,-0.041343558579683304,-0.007503252010792494,-0.00526927737519145
-0.004415030591189861,0.08773545175790787,-0.009977271780371666,-0.04673813655972481,0.001991639146581292,-0.002497464418411255
0.011976716108620167,-0.029525404796004295,-0.007211373653262854,-0.008745953440666199,-0.01485926378518343,-0.023130590096116066
-0.005269109737128019,0.018156597390770912,-0.00959391426295042,-0.03617611899971962,0.01992243528366089,0.01651422493159771
-0.005061403848230839,0.008011400699615479,-0.009642031975090504,-0.0355655699968338,-0.012053143233060837,0.020161088556051254
-0.01043140422552824,-0.026964612305164337,-0.0033619480673223734,-0.03338143974542618,0.02281816303730011,-0.007498868275433779
-0.008232997730374336,-0.025635698810219765,-0.005488221533596516,-0.028624553233385086,0.009113877080380917,-0.006901901680976152
-0.00998157262802124,-0.027751702815294266,-0.006066083442419767,-0.03195399418473244,0.02205371856689453,-0.006207523867487907
0.0036709944251924753,-0.02614673413336277,-0.005230393260717392,-0.030395328998565674,0.009184207767248154,-0.00816604495048523
-0.006786169949918985,0.0031539457850158215,0.0012304193805903196,-0.03686070069670677,0.03862403705716133,0.016017433255910873
-0.004744879435747862,-0.025244027376174927,-0.005177657585591078,-0.02357036992907524,0.024906029924750328,0.027284057810902596
-0.017393872141838074,0.14197878539562225,-0.005410515703260899,-0.05875355377793312,-0.004678087774664164,0.014898819848895073
-0.00919233076274395,0.007737437728792429,-0.000773065141402185,-0.043731801211833954,-0.01312942337244749,-0.024426879361271858
-0.0009249384747818112,-0.027248388156294823,-0.005555098410695791,-0.028830910101532936,0.0109103973954916,0.017835482954978943
-0.0053810980170965195,0.015380164608359337,0.007621831726282835,-0.040553223341703415,-0.010442234575748444,-0.025543319061398506
-0.0016757268458604813,0.005483655259013176,-0.006951306480914354,-0.040752992033958435,0.025259217247366905,-0.028797542676329613
0.005721516907215118,-0.002298715990036726,-0.005461588967591524,-0.03483536094427109,0.03551797196269035,-0.028630169108510017
0.049177028238773346,0.01330378744751215,-0.006356004625558853,-0.036561157554388046,0.03317631408572197,-0.020334014669060707
0.04609113186597824,0.009767969138920307,-0.005910229869186878,-0.042299725115299225,0.0733708068728447,-0.006245505530387163
0.005408794153481722,0.05383769050240517,-0.002594562480226159,-0.04162904992699623,0.06963850557804108,-0.006765829864889383
-0.011665732599794865,0.006085952278226614,-0.003649437567219138,-0.03332844376564026,0.02513599768280983,0.004485498182475567
-0.015662670135498047,-0.003146099392324686,0.0036344113759696484,-0.033186234533786774,0.04776044562458992,0.023102974519133568
-0.006975645199418068,-0.022105464711785316,0.003589673200622201,-0.032282911241054535,0.11773320287466049,0.0015371892368420959
0.009705254808068275,0.012125452980399132,0.03960956260561943,-0.035580456256866455,0.08191151171922684,-0.0016540838405489922
-0.00839084293693304,-0.022121235728263855,-0.000527427124325186,-0.03346408158540726,0.0707961767911911,-0.02883245050907135
-0.007645937614142895,0.01144615188241005,0.017665432766079903,-0.03522459790110588,0.11688781529664993,-0.03855157643556595
-0.00390841206535697,0.014026454649865627,-0.003268403233960271,-0.03896736353635788,0.025065846741199493,-0.011430153623223305
-0.0012814924120903015,-0.02509189583361149,0.0023291383404284716,-0.03721626102924347,0.07993711531162262,-0.02914262004196644
-0.0026834611780941486,-0.02553212083876133,-0.004309658892452717,-0.033499449491500854,0.07922796159982681,-0.011266070418059826
0.035367485135793686,0.013275403529405594,-0.010270574130117893,-0.03907268866896629,0.06819663941860199,-0.04077400267124176
-0.012194065377116203,0.020274708047509193,0.02506502903997898,-0.03180805221199989,0.08881073445081711,-0.03748197853565216
-0.02196613699197769,0.1439582109451294,0.0357014499604702,-0.05133325979113579,0.05543844401836395,-0.03596578538417816
-0.015884168446063995,0.01581989787518978,0.04251139611005783,-0.02237631194293499,0.04637708142399788,-0.04070190712809563
-0.0007010303088463843,0.10859066247940063,-0.008855472318828106,-0.04791846498847008,0.02205716446042061,0.016787119209766388
0.031942203640937805,0.012171933427453041,-0.014665652066469193,-0.039153460413217545,0.02503960207104683,-0.004451792221516371
-0.005213930271565914,0.003684685565531254,0.003601138247177005,-0.04121083766222,0.11795715987682343,-0.03541182354092598
0.06407684832811356,0.07221370935440063,0.07604151219129562,-0.017531678080558777,0.05432203784584999,0.004361624363809824
-0.004814542829990387,0.011248468421399593,0.04377374053001404,-0.033918943256139755,0.07175137102603912,-0.03655038774013519
-0.020135443657636642,0.08033712208271027,0.02336864359676838,-0.03421010822057724,0.04104797914624214,-0.030327945947647095
-0.007950613275170326,0.09924709796905518,0.029399726539850235,-0.03708676993846893,0.03314034640789032,-0.04482284188270569
0.003095297608524561,0.09913160651922226,0.03133407235145569,-0.04061878100037575,0.04929018020629883,-0.047525521367788315
0.00346346665173769,0.1366780400276184,0.001317723304964602,-0.05463248863816261,0.02769048698246479,0.028679925948381424
0.07938388735055923,0.16156525909900665,-0.010505948215723038,-0.04783899709582329,0.051082462072372437,0.035134315490722656
0.036697275936603546,0.1584385335445404,-0.02090182527899742,-0.040824178606271744,0.08303559571504593,0.024054745212197304
0.013569789938628674,0.14061123132705688,0.03040233999490738,-0.047852154821157455,0.07951779663562775,-0.042432162910699844
-0.0036839304957538843,0.016230951994657516,0.020345313474535942,-0.03352881595492363,0.03326016291975975,-0.03229611739516258
-0.01396623719483614,0.007233461830765009,0.023297058418393135,-0.02949795313179493,0.004000621847808361,-0.036496881395578384
0.010887471958994865,0.07688455283641815,0.035622186958789825,-0.037390053272247314,0.02049989625811577,-0.052844177931547165
0.026670292019844055,0.004808186553418636,-0.011119863018393517,-0.03376982361078262,-0.0007429237011820078,-0.03425826132297516
0.09541130810976028,0.16198334097862244,0.055532097816467285,-0.030861860141158104,0.05742689594626427,0.02506658248603344
-0.0067183044739067554,0.05862626060843468,0.04009419307112694,-0.03088209591805935,0.02922106347978115,-0.040819212794303894
0.10644115507602692,0.19332313537597656,0.027035608887672424,-0.047705840319395065,0.02999863587319851,-0.04574350267648697
-0.0007203283603303134,0.061576299369335175,-0.001000687712803483,-0.04407002776861191,-0.034332290291786194,-0.0287914015352726
0.058189474046230316,0.05869736522436142,0.04703200235962868,-0.034903667867183685,0.016519814729690552,-0.05046595260500908
0.06814506649971008,0.05415282025933266,0.041342590004205704,-0.036459628492593765,0.0074629588052630424,-0.047558240592479706
0.08861863613128662,0.1529538929462433,0.0649740993976593,-0.04003976657986641,-0.04251069575548172,0.039486054331064224
0.056044891476631165,0.06738342344760895,-0.005849174223840237,-0.0334181934595108,0.02671727165579796,-0.04259578511118889
0.050267986953258514,0.06424636393785477,0.006278867833316326,-0.03379909321665764,-0.011013575829565525,0.009672852233052254
0.05336127430200577,0.018359236419200897,-0.021656999364495277,-0.028872143477201462,-0.0038169624749571085,0.027517041191458702
0.06281863898038864,0.011315413750708103,-0.021895606070756912,-0.03819612041115761,-0.01563168689608574,-0.00388005911372602
0.036881521344184875,0.013182432390749454,-0.012088516727089882,-0.04417426139116287,-0.0006509806262329221,-0.033047664910554886
0.0499892383813858,0.050772473216056824,-0.00884279515594244,-0.029909523203969002,0.02307891473174095,-0.04062117636203766
0.00655007129535079,-0.02746955305337906,-0.01018351037055254,-0.02335919626057148,-0.017379743978381157,0.001370075042359531
-0.006712129805237055,-0.03821524232625961,-0.006897655315697193,-0.009387413039803505,-0.036593958735466,0.007601655088365078
0.06535680592060089,-0.03391681984066963,-0.020753463730216026,-0.0071456776931881905,0.004732941742986441,0.034529294818639755
-0.008704126812517643,-0.0318823866546154,-0.007180406711995602,-0.009626292623579502,0.005918105598539114,0.015449942089617252
0.03380328044295311,-0.006360373459756374,-0.014617274515330791,-0.03074200078845024,0.0026769577525556087,-0.00041063668322749436
-0.005862141959369183,-0.05300160497426987,-0.0075197345577180386,0.018239792436361313,-0.012886197306215763,0.014597824774682522
-0.007480777334421873,-0.054218925535678864,-0.005655467510223389,0.01873701624572277,0.003982179798185825,0.013962621800601482
0.010531268082559109,-0.05255746468901634,-0.010100564919412136,0.0003935260756406933,0.011614077724516392,0.019928762689232826
0.0024944928009063005,-0.049485113471746445,-0.00619473634287715,0.0023260675370693207,0.005589783191680908,0.018186703324317932
-0.004117725417017937,0.014443421736359596,-0.0066026560962200165,-0.041445840150117874,0.005190965719521046,-0.006556829437613487
-0.0035441131331026554,0.007750494405627251,-0.008157320320606232,-0.035739921033382416,0.024468014016747475,-0.007102177944034338
-0.008596288971602917,-0.029317492619156837,-0.0025651047471910715,-0.02008085697889328,0.02574719488620758,-0.01191400270909071
-6.60701562082977e-06,-0.040760647505521774,-0.005080173257738352,-0.004635903984308243,0.0035988199524581432,-0.004212797619402409
0.00043493040720932186,-0.04774084687232971,-0.006158166099339724,-0.005019820295274258,-0.01837378367781639,0.016936760395765305
-0.005950330290943384,-0.05939244478940964,-0.006298160180449486,-0.0004175128124188632,-0.004071123898029327,0.018453994765877724
-0.008153622969985008,-0.033357176929712296,-0.009152136743068695,-0.007373733911663294,0.014295480214059353,0.01745583489537239
-0.00493412371724844,-0.029775740578770638,-0.004915071651339531,-0.015714751556515694,-0.014691348187625408,0.003224923275411129
-0.01010662317276001,-0.050685375928878784,-0.004014826845377684,-0.02300555445253849,0.04025674983859062,-0.003657964523881674
-0.003604650730267167,-0.043310072273015976,-0.0026202676817774773,-0.02139976993203163,0.017053520306944847,-0.0011539116967469454
-0.006562892347574234,-0.049615826457738876,-0.005783761851489544,-0.004555555991828442,0.012387084774672985,0.01664748042821884
-0.0030293508898466825,0.005808261688798666,-0.002509939018636942,-0.02525286190211773,-0.00028643678524531424,-0.023615406826138496
-0.005443479400128126,0.006543182767927647,-0.004041543696075678,-0.017989227548241615,0.023117920383810997,-0.022797131910920143
-0.004217968322336674,0.016232037916779518,-0.004033290781080723,-0.02263748086988926,0.020280560478568077,-0.02231503836810589
-0.005513869691640139,0.006199537310749292,-0.006075902841985226,-0.0195024237036705,-0.025829937309026718,-0.01567782089114189
0.03991822525858879,0.013031200505793095,-0.01628793217241764,-0.017991123721003532,0.014393890276551247,-0.027672894299030304
-0.007058783899992704,0.007344136945903301,-0.012062052264809608,-0.03500485420227051,-0.012469673529267311,0.011691327206790447
0.028312737122178078,0.004548303317278624,-0.010920540429651737,-0.01697986014187336,-0.018545007333159447,-0.02428942546248436
-0.00034799284185282886,0.019930947571992874,-0.007815025746822357,-0.020050663501024246,-0.0380217619240284,-0.02001257613301277
-0.005100610665977001,0.003999289590865374,-0.00531923258677125,-0.020340727642178535,0.003384585492312908,-0.02289537899196148
-0.007874459028244019,-0.05588599666953087,-0.0030200749170035124,-0.013844211585819721,-0.0009817705722525716,-0.004776638932526112
-0.010200465098023415,-0.02764420211315155,-0.011980704963207245,-0.031460292637348175,-0.04049457982182503,0.017616091296076775
-0.009853247553110123,-0.012008418329060078,-0.009135398082435131,-0.030418571084737778,-0.03987397998571396,0.018962437286973
-0.006216814275830984,-0.008124100044369698,-0.005343830678611994,-0.020710313692688942,-0.04173803701996803,-0.02404240518808365
-0.00863937009125948,-0.02487945556640625,-0.0030979046132415533,-0.016765030100941658,-0.04678009822964668,-0.018026143312454224
-0.008898061700165272,-0.005646273959428072,-0.005533664952963591,-0.023816045373678207,0.003879014402627945,-0.020824046805500984
-0.005982010625302792,0.014056244865059853,-0.005905718542635441,-0.010216516442596912,0.0006807901081629097,-0.019743140786886215
-0.006941686850041151,-0.02950412966310978,-0.004572565201669931,-0.028177788481116295,0.03240370750427246,0.0118400352075696
-0.007505579851567745,-0.0042371125891804695,-0.009567927569150925,-0.0309403408318758,-0.02737593837082386,0.024647850543260574
0.032849255949258804,0.010076763108372688,-0.01295524463057518,-0.00906677357852459,-0.03560817614197731,-0.03225208446383476
-6.939515878912061e-05,-0.023798653855919838,-0.0038340336177498102,-0.024446828290820122,-0.036305755376815796,-0.02915806509554386
-0.0032810962293297052,-0.02683330327272415,-0.002911546267569065,-0.03089166060090065,-0.06024853512644768,-0.021450161933898926
-0.0218372642993927,0.17134502530097961,0.029381759464740753,-0.0563669390976429,0.058439552783966064,-0.0084576066583395
-0.006359945982694626,-0.029535800218582153,-0.00807278510183096,-0.02919214777648449,0.07792051136493683,0.011049573309719563
-0.004521241411566734,-0.026628857478499413,-0.010967159643769264,-0.02058715559542179,-0.024864912033081055,0.030604658648371696
-0.002510771621018648,-0.028443001210689545,-0.0049906629137694836,-0.014066338539123535,-0.04191770777106285,-0.022014616057276726
0.008414779789745808,0.01295903418213129,-0.009273000992834568,-0.030338585376739502,-0.047963470220565796,-0.015081556513905525
-0.00448614964261651,0.004291364457458258,-0.006460335571318865,-0.026671292260289192,-0.036827314645051956,-0.02068837359547615
0.0331181176006794,-0.011776547878980637,-0.013797447085380554,-0.019478317350149155,-0.03766419366002083,0.018975695595145226
-0.0024497932754456997,-0.03168642148375511,-0.006846147123724222,-0.01392890140414238,0.012443278916180134,-0.00010501744691282511
-0.002659003948792815,0.015793032944202423,-0.008133657276630402,-0.0424240417778492,0.009876356460154057,-0.0010953444289043546
-0.0026250004302710295,0.05053991824388504,-0.01318264752626419,-0.034537799656391144,0.0118838706985116,0.021352583542466164
-0.002658993471413851,0.12340221554040909,0.006753313820809126,-0.04627702385187149,-0.025396084412932396,0.026352761313319206
-0.0132202273234725,-0.03030814230442047,0.0017067098524421453,-0.007123876828700304,0.022020190954208374,-0.028452103957533836
-0.006541487295180559,-0.030092647299170494,-0.0040770708583295345,-0.01271831151098013,0.010508743114769459,-0.021190820261836052
0.00212921854108572,0.014462386257946491,-0.007914379239082336,-0.03645281493663788,0.008709227666258812,-0.01011277362704277
0.005142722744494677,0.010904247872531414,-0.0104835731908679,-0.02999909408390522,-0.03247878700494766,0.022868873551487923
0.10694320499897003,0.15429936349391937,0.07976943254470825,-0.04714205861091614,-0.020741909742355347,0.05914749205112457
-0.005468761548399925,-0.031198786571621895,-4.720385913969949e-05,-0.01667342334985733,0.022099195048213005,-0.0339837484061718
-0.004894188139587641,-0.03265892714262009,-0.002008844632655382,-0.009543233551084995,0.07642649114131927,-0.02436860464513302
-0.005805036053061485,0.003831967944279313,-0.01003270223736763,-0.02146572433412075,-0.013576878234744072,0.02395736612379551
-0.006478449329733849,0.013348989188671112,0.00038226708420552313,-0.03252701461315155,0.041456639766693115,-0.03339381888508797
0.06832282245159149,0.19016188383102417,0.03960869461297989,-0.04975935444235802,-0.048289522528648376,-0.050981391221284866
-0.004670170601457357,0.1714872270822525,0.00878633838146925,-0.06409113109111786,-0.04935064911842346,-0.026732634752988815
0.08377272635698318,0.17604824900627136,0.059034768491983414,-0.0490063913166523,-0.05069589242339134,0.0419209748506546
-0.0029220301657915115,-0.025562981143593788,-0.0015743299154564738,-0.03618970140814781,0.012768612243235111,-0.03313762694597244
-0.0032190748024731874,-0.011416040360927582,-0.003311675041913986,-0.036073651164770126,-0.00023009945289231837,-0.027270358055830002
-0.0034456325229257345,-0.006613399833440781,-0.007745018694549799,0.012139749713242054,-0.059444572776556015,0.017077481374144554
-0.006977589335292578,-0.03444838896393776,-0.0052861967124044895,-0.0019908312242478132,-0.01594497822225094,0.004854090977460146
-0.002833273261785507,-0.02814934216439724,-0.007966618053615093,-0.013334031216800213,-0.02467028796672821,0.00739456620067358
-0.006274647545069456,-0.008175110444426537,-0.007087580393999815,-0.018796904012560844,0.021453101187944412,0.004359659273177385
-0.002834982704371214,0.007338671945035458,-0.0015825788723304868,-0.02983470819890499,0.012165898457169533,-0.02347184531390667
-0.002427994040772319,-0.026380181312561035,-0.006415230222046375,-0.017066800966858864,0.017651870846748352,-0.00753126572817564
-0.007475514430552721,-0.0275997556746006,-0.002923408290371299,-0.013779060915112495,0.024657098576426506,-0.00963625404983759
-0.0004003313952125609,-0.029550187289714813,-0.004517836961895227,-0.013315670192241669,-0.02094474993646145,-0.012889350764453411
-0.006272560451179743,-0.029490813612937927,-0.0050339726731181145,-0.011355284601449966,0.0037238718941807747,-0.004363888408988714
-0.005859912373125553,-0.03133772313594818,-0.006735091097652912,-0.008359812200069427,0.003733423538506031,0.0008368483977392316
-0.003428948810324073,-0.03133009374141693,-0.006997359450906515,-0.01159663125872612,0.003482245374470949,0.003958588466048241
-0.0034730753395706415,-0.02661757543683052,-0.0037913096603006124,-0.013796038925647736,0.012439306825399399,-0.022535137832164764
-0.0037029096856713295,-0.02970406785607338,-0.006347945425659418,-0.010364454239606857,0.00885314866900444,-0.006095698103308678
-0.009864761494100094,-0.02953330986201763,-0.0052781300619244576,-0.01572616770863533,0.014981698244810104,-0.00834558717906475
-0.00566410506144166,-0.024029644206166267,0.007895241491496563,-0.033175259828567505,0.03441580384969711,-0.025608576834201813
-0.007126710843294859,-0.02013467438519001,-0.0023656252305954695,-0.02772858366370201,-0.020986337214708328,-0.003224177984520793
-0.009138592518866062,0.010089391842484474,-0.003932679072022438,-0.03557361289858818,-0.02603215165436268,-0.022257335484027863
-0.011044025421142578,-0.037820737808942795,-0.001594298635609448,0.00048025845899246633,-0.02216072380542755,0.0013166163116693497
-0.0232451930642128,-0.03298133984208107,0.00023526827862951905,0.011285442858934402,-0.020703161135315895,0.021629532799124718
-0.006864127237349749,0.022374019026756287,0.027875086292624474,-0.04174210503697395,-0.03742888569831848,-0.026848528534173965
0.007640776224434376,0.003967230208218098,-0.0021808287128806114,-0.010243174619972706,-0.02129415236413479,0.0010899840854108334
-0.005299204029142857,0.06558067351579666,-0.010125422850251198,-0.04240124672651291,0.020762687548995018,0.016107574105262756
-0.002908651251345873,0.0012432787334546447,-0.004022448323667049,-0.01088243629783392,-0.012987570837140083,0.014764931052923203
-0.020396480336785316,0.006983872968703508,0.041411347687244415,-0.00908421166241169,-0.044407445937395096,0.008665972389280796
-0.006293364800512791,0.01598990149796009,0.03687003627419472,-0.033856913447380066,-0.012912910431623459,-0.035906970500946045
0.052441634237766266,0.013457026332616806,0.04385748133063316,-0.033172350376844406,-0.011963358148932457,-5.131267607794143e-05
0.06635449081659317,0.01836995594203472,0.044489677995443344,-0.03609568253159523,0.02665892243385315,-0.04873976111412048
-0.015861157327890396,0.08576934039592743,0.02666708454489708,-0.04465207830071449,0.047341957688331604,-0.02452370524406433
-0.003402904374524951,0.018326934427022934,0.0031483557540923357,-0.019168246537446976,-0.02118825539946556,-0.001051305909641087
0.000367528002243489,0.02116188406944275,0.054058946669101715,-0.031754229217767715,-0.015142710879445076,0.0018095149425789714
-0.0058606285601854324,0.01717899926006794,0.03381551802158356,-0.038137923926115036,-0.017410265281796455,-0.037128251045942307
-0.003917931579053402,0.007884862832725048,-0.0011109033366665244,-0.012514812871813774,0.007633747532963753,-0.0028515278827399015
0.05806933343410492,0.06381314992904663,0.04695464298129082,-0.0427493080496788,0.020078081637620926,-0.0480211116373539
-0.003496836870908737,0.013425659388303757,0.023873668164014816,-0.012729665264487267,0.01447633933275938,-0.010007399134337902
0.021569058299064636,-0.015291578136384487,-0.015988973900675774,-0.06002795323729515,0.021280942484736443,0.0014067516895011067
-0.0019116218900308013,-0.03262706100940704,0.0019610682502388954,0.0018296829657629132,-0.019567789509892464,0.00023032059834804386
-0.005590756423771381,-0.05621245875954628,0.0002606815833132714,-0.001082592993043363,-0.043396271765232086,-0.001618781709112227
0.007339075673371553,0.053819574415683746,0.036602944135665894,-0.04332990571856499,0.017446361482143402,-0.0025013419799506664
-0.0055990805849432945,0.10309429466724396,0.0325625017285347,-0.038826823234558105,-0.018968138843774796,-0.03717720881104469
-0.01015240978449583,0.16389255225658417,0.03806129842996597,-0.04571211338043213,0.041266050189733505,-0.034308113157749176
-0.010256493464112282,0.007419770583510399,-0.008549860678613186,-0.00978862028568983,-0.0422540120780468,0.012446271255612373
0.055568043142557144,-0.03144162893295288,-0.008985181339085102,0.005215121433138847,-0.031902849674224854,0.024194328114390373
-0.00643604202196002,-0.05142545700073242,0.000633302959613502,-0.004625987261533737,-0.019402775913476944,0.001932008657604456
-0.010749508626759052,0.08536636829376221,-0.00860001239925623,-0.0427270270884037,0.03783624246716499,-0.006395476870238781
0.009276559576392174,0.05723467469215393,0.04662574455142021,-0.028733495622873306,0.033162329345941544,-0.03949712589383125
-0.007602448109537363,-0.008460591547191143,-0.006164232734590769,-0.008016001433134079,-0.014097234234213829,0.013148047029972076
-0.00444377213716507,0.018686804920434952,-0.006196802482008934,-0.04352689906954765,-0.010973842814564705,-0.004293416161090136
0.05316779389977455,-0.014429772272706032,-0.0236789770424366,0.009985354728996754,-0.034612610936164856,0.013692982494831085
-0.004244826268404722,0.008302184753119946,-0.0006409775232896209,-0.03654053062200546,0.01068269181996584,-0.0023470146115869284
0.003397817024961114,0.09620089828968048,0.037186410278081894,-0.03891218081116676,0.02919190190732479,-0.03867819532752037
-0.010257337242364883,0.0065200673416256905,-0.004699434619396925,-0.00813116692006588,0.011045650579035282,-6.859531276859343e-05
-0.00443114573135972,0.019094545394182205,-0.007342320401221514,-0.041683390736579895,-0.04892784357070923,0.0023479200899600983
-0.006453063804656267,0.020760025829076767,-0.009906134568154812,-0.039368886500597,-0.05469764769077301,0.02305484749376774
0.009703557007014751,-0.0342581681907177,-0.0020940634422004223,0.030665341764688492,-0.006045901216566563,0.0037230902817100286
-0.0047300406731665134,-0.023505648598074913,-0.004957612603902817,-0.0016080995555967093,-0.0582185760140419,0.016204752027988434
-0.011543714441359043,0.021410981193184853,-0.00892956368625164,-0.0371304452419281,-0.06812986731529236,0.022396288812160492
-0.0017741852207109332,0.08047257363796234,0.0027653707657009363,0.038146693259477615,0.02232285775244236,-0.025055846199393272
-0.0058489106595516205,0.021161090582609177,-0.00474528269842267,0.018722163513302803,0.0051916190423071384,-0.011324107646942139
-0.003193167969584465,0.02990623377263546,0.0028011139947921038,0.0358583964407444,0.02764512598514557,-0.025729786604642868
-0.006991471629589796,0.024530529975891113,-0.006883738562464714,-0.03775366395711899,-0.03782939538359642,0.001457184785977006
-0.017268294468522072,0.010165218263864517,-0.005016333889216185,-0.046071093529462814,-0.13266490399837494,0.023313142359256744
-0.00935584120452404,0.02270391769707203,-0.00254884478636086,-0.040410883724689484,-0.2708664536476135,0.016706688329577446
-0.0027605670038610697,0.06038146838545799,-0.003779064165428281,0.01226684357970953,-0.02545170485973358,-0.018275991082191467
-0.005975229199975729,-0.027386199682950974,-0.0013939111959189177,-0.006580802612006664,-0.024228448048233986,-0.0015659884084016085
-0.002052231691777706,-0.006746257655322552,-0.004817337263375521,-0.010874341242015362,-0.01387014426290989,-0.020346149802207947
-0.004127147141844034,0.020373640581965446,0.0006083343178033829,-0.00842456053942442,0.07092415541410446,-0.0048644510097801685
-0.0055479551665484905,-0.04353996738791466,-0.0005608540377579629,-0.0015005897730588913,0.01262902095913887,-0.012307722121477127
-0.00753918057307601,-0.029597431421279907,-0.005151963327080011,-0.0074181342497467995,0.021837787702679634,0.011969763785600662
-0.006267827469855547,0.01232662983238697,-0.006200770847499371,-0.033872514963150024,-0.06918928027153015,0.01867804117500782
-0.009490552358329296,0.013628065586090088,-0.004552660509943962,-0.02024097740650177,-0.0679137259721756,0.013180644251406193
-0.005325238220393658,0.08352618664503098,-0.004165154881775379,0.0187126025557518,0.0031437494326382875,-0.020497363060712814
-0.008004422299563885,0.1129818856716156,-7.10428212187253e-05,0.021437717601656914,-0.013141493313014507,-0.02092859335243702
-0.0033865731675177813,0.06334801018238068,-0.008390926755964756,-0.0016967026749625802,0.008782058954238892,-0.023960217833518982
-0.0029336835723370314,0.013539424166083336,-0.0006683502579107881,0.0002987220650538802,0.03462984412908554,-0.02474675141274929
-0.0047622318379580975,0.058072131127119064,-0.008112036623060703,-0.021373482421040535,-0.019585220143198967,0.006959105841815472
-0.005083977710455656,0.07037412375211716,0.005167702212929726,-0.005294351372867823,0.024981940165162086,-0.006795619148761034
-0.006716901436448097,0.06104781851172447,-0.00571668054908514,-0.007723432034254074,0.025754133239388466,-0.0074651832692325115
-0.004356247838586569,-0.029812514781951904,-0.004298477899283171,-0.005308972205966711,0.025789549574255943,-0.0069152298383414745
0.013228745199739933,0.16174186766147614,-0.0069704544730484486,-0.014589395374059677,-0.01782679185271263,0.004143931437283754
0.006708127912133932,0.24516119062900543,-0.0029600197449326515,0.0035518433433026075,0.00859484076499939,0.01053256168961525
0.006551356054842472,0.04361087828874588,-0.001590427360497415,0.011974700726568699,-0.008400199003517628,-0.027016140520572662
-0.003592725843191147,-0.027160553261637688,-0.001372176455333829,-0.005276191513985395,0.1262158304452896,-0.007515180390328169
-0.003936917521059513,0.17672041058540344,-0.0007134017068892717,-0.004346772562712431,-0.027682164683938026,0.00767590943723917
-0.005184245761483908,0.01538335345685482,0.00038126122672110796,-0.00913730077445507,-0.035235319286584854,-0.0022247647866606712
-0.0034484732896089554,-0.0039032106287777424,0.0018688313430175185,-0.004303080029785633,-0.04296679422259331,-0.0016435179859399796
-0.009421263821423054,-0.031334880739450455,-0.0035021742805838585,-0.010437564924359322,0.0338367260992527,-0.010559543035924435
-0.00510205514729023,-0.031026972457766533,-0.005011436063796282,-0.0024648471735417843,0.21324960887432098,-0.0007754535763524473
-0.0029965939465910196,-0.03676684945821762,-0.0067185875959694386,0.0047073969617486,0.2305707484483719,0.008948404341936111
0.04965481162071228,-0.030170012265443802,-0.014883042313158512,-0.030035575851798058,0.04133003577589989,-0.010556574910879135
0.04612680524587631,0.012283512391149998,0.04635586217045784,-0.0022618244402110577,-0.019912010058760643,-0.042312972247600555
-0.004500740673393011,0.12900997698307037,0.030421176925301552,-0.03400809317827225,-0.0212688148021698,-0.010354645550251007
0.058139827102422714,0.012303829193115234,0.04383115842938423,-0.009473581798374653,-0.042949143797159195,-0.04151538386940956
-0.005744602996855974,0.02671477571129799,0.026299864053726196,-0.0012625560630112886,-0.038708996027708054,-0.01531278993934393
-0.009837551973760128,0.011736822314560413,-0.004052829463034868,-0.008861549198627472,0.018801705911755562,0.0005998762208037078
-0.01615409553050995,-0.035554513335227966,-0.0033463486470282078,0.008645441383123398,0.03742704167962074,0.0051202247850596905
-0.0066592018119990826,-0.050069838762283325,2.3961478291312233e-05,-0.02261851169168949,0.03298082575201988,-0.024273496121168137
-0.010982787236571312,0.013948554173111916,-0.004733558278530836,-0.011576573364436626,0.08916878700256348,0.015041063539683819
-0.006007674615830183,-0.020322885364294052,-0.004594152793288231,-0.0074705397710204124,0.08835216611623764,0.008917753584682941
-0.015097029507160187,0.13708513975143433,0.025906957685947418,-0.024916427209973335,0.002154933987185359,-0.008447363041341305
-0.0038674662355333567,0.11543738096952438,0.01911552995443344,-0.0397585891187191,-0.024689285084605217,-0.03288358822464943
-0.007283973041921854,0.11794780194759369,0.03781076520681381,-0.027461355552077293,-0.021873049437999725,-0.004753632936626673
-0.0038098138757050037,0.06054244935512543,0.01364530622959137,-0.0073790899477899075,-0.036471109837293625,-0.032600779086351395
0.08764462172985077,0.11909422278404236,0.023972582072019577,-0.024936653673648834,-0.1087573692202568,-0.04014883190393448
-0.0050564538687467575,-0.059320371598005295,-0.003897204529494047,-0.015339612029492855,0.03955334052443504,-0.009228501468896866
-0.00745222344994545,-0.026955775916576385,-0.0003323663549963385,-0.03317464515566826,0.013311609625816345,-0.021634144708514214
-0.006820622365921736,-0.034120239317417145,0.001479567028582096,-0.005792209412902594,0.09695404022932053,0.013497374020516872
-0.002227775752544403,-0.028962282463908195,-0.005639667622745037,-0.03223833814263344,0.12266848981380463,0.009963760152459145
-0.003768838942050934,-0.04667624086141586,-5.5714041081955656e-05,0.0005777174374088645,0.14609773457050323,0.011156691238284111
-0.006480910815298557,-0.05337965860962868,-0.007463053334504366,-0.013078195974230766,0.0121261952444911,0.0028807453345507383
-0.014391177333891392,0.13219137489795685,0.029998553916811943,-0.021921558305621147,-0.0145691754296422,0.005905230529606342
-0.008447124622762203,0.10003671795129776,0.02643938548862934,-0.03712855279445648,-0.06523728370666504,-0.03109844960272312
-0.007336187642067671,-0.029735159128904343,-0.00232701632194221,-0.017741307616233826,0.03775179386138916,-0.014155996032059193
-0.015143602155148983,-0.05885382741689682,-0.005567319691181183,-0.009425903670489788,0.03739234805107117,0.008938578888773918
-0.006055315025150776,-0.029108799993991852,-0.00418474106118083,-0.03449132293462753,0.022199751809239388,-0.007580386009067297
-0.01532517559826374,-0.05123477056622505,0.0031363938469439745,-0.024031925946474075,0.012492774054408073,-0.023042351007461548
-0.003010692773386836,0.004539539106190205,-0.007465651724487543,-0.0343637615442276,0.08202504366636276,0.012762084603309631
-0.005093389190733433,-0.009360446594655514,-0.0067062280140817165,-0.013018063269555569,0.08228511363267899,0.014686405658721924
-0.006067647598683834,0.007272717077285051,-0.004677015356719494,0.012629625387489796,-0.02771761268377304,-0.020619438961148262
-0.003327788319438696,0.012644646689295769,0.00398652208968997,0.001915544387884438,0.006555105559527874,-0.02479632943868637
-0.008384560234844685,-0.029940590262413025,-0.00224708067253232,-0.02720630168914795,0.043948814272880554,0.008337782695889473
-0.008456953801214695,-0.05614738538861275,0.0009581866906955838,-0.018053321167826653,-0.0067191398702561855,0.02462962456047535
-0.006320069078356028,0.01840057224035263,-0.0071792444214224815,-0.03782562166452408,0.03519958257675171,0.011226272210478783
-0.010583152063190937,-0.03153933212161064,-0.003762444481253624,-0.024258825927972794,0.015056001953780651,-0.0039861989207565784
-0.01744619570672512,-0.058025114238262177,-0.0014188946224749088,-0.015779612585902214,-0.01539579313248396,0.019701708108186722
-0.009311198256909847,0.14250922203063965,0.01010544691234827,-0.03235306218266487,-0.038936205208301544,-0.019671421498060226
-0.0013908878900110722,0.004108283203095198,0.0026932775508612394,-0.0026009806897491217,-0.029617223888635635,-0.02074553444981575
-0.014137725345790386,-0.05269112437963486,0.0015476125990971923,-0.021825948730111122,0.12457270175218582,0.017049629241228104
-0.0024420383851975203,-0.027117744088172913,-0.007065943442285061,-0.01997603103518486,0.12692078948020935,0.011921938508749008
-0.011821506544947624,-0.028615497052669525,-0.007105126976966858,-0.023289835080504417,0.0334874652326107,0.01355940941721201
-0.006218868773430586,-0.04703320562839508,-0.004190416540950537,-0.020764565095305443,0.07742537558078766,0.02734834887087345
-0.004486928228288889,-0.04410036280751228,-0.008086402900516987,-0.02350885421037674,0.07659582793712616,0.011236937716603279
-0.008608503267168999,0.06179467588663101,-0.004431807901710272,-0.01509839203208685,-0.04376518353819847,-0.02606094814836979
-0.004400310572236776,-0.011724626645445824,-0.00734369084239006,0.025857005268335342,-0.037261929363012314,-0.01817724108695984
-0.006164464633911848,-0.02324715070426464,-0.006721102632582188,-0.017705285921692848,0.12764853239059448,0.010940533131361008
-0.0072764139622449875,-0.025554154068231583,0.00039117122651077807,-0.02372615970671177,0.2059214562177658,0.007870811969041824
-0.01209410559386015,-0.050538644194602966,-0.0008088962058536708,-0.019612567499279976,0.03735017776489258,0.007184084039181471
-0.005950592923909426,0.036810483783483505,-0.0026448911521583796,-0.017887551337480545,0.0933251678943634,0.032258614897727966
-0.016008099541068077,-0.12245697528123856,-0.03173293173313141,0.03396376967430115,-0.0229444969445467,-0.024702051654458046
-0.008018101565539837,-0.01631350815296173,-0.0016592593165114522,0.03397347405552864,0.027190541848540306,-0.026276495307683945
0.0007379715098068118,0.008519360795617104,-0.00516218738630414,0.008724008686840534,-0.06083844229578972,-0.013999080285429955
-0.011442798189818859,0.05779252201318741,0.0043960558250546455,-0.035854339599609375,0.09014356136322021,0.026025570929050446
-0.011580629274249077,0.21597054600715637,-0.001043695374391973,-0.028500892221927643,0.12086749076843262,0.018592922016978264
-0.016108542680740356,-0.1288481503725052,-0.029046669602394104,0.0329754576086998,0.09760671854019165,-0.02280963398516178
-0.02505357936024666,-0.13049112260341644,-0.029925838112831116,0.015657737851142883,-0.02989751473069191,-0.026579156517982483
-0.00881981011480093,0.00813023466616869,0.005521681159734726,0.003925796132534742,-0.046451449394226074,0.0011592396767809987
-0.01471553836017847,-0.11795689165592194,-0.025433721020817757,0.029469845816493034,0.06962460279464722,-0.037638064473867416
-0.013370015658438206,-0.13180218636989594,-0.02724742330610752,0.020422669127583504,0.05606920272111893,-0.028453826904296875
-0.017295515164732933,-0.1367926150560379,-0.019406622275710106,0.02625783532857895,0.03151345252990723,-0.0324852392077446
-0.00840618647634983,0.008158649317920208,-0.009735067375004292,0.011757786385715008,-0.009638136252760887,0.02398577518761158
-0.007273698225617409,0.002047925954684615,-0.00606619194149971,-0.005613688845187426,-0.01147303357720375,0.017557118088006973
-0.003917009569704533,0.004146871156990528,0.0006795498775318265,0.013574379496276379,0.04077836126089096,0.025739379227161407
-0.013768736273050308,-0.08144734799861908,-0.026428502053022385,0.03450840711593628,0.051386911422014236,-0.02190074510872364
-0.006323153153061867,-0.06619390845298767,-0.01557979453355074,0.03478559851646423,0.05050650238990784,-0.021645398810505867
-0.0028458198066800833,0.01401832140982151,-0.009061293676495552,0.01487639732658863,0.03933994844555855,0.016347570344805717
-0.004706803243607283,0.007661532144993544,0.002936474746093154,0.010575570166110992,0.005588898900896311,-0.007371849380433559
-0.0020985158625990152,0.005677311215549707,-0.0045542484149336815,0.002247156808152795,0.07949036359786987,-0.011817342601716518
0.03872262313961983,0.10230160504579544,-0.01264134980738163,-0.02118273451924324,-0.013033043593168259,0.03341257572174072
-0.004636447411030531,0.0053155673667788506,-0.009515027515590191,0.01054715272039175,0.014639383181929588,0.013618229888379574
-0.013842534273862839,-0.05439602583646774,-0.0059367092326283455,0.0021338057704269886,-0.0384221076965332,0.027458807453513145
-0.006152321118861437,-0.06185946986079216,-0.005335385445505381,0.0034128304105252028,-0.01879035495221615,0.02344554103910923
-0.01258505042642355,-0.05778215080499649,-0.004023463930934668,0.0011394757311791182,-0.015046447515487671,0.027022546157240868
-0.010532336309552193,-0.05149019509553909,-0.005468064919114113,0.004136926028877497,-0.04635817930102348,0.02772602252662182
-0.0008719296893104911,-0.033548660576343536,-0.009829946793615818,-0.008960566483438015,-0.01749221421778202,0.018179843202233315
-0.0073130009695887566,-0.06266371160745621,0.0006197334732860327,-0.005147282034158707,-0.052537981420755386,0.017433203756809235
-0.007692878600209951,-0.05781188979744911,-0.0037092927377671003,-0.005339073948562145,-0.02300199680030346,0.0015103720361366868
-0.0066537982784211636,-0.008526459336280823,-0.009622043929994106,-0.032068513333797455,0.008183082565665245,0.01705733686685562
-0.008316760882735252,-0.025187980383634567,0.0083903968334198,-0.01650066301226616,0.014587377198040485,0.03410961478948593
-0.008653422817587852,0.01669798046350479,0.012251078151166439,-0.03121666982769966,0.016182061284780502,0.04492508992552757
-0.007287617772817612,-0.03181464970111847,-0.004110498819500208,-0.014328831806778908,0.023060282692313194,0.011129982769489288
0.07506359368562698,0.002621858613565564,-0.02283451147377491,-0.016423486173152924,0.021970659494400024,0.02906719036400318
0.002501335460692644,-0.05268104374408722,-0.001711904420517385,0.00397532619535923,0.004834312479943037,0.003863065969198942
-0.009867904707789421,0.013656863942742348,0.005186914466321468,-0.03191305696964264,0.085200734436512,0.039308369159698486
0.08455801755189896,0.16684633493423462,0.03305633366107941,-0.04410141706466675,0.054961591958999634,0.05500663444399834
-0.010969558730721474,0.07012326270341873,0.05903977155685425,-0.03561243787407875,0.09721490740776062,0.05369321256875992
-0.0038577504456043243,0.00279361754655838,-0.004264899995177984,-0.02478577382862568,0.005197815131396055,-0.01813696138560772
-0.004586891736835241,-0.029028406366705894,-0.003292639274150133,-0.022456644102931023,0.012691011652350426,-0.020996997132897377
-0.00499304011464119,-0.032474614679813385,-0.006895779632031918,-0.01024622842669487,0.012034562416374683,0.011916561983525753
-0.0073500885628163815,-0.03153468295931816,-0.007053732872009277,-0.0019392065005376935,0.021906407549977303,0.011097768321633339
-0.006235563196241856,-0.03263678401708603,-0.00847567431628704,-0.003586919978260994,0.016041457653045654,0.010631032288074493
-0.008899184875190258,-0.03363925591111183,-0.006377998273819685,-0.007926834747195244,0.011669949628412724,0.01783011108636856
-0.006331487558782101,-0.03333427757024765,-0.007936601527035236,-0.009125495329499245,0.0017219956498593092,0.011916953139007092
0.0029079169034957886,-0.025819100439548492,-0.006205221172422171,-0.026231031864881516,0.021289870142936707,-0.025002416223287582
-0.004456150345504284,-0.031413640826940536,-0.006659536622464657,-0.005524062551558018,0.006706880871206522,-0.0046549513936042786
0.0024765555281192064,-0.036224979907274246,-0.0039057540707290173,-0.0016493552830070257,0.040179748088121414,-0.00893424078822136
-0.006733792833983898,-0.04000159725546837,-0.0009388338075950742,-0.0002143830351997167,0.09127363562583923,-0.010878322646021843
-0.003402779810130596,-0.02964053489267826,-0.003337451256811619,-0.01474295649677515,0.019926663488149643,-0.020690003409981728
-0.004651572089642286,-0.02971082180738449,-0.0022885266225785017,-0.006961438804864883,0.021519578993320465,-0.02217104658484459
-0.008327914401888847,-0.03428110107779503,-0.0051265438087284565,-0.0076564885675907135,0.034591857343912125,0.011780566535890102
-0.00300000817514956,-0.03008967638015747,-0.003594720270484686,-0.011513515375554562,0.009792998433113098,-0.020563282072544098
-0.005503980442881584,-0.031573161482810974,-0.005611462984234095,-0.011760478839278221,0.01955202966928482,-0.010404837317764759
-0.008572759106755257,-0.02926228940486908,-0.002761106239631772,-0.0098335025832057,-0.014350324869155884,0.010997191071510315
-0.0019774362444877625,-0.011404935270547867,-0.0014520123368129134,-0.019090596586465836,0.011881224811077118,-0.02006525732576847
-0.006363546010106802,-0.030246032401919365,-0.0065982649102807045,-0.009025814943015575,0.037630513310432434,0.0063889119774103165
0.010704242624342442,-0.032936833798885345,-0.012339072301983833,-0.011592907831072807,-0.014677277766168118,0.0166661087423563
0.03529371693730354,-0.03212893754243851,-0.012305120937526226,-0.011859080754220486,0.009342183358967304,-0.028464723378419876
0.025607822462916374,-0.009307453408837318,-0.013918951153755188,-0.0162533950060606,0.014543786644935608,-0.028576210141181946
-0.01084179524332285,-0.03373980522155762,-0.010433560237288475,-0.01216848287731409,0.06377734988927841,0.011024858802556992
-0.006501167081296444,0.0027308613061904907,-0.012976064346730709,-0.01202622801065445,-0.01797558180987835,0.01813373528420925
-0.005592160392552614,-0.026792384684085846,-0.008119720965623856,-0.010248786769807339,-0.013915262185037136,0.014342397451400757
-0.006440464407205582,-0.031881753355264664,-0.007596989627927542,-0.0032150850165635347,-0.024953998625278473,0.014519897289574146
-0.011592159979045391,-0.032030340284109116,-0.008031915873289108,-0.006103217601776123,0.02121179923415184,0.014916268177330494
0.025862611830234528,0.01798846200108528,-0.002202867530286312,-0.015047748573124409,-0.030367933213710785,0.02857219986617565
-0.002426744205877185,-0.029446935281157494,0.00013630744069814682,-0.0156521238386631,0.041154664009809494,-0.019718758761882782
-7.437430031131953e-05,-0.03410439193248749,-0.003603976918384433,-0.017965177074074745,0.07601173222064972,-0.017184816300868988
-0.004580552689731121,-0.03015516884624958,-0.008016346022486687,-0.011803151108324528,0.08252427726984024,0.0152587266638875
-0.0051375264301896095,-0.031792573630809784,-0.009523503482341766,-0.018053336068987846,0.07670220732688904,0.022296400740742683
-0.005612563341856003,0.007705578580498695,-0.009703814052045345,-0.022720323875546455,0.03852226585149765,0.023876097053289413
-0.0056267534382641315,0.007390244863927364,-0.01336470153182745,-0.02937299571931362,0.006778649985790253,0.028780275955796242
-0.006782622076570988,0.009519951418042183,-0.011247647926211357,-0.032192304730415344,-0.017318498343229294,0.027851909399032593
-0.006043297238647938,-0.0300653837621212,-0.0006978395977057517,-0.006878715008497238,-0.024862511083483696,-0.005919644143432379
-0.003940326161682606,0.005439081694930792,0.0041082510724663734,-0.011999823153018951,-0.04010387882590294,-0.024590009823441505
-0.01142081804573536,-0.032755523920059204,-0.009615501388907433,-0.011235849000513554,0.008787658996880054,0.016535500064492226
-0.006762123666703701,-0.03149105980992317,-0.00682124774903059,-0.012120753526687622,0.06366867572069168,0.011337497271597385
-0.004201237577944994,-0.03202146664261818,-0.010587075725197792,-0.011229571886360645,0.03848227113485336,0.012076723389327526
-0.004928819835186005,-0.029736977070569992,-0.010801360011100769,-0.012473095208406448,0.02249567210674286,0.011013918556272984
-0.0011375660542398691,-0.021827878430485725,-0.014223750680685043,-0.02632751129567623,0.01369992084801197,0.026670096442103386
-0.001739345956593752,0.014949890784919262,-0.011912766844034195,-0.03258123621344566,0.0013860025210306048,0.027722984552383423
0.009060916490852833,0.0016277447575703263,0.002464725635945797,-0.015348889864981174,-0.01678677462041378,-0.026989424601197243
-0.0023503636475652456,0.006602267734706402,0.006634420249611139,-0.0019595713820308447,-0.03407854586839676,-0.027054108679294586
-0.004624073393642902,0.007195726968348026,-0.005631835199892521,-0.010908421128988266,0.023660512641072273,-0.005259775556623936
-0.010519735515117645,-0.03222483769059181,-0.006423379760235548,-0.005511519964784384,0.040149468928575516,-0.0017218320863321424
-0.007837089709937572,-0.030666420236229897,-0.0028185537084937096,-0.0020992273930460215,0.11168035864830017,0.00047661663847975433
-0.0059768459759652615,-0.031162550672888756,-0.007077689748257399,-0.016914667561650276,0.013447418808937073,0.015419005416333675
-0.010492762550711632,0.008229425176978111,-0.006952918600291014,-0.020437855273485184,0.03769545257091522,0.021947849541902542
0.0002888389863073826,0.01720951497554779,-0.013441099785268307,-0.02959396503865719,0.02271810546517372,0.023875487968325615
-0.006645874120295048,0.007395777385681868,-0.010914593935012817,-0.033217065036296844,0.013842768035829067,0.01682884618639946
-0.007332151755690575,-0.009625562466681004,-0.007706819102168083,-0.010167526081204414,0.040345627814531326,0.013403072021901608
0.008021918125450611,-0.03342756628990173,-0.012160140089690685,-0.00967845693230629,0.02185022085905075,0.0142860421910882
-0.006530728191137314,-0.03437214717268944,-0.011913182213902473,-0.010864799842238426,0.015678955242037773,0.017848126590251923
0.007368465419858694,0.010662381537258625,-0.014691956341266632,-0.02678539976477623,0.02524207904934883,0.027034729719161987
0.006804953794926405,0.0037457637954503298,-0.013730503618717194,-0.016009686514735222,0.011883782222867012,0.020297175273299217
0.0534149706363678,0.0028953810688108206,-0.02150973118841648,-0.01636493019759655,0.03172667697072029,-0.004048655275255442
0.051641784608364105,0.013108029961585999,-0.018620066344738007,-0.018200965598225594,-0.008663354441523552,-0.004202747251838446
0.049726102501153946,0.010112113319337368,-0.009171784855425358,0.019500955939292908,-0.025928108021616936,-0.00497328070923686
0.055225204676389694,-0.028752217069268227,-0.021575553342700005,-0.02427053265273571,-0.020727965980768204,0.035010941326618195
-0.011813456192612648,-0.04358861222863197,-0.005326037760823965,-0.00621297350153327,0.019272450357675552,0.021330853924155235
-0.012859156355261803,-0.03454021364450455,-0.005765973124653101,-0.004127017222344875,0.04256514087319374,0.014680334366858006
-0.008072270080447197,0.026712000370025635,-0.0021632059942930937,0.0376771055161953,0.0145067498087883,-0.005183120723813772
0.004753579385578632,0.01897354982793331,-0.0034959360491484404,0.02023986726999283,-0.016305506229400635,0.0026339052710682154
0.025782082229852676,0.0355578251183033,-0.012384815141558647,0.0514415018260479,-0.045559946447610855,0.015319638885557652
0.0007142169051803648,0.016052469611167908,0.0011388619896024466,0.04271969199180603,-0.0628667026758194,0.013221400789916515
-0.006000864785164595,-0.040786102414131165,-0.005487352609634399,0.01474821101874113,0.02304801531136036,0.008780493400990963
-0.0003983760834671557,0.07371531426906586,-0.009219433180987835,0.04164149984717369,-0.012910454533994198,-0.0018004847224801779
-0.003970802761614323,0.016802266240119934,0.001151803182438016,-0.011418658308684826,0.016278062015771866,-0.0031215681228786707
-0.000615790078882128,0.017265206202864647,0.001098525826819241,0.016338344663381577,-0.0008067325688898563,-0.010377747938036919
-0.006189105100929737,0.00489455834031105,-0.00033394055208191276,0.05679425969719887,-0.011522074230015278,0.015673819929361343
-0.0036070633213967085,-0.03410026431083679,-0.0007661883137188852,0.02253098040819168,9.128055535256863e-05,-0.004370696842670441
0.004423103295266628,0.009444791823625565,-0.004010539036244154,-0.02393503300845623,0.025354348123073578,-0.002900031628087163
0.022132445126771927,0.04793102294206619,-0.014782004989683628,-0.02549746073782444,0.005896532442420721,-0.019321922212839127
-0.0007579521625302732,-0.03535085543990135,0.00555748026818037,0.04427805915474892,-0.041218508034944534,0.008680394850671291
0.0020813262090086937,0.017917947843670845,0.001533825765363872,0.020266851410269737,-0.0652795061469078,-0.010530764237046242
-0.005503369029611349,-0.05319785326719284,0.002360441954806447,0.04817360267043114,-0.11872173845767975,0.018454046919941902
-0.010826545767486095,-0.0471271388232708,-0.006850074511021376,-0.007565272506326437,0.0027832533232867718,0.02475394867360592
-0.007156990468502045,-0.059746548533439636,-0.0033329837024211884,-0.0015584520297124982,-0.019001498818397522,0.025930486619472504
-0.007587735075503588,-0.05351921543478966,-0.007120401598513126,-0.0007244471344165504,-0.02482510171830654,0.016875406727194786
-0.0017597881378605962,-0.03130687400698662,0.004073550458997488,0.020041877403855324,-0.03692267835140228,-0.0060464669950306416
-0.0022145556285977364,-0.025861376896500587,0.010742337442934513,-0.010682863183319569,-0.03462855517864227,-0.015046162530779839
-0.0047411248087882996,-0.08305180817842484,0.0060919420793652534,0.02642242982983589,-0.06355614960193634,-1.096739015338244e-05
-0.007951307110488415,-0.02538248710334301,0.00017424691759515554,-0.017213748767971992,-0.06188615784049034,-0.012744661420583725
-0.000258665211731568,-0.02084691822528839,-0.002644031774252653,0.01113840751349926,-0.07485821098089218,-0.01249189767986536
-0.0025082058273255825,0.008983725681900978,0.00513473292812705,-0.013742177747189999,-0.09306755661964417,-0.016111111268401146
-0.007818722166121006,-0.030729468911886215,-0.006403027102351189,-0.010935265570878983,-0.004442697390913963,0.020929137244820595
-0.006872505880892277,-0.034532394260168076,0.007247249595820904,0.05919818952679634,-0.051084004342556,0.01919558458030224
-0.010070440359413624,-0.031464412808418274,-0.009024228900671005,-0.009263948537409306,0.024335697293281555,0.019399061799049377
-0.007943954318761826,-0.03044883906841278,-0.008313042111694813,-0.010714440606534481,0.04246281459927559,0.011634347029030323
-0.013304718770086765,-0.02910233847796917,-0.0003939491871278733,-0.013612249866127968,0.012781307101249695,-0.019706467166543007
-0.0035499793011695147,-0.029341965913772583,-0.003169822506606579,-0.015078982338309288,0.025422627106308937,-0.0221405029296875
0.04574792832136154,-0.03397538885474205,-0.01720711588859558,-0.009841171093285084,0.003892632434144616,-0.0019515443127602339
0.026268552988767624,0.01621207408607006,-0.015161330811679363,-0.02334173023700714,0.015057776123285294,-0.006679595448076725
-0.003385246032848954,-0.03013249672949314,-0.008340459316968918,-0.009639546275138855,0.00857708603143692,0.020769797265529633
-0.00514220492914319,0.012149305082857609,-0.008710967376828194,-0.022065503522753716,0.015610395930707455,0.01805129088461399
-0.0037675683852285147,-0.02745671011507511,-0.0018674560124054551,-0.013327193446457386,0.021201200783252716,-0.023470111191272736
-0.005875287111848593,-0.021781593561172485,-0.009381263516843319,-0.013466320000588894,-0.0034351730719208717,0.01386043056845665
-0.005403876304626465,-0.02520960196852684,-0.0061938525177538395,-0.01641344092786312,-0.02299400232732296,-0.0015648782718926668
0.005526599939912558,0.0033228681422770023,-0.009904177859425545,-0.019369078800082207,0.020649505779147148,0.015094863250851631
-0.006950720213353634,-0.03379187732934952,-0.00457069743424654,-0.011211094446480274,0.03793259710073471,0.011868568137288094
-0.007644600700587034,0.014800271019339561,-0.009523330256342888,-0.02484656684100628,0.021229876205325127,0.017863145098090172
0.04993441700935364,0.01006278395652771,-0.020137926563620567,-0.028328729793429375,0.022775879129767418,0.024442311376333237
0.036913324147462845,0.01926337741315365,-0.013387941755354404,-0.030133288353681564,0.00859491340816021,0.02960716187953949
-0.0007087865378707647,0.008877466432750225,-0.0015429005725309253,-0.028708521276712418,0.0026185507886111736,0.028036009520292282
0.03315626457333565,0.05755133181810379,-0.01987258531153202,-0.010897472500801086,0.016439104452729225,0.02972280979156494
0.051935333758592606,0.009289619512856007,-0.02133379690349102,-0.02972371131181717,0.003854047739878297,0.044691041111946106
-0.0035793695133179426,0.008070596493780613,0.000814738217741251,-0.02553553506731987,0.018380150198936462,-0.016621118411421776
0.001703034620732069,0.006580982822924852,-0.010813837870955467,-0.02930227853357792,0.006006245035678148,0.02690214477479458
-0.009087985381484032,0.007471730466932058,0.014852192252874374,-0.030772050842642784,-0.015831233933568,0.03537854552268982
-0.015098621137440205,0.010088235139846802,0.015180244110524654,-0.031164873391389847,-0.013189042918384075,0.042151037603616714
-0.02993849106132984,-0.0885382667183876,0.02910246141254902,-0.020254051312804222,-0.2175140529870987,0.045261088758707047
-0.015073302201926708,-0.049603067338466644,0.05893595144152641,-0.009969578124582767,-0.12209530174732208,0.05064133182168007
-0.007966998033225536,0.0036074616946280003,-0.001245270250365138,-0.016771038994193077,-0.009295378811657429,-0.019851669669151306
-0.004645875655114651,-0.026814572513103485,0.0008002172107808292,-0.009974105283617973,-0.053711336106061935,-0.017121005803346634
-0.01163578312844038,-0.02208259515464306,-0.0019868393428623676,-0.024654122069478035,-0.06039140000939369,-0.016859637573361397
-0.008442673832178116,-0.006126136984676123,-0.0008014343911781907,-0.01856962777674198,-0.0403209887444973,-0.025425685569643974
-0.004193744622170925,-0.025587882846593857,-0.004090709146112204,-0.012088866904377937,-0.041321512311697006,-0.01287207379937172
-0.016024790704250336,0.013454938307404518,-0.0009893709793686867,-0.030111169442534447,-0.02366100437939167,-0.023912692442536354
-0.015481531620025635,-0.02553013153374195,-0.0029903894755989313,-0.002942511346191168,-0.0919404923915863,0.021923242136836052
-0.006529893726110458,0.010617963969707489,-0.0034237494692206383,-0.006320551037788391,-0.06425958126783371,0.027622485533356667
-0.008514785207808018,0.008918041363358498,-0.002111564390361309,-0.02826523222029209,-0.023489683866500854,-0.018021339550614357
-0.006210897583514452,-0.026622740551829338,-0.000982963596470654,-0.006283847615122795,-0.05572207644581795,0.008091405034065247
-0.008000662550330162,-0.030322983860969543,-0.005139684770256281,-0.0021041403524577618,-0.050208933651447296,0.014646737836301327
-0.01358386967331171,-0.027950158342719078,-0.007086006924510002,-0.004636687692254782,-0.05841238796710968,0.019703881815075874
-0.006281441543251276,-0.02378561906516552,0.0015695266192778945,-0.00999308843165636,-0.040106695145368576,0.022493362426757812
-0.012212486937642097,-0.024481849744915962,-0.004164994228631258,-0.002879684092476964,-0.04456304758787155,0.023656539618968964
-0.008083906956017017,-0.026057587936520576,-0.001901989453472197,-0.004041437525302172,-0.06004531309008598,-0.014778397046029568
-0.011094237677752972,-0.028166256844997406,-0.0087899100035429,0.006765561178326607,-0.11594491451978683,0.020836565643548965
-0.01377567183226347,0.00563275208696723,-0.005413061939179897,-0.01577976532280445,-0.041550613939762115,0.024766650050878525
0.00044440748752094805,0.004615516867488623,-0.006477613467723131,-0.013562745414674282,0.03822602331638336,-0.021214408800005913
-0.009261474944651127,-0.041647471487522125,-0.004316388163715601,-0.0027913996018469334,0.0869678482413292,-0.009435316547751427
-0.006482485681772232,0.1965651959180832,0.01656864769756794,-0.05833927169442177,0.05793309211730957,-0.04075780138373375
-0.004348141606897116,-0.03243182972073555,-0.005955565255135298,-0.010671673342585564,-0.008885705843567848,-0.0032779756002128124
0.0014329495606943965,0.015373888425529003,0.0014978821855038404,-0.019735008478164673,-0.005809979513287544,0.0010139535879716277
-0.004382034298032522,0.005810077767819166,-0.0049209329299628735,-0.014233343303203583,0.015024776570498943,-0.0026663411408662796
-0.008436248637735844,0.006726553197950125,-0.0010581340175122023,-0.017022890970110893,0.015102149918675423,-0.00490294024348259
-0.004232568200677633,-0.004885082133114338,-0.005814736243337393,-0.02974649891257286,-0.03441629558801651,0.0002994347596541047
0.00805235467851162,-0.029601939022541046,-0.008724577724933624,-0.016159288585186005,-0.012251831591129303,0.005738455336540937
-0.008779744617640972,-0.026725150644779205,0.0026159542612731457,-0.019800782203674316,0.010082942433655262,-0.0029975478537380695
-0.006930018309503794,0.012563684955239296,-0.005484174005687237,-0.01723424531519413,0.0033637769520282745,0.003207835368812084
-0.006956964265555143,-0.010270795784890652,0.008694135583937168,-0.013893621042370796,0.0048639350570738316,0.009670252911746502
-0.0034916820004582405,0.0011872148606926203,0.013215758837759495,-0.013668420724570751,0.0024586240760982037,-0.027052784338593483
-0.003991782199591398,-0.001304336590692401,-0.005303812678903341,-0.018399838358163834,-0.00010776334238471463,-0.0206464696675539
-0.003489481983706355,0.06111333891749382,-0.004439078271389008,-0.013067607767879963,0.025362320244312286,-0.026713401079177856
-0.005419495049864054,-0.032114654779434204,-0.00243454915471375,-0.020452529191970825,0.004435996059328318,-0.024629630148410797
-0.006517928093671799,-0.028097104281187057,-0.00402744859457016,-0.028371265158057213,0.0370776541531086,-0.02156396210193634
-0.012455894611775875,-0.02578992210328579,-0.00016506153042428195,-0.026384826749563217,0.014197118580341339,-0.020399924367666245
-0.006775093264877796,-0.025536606088280678,-0.0025170801673084497,-0.027536476030945778,0.009481924585998058,-0.026606202125549316
-0.01105690561234951,0.00905101653188467,-6.66725609335117e-05,-0.02777303010225296,-0.011373302899301052,0.0231102854013443
-0.008444058708846569,-0.029563281685113907,-0.0033702829387038946,-0.013447687029838562,0.03545438498258591,-0.021846594288945198
-0.006375201512128115,-0.021453313529491425,-0.002278127707540989,-0.02634809911251068,0.0064637321047484875,-0.02158837765455246
-0.006191764958202839,-0.020781492814421654,-0.002675388241186738,-0.03621896728873253,0.0050221956335008144,-0.020875506103038788
-0.01875198818743229,0.153844952583313,0.015689793974161148,-0.009193241596221924,-0.04703506827354431,0.03771470487117767
-0.00779527286067605,0.004708589520305395,-0.009358872659504414,-0.0380387119948864,-0.038105789572000504,0.004419704433530569
-0.011085284873843193,0.011275996454060078,-0.003961794078350067,-0.04029393196105957,-0.044627077877521515,-0.01854950375854969
-0.006652461364865303,0.008198507130146027,-0.0029449102003127337,-0.026074646040797234,-0.023510394617915154,0.004624186083674431
0.020347312092781067,0.012161483988165855,-0.006916857324540615,-0.03884299844503403,-0.0491996668279171,-0.022038795053958893
-0.005246244370937347,0.007062127813696861,-0.0031157906632870436,-0.02554353140294552,-0.017978975549340248,-0.01795521005988121
-0.0074114250019192696,0.008360804989933968,-0.0030401861295104027,-0.012740343809127808,0.041273199021816254,0.012384919449687004
0.03425902873277664,0.0105971684679389,-0.014420260675251484,-0.008837281726300716,0.01974429190158844,0.0023018803913146257
-0.0031348061747848988,-0.027391240000724792,0.005030508618801832,-0.013780150562524796,0.012783988378942013,-0.023153092712163925
-0.005046785809099674,0.00721735367551446,-0.0008713869610801339,-0.012821645475924015,0.03966861218214035,-0.004552997183054686
-0.007882506586611271,-0.027699997648596764,0.01142125390470028,-0.009526525624096394,0.02075633406639099,-0.00440862774848938
0.007254836615175009,-0.03033476136624813,0.005512923002243042,-0.010720155201852322,0.019686570391058922,-0.008989828638732433
-0.0054894061759114265,0.06390910595655441,0.04305051639676094,-0.007673264481127262,0.02422713115811348,-0.011293778195977211
-0.010050750337541103,0.011756731197237968,-0.00663751969113946,-0.020107224583625793,0.024011708796024323,-0.00593063747510314
-0.008419147692620754,0.05999205261468887,-0.005591647233814001,-0.013708655722439289,0.00472869211807847,-0.0019629448652267456
-0.014930091798305511,0.0173228420317173,0.031279969960451126,-0.009902029298245907,0.0403110571205616,-0.007192077115178108
-0.006766845006495714,0.016715355217456818,-0.0035293693654239178,-0.018099894747138023,-0.018813854083418846,-0.00016632446204312146
-0.010317150503396988,-0.025332869961857796,-0.00487274257466197,-0.010565660893917084,-0.01955159567296505,-0.002718564821407199
-0.0034451584797352552,-0.04827498272061348,-0.005008526612073183,0.021255768835544586,-0.03987393528223038,-0.010964913293719292
-0.004453762900084257,-0.029986370354890823,-0.006600664928555489,-0.010180186480283737,-0.0026232805103063583,-0.003449853742495179
-0.004637383855879307,-0.03141838312149048,-0.0026492683682590723,-0.003612549277022481,0.019400401040911674,-0.01308754924684763
-0.005249558016657829,-0.02969030663371086,-0.0059943730011582375,-0.0019127593841403723,-0.02143614925444126,-0.004450025036931038
0.01371447741985321,-0.03409620374441147,-0.01006488036364317,0.012881879694759846,-0.01330050639808178,-0.003816234180703759
-0.0056280773133039474,-0.0589107945561409,-0.005440276116132736,0.01233075000345707,-0.0161361675709486,-0.00811784341931343
-0.006715978961437941,-0.0741172581911087,-0.006037691608071327,0.007505869492888451,-0.0211690291762352,-0.008274516090750694
-0.004956162068992853,-0.0310425516217947,-0.0031120143830776215,-0.005229712463915348,0.01094670221209526,-0.007620834279805422
-0.0014996230602264404,0.017888786271214485,-0.011100256815552711,-0.014189369976520538,-0.022122273221611977,0.015066947788000107
-0.003951689228415489,-0.032253578305244446,-0.0005121306166984141,-0.008805160410702229,0.0020441317465156317,-0.021657703444361687
0.00048446955042891204,0.009721910580992699,-0.008688995614647865,-0.015599600970745087,0.06567627191543579,-0.028860129415988922
-0.0026656698901206255,0.010963688604533672,-0.0015831651398912072,-0.011007259599864483,0.022317033261060715,-0.0230072271078825
-0.0019728110637515783,-0.013716600835323334,-0.004636251367628574,-0.008062818087637424,0.03665362298488617,-0.006266613490879536
-0.0033493228256702423,0.003331636544317007,-0.0022507663816213608,-0.011911971494555473,0.0763917863368988,-0.026606345549225807
-0.0037404289469122887,-0.03751297667622566,-0.0031342690344899893,-0.017638692632317543,0.01592230796813965,-0.026939015835523605
-0.008416363969445229,-0.023468369618058205,-0.003547071712091565,-0.032712455838918686,-0.023016931489109993,-0.025039730593562126
-0.005788073875010014,-0.02264603227376938,-0.004168509505689144,-0.036287084221839905,-0.031176261603832245,-0.03127431869506836
-0.004910991061478853,-0.013580461032688618,-0.0032937319483608007,-0.019168879836797714,-0.038804806768894196,-0.02026813104748726
0.016957944259047508,0.013128221035003662,-0.012189853936433792,-0.030677616596221924,0.024723097681999207,-0.03539792820811272
-0.00288841943256557,-0.031209703534841537,0.007244482170790434,-0.025395730510354042,0.023177025839686394,-0.031084904447197914
-0.002670860616490245,-0.03415632247924805,0.00038984286948107183,-0.019067425280809402,0.013735904358327389,-0.024480383843183517
-0.012678454630076885,-0.11605639010667801,-0.02088521048426628,-0.006556747946888208,0.0034100471530109644,-0.028788797557353973
0.0026231089141219854,0.006818389054387808,-0.000384844490326941,-0.01800001785159111,0.028477173298597336,-0.02859160117805004
-0.003685006406158209,-0.04734069108963013,-0.0032820424530655146,0.014740337617695332,0.017002152279019356,-0.01031589787453413
-0.0010175008792430162,0.01562466286122799,0.0015193847939372063,0.014087125658988953,0.03279447928071022,-0.02756941318511963
-0.01725521683692932,-0.029248502105474472,0.001268071704544127,0.010039162822067738,0.07686537504196167,-0.023306550458073616
0.0025868453085422516,-0.0339832529425621,-0.006860206834971905,0.006014510989189148,0.009118652902543545,0.009515620768070221
-0.003923916257917881,0.013976000249385834,-0.0049237413331866264,-0.006907937582582235,0.03188539668917656,-0.009567821398377419
0.025519244372844696,0.009144117124378681,-0.008222740143537521,-0.014175905846059322,0.02275601215660572,-0.02964111603796482
-0.004735978785902262,-0.02994561940431595,-0.0025004844646900892,-0.010607290081679821,0.038024187088012695,-0.004784125369042158
-0.006048479583114386,0.00963551364839077,-0.000795955304056406,-0.0422237403690815,-0.022122079506516457,-0.029366960749030113
-0.0059082163497805595,-0.0346982479095459,-0.00919757317751646,-0.003802459454163909,0.00974095705896616,0.01326221227645874
-0.006678996607661247,0.0025439790915697813,0.00025820228620432317,-0.03814970329403877,-0.040379658341407776,-0.02813941426575184
-0.006103117484599352,-0.014554264023900032,-0.005697747226804495,-0.042297299951314926,-0.01751585491001606,-0.02782095968723297
0.0200029369443655,0.020643893629312515,0.040519796311855316,-0.037895433604717255,-0.037136662751436234,-0.046183813363313675
-0.005319799296557903,0.005522734485566616,0.00442414591088891,-0.021436935290694237,0.01280111726373434,-0.03181339055299759
-0.008528347127139568,-0.00796740036457777,0.0011895053321495652,-0.035060178488492966,0.02348187007009983,-0.029450267553329468
-0.003238129895180464,-0.014588600024580956,-0.0021766112186014652,-0.020357301458716393,-0.015872567892074585,-0.02219688706099987
-0.002918343059718609,0.0018488572677597404,-0.001479760161601007,-0.024644294753670692,0.024141887202858925,-0.028588563203811646
-0.0037551873829215765,-0.029104793444275856,0.0011357547482475638,-0.023346710950136185,-0.025773948058485985,-0.02752968668937683
-0.005044219084084034,-0.009703733958303928,0.005861263256520033,-0.024454427883028984,0.004011334385722876,-0.029483942314982414
-0.017291616648435593,-0.1266586035490036,-0.03538765385746956,-0.011579508893191814,-0.05056118965148926,-0.03425472602248192
-0.025164976716041565,-0.1293838620185852,-0.046817850321531296,0.026746423915028572,-0.07170618325471878,0.025574933737516403
-0.0259700920432806,-0.12980295717716217,-0.01957162283360958,0.03408976271748543,-0.062232520431280136,0.03156467154622078
-0.011166781187057495,-0.0756339505314827,-0.0018792428309097886,0.011487252078950405,-0.044346362352371216,0.006669309455901384
-0.002626293571665883,-0.06235237047076225,-0.002485590288415551,0.012775653041899204,0.016579994931817055,-0.012125534936785698
0.03123602643609047,-0.031723495572805405,-0.008359692059457302,0.012023638002574444,0.03619381785392761,-0.036221105605363846
0.0019307107431814075,0.024671204388141632,-0.0016366417985409498,0.029404545202851295,0.035043757408857346,-0.027302037924528122
-0.0020560973789542913,0.020192112773656845,-0.011191601864993572,0.014335461892187595,0.0009447039919905365,0.014854530803859234
-0.006566207855939865,0.0015508460346609354,-0.004562387242913246,-0.011475124396383762,-0.013598330318927765,-0.0012387216556817293
0.015475813299417496,0.0017997855320572853,-0.016477210447192192,-0.019407356157898903,-0.002827469725161791,0.021905984729528427
-0.006454889662563801,0.01830960251390934,-0.007665000855922699,-0.02349850907921791,0.02669128030538559,-0.006189797073602676
-0.010150172747671604,-0.030488066375255585,-0.012061038054525852,-0.016229839995503426,-0.016810327768325806,0.018368210643529892
-0.003911560866981745,-0.01500711590051651,0.004998147487640381,-0.02713061310350895,0.018125323578715324,-0.027415571734309196
-0.004968281835317612,-0.028682300820946693,-0.0034444646444171667,-0.01982094906270504,0.04258083179593086,-0.02424694411456585
-0.007953349500894547,0.017401255667209625,0.0005057505331933498,-0.04121038690209389,0.017889970913529396,-0.030476417392492294
1.3967580343887676e-05,0.0091599952429533,0.0034650438465178013,-0.03946897014975548,0.01997440494596958,-0.03769002482295036
-0.012208537198603153,0.0020988795440644026,0.02579568699002266,-0.02092950977385044,5.4075560910860077e-05,-0.0354430191218853
0.0013291588984429836,0.022247517481446266,0.028944719582796097,-0.02353726699948311,-0.019326817244291306,-0.046159740537405014
0.063771553337574,0.10358592867851257,0.037903785705566406,-0.02246467024087906,-0.017036249861121178,-0.05577985569834709
0.02835875190794468,0.059771694242954254,-0.011707973666489124,-0.05021348595619202,0.02942722663283348,-0.03668922558426857
-0.0034967248793691397,-0.02460348606109619,0.0014149403432384133,-0.03625832870602608,0.006242398172616959,-0.019338645040988922
-0.011636177077889442,-0.02306172624230385,0.0006103600608184934,-0.03332257643342018,-0.013951044529676437,-0.021599983796477318
-0.015042362734675407,-0.08440003544092178,-0.020617887377738953,-0.03029281459748745,-0.028649160638451576,-0.023227080702781677
-0.033865656703710556,-0.1280580759048462,-0.04035290330648422,0.03342338651418686,-0.1523810774087906,0.03465200215578079
-0.015175416134297848,-0.05983969569206238,-0.04573876038193703,-0.010551290586590767,-0.05831420421600342,-0.013720663264393806
-0.02928943745791912,-0.1472145915031433,-0.047845322638750076,0.026699606329202652,-0.24020004272460938,0.017742235213518143
-0.013788525015115738,-0.12331647425889969,-0.01588844694197178,0.04196852818131447,-0.28404316306114197,0.020674096420407295
0.007794735953211784,-0.05535439774394035,0.002421670127660036,0.004515439737588167,0.002933517564088106,-0.01903526857495308
0.01749410293996334,-0.034512974321842194,-0.014540620148181915,0.022258510813117027,-0.04276410490274429,0.012333712540566921
0.043603040277957916,0.008042380213737488,-0.008410824462771416,-0.015925416722893715,0.04090184345841408,-0.042804352939128876
-0.006063123233616352,0.03986816853284836,-0.004221238661557436,-0.017469817772507668,0.033013973385095596,-0.02609131671488285
-0.003351897234097123,0.009487610310316086,0.0008745486265979707,-0.03209687024354935,0.08232596516609192,-0.01476153451949358
-0.0064737009815871716,0.017941949889063835,-0.0029780801851302385,-0.05571911484003067,-0.020326541736721992,-0.026689445599913597
-0.006057803053408861,0.05639076977968216,-0.0027159913443028927,-0.05473802983760834,0.01741030625998974,-0.028958695009350777
-0.0026953723281621933,0.013022971339523792,-0.008683152496814728,-0.04832245782017708,0.026109440252184868,-0.030146267265081406
0.004429103806614876,0.04899550601840019,-0.009070252999663353,-0.05258845537900925,0.04204273596405983,-0.028549334034323692
-0.005191402975469828,0.020085059106349945,0.03686128556728363,-0.037344496697187424,0.012326649390161037,-0.039597176015377045
-0.011783324182033539,0.012121625244617462,-0.002448235172778368,-0.0133181968703866,0.003022413933649659,-0.0028318704571574926
-0.002622199011966586,0.011889093555510044,-0.008435513824224472,-0.015374233946204185,-0.01988516002893448,-0.0201539508998394
-0.008296743035316467,-0.029295336455106735,-0.006279301829636097,-0.006661020684987307,0.0021623328793793917,0.008464929647743702
-0.006008784752339125,0.01721448078751564,0.0005730084958486259,-0.03421756997704506,-0.04005644842982292,-0.026951953768730164
-0.017445033416152,-0.03393077477812767,-0.0027053949888795614,-0.0027516293339431286,-0.019981684163212776,-0.006857199594378471
-0.0057202596217393875,-0.02529512159526348,-0.0005725083174183965,-0.044262297451496124,-0.08466053754091263,-0.012300245463848114
-0.014267509803175926,-0.07897002249956131,-0.02798348478972912,-0.03307681158185005,-0.05179603397846222,-0.02217733860015869
-0.017072606831789017,-0.07835523784160614,-0.023701611906290054,-0.02728821523487568,-0.027107534930109978,-0.019255220890045166
-0.0107498150318861,-0.06256722658872604,-0.02507103607058525,-0.015002102591097355,-0.048844534903764725,-0.01630541682243347
-0.019424624741077423,-0.12565825879573822,-0.022907940670847893,-0.007791530340909958,-0.0682317465543747,-0.01697719097137451
-0.0034431619569659233,-0.0607556514441967,0.0027113219257444143,-0.004573435988277197,0.008073648437857628,-0.014366603456437588
-0.00043438997818157077,-0.027289945632219315,-0.005448662675917149,-0.031176036223769188,0.005520683713257313,-0.022400841116905212
0.0006791848572902381,0.01217805314809084,-0.0076396954245865345,-0.028243504464626312,0.08416666090488434,-0.028097501024603844
-0.002765865530818701,0.023602334782481194,-0.006619058083742857,-0.049131445586681366,0.09696779400110245,-0.02467978559434414
-0.003917173482477665,0.032550010830163956,0.00597730977460742,-0.053605590015649796,0.04370548948645592,-0.03162730857729912
-0.0017153258668258786,0.014879134483635426,-0.004247034899890423,-0.043708689510822296,0.042182713747024536,-0.028989670798182487
-0.012140870094299316,0.10074307024478912,0.008730536326766014,-0.058214206248521805,0.009084499441087246,-0.029747124761343002
-0.011693998239934444,0.15832830965518951,0.003065030789002776,-0.06451880931854248,0.029307527467608452,-0.028983136638998985
-0.005814746953547001,0.04197930917143822,-0.005528481211513281,-0.02076972834765911,0.014547855593264103,0.026249615475535393
-0.012411776930093765,0.014989865943789482,-0.007597892079502344,-0.02118455059826374,0.0439949594438076,0.019555021077394485
-0.007192420307546854,-0.03116990625858307,-0.004895604681223631,-0.004389285109937191,0.018768010661005974,-0.004500312265008688
-0.005799583159387112,-0.027479948475956917,-0.005089710932224989,-0.016429664567112923,-0.011229123920202255,-0.02110825479030609
-0.001280991593375802,-0.0319540835916996,-0.003256516996771097,-0.008658274076879025,0.013361388817429543,-0.020180437713861465
-0.007492615841329098,-0.03585102781653404,-0.0018074004910886288,-0.007038760930299759,0.013276835903525352,-0.021917741745710373
-0.0007516262121498585,-0.07064732164144516,0.0039270175620913506,-0.033255428075790405,-0.041717685759067535,-0.023393960669636726
0.0006683495594188571,-0.05190874636173248,0.0006153704016469419,-0.035124655812978745,-0.0529218390583992,-0.017022961750626564
-0.009953727014362812,0.01059621199965477,-0.00310813938267529,-0.047959186136722565,-0.045837562531232834,-0.016101278364658356
-0.010221942327916622,-0.02343987487256527,0.0013824861962348223,-0.028933826833963394,-0.05789978802204132,-0.015018515288829803
-0.007130955811589956,-0.02585279569029808,-0.0023788437247276306,-0.026956642046570778,-0.047512155026197433,-0.014494946226477623
-0.011007088236510754,-0.06981485337018967,-0.013491091318428516,-0.022798975929617882,-0.10281910002231598,-0.014583639800548553
-0.01490833517163992,-0.038223911076784134,-0.012185102328658104,-0.030270205810666084,-0.25520890951156616,-0.008289407938718796
-0.011131600476801395,0.02119476906955242,0.01419853139668703,-0.025947799906134605,-0.05956273898482323,-0.013557901605963707
-0.013047556392848492,0.090736523270607,0.024132173508405685,-0.0374760702252388,-0.004004392772912979,-0.014621738344430923
-0.0031131561845541,0.057349301874637604,-0.013354264199733734,-0.052798833698034286,0.050366852432489395,-0.031831398606300354
-0.005627937614917755,0.13605748116970062,-0.002626771107316017,-0.07324723899364471,0.11061400920152664,-0.032354652881622314
-0.01356082409620285,-0.024996653199195862,-0.0076685696840286255,-0.007666291203349829,-0.027703741565346718,0.023219343274831772
-0.008756119757890701,-0.026439979672431946,-0.00793371256440878,-0.012648988515138626,-0.011846933513879776,0.02319444715976715
-0.0015472681261599064,-0.01896526664495468,-0.010005943477153778,-0.012280814349651337,0.011537634767591953,0.01919633336365223
-0.0053982981480658054,-0.028926700353622437,-0.005765218753367662,-0.018470559269189835,0.012786079198122025,0.022425172850489616
-0.007443305104970932,-0.00732762785628438,-0.006823351141065359,-0.02036229334771633,0.020935406908392906,0.023137999698519707
0.0032251644879579544,-0.031162893399596214,-0.01145356334745884,-0.022679952904582024,0.0650666207075119,0.026324616745114326
-0.005920338910073042,0.00705747352913022,-0.008074349723756313,-0.018418174237012863,0.012428684160113335,0.029294144362211227
-0.006878019310534,0.016998695209622383,-0.006991637405008078,-0.018065711483359337,0.11386876553297043,0.01869249902665615
-0.008717742748558521,0.01574806123971939,0.0027677551843225956,-0.01958085224032402,0.014872554689645767,0.03142208606004715
-0.009941822849214077,0.01663280464708805,-0.008138507604598999,-0.0202149860560894,0.08412174135446548,0.018072623759508133
-0.013544266112148762,-0.028852248564362526,-0.003987530246376991,-0.015266168862581253,0.025980262085795403,0.021252909675240517
-0.00855814665555954,0.0007774256519041955,-0.0018982405308634043,-0.015736326575279236,0.037780337035655975,-0.023392578586935997
-0.0024395883083343506,-0.03017492964863777,-0.005992614198476076,-0.012732809409499168,0.02705039270222187,-0.02641693316400051
-0.003306574421003461,-0.030773118138313293,-0.0019505738746374846,-0.00917062722146511,-0.01633143611252308,-0.0166900847107172
-0.021020222455263138,-0.037858735769987106,-0.008516020141541958,0.02033090963959694,-0.016762513667345047,0.0044389511458575726
-0.006301024463027716,-0.032825928181409836,0.0033829028252512217,-0.008445820771157742,-0.039859622716903687,-0.027471452951431274
0.0020340806804597378,-0.023651355877518654,-0.002553266007453203,0.030062304809689522,0.004015171434730291,0.0011316201416775584
-0.015385583974421024,-0.05127216503024101,0.005345239769667387,-0.04117685183882713,-0.1201179102063179,-0.009822075255215168
-0.005672962870448828,0.0002625037159305066,-0.004201517440378666,0.0024434563238173723,-0.019106673076748848,0.006402544677257538
-0.0050036050379276276,0.010767461732029915,-0.001796893891878426,-0.036566879600286484,-0.040739547461271286,-0.01457984559237957
-0.01095053181052208,-0.027893679216504097,0.0033083907328546047,-0.027006836608052254,-0.06128406897187233,-0.015671366825699806
-0.015855660662055016,-0.03660793602466583,-0.0011449864832684398,-0.03415907174348831,-0.11684391647577286,-0.013235391117632389
-0.00498914485797286,0.020275039598345757,0.009501256048679352,-0.03981408476829529,-0.06694997847080231,-0.01626450940966606
-0.009423562325537205,0.037071049213409424,-0.006102221552282572,0.02839772403240204,-0.05423051491379738,0.01816226914525032
-0.01005318108946085,0.10028502345085144,-0.002539818175137043,-0.061451006680727005,0.03671381622552872,-0.023601017892360687
-0.008519954979419708,0.008828733116388321,-0.0023324908688664436,-0.003521447302773595,0.023917507380247116,0.021275777369737625
-0.003285555634647608,-0.028823791071772575,-0.006303407251834869,-0.014582705684006214,0.038874946534633636,0.016753416508436203
0.012194872833788395,0.0069670164957642555,-0.010128726251423359,-0.018028125166893005,0.04099082946777344,0.025806637480854988
-0.00940165389329195,-0.015443063341081142,-0.006593100260943174,-0.01719088666141033,0.015673544257879257,0.022911492735147476
-0.008504007011651993,0.014617238193750381,-0.001956227933987975,-0.019488230347633362,0.03753425553441048,0.022451506927609444
-0.007098648697137833,-0.02533482015132904,-0.009325200691819191,-0.024640334770083427,0.03882370889186859,0.02728877402842045
-0.0053856754675507545,0.00534179387614131,0.0002719051844906062,-0.029098207131028175,0.0813073217868805,0.03041386604309082
-0.008786440826952457,0.015120808966457844,-0.006574413739144802,-0.0281443502753973,0.038222040981054306,0.021348318085074425
-0.00808858685195446,0.01550279650837183,-0.0019674841314554214,-0.024004938080906868,0.03630862012505531,0.02220306545495987
-0.010784835554659367,0.015447148121893406,-0.008582028560340405,-0.027153411880135536,0.02760801650583744,0.024459194391965866
-0.005769462790340185,0.016260890290141106,-0.001016652793623507,-0.024557044729590416,0.022128691896796227,0.031190788373351097
-0.0099414624273777,0.016635814681649208,-0.00877128541469574,-0.03421614691615105,0.024909837171435356,0.02198944240808487
-0.006591788027435541,0.0171697735786438,0.009690375067293644,-0.03508005291223526,0.022115932777523994,0.033094268292188644
-0.005884442012757063,-0.0077301738783717155,-0.0068619330413639545,-0.016667800024151802,-0.011904910206794739,0.023058976978063583
0.0017748009413480759,0.00781470350921154,-0.012536920607089996,-0.014056256972253323,-0.022740578278899193,0.02688935399055481
0.00209860410541296,-0.03649033606052399,0.011783854104578495,0.02734304592013359,0.11236456781625748,0.028079671785235405
0.02986803464591503,-0.03357191011309624,-0.012389454059302807,-0.012048122473061085,0.03841628506779671,-0.03505086526274681
0.0008292267448268831,-0.032982368022203445,-0.006214263383299112,0.028584297746419907,0.06147770211100578,0.0009195684688165784
-0.003448724513873458,-0.0307452529668808,-0.010109654627740383,0.024478651583194733,0.0029827223625034094,0.001593095832504332
-0.005695615895092487,-0.03226057440042496,-0.006829231046140194,-0.001525280880741775,0.0120222894474864,0.00599526334553957
-0.0012189476983621716,-0.00936439260840416,-0.008367585949599743,0.019266411662101746,-0.020927708595991135,0.005902073346078396
-0.006715749390423298,0.03305188566446304,-0.00030086259357631207,0.0450318418443203,0.02196252904832363,0.0017101176781579852
-0.00111670873593539,0.016241712495684624,-0.007254656869918108,0.014260729774832726,-0.014379855245351791,0.0024353975895792246
-0.004058537073433399,0.01464339904487133,-0.00688792672008276,0.0024978716392070055,-0.019307507202029228,8.12213693279773e-05
-0.01383199356496334,0.1290448158979416,-0.0006256342167034745,-0.059058837592601776,-0.096067413687706,-0.015447710640728474
-0.007320180535316467,0.07495716959238052,-0.003367008175700903,-0.03480512276291847,-0.011856437660753727,-0.01595546491444111
-0.00766995782032609,0.0077644819393754005,0.009637747891247272,-0.0310332253575325,-0.027138851583003998,-0.014478011056780815
-0.010352261364459991,0.010921023786067963,0.0046003335155546665,-0.035252876579761505,-0.05937455594539642,-0.013688386417925358
-0.011000356636941433,0.01588858664035797,-0.00013308081543073058,-0.034943077713251114,-0.07404127717018127,-0.014188547618687153
0.02582717500627041,-0.03919830545783043,0.001300846808589995,0.010099869221448898,-0.039145972579717636,0.020178508013486862
-0.00233678356744349,0.007743519265204668,-0.009677478112280369,0.009507215581834316,0.010167212225496769,0.013558694161474705
0.0004470335552468896,0.006129307206720114,-0.008796999230980873,-0.01026682648807764,0.07775604724884033,0.015444117598235607
-0.00872095488011837,0.002294026082381606,-0.010544168762862682,-0.017758594825863838,0.038881223648786545,0.014956233091652393
-0.0071861050091683865,-0.029796423390507698,-0.0009063585312105715,-0.014661592431366444,0.08631130307912827,0.01816844567656517
0.030476806685328484,0.01586226560175419,-0.01162666641175747,-0.026992496103048325,0.08106760680675507,0.0411914624273777
-0.004294528625905514,0.01024807058274746,-0.002327208174392581,-0.029601654037833214,0.08991679549217224,0.027246080338954926
-0.006054285913705826,0.01984291709959507,-0.002919686958193779,-0.030273035168647766,0.04129758104681969,0.028089052066206932
-0.009058261290192604,-0.017938164994120598,0.0003629600105341524,-0.03488371893763542,0.11775662004947662,0.03003242425620556
-0.009757437743246555,0.015949908643960953,-0.009631231427192688,-0.03346400335431099,0.06396113336086273,0.02208779565989971
0.0005024205893278122,0.01075782347470522,-0.006433276459574699,-0.02807905524969101,0.09740526974201202,0.026927608996629715
-0.007845984771847725,0.017185425385832787,-0.003947040997445583,-0.03220788761973381,0.07023005932569504,0.027854161337018013
0.02532298117876053,0.049517471343278885,-0.00850897841155529,-0.035408180207014084,0.09248509258031845,0.03952695056796074
-0.012089300900697708,0.039987962692976,-0.003409595927223563,-0.025272155180573463,0.08538679033517838,0.024203089997172356
-0.006795947905629873,0.011907888576388359,-0.006268763914704323,-0.012382262386381626,0.09181426465511322,0.01935834437608719
-0.005096785258501768,-0.029689418151974678,-0.0102149099111557,-0.012035924941301346,0.08238697797060013,0.018224352970719337
-0.0011949227191507816,-0.0376635417342186,-0.0008433117181994021,0.025553997606039047,0.12547700107097626,0.004770077299326658
-0.004684888757765293,-0.0352715365588665,0.0014959158143028617,0.02864573709666729,0.07955045253038406,0.0011459620436653495
-0.004183352924883366,-0.032225050032138824,0.00816083513200283,0.025095971301198006,0.10045260190963745,0.008817036636173725
0.010427438654005527,-0.03832290321588516,-0.005994110833853483,0.02077321521937847,0.01121196523308754,0.005715707782655954
-0.005197218153625727,-0.010869697667658329,0.002913322765380144,0.021620282903313637,0.08835262060165405,-0.005482501350343227
-0.002521771937608719,-0.03219887986779213,-0.004873345140367746,0.003349445993080735,0.009077352471649647,-0.0014984869631007314
-0.00678673479706049,-0.033973801881074905,-0.002096929121762514,0.0036858085077255964,-0.003011462977156043,0.005988825112581253
-0.006643290631473064,-0.03156530112028122,-0.001668967423029244,-0.00036355885094963014,0.011271703988313675,0.0030904400628060102
-0.001312710577622056,-0.0014719240134581923,-0.002595351543277502,0.016133852303028107,-0.01760650984942913,-0.0003433425445109606
0.045582253485918045,0.012668274343013763,-0.013003711588680744,0.009796425700187683,-0.04733932018280029,0.015969520434737206
-0.014066115021705627,0.05753801763057709,-0.004814255982637405,-0.05354439094662666,-0.1330994963645935,-0.01963173970580101
-0.013401174917817116,0.010195859707891941,0.0033077027183026075,-0.05450139939785004,-0.06961041688919067,-0.01928299479186535
-0.009839371778070927,-0.025728080421686172,0.00045839246013201773,-0.0342879481613636,-0.08842011541128159,-0.011896510608494282
-0.007173491176217794,-0.06663776934146881,-0.006553091108798981,0.009725462645292282,-0.04333368316292763,0.018203945830464363
-0.010407942347228527,-0.03607581555843353,-0.0015653532464057207,0.014991996809840202,-0.03927677497267723,0.01877468079328537
-0.006612890399992466,0.013157585635781288,-0.00124271004460752,-0.013530716300010681,0.014706826768815517,0.02377411723136902
0.026318861171603203,0.04751203954219818,-0.01977786049246788,-0.007789988070726395,0.020342756062746048,0.020489530637860298
-0.008449241518974304,0.08992133289575577,0.00616311002522707,-0.012904973700642586,0.07327616214752197,0.02686379663646221
-0.013899927027523518,0.013191989623010159,0.002263982081785798,-0.018331732600927353,0.025320788845419884,0.02469530701637268
-0.005245491396635771,0.05477894842624664,0.009041695855557919,-0.03520677238702774,0.026629287749528885,0.03478013724088669
-0.004640207625925541,-0.007862425409257412,-0.006337091326713562,-0.021891893818974495,0.03755459561944008,0.021128041669726372
-0.014174609445035458,0.013769010081887245,-0.0014130682684481144,-0.03656328469514847,0.11882739514112473,0.029457947239279747
-0.007847410626709461,0.01592997834086418,-0.003854938317090273,-0.030540112406015396,0.11306685954332352,0.030490053817629814
-0.013423693366348743,0.008286663331091404,-0.006353957578539848,-0.03405294194817543,0.11024367064237595,0.025637082755565643
0.002307162620127201,-0.022566072642803192,-0.0046994914300739765,-0.02898198924958706,0.13110151886940002,0.019213952124118805
-0.007518953178077936,-0.01328318566083908,-0.005442847032099962,-0.03379601612687111,0.0845535397529602,0.017998479306697845
-0.005570591893047094,0.008202768862247467,-0.001747976173646748,-0.018411103636026382,0.025624342262744904,0.02697116695344448
-0.0063301920890808105,0.0027189922984689474,-0.009290260262787342,-0.020622562617063522,0.08820358663797379,0.021704746410250664
-0.005094361957162619,0.008756685070693493,-0.007921743206679821,-0.017602190375328064,0.035913895815610886,0.021184304729104042
-0.007627823390066624,0.01397308986634016,0.06866420060396194,-0.012533382512629032,0.011257811449468136,0.05181935429573059
0.00023443755344487727,-0.018959891051054,-0.0005629343213513494,-0.03076903335750103,-0.013235112652182579,0.02511836402118206
0.052641578018665314,0.00972749199718237,-0.01934908889234066,-0.027675461024045944,0.004662080202251673,0.05004716292023659
-0.0014290548861026764,-0.036667078733444214,-0.002933699171990156,0.032243821769952774,0.19942711293697357,0.0009301972459070385
-0.002576418686658144,0.0009294395567849278,0.0019764939788728952,0.038900505751371384,0.12058717757463455,0.0074243429116904736
0.0537044033408165,0.02510131150484085,-0.019820809364318848,0.030605146661400795,0.037278421223163605,0.016218354925513268
0.0007768619689159095,0.03007795661687851,-0.0022437029983848333,0.011114608496427536,-0.003490639850497246,0.009201303124427795
-0.011965754441916943,0.01750742457807064,-0.006502340082079172,0.017029857262969017,0.034640245139598846,0.004799034912139177
-0.0013620592653751373,0.029015425592660904,-0.0034791287034749985,0.021802473813295364,0.012549648992717266,0.002674830611795187
0.023342689499258995,0.02530297450721264,-0.014193415641784668,0.005190543830394745,-0.008179737254977226,0.011137597262859344
0.05416242405772209,0.0063309804536402225,-0.011388381943106651,0.008090599440038204,-0.03667823225259781,0.008942157961428165
-0.0033975818660110235,-0.03378131985664368,-0.0062054782174527645,0.007738001178950071,-0.019610732793807983,0.007402129005640745
-0.012683924287557602,-0.0339619405567646,0.006755664013326168,0.004395787138491869,-0.054826948791742325,0.00536968233063817
-0.006629101000726223,-0.03162523731589317,0.0017130711348727345,-0.032180409878492355,-0.047855108976364136,-0.013194063678383827
-0.02078927308320999,-0.07753157615661621,-0.0005611312226392329,0.008239461109042168,-0.02822963148355484,0.01987244375050068
-0.0035945456475019455,-0.02492319419980049,-0.00020304511417634785,-0.04388227313756943,0.033988963812589645,0.00022163710673339665
-0.008211452513933182,-0.03792531043291092,-0.00788151565939188,0.01374071929603815,-0.019620822742581367,0.017645930871367455
-0.006316476967185736,0.14143683016300201,0.02382722496986389,-0.0604209341108799,0.0028809281066060066,-0.028299666941165924
-0.0068380264565348625,0.001183273852802813,-0.008035820908844471,-0.012883555144071579,0.0190143920481205,0.014221318997442722
0.05818136781454086,0.14500513672828674,0.008910797536373138,-0.06367366015911102,0.059103719890117645,-0.023230956867337227
-0.0033978321589529514,0.01027449406683445,-0.003296290058642626,-0.020369188860058784,0.065190888941288,0.023162730038166046
0.00425014877691865,0.011654454283416271,-0.00556748453527689,-0.014735069125890732,0.04523817449808121,0.02518518455326557
-0.002977343974635005,0.010374261997640133,0.000813894032035023,-0.015179787762463093,0.04031134769320488,0.02228461764752865
-0.012282120995223522,0.13746199011802673,0.02045859768986702,-0.06279163062572479,0.06431054323911667,-0.010995341464877129
-0.002048555761575699,0.014838708564639091,0.004260399378836155,-0.030936136841773987,0.03930233046412468,0.027645312249660492
0.062059056013822556,0.01576044037938118,-0.009846942499279976,-0.017073210328817368,0.024396294727921486,0.03980680927634239
-0.008087562397122383,0.03964301943778992,0.0015990750398486853,-0.018804915249347687,0.022772520780563354,0.028835825622081757
-0.004856565035879612,0.02036779373884201,0.011959902942180634,-0.01673567108809948,0.03697172924876213,0.03460599109530449
-0.00892095360904932,0.016070835292339325,0.0153151610866189,-0.01378313172608614,0.02267906628549099,0.03517194837331772
-0.012045575305819511,0.015752440318465233,-0.007623919751495123,-0.030867189168930054,0.024562576785683632,0.0241127647459507
-0.003653173102065921,0.01680881716310978,-0.009932395070791245,-0.03243511915206909,0.023829925805330276,0.017304161563515663
-0.0002981566940434277,0.048106737434864044,-0.011147169396281242,-0.04076956585049629,0.012051498517394066,0.01611541584134102
-0.006647166330367327,-0.025913191959261894,-0.007597534917294979,-0.02744656428694725,-0.017475612461566925,0.021244198083877563
-0.007901491597294807,-0.027640443295240402,-0.005596586037427187,-0.019315805286169052,-0.021745149046182632,0.031132036820054054
-0.018300572410225868,-0.0244767889380455,-0.004977301694452763,-0.029391828924417496,-0.043699681758880615,0.0038919192738831043
-0.008575232699513435,-0.029451174661517143,-0.008709035813808441,-0.018237270414829254,-0.03674963489174843,0.025151003152132034
-0.005675444379448891,-0.028857938945293427,-0.0002319957420695573,-0.03199756518006325,-0.021970363333821297,-0.02307429537177086
-0.0012282724492251873,0.0001878187176771462,-0.004444302525371313,0.031390294432640076,0.2193811684846878,0.0003598332405090332
-0.01656746119260788,0.023181142285466194,-0.00011086839367635548,0.037286240607500076,0.03334294632077217,0.012346058152616024
-0.00023301162582356483,0.032658714801073074,0.0089030172675848,0.03699760511517525,0.07602233439683914,0.009950565174221992
-0.003343333723023534,0.0245200227946043,-0.002253852318972349,0.04110584408044815,0.07212542742490768,-0.00047008946421556175
-0.001533309812657535,0.03442487493157387,0.003820410231128335,0.03267958015203476,0.08768590539693832,0.010735341347754002
-0.005785931833088398,-0.030295206233859062,-0.0033134741242974997,0.011506211012601852,-0.01790548488497734,0.007258981931954622
-0.00498673552647233,-0.03211209550499916,-0.009154656901955605,0.01067435648292303,0.030597152188420296,0.0029544413555413485
-0.006658951286226511,-0.07667280733585358,-0.0032412963919341564,-0.00937330350279808,-0.023848218843340874,0.010650871321558952
-0.011158387176692486,-0.07090498507022858,-0.012706982903182507,0.0012607513926923275,0.017688794061541557,0.010760015808045864
0.00046250689774751663,-0.026039982214570045,0.0010413440177217126,-0.0368836373090744,0.0393255390226841,-0.019739562645554543
-0.010205664671957493,-0.04208224639296532,0.0006367683527059853,-0.03890378773212433,0.0505685955286026,0.006523915100842714
0.001308788312599063,-0.024002501741051674,-0.003424680093303323,-0.04757123440504074,0.050888512283563614,0.008379032835364342
-0.0041127437725663185,0.06789574027061462,-0.008233316242694855,-0.06001795083284378,0.037676360458135605,-0.02635825239121914
-0.006881750654429197,-0.0027248249389231205,-0.010328050702810287,0.028906481340527534,0.020289937034249306,0.00920774694532156
0.05314209684729576,0.10363336652517319,0.029924968257546425,-0.04854540899395943,0.06618469953536987,-0.010424913838505745
-0.0021359771490097046,0.021593265235424042,-0.0038079472724348307,0.0009439560235477984,0.024739637970924377,0.020748911425471306
0.001803017919883132,0.010900624096393585,0.006097892764955759,-0.00896691344678402,0.0661020278930664,0.02460755966603756
-0.005561274942010641,0.017298070713877678,-0.004372024908661842,-0.009890405461192131,0.061754874885082245,0.02023489400744438
0.0020767711102962494,0.011833496391773224,0.011580506339669228,-0.012570708990097046,0.0401894710958004,0.03250161558389664
-0.005375266075134277,0.012325013056397438,0.004310868680477142,-0.018937405198812485,0.03798406571149826,0.02418431080877781
-0.007461369503289461,0.013227858580648899,-0.0016748294001445174,-0.012784632854163647,0.07408574968576431,0.021851113066077232
-0.007295800838619471,-0.007886565290391445,0.00956947635859251,-0.014408603310585022,0.037484310567379,0.020061545073986053
0.006369441282004118,0.011797062121331692,-0.005748098716139793,-0.009431933052837849,0.03559174761176109,0.01792081445455551
-0.007320564240217209,0.013129036873579025,0.017232676967978477,-0.016051016747951508,0.03581712022423744,0.02492031641304493
7.616034417878836e-05,0.006510511972010136,-0.0049291932955384254,-0.012667003087699413,0.014125591143965721,0.01908838003873825
0.01145257893949747,0.01604677364230156,-0.010017051361501217,-0.03602556884288788,-0.036214761435985565,0.02166406251490116
0.009814843535423279,0.01987016201019287,-0.012058350257575512,-0.030701367184519768,-0.008264255709946156,0.02427663467824459
0.0023335495498031378,0.017932718619704247,-0.004736064933240414,-0.04333196207880974,-0.060883671045303345,-0.020661065354943275
0.02606005035340786,0.05507485195994377,-0.0173149686306715,-0.03666077181696892,-0.06499092280864716,0.029270745813846588
-0.0039001433178782463,0.00022716124658472836,-0.005451218690723181,-0.040741197764873505,-0.039316993206739426,-0.017597883939743042
-0.005096128676086664,-0.02478264644742012,-0.00617574155330658,-0.028204936534166336,-0.03848206251859665,-0.0024618946481496096
-0.006752538960427046,-0.022332321852445602,-0.0038769354578107595,-0.032386358827352524,-0.04096032679080963,-0.021467233076691628
-0.004883130546659231,-0.024263786152005196,-0.0009636435424908996,-0.03607255220413208,-0.0199930090457201,-0.028299817815423012
-0.007673400454223156,-0.02811463363468647,-0.00931185856461525,-0.011845278553664684,-0.051410119980573654,0.018548818305134773
-0.006905830465257168,-0.036997683346271515,-0.008285432122647762,0.03181682154536247,0.11038243025541306,0.0008949483162723482
-0.005214883480221033,0.012204315513372421,0.0013098627096042037,0.02524692751467228,0.08308804780244827,-0.0019320001592859626
-0.0038872386794537306,-0.06520068645477295,-0.005241192877292633,-0.0005722332862205803,0.010956809855997562,0.007973188534379005
-0.01107641588896513,-0.09140937775373459,-0.0032169704791158438,-0.0072188060730695724,0.04499843344092369,0.006817961577326059
-0.008840314112603664,-0.09320805966854095,-0.01567860320210457,-0.0013174553168937564,0.013366314582526684,0.01379115879535675
-0.002598424209281802,0.007113095372915268,0.0007403426570817828,-0.04929051175713539,0.044011976569890976,-0.005464863032102585
-0.0060701374895870686,-0.02589339017868042,-0.0023395309690386057,-0.039633601903915405,0.017581859603524208,-0.01064625009894371
-0.016075672581791878,-0.08569498360157013,-0.011173266917467117,0.014761531725525856,0.09103241562843323,0.008019632659852505
0.04464682564139366,-0.04045037552714348,0.021932898089289665,0.021412182599306107,0.11111491173505783,0.01811053603887558
-0.002045420464128256,0.014426091685891151,-0.007089055143296719,0.03442377224564552,0.061973586678504944,0.006429997738450766
-0.008904512040317059,0.012282874435186386,-0.008377366699278355,0.03101002797484398,0.12928852438926697,0.0112369479611516
-0.0037951446138322353,0.0157161857932806,-0.0017203486058861017,0.01757563278079033,0.07958213239908218,0.008187688887119293
-0.001968545373529196,0.011056134477257729,0.01152843702584505,0.0010618767701089382,0.12077805399894714,0.021685238927602768
0.021795695647597313,0.011655573733150959,-0.01801074668765068,0.005334389861673117,0.11041703820228577,0.016109338030219078
-0.0032022250816226006,0.014167545363307,0.007365241181105375,-0.009308625012636185,0.03855074197053909,0.025544222444295883
-0.006684805266559124,0.01238194853067398,0.000715365691576153,-0.00981280766427517,0.03581421449780464,0.015979792922735214
-0.006338071543723345,0.01418547797948122,0.002626758301630616,-0.01068650558590889,0.038272418081760406,0.02045329287648201
0.004185762722045183,0.043414149433374405,0.004847181029617786,-0.008304672315716743,0.0674668550491333,0.005302953999489546
-0.009109186008572578,0.05746005102992058,0.0010260409908369184,-0.01234340574592352,0.1062210276722908,0.02149307169020176
-0.004162882920354605,0.017717864364385605,-0.006493931636214256,-0.010610935278236866,0.036814842373132706,-0.00585376238450408
0.053289033472537994,0.07741118222475052,-0.005605352111160755,-0.002208006801083684,0.037849437445402145,-0.0014328822726383805
0.051996469497680664,0.02210848219692707,-0.015149924904108047,0.012588798068463802,-0.012097840197384357,0.03130077198147774
0.05992818623781204,0.054272063076496124,-0.003262836951762438,-0.005358632188290358,-0.010492401197552681,-0.0012321830727159977
-0.0003519998281262815,0.1618575155735016,-0.0063343956135213375,-0.057316847145557404,-0.02524092048406601,0.0007234072545543313
0.006122719496488571,0.04974723979830742,-0.013224775902926922,-0.016169628128409386,-0.014451696537435055,0.022600296884775162
0.0005612073000520468,0.008164153434336185,-0.001517641474492848,-0.03551047295331955,-0.01591392047703266,-0.02522185631096363
0.0014157850528135896,0.045647818595170975,-0.008742410689592361,-0.04370066896080971,0.014653212390840054,-0.0333213172852993
-0.003464848268777132,-0.03497905284166336,-0.0022779072169214487,0.00563613697886467,0.019850894808769226,-0.00620147492736578
-0.009998698718845844,-0.03484055772423744,-0.006591576151549816,0.008470614440739155,0.023256774991750717,-0.0032698316499590874
-0.004757309332489967,-0.03713931515812874,-0.0027710164431482553,0.028776558116078377,0.11563464254140854,-0.009127238765358925
0.008545292541384697,-0.04341049864888191,-0.011692595668137074,-0.004272922407835722,0.020663300529122353,-0.0020526102744042873
0.025644930079579353,-0.04253196343779564,-0.01717948541045189,-0.0036984612233936787,0.034232527017593384,-0.004575952887535095
0.05178288742899895,-0.03487686812877655,-0.015203612856566906,0.006686791777610779,0.09352561831474304,-0.0020857949275523424
0.013453229330480099,-0.09649430215358734,-0.003424508962780237,-0.0007349268416874111,-0.011746982112526894,0.011309502646327019
-0.0007111186278052628,-0.06540736556053162,-0.0028172696474939585,0.007354928646236658,0.011458562687039375,0.0033755400218069553
-0.00638193404302001,-0.0978473573923111,-0.01136405672878027,0.016563354060053825,0.02565714344382286,0.008291525766253471
-0.010532363317906857,-0.10107756406068802,-0.017827991396188736,0.007985525764524937,0.03533446788787842,0.00789826549589634
-0.007965723052620888,-0.0690615326166153,-0.001089746132493019,0.013288352638483047,0.038579750806093216,0.004004271235316992
-0.004974606912583113,-0.02937803976237774,-0.005087181925773621,0.02931782230734825,0.037904828786849976,0.003404857823625207
-0.0034511256963014603,0.014533473178744316,-0.004973358474671841,0.04157561436295509,0.11619064956903458,0.008421321399509907
0.005674111656844616,0.01259574294090271,-0.002215026877820492,0.012747486121952534,0.06640897691249847,0.00909933540970087
-0.0027969665825366974,0.03177393227815628,0.0008795433677732944,0.03802007809281349,0.07778379321098328,-0.0033739078789949417
-0.0035872585140168667,0.06327029317617416,-0.0006489810766652226,0.007321749348193407,0.030233358964323997,-0.008721531368792057
-0.004715546499937773,0.01613026112318039,-0.0077376835979521275,0.008876864798367023,0.09112993627786636,0.009415697306394577
-0.0004624611174222082,0.016992181539535522,0.003896004520356655,0.0008242534822784364,0.014405947178602219,-0.007640816271305084
-0.003984218463301659,0.005657303612679243,-0.00407000444829464,-0.0108676478266716,0.019624076783657074,-0.022846413776278496
-0.0027018615510314703,0.019273364916443825,-0.0013126505073159933,0.02726740762591362,0.05746518820524216,-0.011950194835662842
0.011466668918728828,0.014844756573438644,-0.00826307013630867,-0.013397212140262127,-0.010019997134804726,-0.026083068922162056
0.023294784128665924,0.006883658934384584,-0.010065588168799877,-0.012645034119486809,0.054981544613838196,-0.03028404526412487
0.03628688305616379,0.016476895660161972,-0.01119287870824337,0.015930548310279846,-0.014345785602927208,-0.03210052475333214
0.0360550731420517,0.01355857402086258,-0.010426932014524937,0.011609429493546486,0.023532282561063766,-0.03266662359237671
0.03912447392940521,0.004406325053423643,-0.01052306778728962,0.01900312304496765,-0.02516908384859562,-0.03128671646118164
-0.002330926014110446,-0.004448197782039642,-0.004716931842267513,-0.02785978466272354,-0.018603388220071793,-0.021483227610588074
0.03466597944498062,0.005520499311387539,-0.015654021874070168,-0.03244345635175705,-0.015970243141055107,-0.03632587194442749
-0.00498993881046772,-0.03874141350388527,-0.003414382226765156,0.013228757306933403,0.08707836270332336,0.00604525301605463
-0.00225629610940814,-0.029041603207588196,-0.0018923283787444234,-0.007571135647594929,0.12428074330091476,-0.02252972684800625
0.003684648312628269,0.002991192042827606,-0.012901628389954567,0.03756311535835266,0.021525241434574127,-0.0009072803659364581
0.012933697551488876,-0.037828169763088226,-0.010208168998360634,0.025967320427298546,0.0876917913556099,-0.007238219957798719
-0.004976592492312193,-0.03673845902085304,-0.004295311402529478,0.023629080504179,0.03878910094499588,-0.007043639663606882
-0.0006741788820363581,-0.06258853524923325,-0.007165101822465658,0.0007677612011320889,0.015865981578826904,-0.0070773763582110405
-0.005123331677168608,-0.035515740513801575,-0.004023380111902952,0.0005175528931431472,0.019197439774870872,-0.003458632156252861
-0.01348794624209404,-0.03939652070403099,-0.0016381279565393925,0.014887223020195961,0.05272655934095383,-0.007135543506592512
-0.00561904814094305,-0.07084426283836365,-0.005508027505129576,0.002449645195156336,0.037743307650089264,0.00410101842135191
-0.0057967607863247395,-0.07926920801401138,-0.0052171978168189526,-0.0035087696742266417,0.035523053258657455,0.002369436901062727
-0.010010180994868279,-0.035199277102947235,-0.004579631146043539,0.0016842838376760483,0.021096033975481987,-0.0029869291465729475
-0.005769316107034683,-0.03505486622452736,-0.0051669469103217125,0.00634826859459281,-0.015822196379303932,0.001511010224930942
-0.01515793427824974,-0.05761807784438133,-0.013185662217438221,0.020354803651571274,0.01753830723464489,-0.0006028059287928045
-0.02266332134604454,-0.04543851315975189,-0.011888479813933372,0.019117487594485283,-0.014345825649797916,-0.011256478726863861
-0.014143748208880424,-0.07512762397527695,-0.0031151515431702137,0.016001248732209206,-0.010854166001081467,0.00341573148034513
-0.0012016476830467582,-0.08144668489694595,-0.004857902880758047,0.013497349806129932,0.02966971881687641,-0.005369911901652813
0.0009032436064444482,0.03463108465075493,-0.001168111921288073,0.04905559495091438,0.038129787892103195,-0.01538830902427435
0.0011056485818699002,0.024064568802714348,0.002777047688141465,0.03529438376426697,0.07865101844072342,-0.02737182378768921
0.0006329983007162809,0.029851194471120834,0.0027456306852400303,0.05330851674079895,0.08373960852622986,-0.017741670832037926
0.003091277088969946,0.057623155415058136,-0.0034917937591671944,0.035448625683784485,0.06170748174190521,-0.027581848204135895
-0.0015172084094956517,0.06955378502607346,0.0003051553503610194,0.04625306278467178,0.05947904661297798,-0.00629883399233222
-0.002609758637845516,0.025014709681272507,9.617953764973208e-05,0.030441338196396828,0.03181815892457962,-0.02560957707464695
0.022268006578087807,0.018737977370619774,-0.013351859524846077,0.029247596859931946,0.10139413923025131,-0.03607473149895668
0.0046112569980323315,0.01602417603135109,-0.0029899266082793474,0.015474214218556881,0.03394492715597153,-0.027616357430815697
-0.004156294744461775,0.014944279566407204,-0.0027130150701850653,0.01066841371357441,0.019397271797060966,-0.023458197712898254
-0.002601180924102664,0.01605604961514473,-0.002683380851522088,0.027694668620824814,0.03738270699977875,-0.029681826010346413
0.03480323404073715,0.006874816957861185,-0.020507920533418655,0.017239544540643692,0.014066611416637897,-0.03573877736926079
-0.00555005855858326,-0.026403848081827164,-0.004528176970779896,0.0040672942996025085,0.08180972933769226,-0.013193057850003242
0.0010394210694357753,-0.043321914970874786,-0.008467106148600578,0.02806871198117733,0.010694342665374279,0.0030667479149997234
-0.003618956310674548,0.014440133236348629,0.0013892275746911764,-0.021905573084950447,0.0326823964715004,-0.026334676891565323
0.0015739204827696085,-0.03627889230847359,-0.009364280849695206,0.030214326456189156,0.01830720342695713,-0.0012894871179014444
0.032820895314216614,-0.03612209111452103,-0.016325755044817924,0.025899864733219147,-0.0070230732671916485,0.0021645643282681704
-0.00016134799807332456,-0.04586242884397507,-0.007663523778319359,0.026357322931289673,0.03501173481345177,-0.0020569274201989174
-0.0065198177471756935,-0.03553956374526024,-0.004592978395521641,0.030249154195189476,0.02583126537501812,-0.0016187819419428706
0.009381821379065514,-0.04669414460659027,-0.006917715538293123,0.013252029195427895,0.022816523909568787,4.064197128172964e-05
0.041381627321243286,-0.01792844384908676,-0.01739523559808731,0.027558932080864906,0.03506772220134735,-0.010350421071052551
0.0019481906201690435,0.01547272503376007,-0.0003083795600105077,0.00811812374740839,0.04037199169397354,-0.03331702575087547
-0.005889646243304014,-0.06150008738040924,-0.006501833442598581,-0.00018419060506857932,0.018479308113455772,-0.003099803114309907
0.002587268128991127,-0.039370376616716385,-0.009398337453603745,0.003769450355321169,0.008984740823507309,0.0015962828183546662
-0.017246484756469727,-0.07153567671775818,0.00014388017007149756,-0.00020329574181232601,0.022584374994039536,0.00265516247600317
-0.007134942337870598,-0.02291027642786503,-0.002211530925706029,0.01251931581646204,-0.0009293596376664937,0.002265132963657379
-0.015343652106821537,-0.04390634596347809,-0.0014412601012736559,-0.0011990690836682916,0.008522484451532364,-0.0021837863605469465
-0.019812697544693947,-0.052618615329265594,-0.011160065419971943,-0.00406816229224205,0.019198264926671982,0.0016698046820238233
-0.0008689329260960221,-0.10466988384723663,-0.013308728113770485,0.016075965017080307,0.0349389910697937,-0.029101042076945305
-0.010310927405953407,-0.07107096165418625,-0.002793804509565234,0.0205494686961174,0.017935117706656456,-0.032426539808511734
-0.009504349902272224,-0.00784337054938078,0.005524687003344297,0.0410156212747097,0.0014956725062802434,-0.022493956610560417
-0.003917827270925045,-0.026721272617578506,0.004378305282443762,0.03417113795876503,0.1298254132270813,-0.024774830788373947
0.00035347617813386023,0.014318147674202919,-0.0026452848687767982,0.051372747868299484,0.09056254476308823,-0.03004140406847
-0.004745405167341232,0.013882298953831196,-0.005293592344969511,0.037511952221393585,0.11389034986495972,-0.030963977798819542
0.02146444097161293,0.024514928460121155,-0.022282976657152176,0.03380797430872917,0.11620906740427017,-0.03795678913593292
0.03308124840259552,0.05622578039765358,-0.01745426468551159,0.027981886640191078,0.06599631160497665,-0.04167301952838898
-0.0022479735780507326,0.025248419493436813,-0.0004867787938565016,0.05536139756441116,0.11408788710832596,-0.03331192955374718
0.020036738365888596,0.015286874957382679,-0.012676416896283627,0.01657179743051529,0.023671967908740044,-0.036476634442806244
-0.0030549601651728153,-0.08176535367965698,-0.006947021931409836,0.014986103400588036,0.013527700677514076,0.002812456339597702
-0.0010505053214728832,-0.06507332623004913,-0.006192224565893412,0.005133820232003927,0.02068788930773735,0.009856992401182652
-0.004867760464549065,-0.037961769849061966,-0.006381720304489136,0.019472697749733925,0.019807951524853706,-0.005080199800431728
-0.0037209459114819765,-0.04123552516102791,-0.006162718869745731,0.021115511655807495,0.03185664862394333,-0.014782240614295006
0.001200657687149942,-0.012256252579391003,-0.004993407987058163,-0.015951884910464287,0.03032280132174492,-0.029175471514463425
-0.006802012678235769,-0.061483293771743774,-0.005588321480900049,0.022982748225331306,-0.0009357594535686076,0.0019696748349815607
-0.011674304492771626,-0.08008789271116257,-0.0017617953708395362,0.018025856465101242,0.019380666315555573,-0.00010587643919279799
-0.006869254168123007,-0.08858436346054077,-0.0032104002311825752,0.016873767599463463,0.01979515701532364,0.001049438607878983
-0.00614837696775794,-0.07343357801437378,-0.005101343616843224,0.00023841015354264528,0.020421644672751427,0.0025810599327087402
-0.003477430669590831,-0.009019560180604458,-0.004484508652240038,0.03018801473081112,-0.04569586366415024,0.0013508268166333437
-0.004475570283830166,0.021982325240969658,0.006639759987592697,0.042731981724500656,-0.02155156433582306,0.010396361351013184
-0.0023275858256965876,0.012629218399524689,0.007496712729334831,0.015096974559128284,0.015853315591812134,0.00848747231066227
-0.011548945680260658,-0.04036971181631088,-0.006493001710623503,0.007366538979113102,-0.015425985679030418,-0.002492161002010107
-0.02155802585184574,-0.06028670817613602,-0.005363979376852512,-0.00968102179467678,0.005314437206834555,-0.0004053448501508683
-0.012914762832224369,-0.06851331889629364,-0.0011379801435396075,-0.0026649758219718933,0.04152204468846321,-0.00370390759781003
-0.0010288185440003872,-0.03627500310540199,-0.008680959232151508,0.0006800148403272033,0.03451451659202576,-0.002032509306445718
-0.004385172855108976,-0.0011430791346356273,0.0010801390744745731,0.018956340849399567,0.11977841705083847,-0.00025953768636099994
0.0031149182468652725,-0.03400764986872673,0.0025412666145712137,0.0455520823597908,0.12349674850702286,-0.008106186985969543
0.0048151868395507336,-0.0331902876496315,-0.0023677279241383076,0.061691708862781525,0.2082645297050476,0.0006386593449860811
-0.0004898248007521033,-0.029104776680469513,-0.0023100373800843954,0.02752659097313881,0.08270261436700821,-0.015788614749908447
-0.00863446295261383,-0.08960939943790436,-0.00011945791629841551,0.005724125076085329,0.000484183692606166,-0.005656751804053783
-0.004545190371572971,-0.06603441387414932,-0.0014435229822993279,0.012154613621532917,0.03427674248814583,-0.01732802391052246
-0.015053678303956985,-0.09616580605506897,0.0001339352602371946,0.008940489031374454,0.04007614776492119,-0.013770556077361107
-0.0067305536940693855,-0.08179670572280884,-0.0037960675545036793,0.014505100436508656,0.03939233347773552,-0.023249946534633636
-0.0035244261380285025,0.00783265195786953,-0.0036894052755087614,-0.041775766760110855,0.022273104637861252,-0.03153091296553612
-0.006683954503387213,-0.037147242575883865,-0.003698998363688588,0.023050319403409958,0.021717919036746025,-0.023866113275289536
-0.002845024922862649,0.023630036041140556,-0.002690213732421398,0.04109920188784599,-0.053871504962444305,-0.0036037489771842957
0.002649643225595355,0.029320167377591133,0.0168828833848238,0.047370269894599915,-0.008162224665284157,-0.0032755155116319656
0.007686938159167767,0.01562899351119995,0.0009743224363774061,0.03697014972567558,-0.016374772414565086,-0.0033133667893707752
-0.009995847940444946,0.09016871452331543,0.039069727063179016,0.018886635079979897,0.026149990037083626,-0.007747249212116003
-0.013583206571638584,-0.040621764957904816,0.0014852503081783652,0.004194359760731459,0.0026144972071051598,-0.011741824448108673
-0.015766503289341927,-0.08373242616653442,-0.015712125226855278,0.0017117314273491502,0.013885227032005787,-0.011207055300474167
-0.0037382999435067177,-0.06891375035047531,-0.001101127709262073,-0.005478575825691223,0.08746792376041412,-0.014067032374441624
-0.005792917218059301,-0.03849964588880539,0.0025017843581736088,0.06133655458688736,0.18209683895111084,0.008359082043170929
-0.016143230721354485,-0.0977032482624054,0.001311090774834156,0.006180956494063139,-0.015660075470805168,-0.014303094707429409
0.0025362344458699226,-0.08422490954399109,0.002411310328170657,0.0116940438747406,0.018919816240668297,-0.016513656824827194
-0.004211705178022385,0.007521346211433411,0.006993965245783329,0.012948897667229176,-0.058584362268447876,0.0003226270782761276
-0.004812296945601702,0.013162889517843723,0.004780986811965704,0.03088507428765297,-0.05257878825068474,0.0009539526072330773
0.011353051289916039,0.0018943978939205408,0.023123055696487427,0.0005941088311374187,-0.043922826647758484,0.004572889767587185
-0.007532129995524883,0.0028920748736709356,-0.004547969903796911,-0.02683192677795887,0.016735080629587173,-0.024082034826278687
-0.005304241087287664,0.03160463646054268,0.018235541880130768,0.03757746145129204,0.004410793073475361,-0.006577450782060623
-0.0002723429352045059,0.003963838331401348,0.027562983334064484,0.041106753051280975,0.01297199260443449,-0.010252758860588074
-0.006500096060335636,0.01763056591153145,0.019638892263174057,0.03967127203941345,0.08660323172807693,-0.01566747948527336
-0.007817855104804039,0.03382771089673042,0.034220147877931595,0.039299286901950836,0.03734170272946358,-0.015812983736395836
-0.013184520415961742,-0.07848694920539856,-0.001743716886267066,0.011494247242808342,0.012192499823868275,-0.012923581525683403
-0.003444560570642352,0.017188837751746178,0.00678054615855217,0.005036686547100544,-0.06268803775310516,0.002110661007463932
-0.00754428980872035,-0.09044142812490463,-0.002902152482420206,0.005732789635658264,0.01192212663590908,-0.016099361702799797
-0.004633535165339708,0.016170106828212738,0.018402542918920517,0.016442982479929924,-0.017511017620563507,-0.00220130430534482
-0.0022362349554896355,-0.004895509220659733,0.022824160754680634,0.030752962455153465,-0.01340444665402174,-0.008960660547018051
-0.00810848269611597,0.03183415159583092,0.04269162937998772,0.024205787107348442,0.026845263317227364,-0.011005694977939129
-0.0005333310691639781,0.035938140004873276,0.03677089884877205,0.026596717536449432,0.02141394093632698,-0.012058923952281475
0.009883640334010124,0.030985938385128975,0.0412336029112339,0.032832372933626175,0.006622578017413616,-0.009554024785757065
0.03580513596534729,0.008733158931136131,-0.018716860562562943,0.05707607418298721,0.025841455906629562,-0.0068544186651706696
-0.008451282046735287,-0.06015331298112869,0.0007664033328182995,0.01898655854165554,0.0160958394408226,-0.024552566930651665
-0.005957076791673899,-0.09057731181383133,0.0027959353756159544,0.00906046200543642,0.011475433595478535,-0.024432215839624405
0.004447145853191614,-0.09022180736064911,-0.0011989879421889782,0.00356336054392159,-0.025300513952970505,-0.02116302028298378
0.008727746084332466,-0.07705234736204147,0.004687651991844177,-0.0023960017133504152,0.012201957404613495,-0.027127394452691078
-0.00577966496348381,-0.037610020488500595,0.00015374520444311202,0.03050440177321434,0.09577208012342453,-0.033421970903873444
-0.005741963163018227,-0.03355492278933525,-0.002893624361604452,0.03342004120349884,0.03682433441281319,-0.02645036391913891
-0.014726584777235985,0.01753389649093151,0.005133423488587141,0.03411558270454407,-0.01448136381804943,-0.008820257149636745
-0.015293586999177933,-0.08502723276615143,-0.0018975854618474841,0.025935910642147064,0.03477367013692856,0.00549336289986968
-8.554558007745072e-05,0.06206943094730377,1.1418967915233225e-05,-0.011691763065755367,-0.039225731045007706,0.007270109374076128
-0.006650920491665602,-0.03622715547680855,-0.0029192764777690172,0.016822298988699913,0.012224107049405575,-0.023444900289177895
-0.012417323887348175,-0.03220371529459953,-0.000565970316529274,0.0123151745647192,-0.014313768595457077,-0.01785067655146122
-0.002880276180803776,-0.027530167251825333,-0.004433113150298595,0.032537344843149185,0.017416737973690033,-0.03208088502287865
-0.009450794197618961,-0.027126116678118706,-0.0006724833510816097,0.032766442745923996,0.015736155211925507,-0.026540229097008705
0.02655344270169735,-0.00326328887604177,-0.005558720324188471,0.024124527350068092,-0.012889696285128593,-0.034202609211206436
0.0034809261560440063,0.01039942353963852,0.0020161971915513277,-0.012423663400113583,0.008271586149930954,-0.0008349920972250402
-0.010303459130227566,-0.026485612615942955,-0.0016649229219183326,-0.002938232384622097,-0.039095669984817505,-0.015070877969264984
-0.01978154480457306,0.02465151622891426,0.03807574138045311,-0.02862907573580742,-0.043906934559345245,-0.002346411580219865
-0.0017571474891155958,0.01514657773077488,0.0486181303858757,-0.019378727301955223,0.02977471984922886,-0.01327018067240715
0.004512545187026262,0.014851504936814308,-0.00720249256119132,-0.01975345052778721,0.021115755662322044,-0.02591443806886673
0.03962341696023941,-0.03319256752729416,-0.017200155183672905,-0.006765613332390785,0.022836478427052498,-0.030025003477931023
-0.0067280433140695095,-0.017053186893463135,-0.0034428387880325317,-0.009913278743624687,0.014042006805539131,-0.02156851813197136
0.01081299688667059,-0.038518596440553665,-0.004770845640450716,0.03066527098417282,-0.005748112220317125,-0.026405442506074905
-0.002109979745000601,-0.03858226537704468,-0.0038443084340542555,0.03886637091636658,0.019656533375382423,-0.03196795657277107
-0.004980920348316431,-0.034795429557561874,-0.002973112976178527,0.009631242603063583,-0.02018207311630249,-0.02245388552546501
-0.00500109139829874,-0.032835133373737335,-0.0027923115994781256,0.024039797484874725,-0.012813877314329147,-0.019342005252838135
0.02286900393664837,0.01553159300237894,-0.012283465825021267,0.015721691772341728,-0.019932156428694725,-0.027865609154105186
0.035318564623594284,0.01679300144314766,-0.015532835386693478,0.0404076986014843,-0.022313477471470833,-0.03151898458600044
0.004799858666956425,0.017964093014597893,0.022847607731819153,-0.02557745948433876,0.005828519817441702,-0.022873530164361
-0.002984903985634446,0.005618659313768148,0.04609227180480957,-0.026314029470086098,0.023918962106108665,-0.03307739272713661
-0.004911972675472498,-0.021856753155589104,0.004325196146965027,-0.031074075028300285,0.03747664764523506,-0.025731943547725677
-0.006028337404131889,-0.006956575438380241,0.0025840599555522203,-0.027210086584091187,0.036671608686447144,-0.025601394474506378
-0.00022128284035716206,-0.031032443046569824,-0.003080451861023903,-0.0074067371897399426,0.022599486634135246,-0.023292504251003265
0.0388873815536499,-0.06251024454832077,-0.0065427497029304504,0.020842699334025383,-0.006720082834362984,-0.032240014523267746
0.001052169594913721,-0.05950268357992172,-0.006324114743620157,0.010516957379877567,-0.03629998117685318,-0.022286919876933098
-0.005961471702903509,-0.03594550862908363,-0.0005385643453337252,0.024161333218216896,-0.013332114554941654,-0.023096883669495583
0.00024935128749348223,-0.03011251613497734,-0.004121316131204367,0.033577412366867065,0.010192563757300377,-0.030361924320459366
-0.008939992636442184,-0.028712376952171326,-0.0012329504825174809,-0.016131365671753883,0.04204293712973595,-0.015856312587857246
-0.0029629324562847614,-0.03186546266078949,-0.004903252702206373,-0.015153681859374046,0.04253053292632103,-0.027555113658308983
-0.007371826097369194,0.01825624331831932,0.04010452702641487,-0.013922903686761856,-0.03422968089580536,-0.0023179491981863976
-0.0020873143803328276,0.018261510878801346,0.03947886452078819,-0.018605630844831467,0.02406328171491623,-0.031154964119195938
0.06411344558000565,0.008215270936489105,0.04554114118218422,-0.031897541135549545,0.015308387577533722,-0.041169896721839905
0.0031461999751627445,-0.030629141256213188,-0.006274058949202299,-0.011009735986590385,0.08267814666032791,-0.026398342102766037
0.0069904085248708725,-0.03187774866819382,-0.002713478170335293,0.0361749604344368,0.00938626378774643,-0.02768538147211075
0.04593018442392349,0.0030950834043323994,-0.015578522346913815,0.012450204230844975,-0.02035551145672798,-0.03305209428071976
-0.0054002064280211926,-0.028618602082133293,-0.0020942436531186104,0.016648773103952408,-0.015115057118237019,-0.003690149635076523
0.000824028393253684,-0.027110030874609947,-0.0023458171635866165,-0.01479917112737894,0.12908585369586945,-0.033160801976919174
-0.0034940822515636683,-0.031148983165621758,-0.0030287313275039196,-0.011705927550792694,0.040979769080877304,-0.02712935581803322
-0.004510772880166769,-0.028756633400917053,-0.004698183387517929,-0.012774604372680187,0.019120335578918457,-0.028411326929926872
-0.009594514034688473,0.012401258572936058,0.04106304049491882,-0.01829560659825802,-0.01316860318183899,-0.02866341918706894
-0.008049611002206802,0.013793048448860645,0.03297361359000206,-0.022952361032366753,-0.03783918917179108,-0.021594902500510216
-0.002238997258245945,-0.024981988593935966,-0.0017627821071073413,-0.025334196165204048,-0.021139908581972122,-0.02162514254450798
0.03677273541688919,0.0047434112057089806,-0.019087638705968857,-0.020222200080752373,0.0031331295613199472,-0.030748946592211723
0.032935332506895065,-0.031029224395751953,-0.009840013459324837,-0.0064717065542936325,0.057280197739601135,-0.02919916994869709
-0.003366325981914997,-0.032205644994974136,-0.003102394985035062,-0.012332083657383919,0.027092063799500465,-0.02280339226126671
-0.0011691674590110779,-0.04327971488237381,0.0017558734398335218,0.023958997800946236,0.020756632089614868,-0.02504916861653328
-0.005389378871768713,-0.03656569495797157,0.0008517613168805838,0.013991846702992916,0.02163231559097767,-0.02327268011868
-0.008983343839645386,-0.03495493903756142,-0.0011602379381656647,0.011185149662196636,0.02795064076781273,-0.024296050891280174
-0.005235324613749981,-0.031193336471915245,-0.0056671928614377975,-0.003251126501709223,0.01671046018600464,-0.02008521743118763
-0.001501691178418696,0.00601550005376339,-0.005680970381945372,-0.027841666713356972,-0.014605698175728321,-0.01937062107026577
-0.004876958206295967,-0.0042792982421815395,-0.0029011156875640154,-0.004014967009425163,0.024601902812719345,-0.010331369936466217
0.00965837948024273,-0.029449479654431343,-0.005406970623880625,-0.015253696590662003,-0.01618024706840515,-0.017592422664165497
0.0009590376866981387,-0.026122571900486946,-0.006424021907150745,-0.025056123733520508,-0.022001970559358597,-0.019220568239688873
-0.006728077307343483,-0.024516373872756958,-0.003480010898783803,-0.02760973758995533,0.015892067924141884,-0.013169537298381329
0.00012724963016808033,-0.008756359107792377,-0.00551549531519413,-0.025932613760232925,0.01309976540505886,-0.031311940401792526
0.005155578255653381,-0.008097933605313301,-0.004987602587789297,-0.01980373077094555,-0.011657113209366798,-0.028301293030381203
-0.0038439626805484295,-0.02366759441792965,-0.006110878195613623,-0.01809394732117653,-0.05425984784960747,-0.02720452845096588
-0.0019479120383039117,0.015519198030233383,0.0060580275021493435,-0.025213049724698067,-0.008716799318790436,-0.02672291174530983
-0.0072564720176160336,-0.011566213332116604,-0.003830336034297943,-0.014743494801223278,0.01999674364924431,-0.022502608597278595
-0.00510202394798398,0.01633203774690628,0.0156799778342247,-0.022277209907770157,0.015861952677369118,-0.0257693063467741
-0.0038493566680699587,0.004314842633903027,-0.0034496078733354807,-0.017451224848628044,0.020649932324886322,-0.025166183710098267
-0.004836954642087221,-0.022975333034992218,0.0013616442447528243,0.007706910837441683,0.010472395457327366,0.005012724082916975
-0.005328779574483633,-0.004265740979462862,-0.0017820339417085052,-0.022526919841766357,-0.04780590534210205,-0.010807030834257603
-0.005800532642751932,-0.0046408348716795444,-0.00010516179463593289,-0.010691548697650433,-0.11111682653427124,-0.012689808383584023
-0.009678822010755539,-0.0026750583201646805,-0.004676760174334049,-0.015321879647672176,-0.10108205676078796,-0.01128051895648241
-0.008633679710328579,-0.00831149984151125,-0.004896343220025301,-0.024153944104909897,-0.017404092475771904,-0.0212746299803257
-0.004426522646099329,-0.022007348015904427,-0.0028866706416010857,-0.02610720880329609,-0.012438020668923855,-0.015796281397342682
-0.006325569935142994,-0.008002165704965591,-0.0014146438334137201,-0.02369844540953636,-0.03193451091647148,-0.033923644572496414
0.03849506750702858,0.009573466144502163,0.03795182704925537,-0.01729675941169262,0.025647757574915886,-0.03791189193725586
0.05746660754084587,-0.040321461856365204,0.0001635384396649897,-0.006285826675593853,0.043734289705753326,-0.029541147872805595
-0.00037137087201699615,-0.03995346650481224,-0.002736456925049424,0.014770776964724064,0.030252648517489433,-0.026126394048333168
-0.006919897627085447,-0.014580262824892998,-0.0038350499235093594,0.012730023823678493,0.037770096212625504,-0.02558659017086029
-0.011567700654268265,-0.028908055275678635,0.0015589455142617226,-0.01209895871579647,-0.044283971190452576,-0.0007245949818752706
-0.006182024721056223,0.008187255822122097,0.0005325410747900605,-0.022040575742721558,-0.04751894623041153,0.004695562180131674
-0.0034589923452585936,0.003264694707468152,-0.0022875515278428793,-0.02840769663453102,-0.027571098878979683,-0.004123895429074764
-0.009410383179783821,0.007288523018360138,-0.001993103651329875,-0.051976487040519714,0.00020720373140648007,-0.02207951620221138
-0.006160452496260405,0.005085263401269913,-0.004169079475104809,-0.024892650544643402,-0.0778859555721283,-0.017143819481134415
0.000872428179718554,0.005171958357095718,-0.0020003875251859426,-0.048304300755262375,-0.03667708486318588,-0.02452491596341133
0.033432718366384506,-0.02748931385576725,-0.012818449176847935,-0.04059843719005585,-0.015293989330530167,-0.02665487490594387
0.0011489549651741982,-0.028773346915841103,-0.0037303809076547623,-0.01537366397678852,-0.02564607374370098,-0.011186028830707073
0.007970535196363926,-0.028110792860388756,-0.005145001225173473,-0.02920210361480713,-0.04013880342245102,-0.015684742480516434
-0.009319656528532505,-0.02585911750793457,-0.005906573962420225,-0.02430630475282669,-0.026603735983371735,-0.017816027626395226
0.06322935968637466,0.004996505565941334,0.024825990200042725,-0.015102893114089966,0.009161303751170635,-0.029330074787139893
0.0052070715464651585,0.0035125596914440393,-0.0009233825257979333,-0.012833337299525738,-0.013052861206233501,-0.0219481959939003
0.004157353658229113,-0.0320005863904953,-0.006258745212107897,-0.006854950916022062,0.020572256296873093,-0.02347266674041748
0.05702032521367073,-0.03945751115679741,0.024662164971232414,0.012747983448207378,0.06046593561768532,-0.03443598374724388
-0.0044687348417937756,-0.030697574838995934,-0.0030532311648130417,-0.004033572971820831,0.014054019935429096,-0.022261688485741615
-0.009381085634231567,0.18054313957691193,0.03428933396935463,0.05409906804561615,0.09764202684164047,-0.019699906930327415
-0.007304258178919554,-0.027073156088590622,-0.0008638210711069405,0.019761502742767334,-0.0257805734872818,-0.0035386988893151283
-0.0018258403288200498,-0.03351408615708351,0.0013368617510423064,0.0253888126462698,-0.015979226678609848,-0.007877448573708534
-0.0028594983741641045,0.01085997186601162,-0.0037495570722967386,-0.043740056455135345,0.0006989917601458728,-0.02384946122765541
-0.007515729870647192,0.004791786894202232,-0.004933169577270746,-0.020133933052420616,-0.0731651782989502,-0.015829317271709442
-0.005973303224891424,-0.02677055075764656,0.00022273565991781652,-0.02877969667315483,-0.06118565425276756,-0.00072630331851542
-0.006179372780025005,-0.020177628844976425,0.0007961930823512375,-0.04881258308887482,-0.04762185364961624,-0.020397216081619263
-0.006555373780429363,-0.03129325434565544,-0.004122781101614237,-0.010255875997245312,-0.02473500184714794,-0.014257451519370079
-0.0012879890855401754,-0.02819165214896202,-0.004423053003847599,-0.04033074527978897,-0.022093402221798897,-0.019548678770661354
-0.003332543885335326,-0.028767934069037437,-0.0023224682081490755,-0.02126418799161911,-0.025060392916202545,-0.013253923505544662
-0.004274146165698767,0.014729106798768044,0.00012876317487098277,0.008961786516010761,0.012203626334667206,-0.011187627911567688
-0.0003763347049243748,0.008659047074615955,-0.0020617295522242785,0.014617064036428928,-0.013386373408138752,-0.011217424646019936
0.0013558976352214813,0.020389452576637268,-0.00594090623781085,0.010889686644077301,0.0024079533759504557,-0.017932217568159103
0.007123233284801245,0.0030978627037256956,-0.004883226938545704,0.013605227693915367,-0.03407803550362587,-0.019084393978118896
-0.009426436387002468,-0.027362465858459473,-0.0059929355047643185,-0.03939429298043251,-0.01645798794925213,-0.020679328590631485
-0.006114001851528883,0.013603467494249344,-0.0023354929871857166,-0.01894162967801094,-0.013034649193286896,-0.014235064387321472
-0.004229490179568529,0.00903875008225441,-0.002830429468303919,-0.00844753347337246,-0.012604936957359314,-0.02500835806131363
-0.006010684184730053,-0.02773624286055565,-0.002375552663579583,-0.027670137584209442,-0.048277150839567184,-0.018146848306059837
-0.0040333992801606655,0.010861472226679325,-0.0011920477263629436,-0.01994904689490795,0.02433107979595661,-0.03027443401515484
-0.004831979051232338,0.011410988867282867,-0.003014856483787298,-0.02485630474984646,0.028086833655834198,-0.03300788626074791
0.03709996119141579,0.04383910447359085,-0.015131793916225433,-0.019725456833839417,0.021068476140499115,-0.040613941848278046
-0.0019006370566785336,0.003523152321577072,-0.004572300240397453,-0.020169733092188835,0.014437900856137276,-0.021760011091828346
-0.0015614544972777367,-0.02894466184079647,-0.0013471554266288877,-0.01157468743622303,0.01349599752575159,-0.021573886275291443
0.02916685864329338,0.01513353269547224,-0.012987061403691769,-0.014776136726140976,0.016127904877066612,-0.033177316188812256
0.04236436262726784,0.06966757774353027,-0.02102917619049549,-0.010000133886933327,0.045344430953264236,-0.035703204572200775
-0.006260658614337444,0.017219766974449158,-0.0023447663988918066,-0.015360623598098755,0.07185069471597672,-0.027239570394158363
-0.0038156190421432257,0.008912061341106892,-0.005471524316817522,-0.013284210115671158,0.02140246517956257,-0.02521512098610401
-0.0040533700957894325,0.016713865101337433,-0.004888839554041624,-0.01497111190110445,-0.0011836931807920337,-0.025939062237739563
-0.0007280014688149095,0.012249590829014778,-0.00477402750402689,-0.014392832294106483,0.0004107128188479692,-0.023346271365880966
-0.0034671248868107796,0.043370455503463745,-0.008086955174803734,-0.012506306171417236,0.0415971502661705,-0.02809300646185875
-0.0024797655642032623,0.013696118257939816,-0.0062230234034359455,-0.013614553026854992,0.021648593246936798,-0.004481976851820946
-0.004692406859248877,-0.029618604108691216,-0.004829408135265112,-0.010204825550317764,0.0170839074999094,-0.02414052188396454
-0.004119247198104858,-0.01687660999596119,-0.005505205597728491,-0.008157208561897278,0.016421396285295486,-0.021523017436265945
-0.00992502924054861,0.012190544046461582,-0.003746247850358486,-0.025610407814383507,0.016086185351014137,-0.035930342972278595
0.010199262760579586,-0.02897571586072445,-0.0015465824399143457,-0.0010738603305071592,0.02390383742749691,-0.005677064880728722
-0.0033798031508922577,-0.02591211535036564,-0.0065107401460409164,-0.021790891885757446,0.014487897977232933,-0.0072613004595041275
-0.006381053011864424,-0.025811417028307915,0.004599046893417835,-0.040756240487098694,-0.12445059418678284,-0.02490491420030594
-0.013012516312301159,-0.030710166320204735,0.002937169512733817,-0.05522514134645462,-0.28543129563331604,-0.013093867339193821
-0.014330982230603695,-0.02457701601088047,0.0044127474538981915,-0.052048444747924805,-0.22933317720890045,-0.008122975006699562
-0.009784144349396229,-0.07938335090875626,-0.01946943812072277,-0.003067498793825507,0.01660890132188797,-0.013633724302053452
-0.007388716097921133,-0.0268279816955328,-0.00882481224834919,-0.024770384654402733,-0.010730784386396408,0.019219281151890755
-0.002289790892973542,-0.03421613201498985,-0.00748646492138505,-0.02268463559448719,-0.01001716312021017,0.019445786252617836
-0.00545433908700943,-0.027365468442440033,-0.00586635060608387,-0.030512377619743347,0.021416369825601578,0.02026389352977276
-0.006151917856186628,-0.030233431607484818,-0.008796541020274162,-0.011267133988440037,-0.038496412336826324,0.01369542721658945
-0.001343641895800829,-0.02683054655790329,-0.007818514481186867,-0.023043008521199226,-0.048902008682489395,0.020532041788101196
-0.006231235805898905,-0.02686622552573681,-0.008427427150309086,-0.024898318573832512,-0.009061467833817005,0.01902414858341217
0.002667055930942297,0.004259766079485416,-0.011243626475334167,-0.03522374480962753,-0.009042162448167801,0.023149235174059868
-0.006392984185367823,-0.027438079938292503,-0.009157459251582623,-0.02732435055077076,0.010716712102293968,0.012666394002735615
-0.0056134420447051525,-0.02958313375711441,-0.005440896842628717,-0.021795811131596565,-0.03563305363059044,0.02735150046646595
-0.0069669573567807674,-0.02687857300043106,-0.008993608877062798,-0.018953029066324234,0.08130930364131927,0.0181295033544302
0.046045053750276566,0.01929117739200592,-0.016558803617954254,-0.023439820855855942,-0.051951467990875244,0.038353897631168365
-0.009136266075074673,0.015230735763907433,-0.006406357511878014,-0.018906334415078163,0.044116467237472534,0.01965411938726902
-0.006266630254685879,0.002033278113231063,-0.014968642964959145,-0.03615020215511322,0.1989840716123581,0.018464695662260056
-0.004960311111062765,0.007274255622178316,-0.006888874806463718,-0.018148919567465782,0.021371733397245407,-0.005943911615759134
-0.00567531306296587,-0.032957062125205994,-0.005609612446278334,-0.01013076864182949,0.013720564544200897,-0.004766319878399372
-0.0048822988756000996,-0.032924018800258636,-0.0025325948372483253,-0.010610487312078476,0.014581660740077496,-0.019927622750401497
-0.0032936029601842165,-0.03034995123744011,-0.0020406576804816723,-0.01243127603083849,0.011485498398542404,-0.02232980914413929
-0.003027802798897028,-0.029434990137815475,-0.0038169552572071552,-0.012747906148433685,0.015114996582269669,-0.021042656153440475
0.002972896909341216,0.08061996102333069,0.039293911308050156,-0.01580697111785412,0.14023566246032715,0.046949293464422226
-0.013237274251878262,0.11285463720560074,0.020752012729644775,0.025968926027417183,-0.05095190927386284,0.005527653265744448
-0.0055607943795621395,-0.03777337819337845,-0.0014144446467980742,0.018874401226639748,-0.019849849864840508,-0.012734545394778252
-0.002004538895562291,0.2510716915130615,0.027707455679774284,0.0774732232093811,0.060061339288949966,0.04935727268457413
-0.006688742432743311,-0.13587826490402222,0.007925678044557571,0.022220028564333916,-0.0754665955901146,0.07366710156202316
0.014381065033376217,0.007020306773483753,0.03024868294596672,-0.032127249985933304,-0.041121602058410645,-0.035842739045619965
-0.003684472292661667,0.015736546367406845,0.0011542823631316423,0.011559166945517063,-0.038206059485673904,0.024363745003938675
-0.015271127223968506,-0.033250145614147186,0.020161112770438194,0.026665082201361656,0.02430223859846592,0.08693970739841461
-0.0036135551054030657,-0.03232154622673988,0.006438557058572769,0.01479549240320921,-0.06378544121980667,0.005997577216476202
0.0070912945084273815,-0.03743072226643562,0.0009735282510519028,0.0077301631681621075,-0.07970710843801498,0.007994111627340317
0.07930757105350494,0.18034547567367554,0.06151970103383064,-0.0680675357580185,-0.021180875599384308,-0.012110784649848938
-0.003933588042855263,0.001323629287071526,0.002141058910638094,0.013339747674763203,-0.10601472109556198,0.010797160677611828
-0.007363348267972469,-0.03727371618151665,0.010217733681201935,0.007381345145404339,-0.10061069577932358,0.00879086647182703
-0.005048517137765884,0.013645058497786522,0.0035456169862300158,0.0049583278596401215,-0.057615626603364944,-0.0009596847812645137
0.006128128618001938,0.19826960563659668,-0.0067466930486261845,-0.06785742193460464,-0.008663306944072247,-0.02078716643154621
-0.009137027896940708,0.02395474910736084,0.0024116160348057747,-0.017891312018036842,-0.04364019259810448,0.005008454900234938
0.040472496300935745,0.1844490021467209,0.013150676153600216,-0.06431066989898682,0.034544043242931366,-0.034597694873809814
0.052350062876939774,0.17235709726810455,0.03048795647919178,-0.06321468949317932,-0.02202003262937069,-0.042574282735586166
-0.00393760995939374,-0.005932598374783993,0.005221330560743809,0.029825923964381218,-0.08052204549312592,-0.0039054725784808397
-0.011557446792721748,-0.04900575429201126,0.0009183846414089203,0.0545407310128212,-0.25765132904052734,0.01962890662252903
-0.01204104907810688,-0.09069505333900452,0.01539697591215372,0.04410041123628616,-0.257885605096817,0.01194886863231659
-0.01314540859311819,0.2306353747844696,0.03453230857849121,-0.07786194980144501,0.006068016868084669,-0.0181482695043087
-0.002239669905975461,0.1762685775756836,-0.0069457464851439,-0.07135426253080368,-0.009528574533760548,-0.02317730523645878
-0.005958555266261101,-0.025291096419095993,0.007447823416441679,-0.054304059594869614,-0.01947738416492939,-0.010886704549193382
-0.0012434220407158136,-0.02865573577582836,0.012902486138045788,-0.02074293978512287,0.010973766446113586,0.011657977476716042
-0.003298527793958783,0.016747822985053062,0.0428788885474205,-0.04235685244202614,-0.0071702818386256695,0.013345791958272457
-0.002108451910316944,0.024594297632575035,0.0321732796728611,-0.03846082091331482,-0.013647855259478092,-0.006858394481241703
0.0031767836771905422,0.27153295278549194,0.03159871697425842,0.047243449836969376,0.027163594961166382,0.014102919027209282
-0.02190750278532505,0.047371454536914825,0.0031605300027877092,0.03176279738545418,-0.06112881749868393,0.01878322660923004
-0.0003332161286380142,0.03282030299305916,0.0014768975088372827,0.07392159104347229,-0.02454579435288906,0.004361554980278015
-0.0004782133037224412,-0.025554297491908073,0.0020419019274413586,0.03317904472351074,-0.06363444030284882,0.029048698022961617
0.014839028008282185,-0.03792769834399223,0.012140450067818165,0.03200051560997963,-0.252665638923645,0.040723368525505066
0.06753867119550705,0.017157038673758507,0.008436741307377815,0.04589534178376198,-0.22431887686252594,0.005167538765817881
-0.013529980555176735,-0.029555683955550194,0.004803905729204416,-0.025006288662552834,-0.04254623502492905,-0.012050784192979336
-0.0021757956128567457,-0.029957853257656097,-0.0033132752869278193,-0.012109852395951748,0.009650200605392456,0.0020050115417689085
-0.017054151743650436,0.22333474457263947,0.028952421620488167,-0.0570589043200016,0.031042329967021942,0.01456519402563572
-0.009644606150686741,0.23467876017093658,0.03608832135796547,0.006374075077474117,0.034761082381010056,0.021360982209444046
-0.0020706073846668005,0.0810517743229866,0.017164472490549088,-0.0049519045278429985,-0.0026204863097518682,-0.04804719612002373
-0.010952415876090527,0.02975359372794628,0.017765209078788757,0.030754366889595985,0.004290187265723944,0.020197710022330284
0.004196777008473873,-0.03241807594895363,0.0018807367887347937,0.02811763435602188,-0.06045963987708092,0.046944256871938705
-0.010247516445815563,-0.05586380138993263,-0.0008045180002227426,-0.0020849655847996473,0.020404264330863953,-0.003222119063138962
-0.018082018941640854,-0.04708709940314293,0.0050775352865457535,-0.004310973454266787,-0.0631856694817543,-0.052118316292762756
-0.007676482666283846,-0.02914355881512165,0.016453973948955536,0.008745144121348858,-0.13721951842308044,-0.04369177296757698
0.050405897200107574,0.052125751972198486,0.005171314347535372,0.0436541810631752,-0.15600769221782684,-0.013712328858673573
-0.004061990417540073,-0.0297226719558239,0.021488094702363014,-0.014570476487278938,-0.13559426367282867,0.017185969278216362
-0.0247021596878767,-0.09862568974494934,-0.0166926272213459,-0.01661572977900505,-0.07491454482078552,0.01349985133856535
-0.004978938028216362,-0.07541316002607346,0.004864697810262442,0.032828036695718765,-0.05795806646347046,-0.018365465104579926
-0.013238664716482162,-0.062461771070957184,-0.0028103291988372803,0.009202290326356888,-0.019910316914319992,0.003980755805969238
-0.017379773780703545,-0.09672500938177109,-0.038434211164712906,-0.011045788414776325,-0.057710353285074234,0.021161407232284546
-0.012938153930008411,-0.020828597247600555,0.0324769951403141,-0.022829730063676834,-0.028046511113643646,-0.0501786544919014
-0.0042567080818116665,-0.07383815944194794,0.005550758447498083,0.03157838433980942,-0.05584963038563728,-0.02488386072218418
-0.014303292147815228,0.014253172092139721,-0.002148905536159873,0.053216274827718735,-0.028488267213106155,-0.007292607333511114
-0.0036518543493002653,0.021513663232326508,0.006462685763835907,-0.0353284515440464,0.018229270353913307,-0.07083144783973694
-0.005784809123724699,-0.013822883367538452,0.008620300330221653,0.0061870841309428215,-0.039397649466991425,-0.008746259845793247
-0.0037218607030808926,-0.024743633344769478,0.0012815193040296435,-0.029610974714159966,0.020999599248170853,-0.06649461388587952
0.0035110460594296455,0.01726064644753933,0.02661958523094654,-0.07162757962942123,0.08290158957242966,-0.07329651713371277
-0.005511889234185219,-0.027122778818011284,0.031151728704571724,-0.06816165149211884,0.08644060045480728,-0.07405760139226913
-0.006139328703284264,0.15662790834903717,0.006144728511571884,-0.05968338996171951,-0.058134738355875015,-0.08699740469455719
-0.0033174296841025352,0.14693038165569305,0.008632583543658257,-0.084876649081707,-0.008163566701114178,-0.06907722353935242
0.0006238149362616241,0.15418212115764618,0.006082865409553051,-0.0868937149643898,-0.020875707268714905,-0.08187537640333176
-0.007322307210415602,0.10752090066671371,0.026246191933751106,0.0029590001795440912,-0.06575462222099304,0.013778750784695148
-0.0017319306498393416,0.025261323899030685,0.04377220943570137,-0.04590515419840813,-0.034879833459854126,0.024577610194683075
0.032064709812402725,0.03414689749479294,0.05506892874836922,-0.05893949046730995,-0.011978751048445702,0.036345306783914566
0.05406663939356804,0.18273624777793884,0.018892815336585045,-0.09651584923267365,-0.04258020222187042,-0.06977590918540955
-0.002477213740348816,0.021353282034397125,0.010929375886917114,0.01685621775686741,-0.042837273329496384,0.005580890458077192
-0.0019527034601196647,-0.030017036944627762,-0.004678487312048674,-0.04628673940896988,0.04730027914047241,-0.053263455629348755
-0.002168134553357959,-0.026874536648392677,0.002819128567352891,-0.043988775461912155,0.035703908652067184,-0.05203596130013466
-0.008740082383155823,0.023654330521821976,-0.0073825824074447155,-0.03672685846686363,0.017643941566348076,-0.08655104786157608
-0.006702364422380924,0.02027643658220768,-0.0038489913567900658,-0.03650148585438728,0.015404414385557175,-0.06874731928110123
-0.00540480250492692,0.06933792680501938,-0.001201897975988686,-0.03619679808616638,0.04338822513818741,-0.08530191332101822
-0.025815004482865334,0.09624309837818146,0.030342184007167816,-0.05460931360721588,0.01832871325314045,-0.0960136279463768
0.00802163127809763,0.014638835564255714,-0.012975959107279778,-0.02109331451356411,0.2213270515203476,-0.0661761611700058
0.00034659416996873915,0.19333188235759735,0.0066810413263738155,0.04867570847272873,-0.03796824812889099,-0.00228754710406065
-0.006561975460499525,0.02579907514154911,0.04585760831832886,-0.04651438072323799,0.001202201354317367,0.02427719533443451
-0.008947674185037613,0.01467407587915659,0.03958760201931,-0.08194338530302048,-0.023868529126048088,0.0248864833265543
-0.019480809569358826,0.03203689306974411,0.030150314792990685,0.030911555513739586,0.02149708941578865,-0.029979383572936058
-0.005548152606934309,0.018304575234651566,0.012203759513795376,0.03107319585978985,-0.01022412534803152,0.012726540677249432
-0.022699182853102684,0.02096712216734886,0.010454638861119747,0.02963564358651638,-0.04508066177368164,0.008885258808732033
-0.009291920810937881,0.006062168162316084,-0.006972781382501125,0.0395614430308342,-0.056704360991716385,0.004465012811124325
-0.013179426081478596,-0.04991435632109642,-0.003306843340396881,-0.005114580038934946,-0.04183696210384369,0.009435531683266163
-0.021975437179207802,-0.037342846393585205,-0.017713258042931557,0.0032324641942977905,-0.043244410306215286,0.011181463487446308
-0.011982578784227371,0.015434293076395988,-0.003766418434679508,0.01168920285999775,-0.041676562279462814,0.010890084318816662
-0.002791672945022583,-0.02378811314702034,0.0007381226168945432,-0.038595281541347504,0.0869092047214508,-0.06293389946222305
0.0003247994463890791,0.012970060110092163,0.005071158520877361,-0.02278352901339531,0.028029445558786392,-0.06865835189819336
-0.00123498251195997,0.02681672014296055,-0.0014625369803979993,-0.009172124788165092,0.01694520190358162,-0.0815870463848114
-0.006762607488781214,0.025750374421477318,-0.006362744607031345,-0.01883995160460472,0.006337148603051901,-0.06265277415513992
-0.030529553070664406,0.016773730516433716,-0.009150436148047447,-0.02359095588326454,0.10471207648515701,-0.10119881480932236
-0.004736618138849735,0.0224972665309906,-0.0014261053875088692,-0.026309547945857048,0.04503545165061951,-0.06116210296750069
-0.00704954843968153,-0.06546349078416824,0.002773144282400608,0.012584145180881023,0.02567637898027897,-0.04049161449074745
-0.009392475709319115,-0.000873616139870137,-4.0838367567630485e-05,-0.027582092210650444,0.043875403702259064,-0.05916144698858261
-0.011652146466076374,-0.05680075287818909,0.0012633699225261807,-0.013502686284482479,-0.05959726870059967,-0.04198750853538513
-0.004453862085938454,-0.03750550374388695,0.0035557232331484556,0.019633682444691658,0.026222530752420425,-0.054411616176366806
-0.01599457859992981,0.03157249838113785,-0.0017177597619593143,0.02485976554453373,-0.04045435041189194,0.011290688998997211
-0.016408924013376236,-0.027667604386806488,-0.01011140551418066,0.0076867579482495785,-0.015613937750458717,0.00733416061848402
-0.011940346099436283,-0.03228142485022545,0.0038607704918831587,-0.0010241487761959434,-0.04071450233459473,0.009095792658627033
-0.028629586100578308,-0.014327476732432842,-0.00036598104634322226,0.0004692993825301528,-0.043686382472515106,0.013104256242513657
-0.01016904041171074,-0.028294498100876808,-0.0009376914822496474,-0.03342075273394585,0.0365164577960968,-0.08443519473075867
-0.002014222787693143,-0.027076348662376404,-0.0032898092176765203,-0.019567880779504776,0.02588777430355549,-0.0689738318324089
-0.005580505821853876,0.010909696109592915,-0.0031352397054433823,-0.04251325875520706,0.024556122720241547,-0.07641392946243286
0.07039833068847656,-0.0402054637670517,0.019208231940865517,0.028803154826164246,0.013220992870628834,-0.038740139454603195
-0.0018035870743915439,0.005131460260599852,-0.0036548839416354895,-0.05070933327078819,0.01650644838809967,-0.05651434138417244
0.03244242072105408,-0.023697933182120323,-0.012551362626254559,-0.02347738854587078,-0.01107538491487503,-0.06500434130430222
-0.010879752226173878,-0.031771279871463776,0.008721847087144852,-0.008026694878935814,0.02106611244380474,-0.02733280323445797
-0.009888965636491776,-0.03506818786263466,0.0029887526761740446,-0.0017756791785359383,0.030386146157979965,-0.019872911274433136
-0.029239065945148468,0.04045893996953964,0.013716447167098522,0.018453583121299744,-0.050545401871204376,0.008050878532230854
-0.022527622058987617,0.15306660532951355,0.029915060847997665,0.028199084103107452,0.009979686699807644,-0.006860632449388504
-0.021416611969470978,0.14398914575576782,0.013369088992476463,0.04447634145617485,-0.03525281324982643,-0.005193627905100584
-0.0058088358491659164,0.04129303619265556,0.017035003751516342,0.03276899829506874,-0.0288448054343462,-0.04980982095003128
-0.023003723472356796,-0.04034645855426788,-0.022684961557388306,0.025022229179739952,-0.022518852725625038,0.01057644747197628
-0.003706192597746849,-0.024980155751109123,-0.004420693498104811,0.02715456113219261,0.07485730201005936,-0.047494057565927505
-0.00473431870341301,0.028904762119054794,0.00680861622095108,0.014798755757510662,0.0915297418832779,-0.06318160891532898
-0.00758396927267313,0.028899220749735832,0.024178868159651756,-0.00013495884195435792,0.0463547520339489,-0.036099668592214584
-0.0016208752058446407,0.15256091952323914,0.04815453290939331,-0.0022102603688836098,0.08798764646053314,-0.048737432807683945
-0.01457428839057684,0.03657888248562813,8.086319576250389e-05,0.03834253549575806,-0.061043497174978256,1.4036944776307791e-05
-0.017648642882704735,0.03738585114479065,0.003164351452142,0.026759423315525055,-0.11653749644756317,0.011656840331852436
-0.023765893653035164,-0.03445953503251076,-0.008857209235429764,0.012116005644202232,-0.11578627675771713,0.00843057781457901
-0.026299061253666878,-0.029077479615807533,-0.015230054035782814,0.0014630639925599098,-0.17130522429943085,0.015569036826491356
-0.011697319336235523,0.06577035784721375,-0.005088195204734802,0.035325173288583755,0.004871844779700041,0.010612990707159042
-0.009410068392753601,0.017706844955682755,-0.006733304355293512,0.03297894075512886,0.00249188463203609,0.0011159273562952876
-0.013548891060054302,0.03314192593097687,0.001979624619707465,0.023224709555506706,-0.012048984877765179,0.0014068266609683633
-0.01771875098347664,0.004483863245695829,-0.0027848572935909033,0.012600744143128395,-0.041012294590473175,0.008977886289358139
-0.005834104027599096,0.19350755214691162,0.012074058875441551,0.039983317255973816,0.03945918753743172,-0.06794549524784088
-0.014037538319826126,0.22489115595817566,0.028207488358020782,0.05637307092547417,0.03586458042263985,-0.03254121169447899
-0.023500652983784676,0.018688984215259552,0.004334308207035065,0.03317578136920929,-0.021214963868260384,-0.006556261796504259
-0.013403687626123428,0.1895466297864914,0.008237260393798351,-0.004773372318595648,0.05653662607073784,0.021351687610149384
-0.01203473936766386,0.12151063978672028,-0.006579128094017506,0.026195185258984566,0.02742827869951725,0.011343348771333694
-0.009191442281007767,0.05875376984477043,-0.010661772452294827,-0.012050360441207886,0.04115419089794159,0.016354870051145554
-0.020134976133704185,0.21522948145866394,0.0200386680662632,0.04962550476193428,0.03286940976977348,0.007361664902418852
-0.010340362787246704,0.11326215416193008,-0.00047676547546871006,0.04365748167037964,0.03159184753894806,-0.006419395562261343
-0.006303361151367426,0.013393605127930641,-0.008344689384102821,-0.015855910256505013,0.042184192687273026,0.014404665678739548
-0.013018672354519367,0.0014085480943322182,-0.005336779169738293,-0.012584906071424484,0.08463925123214722,0.014218119904398918
-0.017220310866832733,-0.039612777531147,-0.011617359705269337,-0.006350835785269737,0.03857709839940071,0.018184738233685493
-0.009997879154980183,-0.03719395026564598,-0.005212320480495691,-0.00560253020375967,0.023835159838199615,0.024417497217655182
-0.00906970351934433,-0.029412033036351204,-0.022038280963897705,-0.00718287518247962,-0.028306670486927032,0.021674176678061485
-0.012753061018884182,0.01889393851161003,0.005190161522477865,0.013190671801567078,0.017588544636964798,0.012943809852004051
-0.011737539432942867,0.030436236411333084,0.005420472007244825,0.02386358752846718,-0.04092841595411301,0.006078130565583706
-0.011826135218143463,-0.03787623345851898,-0.0007956514600664377,0.032086294144392014,-0.020117221400141716,0.003160591935738921
-0.021570604294538498,0.13082149624824524,0.024945702403783798,0.029792316257953644,0.08317156881093979,-0.006475724745541811
-0.006382891908288002,0.02818266674876213,-0.00217682053335011,0.036856915801763535,0.03590948134660721,0.0002754685701802373
0.05456724762916565,0.10553748905658722,0.051441777497529984,0.035948917269706726,0.019421761855483055,-0.08639725297689438
-0.011745736934244633,0.018198087811470032,0.010045954957604408,0.028140045702457428,-0.010470419190824032,0.008905645459890366
-0.005413826555013657,-0.07237278670072556,-0.014857285656034946,0.017855171114206314,-0.015352081507444382,0.019084282219409943
-0.02450009062886238,0.20182044804096222,0.022767478600144386,-0.008945740759372711,0.04763214662671089,0.022304650396108627
-0.011233437806367874,0.0669187530875206,0.014139172621071339,0.01150030829012394,-0.020715022459626198,0.0118029760196805
-0.005176928825676441,0.13035570085048676,-0.0045293839648365974,0.035347070544958115,0.0052888342179358006,0.012701490893959999
-0.003615560242906213,0.08283577114343643,-0.003878961782902479,0.04582960531115532,0.012760070152580738,0.0006608526455238461
-0.010682773776352406,0.1215447410941124,0.009636995382606983,0.05026567354798317,0.024581052362918854,-0.006908525247126818
-0.012313202023506165,-0.03940800204873085,-0.011175651103258133,0.017767341807484627,-0.0400606207549572,0.007214313372969627
-0.01018904335796833,-0.017121972516179085,0.008844459429383278,-0.02424132078886032,0.0035186908207833767,0.0191913153976202
-0.007202871609479189,-0.0005052978522144258,-0.014323370531201363,-0.027796929702162743,-0.03994340822100639,0.024235203862190247
-0.013171295635402203,-0.036897923797369,0.006108461879193783,0.023638350889086723,0.03554966300725937,0.006352111231535673
-0.013056749477982521,0.015614012256264687,0.0035864911042153835,-0.01401605550199747,0.004783374257385731,0.02089543640613556
-0.008420214988291264,-0.1659679114818573,0.002518195193260908,0.03215634077787399,-0.014163125306367874,0.0033252816647291183
-0.014266991056501865,-0.021925847977399826,-0.022921981289982796,0.020610317587852478,-0.026537975296378136,-0.0034245855640619993
-0.0010848406236618757,0.017232609912753105,0.010732241906225681,0.06333708018064499,0.09143982082605362,0.0008066187147051096
-0.016335079446434975,0.1912315934896469,0.012504110112786293,-0.010802262462675571,-0.0473841167986393,-0.01721787266433239
-0.005245230160653591,-0.0384308397769928,0.0012085383059456944,0.02217133715748787,-0.042792949825525284,0.006597073748707771
-0.007993364706635475,0.025843773037195206,0.021561887115240097,-0.043211471289396286,-0.07028698921203613,-0.013458453118801117
-0.007148670498281717,0.11173247545957565,0.013709960505366325,0.010567978024482727,-0.03950079157948494,0.00043438869761303067
-0.010335627943277359,-0.0300429854542017,-0.001551027875393629,0.027012094855308533,0.04068819805979729,-0.004866445902734995
-0.0008461929974146187,0.032245323061943054,-0.0010992330498993397,0.037618570029735565,-0.03222223371267319,0.0028730561025440693
-0.005437396001070738,-0.0290787685662508,-0.005567546002566814,-0.012721187435090542,0.004093643743544817,-0.004895566496998072
-0.004026858601719141,-0.030600449070334435,-0.002282958012074232,-0.012428590096533298,0.013536793179810047,-0.020310448482632637
-0.002231283811852336,-0.030300289392471313,-0.009277003817260265,-0.013093159534037113,0.021988939493894577,0.012804324738681316
-0.012511296197772026,-0.027548773214221,-0.0077865333296358585,-0.008161977864801884,-0.043859489262104034,0.012156334705650806
0.0067680347710847855,-0.03236236795783043,-0.009883779101073742,-0.011297827586531639,0.015816161409020424,-0.001353493775241077
-0.00625124154612422,-0.004686789587140083,-0.00925059337168932,-0.013165432959794998,-0.015584609471261501,-0.0011214351980015635
-0.012078957632184029,-0.012923428788781166,-0.0030543976463377476,-0.010717743076384068,-0.013627194799482822,-0.01842489093542099
-0.007830250076949596,-0.02728181704878807,-0.008913497440516949,-0.01016349159181118,0.033652957528829575,0.00048704518121667206
-0.00787411630153656,-0.029121506959199905,-0.0066896360367536545,-0.009408676996827126,0.009682485833764076,-0.00028508788091130555
0.010903408750891685,-0.03566247597336769,-0.011630760505795479,-0.011013469658792019,-0.010927899740636349,0.0041238414123654366
-0.005164284724742174,-0.0352679081261158,-0.006751497276127338,-0.009969650767743587,0.009943133220076561,0.012491025030612946
0.0006274250335991383,-0.02779333107173443,-0.006888663396239281,-0.012644189409911633,-0.016596995294094086,0.013704047538340092
-0.0021825225558131933,-0.005730562377721071,-0.00831526331603527,-0.00954974815249443,-0.02468893676996231,0.019396232441067696
-0.003863113233819604,0.04645315185189247,-0.003841697471216321,-0.01934284158051014,0.004445718135684729,-0.002362835220992565
-0.005166223272681236,0.019027620553970337,-0.004418802447617054,-0.012460187077522278,0.01460522972047329,-0.0026720226742327213
-0.004664288368076086,-0.031130319461226463,-0.005375849548727274,-0.010031381621956825,0.011117294430732727,0.0008920494001358747
0.009556932374835014,0.007137006148695946,-0.004134895745664835,-0.017203668132424355,-0.032718461006879807,0.03362379968166351
-0.009185831062495708,-0.008727294392883778,-0.010594850406050682,-0.016029000282287598,-0.01416275929659605,0.019106028601527214
-0.00364920636638999,-0.0036437928210943937,0.016483336687088013,-0.01663423329591751,-0.035617806017398834,0.03404693678021431
-0.006977512966841459,-0.03161755949258804,-0.009043199941515923,-0.009520861320197582,-0.019524497911334038,0.02002815715968609
-0.008338762447237968,-0.035495832562446594,-0.00838061235845089,-0.010143960826098919,0.013867314904928207,0.014522151090204716
-0.004342558793723583,0.0138648496940732,-0.007838405668735504,-0.019589368253946304,-0.038695868104696274,0.020480632781982422
-0.004221337381750345,0.012164621613919735,0.0009864046005532146,-0.01996445283293724,-0.03373837098479271,0.022358940914273262
0.04777972772717476,0.06829719245433807,-0.015626974403858185,-0.021835001185536385,-0.03699887543916702,0.03154866397380829
-0.008390724658966064,0.007710250094532967,-0.011522461660206318,-0.03487302362918854,-0.041187386959791183,0.0191592238843441
-0.008627108298242092,0.0077470713295042515,-0.0060260239988565445,-0.03592463210225105,-0.06308241933584213,0.01963549666106701
-0.0023001348599791527,-0.03187519311904907,-0.011130411177873611,-0.008192826993763447,-0.012667574919760227,0.01731300912797451
-0.0044359671883285046,-0.032363928854465485,-0.008051186800003052,-0.00930390041321516,-0.03518887609243393,0.016252918168902397
-0.00655469810590148,-0.03250858560204506,-0.006703972350805998,-0.010161766782402992,-0.016045650467276573,0.01847645454108715
-0.008807476609945297,-0.029367178678512573,-0.011851174756884575,-0.011169650591909885,-0.020038582384586334,0.024258622899651527
-0.0038765661884099245,0.05116146802902222,0.010427026078104973,-0.033033207058906555,-0.03677821904420853,0.04268724098801613
-0.009090700186789036,-0.02069147676229477,-0.005927271209657192,-0.026679836213588715,-0.03943018615245819,0.020685190334916115
-0.013331444934010506,-0.03462166711688042,-0.008501814678311348,-0.0060761370696127415,0.017518337815999985,0.014427402056753635
-0.005175354890525341,0.07126648724079132,-0.006965045351535082,-0.022083347663283348,-0.010345772840082645,0.019922519102692604
-0.0005007790750823915,0.01589040458202362,-0.010707068257033825,-0.02471745014190674,0.008622847497463226,0.020212847739458084
-0.005872876383364201,-0.032381605356931686,-0.0068542188964784145,-0.01707027293741703,0.015531586483120918,0.01266228687018156
-0.0036293568555265665,-0.035253558307886124,-0.007822180166840553,-0.015128113329410553,0.037046290934085846,0.013034838251769543
-0.0028225064743310213,-0.03250400722026825,-0.008617394603788853,-0.016241908073425293,0.042931340634822845,0.01542738638818264
-0.0031173452734947205,-0.03105377033352852,-0.008855283260345459,-0.015783384442329407,0.019370870664715767,0.0164477601647377
0.003258418757468462,-0.03182103484869003,-0.010600297711789608,-0.01114719733595848,-0.01103146094828844,0.0176223311573267
-0.001067652483470738,0.02224653959274292,-0.012892162427306175,-0.020664718002080917,-0.01725947856903076,0.02484719641506672
-0.005251091904938221,0.003161979140713811,-0.01005728729069233,-0.01680479384958744,0.01617506332695484,0.015795528888702393
0.03263856843113899,0.01165739819407463,-0.016512231901288033,-0.014803284779191017,0.01644853688776493,0.02189803309738636
-0.005684674717485905,-0.02633187174797058,-0.0025681958068162203,-0.017969219014048576,-0.05790695920586586,-0.01626659743487835
-0.008451445959508419,-0.031874462962150574,-0.002361088991165161,-0.009630577638745308,-0.014339816756546497,-0.006367931608110666
-0.011657508090138435,-0.025234567001461983,-0.00944916345179081,-0.01100128423422575,0.01202669832855463,0.012691453099250793
0.047385089099407196,0.06756781786680222,-0.022549960762262344,-0.0206012986600399,0.01950668916106224,0.022895555943250656
0.014250046573579311,-0.03293824568390846,-0.016155436635017395,-0.01226408127695322,0.07984895259141922,0.012483439408242702
-0.0054612294770777225,-0.02994786761701107,-0.002395468531176448,-0.014470728114247322,0.03531862422823906,-0.02543237991631031
-0.008156605996191502,-0.028946980834007263,-0.0068700783886015415,-0.00873594544827938,0.12472584843635559,-0.008574350737035275
-0.0106690414249897,0.02832120843231678,-0.011629259213805199,-0.012279128655791283,0.019249187782406807,-0.007956922054290771
-0.006389705464243889,-0.029887886717915535,-0.0008838476496748626,-0.013974935747683048,0.0076161655597388744,-0.01780259609222412
-0.0053266845643520355,-0.03130351006984711,-0.0065097990445792675,-0.012018710374832153,0.015404614619910717,0.010728693567216396
-0.005182341672480106,-0.029577577486634254,-0.003871991764754057,-0.015730751678347588,0.014678915962576866,-0.022663958370685577
-0.006499214097857475,-0.029952000826597214,-0.00872317049652338,-0.013375766575336456,0.02238212712109089,0.012062975205481052
-0.007425037212669849,-0.03224118426442146,-0.005666644312441349,-0.012428353540599346,0.021975239738821983,-0.0019837443251162767
-0.008116861805319786,-0.030514998361468315,-0.004148622043430805,-0.008616968058049679,0.015481359325349331,-0.005645641591399908
-0.0032141231931746006,-0.031100068241357803,-0.0035621116403490305,-0.015368340536952019,0.01967194303870201,-0.02787799946963787
-0.00813344120979309,-0.030473023653030396,-0.0009724152623675764,-0.011317421682178974,0.006803813390433788,-0.010315761901438236
-0.005218654405325651,-0.02864227257668972,-0.007103428710252047,-0.03045821376144886,0.012033523991703987,0.011557254008948803
-0.005182554945349693,-0.033073171973228455,-0.00756343686953187,-0.012910351157188416,0.025611568242311478,0.015417412854731083
-0.005076247733086348,-0.02689472958445549,-0.0063429963774979115,-0.013228909112513065,0.01608477346599102,-0.018826063722372055
-0.005924062337726355,-0.02899741381406784,-0.004703829064965248,-0.01015139278024435,0.019309505820274353,-0.006950457114726305
-0.006663287058472633,-0.03517436981201172,-0.003968740813434124,0.023831646889448166,-0.04232329502701759,0.005761932581663132
-0.006215423811227083,-0.03965554013848305,-0.004502155818045139,0.025268733501434326,-0.09339427202939987,0.0014118145918473601
-9.46993623074377e-06,-0.02459118328988552,-0.0033878737594932318,-0.029311029240489006,0.023767691105604172,-0.03267533704638481
-0.002598559483885765,0.006931298412382603,-0.0029130338225513697,-0.026714270934462547,0.023936066776514053,-0.024373432621359825
9.951585525413975e-05,0.06814058125019073,0.026547592133283615,-0.048597026616334915,0.012894305400550365,-0.03322582319378853
0.06885294616222382,0.1801767647266388,0.028092581778764725,-0.05853740870952606,-0.005568488966673613,-0.047933489084243774
0.014364514499902725,-0.030364109203219414,0.006163712590932846,-0.004338911268860102,0.022730452939867973,-0.0028602273669093847
-0.0073981801979243755,-0.028777409344911575,-0.004688403103500605,-0.009172220714390278,-0.019304227083921432,-0.0022106983233243227
-0.0050247060135006905,-0.05679439380764961,-0.002468013670295477,0.001295462716370821,-0.0338907353579998,-0.0024380446411669254
-0.008152760565280914,-0.029065249487757683,0.0011297926539555192,-0.012994160875678062,-0.023197941482067108,-0.007833078503608704
-0.005844288971275091,-0.05732598528265953,-0.0029267598874866962,0.0033501358702778816,-0.04056432098150253,-0.0013744772877544165
-0.008574389852583408,-0.031223135069012642,-0.005901435390114784,-0.0038939807564020157,0.01375005766749382,-0.00499535258859396
-0.0022350538056343794,-0.02717595174908638,-0.005030422937124968,-0.010662772692739964,-0.03441363200545311,-0.0008261368493549526
-0.009552234783768654,-0.03547506779432297,-0.0017311528790742159,-0.005273382179439068,0.04398278892040253,-0.008960824459791183
-0.0003036621492356062,-0.06819243729114532,-5.1874616474378854e-05,0.024061959236860275,0.03802357241511345,-0.03093797340989113
-0.016374053433537483,-0.040281862020492554,-0.010626258328557014,-0.003933734726160765,-0.0002401457168161869,-0.0028566184919327497
-0.014985181391239166,-0.03580627962946892,0.002331787720322609,-0.0067197224125266075,0.011793658137321472,-0.007414862979203463
-0.015272616408765316,-0.036807574331760406,-0.010883732698857784,-0.004416367970407009,0.02205432765185833,-0.005128889810293913
-0.013095344416797161,-0.02770385518670082,0.038139648735523224,-0.003920457791537046,0.024695681408047676,-0.009999197907745838
-0.0018860164564102888,0.006407231092453003,-0.00727728009223938,-0.014631499536335468,-0.015381193719804287,0.0003880237927660346
0.003876992966979742,0.002164625097066164,-0.007859951816499233,-0.017017407342791557,-0.013473041355609894,9.923944890033454e-05
-0.012623093090951443,-0.05045625567436218,-0.01587182842195034,-0.007742993533611298,-0.0193131472915411,-0.0039891442283988
-0.009049197658896446,-0.03275476396083832,-0.00012445988249965012,-0.007297232747077942,-0.023007962852716446,-0.007331286557018757
-0.011882130056619644,-0.03770690783858299,0.004894702695310116,-0.007390543352812529,0.020003803074359894,-0.007621475029736757
-0.008731218054890633,-0.03546658903360367,-0.0024230601266026497,-0.0033608570229262114,0.1314622312784195,-0.008561492897570133
-0.012666608206927776,-0.03674880042672157,0.0009076409041881561,-0.0022883934434503317,0.031636178493499756,-0.008988549001514912
-0.01187612023204565,-0.03290480375289917,-0.004421802703291178,-0.002396069001406431,0.010724651627242565,-0.0051808743737638
-0.004286546725779772,-0.026810485869646072,-0.006548615172505379,-0.012216070666909218,-0.021020442247390747,-0.0022082445211708546
-0.007212663535028696,-0.06033926457166672,0.0031045572832226753,0.012218259274959564,0.019651366397738457,-0.02839287742972374
0.014917164109647274,-0.07658158987760544,-0.007405351847410202,0.014783790335059166,-0.015398812480270863,-0.011102817952632904
-0.011943226680159569,-0.04795966297388077,-0.01117465179413557,-0.007563665509223938,0.020853258669376373,-0.009658441878855228
0.0004474173183552921,0.06778330355882645,0.048188988119363785,-0.007796185556799173,0.03843393176794052,-0.012574945576488972
0.02934742346405983,0.06450434774160385,-0.01565788872539997,-0.014842985197901726,0.008823636919260025,-0.00930382963269949
-0.0033440785482525826,-0.03687107563018799,-0.002259497996419668,-0.003286719089373946,-0.05189394950866699,-0.0021000616252422333
-0.006697081960737705,-0.0447656475007534,-0.0045178597792983055,-0.004455704241991043,-0.03845743462443352,-0.0012091478565707803
-0.009543553926050663,-0.047414328902959824,-0.0014584677992388606,0.0008825553813949227,-0.019776510074734688,-0.0025670044124126434
-0.014552807435393333,-0.03198174014687538,-0.0013862204505130649,-0.0021935824770480394,-0.0250212661921978,-0.0032865728717297316
-0.008749867789447308,-0.03549249470233917,-0.001757227466441691,-0.002264072187244892,0.016452109441161156,-0.006708391010761261
-0.010057558305561543,-0.04334979131817818,-0.0014453538460657,-0.00393385486677289,0.012802502140402794,-0.00810681376606226
-0.0030075532849878073,-0.031308613717556,-0.005302797071635723,-0.008344222791492939,0.012086348608136177,-0.003653767751529813
-0.010414487682282925,-0.044889774173498154,-0.0012337201042100787,0.021821551024913788,-0.02153444103896618,-0.02722625993192196
0.009942587465047836,0.07729871571063995,0.07488401979207993,-0.029773524031043053,-0.006453549023717642,0.06217896565794945
-0.023097407072782516,0.09993064403533936,0.07116718590259552,-0.030985577031970024,0.008572577498853207,0.05455348268151283
-0.010857363231480122,0.034505490213632584,0.0786750540137291,-0.018432985991239548,-0.01167670264840126,0.05155525729060173
0.014596969820559025,0.08156894147396088,0.07779911160469055,-0.006883217021822929,-0.0222360547631979,0.057435981929302216
-0.004643052350729704,-0.034657783806324005,-0.002345963381230831,-0.006560511887073517,0.010503927245736122,-0.008080488070845604
0.03108268603682518,0.002111776266247034,-0.0050240010023117065,-0.01201510801911354,-0.009702845476567745,-0.0029955848585814238
-0.004478481598198414,0.1891169250011444,0.022083453834056854,-0.00419754721224308,0.034545283764600754,-0.0023940070532262325
-0.004199882037937641,-0.032399799674749374,-0.004459995776414871,-0.0012750256573781371,-0.06620656698942184,0.002073026029393077
-0.008225196041166782,-0.031616006046533585,-0.00205219816416502,-0.0018711439333856106,-0.043255388736724854,0.0025699480902403593
-0.003934891428798437,-0.02745649218559265,-0.003878483083099127,-0.0031587143894284964,-0.04663984477519989,-0.0013232912169769406
-0.004652024246752262,-0.028831874951720238,-0.004075332544744015,-0.006334931589663029,-0.018395669758319855,-0.0028965554665774107
-0.008772719651460648,-0.03375905379652977,-0.0033065706957131624,-0.00307998014613986,-0.017531681805849075,-0.0035649461206048727
-0.004463577643036842,0.008584939874708652,0.04230188578367233,-0.027398062869906425,-0.013431780971586704,0.04978129267692566
0.0029288900550454855,0.017554696649312973,0.08344054222106934,-0.014704848639667034,-0.03508234769105911,0.0677802786231041
-0.012400845997035503,0.11382298171520233,0.08058308064937592,-0.011104967445135117,-0.036557167768478394,0.06575378030538559
0.004965856205672026,0.020356420427560806,0.05491918697953224,-0.018150966614484787,-0.04149564728140831,0.06302394717931747
-0.0028448598459362984,-0.044983722269535065,-0.0021179630421102047,-0.0018005137098953128,-0.04000338539481163,-0.0024347512517124414
-0.003618666436523199,-0.027468862012028694,0.011343669146299362,-0.0042532882653176785,-0.002938698511570692,-0.0005825138068757951
0.010416246019303799,-0.028972363099455833,0.057280827313661575,-0.00514529412612319,0.011335990391671658,-0.005784551613032818
-0.012728315778076649,-0.04259706288576126,0.047488223761320114,-0.0021541849710047245,-0.012202591635286808,-0.00927002727985382
0.05553608015179634,0.14366644620895386,0.036127932369709015,-0.007009344641119242,0.0703679621219635,-0.008903760462999344
-0.0031450234819203615,-0.03176772966980934,-0.007166637573391199,0.003431174671277404,-0.25176286697387695,0.005399418529123068
-0.006005184259265661,-0.00754517363384366,-0.006431357003748417,0.0022407271899282932,-0.27062004804611206,0.004864473827183247
-0.004581771325320005,-0.00039662959170527756,-0.004117084201425314,-0.005484458990395069,-0.05932440608739853,0.0005893174093216658
-0.00644436152651906,-0.02749970555305481,-0.004340379498898983,-0.005815441720187664,-0.03933540731668472,-0.0011347074760124087
-0.0061040474101901054,0.004931449890136719,-0.0066978828981518745,-0.009567787870764732,-0.021112017333507538,-0.0003529679379425943
0.006436285097151995,0.005521927960216999,-0.006232329178601503,-0.017926285043358803,-0.012752466835081577,0.031310588121414185
0.019246356561779976,-0.024720972403883934,0.08529575914144516,-0.005617049988359213,-0.017225803807377815,0.057564254850149155
-0.005914077628403902,-0.025737524032592773,-0.0014075589133426547,-0.006778131239116192,-0.04163416102528572,0.025090912356972694
-0.01272729504853487,0.0071391998790204525,0.020976241677999496,-0.027950750663876534,-0.040180448442697525,0.046449072659015656
-0.013691669330000877,0.004483417142182589,0.01026572473347187,-0.026937659829854965,-0.01392847765237093,0.037434641271829605
-0.0156320258975029,0.020348111167550087,0.07300606369972229,-0.02708219550549984,-0.014606596902012825,0.05356217175722122
0.07391758263111115,0.12258914858102798,0.096138134598732,-0.009384548291563988,-0.031108520925045013,0.0757114440202713
0.00017364897939842194,0.019897321239113808,0.08114176988601685,-0.020022395998239517,-0.035501062870025635,0.05799575522542
-0.011641550809144974,0.016224274411797523,0.06512471288442612,-0.023948516696691513,-0.03557231277227402,0.04850908741354942
0.09066236764192581,0.16414028406143188,0.08682847023010254,0.006550971884280443,-0.06426452845335007,0.07200364023447037
0.09192203730344772,0.09241952002048492,0.07396303862333298,-0.015189344994723797,-0.11719387769699097,0.059296831488609314
-0.006056736223399639,-0.029724717140197754,0.001927820616401732,-0.007459595799446106,-0.038980551064014435,0.005231834948062897
-0.006188726518303156,-0.0357646644115448,0.01060658972710371,-0.0038443775847554207,-0.03846189007163048,0.003020977834239602
0.03474973514676094,-0.026396075263619423,0.002350597409531474,-0.0021742312237620354,-0.03456975519657135,-0.0011545466259121895
-0.004147320054471493,-0.010778645984828472,0.0014919934328645468,-0.008236349560320377,-0.014839302748441696,-0.005274010356515646
-0.015753118321299553,-0.045489635318517685,-0.0059119020588696,-0.002727663377299905,0.006786143407225609,-0.0058496808633208275
-0.011492742225527763,-0.07453257590532303,0.0015273308381438255,0.0026424359530210495,0.021015897393226624,-0.013565996661782265
0.026297029107809067,-0.035498637706041336,-0.006014400161802769,-0.004537861328572035,0.00852314941585064,-0.003314026864245534
0.047662507742643356,0.01201931294053793,-0.00989413820207119,-0.008072618395090103,0.028711143881082535,-0.006417914759367704
0.05108054354786873,0.012971681542694569,-0.018487615510821342,-0.013410256244242191,0.022321080788969994,-0.010245238430798054
-0.002234979532659054,-0.028035437688231468,0.012754220515489578,-0.008666750974953175,0.026843715459108353,-0.0038431913126260042
-0.006510172970592976,-0.02679029479622841,0.004371210001409054,-0.0034709307365119457,-0.042704951018095016,0.00010747495980467647
-0.008305277675390244,-0.02306276001036167,0.0008942685090005398,-0.0014685170026496053,-0.09831941872835159,0.006838666740804911
-0.009693664498627186,-0.027488498017191887,-0.006064912304282188,-0.010129868984222412,-0.04165545478463173,-0.0012534341076388955
-0.010787815786898136,0.004083292093127966,-0.004297337494790554,-0.00939511600881815,-0.020651258528232574,-0.001277250237762928
-0.0099607203155756,-0.0322786346077919,-0.00045985745964571834,-0.0031689603347331285,-0.017266809940338135,-0.001877223257906735
0.0004752309469040483,-0.027484025806188583,-0.011041891761124134,-0.004456784576177597,-0.052335381507873535,0.027101492509245872
0.059615641832351685,-0.02876261994242668,0.08981607109308243,-0.010859580710530281,-0.013441141694784164,0.06514717638492584
-0.0064080930314958096,-0.028865434229373932,0.002150254789739847,-0.009595847688615322,-0.036778517067432404,0.02711605466902256
0.006430771667510271,0.0071266391314566135,-0.005886980798095465,-0.01707472838461399,0.0017056880751624703,0.03200625255703926
-0.007319528143852949,0.0037886914797127247,0.03483063355088234,-0.01443847082555294,0.0034733228385448456,0.030032997950911522
-0.007295405957847834,0.0169379822909832,0.06543232500553131,-0.024535462260246277,0.016452886164188385,0.0591181181371212
-0.012538030743598938,0.15003924071788788,0.06325947493314743,-0.01279805414378643,-0.013395200483500957,0.05862182751297951
0.07722220569849014,0.1460331380367279,0.07390420138835907,-0.01249072514474392,-0.05919618904590607,0.06230389326810837
-0.0090565150603652,0.01619797758758068,0.02104220911860466,-0.03337077423930168,-0.012402168475091457,0.03435410559177399
0.06603587418794632,0.05384274572134018,0.08860749751329422,-0.022072480991482735,-0.0697244182229042,0.05851937457919121
-0.005335391033440828,0.0159942414611578,-0.0010175337083637714,-0.01242725271731615,0.011875881813466549,-0.005937664769589901
0.05096946284174919,-0.03417585417628288,-0.015248154290020466,-0.005687265191227198,0.019166355952620506,-0.00800092238932848
0.0005337927141226828,0.015156665816903114,0.00101841043215245,7.658644608454779e-05,0.016714617609977722,-0.008180074393749237
0.10256730765104294,-0.023369362577795982,0.038943078368902206,-0.004490310791879892,0.031356073915958405,-0.005233675241470337
0.006459108553826809,0.016525352373719215,0.01994355395436287,-0.009987953118979931,0.019946129992604256,-0.005981504451483488
0.06167454645037651,0.01261668186634779,0.034917544573545456,-0.01008398924022913,0.018673211336135864,-0.0075097582302987576
-0.002352691488340497,0.016285238787531853,-0.0026076165959239006,0.014267709106206894,-0.04560670629143715,-0.001289849285967648
-0.004193172790110111,-0.027962667867541313,-0.003368504112586379,-0.0020275269635021687,-0.04347926005721092,-0.0026211985386908054
-0.006294883321970701,0.006938932929188013,-0.006182663608342409,-0.012113021686673164,-0.020823895931243896,-0.001624680240638554
-0.004464104771614075,-0.031058508902788162,-0.0061516291461884975,-0.004579296801239252,0.0038724434562027454,-0.004294630140066147
-0.0058362772688269615,0.0024719303473830223,0.00349891628138721,-0.009822005406022072,0.01663965731859207,-0.005946579854935408
-0.004270185250788927,0.008408178575336933,0.0004654748772736639,-0.009011817164719105,0.023634370416402817,-0.005978058557957411
0.038450490683317184,0.0057140253484249115,0.012806490063667297,-0.01545187272131443,-0.01166907511651516,0.04855186119675636
0.0570845752954483,-0.024479255080223083,0.014035049825906754,-0.013107610866427422,-0.059457194060087204,0.04824206233024597
0.008578061126172543,0.001357202767394483,0.019046349450945854,-0.017567889764904976,-0.03677015006542206,0.03507895767688751
0.007417443674057722,0.02105448767542839,0.06903646886348724,-0.009739630855619907,-0.01113181747496128,0.049096137285232544
0.012150700204074383,0.19091244041919708,0.05726802721619606,0.007005805149674416,-0.006247481796890497,0.04683563858270645
0.08016446232795715,0.22721196711063385,-0.004254681523889303,0.02474331669509411,-0.004518471192568541,0.018721003085374832
0.0747862309217453,0.23375432193279266,0.01883026957511902,0.02527454122900963,0.008709456771612167,-0.005696358159184456
0.10658111423254013,0.3248879313468933,0.06927087903022766,0.02639165148139,0.06295359879732132,-0.009335536509752274
-0.01518961787223816,-0.0260758139193058,0.0356060266494751,0.0036963345482945442,-0.03478367254137993,-0.001956902677193284
-0.005452667362987995,-0.026767652481794357,0.0193018838763237,-0.006917987018823624,-0.036522842943668365,-0.0010261370334774256
0.00016396684804931283,-0.0073903752490878105,0.005101136397570372,-0.005539606790989637,-0.04261891171336174,-0.0005676281871274114
-0.007454161066561937,-0.02647429145872593,-0.0034557348117232323,0.010801117867231369,-0.058850184082984924,-0.00022146229457575828
-0.0063466643914580345,-0.027968397364020348,-0.005429564975202084,-0.006232748739421368,-0.03227810934185982,-0.004439040087163448
-0.0018404205329716206,-0.028234971687197685,-0.0022229820024222136,-0.004908677656203508,-0.015339503064751625,-0.002187195001170039
-0.004844323266297579,-0.03214550018310547,-0.003770924173295498,-0.006649862043559551,-0.012011772021651268,-0.004215338733047247
-0.00767357274889946,-0.03274327144026756,-0.0002853825280908495,-0.005572532769292593,0.053430259227752686,-0.011418251320719719
-0.010942072607576847,-0.034589219838380814,0.007027807645499706,0.00037505911313928664,0.09508966654539108,-0.010960584506392479
0.07710132747888565,0.1703367382287979,0.029081594198942184,-0.002963503822684288,-0.11923080682754517,0.048578891903162
0.003969322424381971,0.17153191566467285,0.06233319640159607,0.005244567524641752,0.022735165432095528,0.04366147145628929
0.0003429376520216465,0.09736612439155579,0.058830104768276215,-0.002444859128445387,0.010508776642382145,0.04207043722271919
-0.012347186915576458,0.19763025641441345,0.04877414554357529,0.001988216768950224,0.01996655762195587,0.04443887621164322
0.05021217465400696,0.07679383456707001,-0.0015395089285448194,0.016348926350474358,0.03665003553032875,0.00033359904773533344
-0.006043344736099243,-0.03662664443254471,0.0482180155813694,0.021480374038219452,0.11351151764392853,-0.005551445297896862
0.04595087468624115,-0.05122274532914162,0.02137725055217743,0.010022206231951714,0.1216999962925911,-0.010385902598500252
-0.0022323033772408962,-0.035488344728946686,-0.002719345036894083,0.02061002142727375,0.11794538795948029,-0.011631594970822334
-0.011699773371219635,0.1790488362312317,-0.006547390948981047,0.002843458903953433,0.03693889081478119,-0.006964948959648609
-0.01293894462287426,-0.031930699944496155,0.04267565533518791,0.0185598973184824,-0.05721785128116608,-0.0027674520388245583
-0.003154204459860921,-0.027184609323740005,-0.0023089691530913115,0.018030479550361633,-0.11171311885118484,0.001321278279647231
-0.006739907898008823,-0.02807643450796604,-0.004389920737594366,0.01894221641123295,-0.1117548942565918,0.0008842282113619149
-0.005166999995708466,-0.03506474569439888,-5.956034510745667e-05,0.015534644946455956,-0.05644531548023224,-0.0029077306389808655
-0.004785335157066584,-0.029417814686894417,-0.004503527190536261,0.0027840202674269676,-0.04301850497722626,-0.0004037242033518851
-0.005402565002441406,-0.037017788738012314,-0.003601181786507368,0.009257223457098007,0.00226056226529181,-0.012505943886935711
-0.0054967585019767284,-0.03753872588276863,-0.0020353638101369143,0.005781203042715788,0.01818940043449402,-0.01492840051651001
-0.010959874838590622,-0.03559393063187599,-0.005474897567182779,-0.003638145048171282,0.08032320439815521,-0.009944533929228783
-0.0037102699279785156,-0.02924482524394989,0.005415137391537428,0.0011363947996869683,0.169737309217453,-0.00889486726373434
0.06286074966192245,0.09808006137609482,0.035626549273729324,0.058381542563438416,0.005392387975007296,-0.03154390677809715
-0.007575945928692818,0.0644804909825325,0.007368609309196472,0.031308528035879135,-0.019620070233941078,0.004194943699985743
-0.012893322855234146,0.010797600261867046,0.051779523491859436,-0.026467233896255493,-0.12962636351585388,0.058209795504808426
-0.006802757270634174,-0.022556016221642494,0.026239583268761635,-0.026162242516875267,-0.030739150941371918,0.03600035607814789
0.06173264980316162,0.12491101771593094,0.0764198899269104,-0.03899019956588745,-0.016087407246232033,0.05203615874052048
0.002515819389373064,0.010955390520393848,0.06858722865581512,-0.027138477191329002,-0.05356519669294357,0.04848071560263634
-0.02060437947511673,0.010331078432500362,0.06722443550825119,-0.02133476920425892,-0.041299108415842056,0.04875992238521576
-0.004546846263110638,0.010069163516163826,0.05741099640727043,-0.027890095487236977,-0.009111138992011547,0.045663028955459595
0.0527467355132103,0.012616877444088459,0.07627842575311661,-0.022827593609690666,-0.05035509914159775,0.0610465444624424
-0.0031565846875309944,-0.03295034170150757,-0.004045219160616398,-0.005371613893657923,0.024320147931575775,-0.011430608108639717
-0.018487678840756416,-0.1531071811914444,0.009381906129419804,0.012598053552210331,-0.040385354310274124,-0.009276908822357655
-0.0059022456407547,-0.05863666906952858,-0.005031019914895296,0.018268922343850136,-0.0198533833026886,-0.008114205673336983
-0.011093762703239918,-0.03743210807442665,-0.002021987456828356,0.016035234555602074,0.02264220081269741,-0.01374205481261015
-0.007341078948229551,-0.030685927718877792,-0.0029013787861913443,0.021531902253627777,-0.10253538191318512,-0.0003358449030201882
-0.00564607372507453,-0.035280320793390274,-0.002505443524569273,0.01562832109630108,-0.04108737036585808,-0.00747977988794446
-0.014312474057078362,-0.0686478316783905,-0.00018845638260245323,0.01429092139005661,0.010764501988887787,-0.013110203668475151
0.007880738005042076,-0.03972979635000229,0.0021097594872117043,0.015161329880356789,-0.013439381495118141,-0.004948993679136038
-0.009876962751150131,-0.0345381535589695,8.881947724148631e-05,-0.0014037853106856346,0.036576561629772186,-0.01514450367540121
-0.01211023423820734,0.173935666680336,0.015628740191459656,0.0689302384853363,-0.008149268105626106,-0.011819113977253437
-0.007806544657796621,0.17365726828575134,0.004064549226313829,0.041513100266456604,-0.030845046043395996,-0.00030452359351329505
-0.014706823974847794,9.888529166346416e-05,0.02258477173745632,-0.028490932658314705,-0.12175613641738892,0.04872392117977142
-0.012720122002065182,-0.024106033146381378,0.07350227236747742,-0.023176725953817368,-0.0643434152007103,0.0506545752286911
0.050882015377283096,0.07262109220027924,0.07840995490550995,-0.029605483636260033,-0.015148136764764786,0.05118807405233383
-0.011974499560892582,-0.0386212021112442,0.01246747374534607,-0.021837543696165085,-0.016757316887378693,0.0335797518491745
-0.009580274112522602,0.05025263503193855,0.06484942138195038,-0.03240767866373062,-0.017142800614237785,0.044319599866867065
0.06846190989017487,0.022104421630501747,0.08623231202363968,-0.021392488852143288,-0.036281563341617584,0.059871360659599304
-0.007156059145927429,0.08533668518066406,0.053776342421770096,-0.02203175239264965,-0.04206923022866249,0.04368466138839722
0.020717354491353035,0.019691843539476395,0.07226986438035965,-0.012844323180615902,-0.009880194440484047,0.04505136236548424
-0.004926256835460663,-0.07002489268779755,0.0008344422676600516,0.013810074888169765,-0.014838702976703644,-0.011995009146630764
-0.0025779888965189457,-0.041068386286497116,-0.006126651540398598,0.014827958308160305,-0.013065698556602001,-0.007449660915881395
-0.005403368733823299,-0.02645077556371689,-0.006341121159493923,0.0178852342069149,-0.03683207184076309,-0.003995655570179224
-0.0028741424903273582,0.031426478177309036,0.0009385715238749981,0.036160778254270554,-0.04668694734573364,-0.0030546984635293484
-0.002515702974051237,-0.06998484581708908,-0.0005684279603883624,0.022644000127911568,0.010189923457801342,-0.011944933794438839
-0.0028760370332747698,-0.04184422641992569,-0.002848389558494091,0.021741854026913643,0.0004102756211068481,-0.0074864947237074375
-0.01140962541103363,-0.05798162892460823,-0.0034500055480748415,0.013810531236231327,0.03600149601697922,-0.013295491226017475
-0.007134668529033661,-0.03831885755062103,0.0007110586739145219,0.00919032096862793,0.035769641399383545,-0.010187932290136814
-0.011982295662164688,-0.06453695148229599,0.0010648921597748995,0.016253206878900528,0.0886085256934166,-0.01268757414072752
-0.003502181265503168,-0.062215406447649,-0.0021793534979224205,0.00362581224180758,0.01922772452235222,-0.007504276931285858
-0.007422067690640688,0.17297331988811493,0.0007188785821199417,0.0612000897526741,-0.028808409348130226,-0.011498596519231796
-0.00045810945448465645,0.2296285778284073,-0.0015069597866386175,0.07617101073265076,0.007995693944394588,0.0038150239270180464
-0.014139116741716862,0.07938984781503677,-0.0064867231994867325,0.051245734095573425,-0.019546721130609512,0.0022424254566431046
-0.010375114157795906,0.12857107818126678,-0.0017830865690484643,0.047187283635139465,0.02252296730875969,0.009148582816123962
0.011759708635509014,-0.021802805364131927,0.07437033951282501,-0.02172635681927204,-0.058466702699661255,0.05020583048462868
0.085114024579525,0.04140002280473709,0.08561858534812927,-0.028953615576028824,-0.013925263658165932,0.06188082695007324
-0.011706562712788582,0.017803901806473732,0.03324238210916519,-0.03467559814453125,-0.01273342128843069,0.04178209975361824
0.004955254029482603,-0.020993348211050034,0.07666086405515671,-0.023817071691155434,-0.033610571175813675,0.045182179659605026
0.024171074852347374,-0.026490287855267525,0.01993337646126747,-0.026077836751937866,0.029635107144713402,0.03065122477710247
0.026181206107139587,0.07389383018016815,0.0050891791470348835,-0.034975189715623856,0.020890623331069946,0.03504007309675217
0.043802496045827866,0.046426236629486084,0.05026673525571823,-0.020700441673398018,0.016257891431450844,0.0410088412463665
-0.0077560958452522755,-0.01230196375399828,0.023093584924936295,-0.023564927279949188,-0.008572405204176903,0.027166299521923065
-0.0020041477400809526,-0.06370700895786285,-0.0013885537628084421,0.020268190652132034,0.016545388847589493,-0.011658275499939919
-0.007479908410459757,-0.04273100569844246,-6.403862062143162e-05,0.01715170033276081,0.019222110509872437,-0.010367645882070065
-0.008004404604434967,-0.03536243736743927,-0.00043796811951324344,0.01568564958870411,0.0013213028432801366,-0.007580253295600414
-0.005963881965726614,-0.030871808528900146,-0.006905269809067249,0.02938222885131836,-0.02478770911693573,-0.005103880073875189
-0.0028107452671974897,-0.03957829996943474,-0.007165807764977217,0.0206246729940176,-0.014486772939562798,-0.006960127502679825
-0.006211703643202782,-0.06295091658830643,-0.0016353344544768333,0.02217918448150158,0.008444923907518387,-0.011329565197229385
-0.010944548062980175,-0.03957387059926987,0.005311284679919481,0.013364792801439762,0.011807776987552643,-0.008059095591306686
-0.014449954964220524,-0.03817695006728172,-0.0013359587173908949,0.01040488202124834,0.022335179150104523,-0.009469516575336456
-0.009431278333067894,-0.05988690257072449,-0.0005026789149269462,0.016251252964138985,0.017978817224502563,-0.0165998712182045
-0.014583527110517025,-0.06163719296455383,0.004545189905911684,0.003012237371876836,0.09124933183193207,-0.010676211677491665
-0.007029140368103981,-0.03102266788482666,-0.004969080910086632,-0.004398302175104618,0.00887471716850996,-0.006534575950354338
-0.005350344814360142,0.23694905638694763,6.457646122726146e-06,0.07605598866939545,0.016939451918005943,-0.01079814974218607
-0.007988962344825268,0.03260338678956032,-0.0038055265322327614,0.050609804689884186,-0.013035539537668228,0.010003245435655117
-0.009535996243357658,-0.00871818047016859,0.07164143770933151,-0.024688009172677994,-0.013628698885440826,0.03998968005180359
-0.005087187048047781,-0.025269582867622375,0.017680956050753593,-0.03064190410077572,0.027390198782086372,0.028195761144161224
0.011539744213223457,-0.028297893702983856,0.028935709968209267,-0.024342922493815422,0.019370971247553825,0.034867264330387115
0.0038558091036975384,0.014888611622154713,0.038051821291446686,-0.031608279794454575,0.022184325382113457,0.03191682696342468
-0.002658258192241192,0.012307386845350266,0.011638114228844643,-0.032652098685503006,0.009985106997191906,0.02833416871726513
-0.0006086722132749856,-0.009732804261147976,-0.0015432981308549643,-0.02943991683423519,0.06967815011739731,0.01733251102268696
-0.005341613199561834,-0.02675664983689785,0.0034250884782522917,-0.018343428149819374,0.03773089125752449,0.015550060197710991
-0.004271347541362047,-0.027182292193174362,0.0001211436465382576,-0.01685027964413166,0.018686406314373016,0.01606735587120056
-0.005239360965788364,-0.02755984291434288,-0.0037172555457800627,-0.013304359279572964,0.031585920602083206,0.006126007065176964
-0.021460717543959618,-0.11089543998241425,0.0017087130108848214,0.005242160055786371,0.01974647492170334,-0.015133095905184746
-0.01784132979810238,-0.0773417055606842,0.0006784124998375773,0.021561473608016968,-0.013581843115389347,-0.012222778983414173
-0.01582816243171692,-0.09663347154855728,-0.029416963458061218,0.014544861391186714,-0.02254369668662548,-0.010141001082956791
-0.016423549503087997,-0.06192418560385704,0.004464621655642986,0.024348484352231026,-0.021734710782766342,-0.007873537950217724
-0.007498543709516525,-0.0538519062101841,-0.0012099978048354387,0.017437323927879333,-0.020348893478512764,-0.010652713477611542
-0.02317632921040058,-0.07672776281833649,-0.008231581188738346,0.021899623796343803,-0.0116561995819211,-0.009950157254934311
-0.007591531611979008,-0.07247831672430038,0.0021310949232429266,0.02711157128214836,0.017133334651589394,-0.014091468416154385
-0.005740255583077669,-0.05406074970960617,0.002377126133069396,0.015952086076140404,0.0119308577850461,-0.010372266173362732
-0.00431933905929327,-0.07403706014156342,-0.0003212464216630906,0.021865513175725937,0.01817893423140049,-0.015654079616069794
-0.00830567441880703,-0.03167659044265747,-0.004994538147002459,-0.007288969587534666,0.013382294215261936,-0.006992539390921593
-0.004109589383006096,-0.04997679963707924,-0.002054182579740882,0.001997599145397544,0.019551560282707214,-0.006481633987277746
-0.0031174991745501757,0.06702649593353271,0.0008641854510642588,0.04549733176827431,0.06978370994329453,0.004163934383541346
-0.009839484468102455,-0.01263197511434555,0.03484463691711426,-0.021778719499707222,0.023201273754239082,0.0270876232534647
-0.00975842121988535,-0.02187017910182476,0.004220405127853155,-0.02603570930659771,0.10751103609800339,0.024348629638552666
-0.006455645430833101,-0.020754970610141754,0.009874310344457626,-0.03512527421116829,0.15433287620544434,0.027418242767453194
0.001222887891344726,0.014949704520404339,0.029387187212705612,-0.03241949528455734,0.09546416997909546,0.033949051052331924
-0.00918659195303917,-0.03434986248612404,0.04593464359641075,-0.01658390276134014,0.10688280314207077,0.03330880030989647
-0.007610850501805544,-0.030610648915171623,-0.006541093811392784,-0.006108959671109915,-0.019660059362649918,0.016635268926620483
-0.008649858646094799,-0.027962520718574524,0.03702812269330025,-0.02035115845501423,0.037408310920000076,0.023491140455007553
-0.004344482906162739,-0.031063342466950417,0.004083218984305859,-0.004270763602107763,-0.039042167365550995,0.01748551055788994
-0.017657570540905,0.019321797415614128,0.03496186435222626,-0.013217226602137089,0.023591946810483932,0.028578003868460655
-0.01063595525920391,-0.032541822642087936,-0.00592742208391428,-0.0015571945114061236,0.027960743755102158,0.005254232324659824
-0.004555156920105219,0.01659492589533329,-0.006146752741187811,-0.016246464103460312,0.09174446761608124,0.0031817227136343718
-0.005795209668576717,-0.04203059524297714,-0.005271003115922213,0.015470178797841072,0.0052631874568760395,-0.0016072066500782967
-0.0003077775763813406,0.007829837501049042,0.004951120354235172,-0.011290868744254112,0.07061976939439774,-0.003648150945082307
-0.019812041893601418,-0.09220254421234131,-0.0029341389890760183,0.005232198163866997,0.03794914484024048,-0.012508525513112545
-0.017713181674480438,-0.03529035300016403,-0.002592514269053936,0.011644618585705757,-0.017605938017368317,-0.009121638722717762
-0.012916982173919678,-0.037218593060970306,-0.000806596246547997,0.006874921731650829,0.028679484501481056,-0.01172207947820425
-0.007979615591466427,-0.06733835488557816,-0.0009449131903238595,0.024091018363833427,-0.048340387642383575,-0.004447481129318476
-0.022303104400634766,-0.1586984395980835,-0.027859454974532127,0.011927047744393349,-0.06698649376630783,-0.01893843337893486
-0.01047112513333559,-0.08470162749290466,-0.031665537506341934,0.01931745931506157,-0.02737903594970703,-0.01351900864392519
-0.031424667686223984,-0.1523151695728302,-0.030988793820142746,0.006730244029313326,-0.058604881167411804,-0.009453493170440197
-0.010585934855043888,-0.05639056861400604,0.004187757149338722,0.02220591902732849,-0.04621255025267601,-0.004897297825664282
-0.008017254061996937,-0.07377586513757706,-0.0020193574018776417,0.008727175183594227,-0.037301816046237946,-0.006748726591467857
-0.004879530053585768,-0.04174409806728363,-0.0032368036918342113,0.022991450503468513,-0.017222236841917038,-0.006420946680009365
-0.0011533525539562106,-0.07165426760911942,-0.0026724033523350954,0.01920744590461254,0.010831831023097038,-0.012594431638717651
-0.002879520645365119,-0.04932837188243866,-0.003534089308232069,0.019281916320323944,-0.021113000810146332,-0.007577129639685154
-0.007813364267349243,-0.06692715734243393,0.0028462389018386602,0.01192481629550457,0.0159684419631958,-0.010168695822358131
-0.008670744486153126,-0.04265298321843147,-0.0029423371888697147,0.0022289857733994722,0.013922472484409809,-0.007739452179521322
0.003332100808620453,-0.0536322146654129,0.0014472280163317919,0.0036741802468895912,0.032237760722637177,-0.009192412719130516
-0.006499529350548983,-0.03168266639113426,-0.0043693832121789455,-0.004348354879766703,0.016130436211824417,-0.007853329181671143
0.09371747821569443,0.10528602451086044,0.06942340731620789,0.004962368402630091,-0.040134746581315994,0.05185151472687721
0.09263832867145538,0.06840639561414719,0.09093619883060455,0.0039017691742628813,0.010167294181883335,0.05246866121888161
0.09782306849956512,0.229736790060997,0.06777223199605942,0.004577816464006901,0.04071533679962158,0.04107341170310974
0.07187679409980774,0.18299803137779236,0.06603305041790009,0.001710370765067637,0.0055067287757992744,0.05246485769748688
-0.004557098727673292,-0.04096697270870209,-0.007561672944575548,-0.0037574158050119877,-0.015479953959584236,0.013744880445301533
-0.01307713333517313,-0.0022409572266042233,0.05976022779941559,-0.0026700294110924006,-0.1119828149676323,0.03830309584736824
-0.013906167820096016,-0.06514430791139603,-0.0019448205130174756,0.015463168732821941,-0.0028540543280541897,-0.0009046650375239551
-0.005471633747220039,-0.03719983994960785,-0.00647692009806633,-0.005036860704421997,-0.0008822458330541849,-0.00030690489802509546
-0.0005925074801780283,-0.06797762215137482,-0.0010754828108474612,0.02548336796462536,0.0016559939831495285,-0.0038231494836509228
-0.02213653363287449,-0.10933921486139297,-0.02464436925947666,0.006149635184556246,0.03623664751648903,-0.015123595483601093
-0.020159177482128143,-0.1313338428735733,-0.018918419256806374,0.0066498140804469585,0.02628425881266594,-0.018162302672863007
-0.027142493054270744,-0.18282315135002136,-0.023096665740013123,0.00133328209631145,-0.019756585359573364,-0.014715274795889854
-0.03121580369770527,-0.16353553533554077,-0.025900447741150856,0.002615987090393901,-0.051657307893037796,-0.017330287024378777
-0.011067438870668411,-0.11126624047756195,-0.021128542721271515,0.016846947371959686,-0.013314159587025642,-0.02112698182463646
0.0016850433312356472,-0.16672970354557037,-0.03938273712992668,0.017641544342041016,-0.053093016147613525,-0.01337036769837141
-0.018939128145575523,-0.10801230370998383,-0.05608980730175972,0.00595371937379241,-0.05218730494379997,-0.019830472767353058
-0.006535435561090708,-0.11132832616567612,-0.04222465679049492,0.005965952295809984,-0.04477907717227936,-0.01584610715508461
-0.03171442449092865,-0.16486814618110657,-0.04674952104687691,0.011548522859811783,-0.02603953145444393,-0.018464868888258934
-0.02746032364666462,-0.14258040487766266,0.002270909259095788,0.00886143185198307,-0.04608247056603432,-0.01482637133449316
-0.0282664205878973,-0.11216419190168381,-0.029209448024630547,0.012411936186254025,-0.06296448409557343,-0.013524300418794155
-0.007966633886098862,-0.09992972761392593,-0.019890621304512024,0.004586136434227228,-0.051665011793375015,-0.00968105811625719
-0.029330473393201828,-0.15535788238048553,-0.0321243479847908,0.016471752896904945,-0.024967661127448082,-0.014687602408230305
-0.010657905600965023,-0.06933506578207016,-0.004064742475748062,0.01303896214812994,-0.05193747952580452,-0.001486044260673225
-0.009457195177674294,-0.04025140777230263,0.0009085881756618619,0.016971949487924576,-0.01398584246635437,-0.01027230080217123
-0.00860049482434988,-0.03290427848696709,-0.003630721475929022,0.015108388848602772,-0.03657243400812149,-0.004971645772457123
-0.019264960661530495,-0.0530717596411705,0.003182564629241824,0.014315503649413586,0.01185622438788414,-0.010161546058952808
-0.007319423370063305,-0.03246919810771942,-0.004338741302490234,0.014770292676985264,-0.036610107868909836,-0.004629727452993393
-0.009312914684414864,-0.03413711115717888,0.0003385475720278919,0.011467351578176022,-0.037966400384902954,-0.007405982352793217
-0.005677335895597935,-0.032606154680252075,-0.004231392405927181,0.006193920038640499,-0.013164889067411423,-0.004232980310916901
-0.0070421816781163216,-0.03162277862429619,-0.0035567034501582384,-0.00010640105756465346,-0.02071908488869667,-0.005032157525420189
-0.0066343336366117,-0.055705536156892776,0.002748346421867609,0.004780791234225035,0.019448185339570045,-0.02368832938373089
0.07464691996574402,0.07105568796396255,0.016725527122616768,-0.01103085558861494,-0.054740775376558304,0.02820427715778351
0.06065324693918228,0.195829838514328,-0.022319257259368896,0.00043630259460769594,-0.025904538109898567,0.022661840543150902
0.07347184419631958,0.051822829991579056,0.07808111608028412,-0.003103772411122918,-0.035739716142416,0.04913076385855675
0.08237362653017044,0.2601573169231415,0.07231862843036652,0.0056511349976062775,0.018040131777524948,0.040336038917303085
0.09926965087652206,0.22078582644462585,0.04545152559876442,-0.0016218903474509716,0.025775279849767685,0.021729905158281326
0.05185132473707199,0.25058209896087646,-0.021742021664977074,-0.00015377979434560984,-0.012278380803763866,0.008896631188690662
-0.007420961279422045,-0.04333651065826416,-0.002159360097721219,-0.004596066195517778,-0.06162571534514427,0.008464797399938107
-0.0063498131930828094,-0.02644161693751812,-0.0003224623796995729,0.006180958356708288,-0.06724826991558075,0.006014329846948385
-0.01563999056816101,-0.06825166195631027,-0.0008455245406366885,0.021404853090643883,0.0031248906161636114,-0.00355083541944623
-0.0048917196691036224,-0.02835555374622345,-0.005479051731526852,-0.005398238077759743,-0.015126400627195835,-0.0009958393638953567
-0.0014266263460740447,-0.06047474592924118,7.053861190797761e-05,0.020311444997787476,0.024798931553959846,-0.009989443235099316
-0.011085876263678074,-0.08781236410140991,0.00029092750628478825,-0.0033388962037861347,0.02014615759253502,-0.01616613008081913
-0.0313078910112381,-0.1726314276456833,-0.02704993076622486,0.01229509711265564,-0.07028625160455704,-0.018415717408061028
-0.026652198284864426,-0.0745464563369751,-0.01423167809844017,0.01567295752465725,-0.18582656979560852,-0.0070918588899075985
-0.007805148139595985,-0.10569653660058975,-0.022180359810590744,0.010814357548952103,-0.058669719845056534,-0.015415609814226627
-0.00907208863645792,-0.07466015964746475,-0.018025776371359825,0.016440052539110184,-0.06322254240512848,-0.013964789919555187
-0.024634074419736862,-0.12258760631084442,-0.022104738280177116,0.0036497064866125584,-0.04510188847780228,-0.01657077856361866
-0.02583598531782627,-0.11006331443786621,-0.03265001252293587,0.012456591241061687,-0.04957568645477295,-0.015430674888193607
-0.004142864607274532,-0.17018617689609528,-0.034132421016693115,0.009127423167228699,-0.043728116899728775,-0.01991322450339794
-0.02419651858508587,-0.1465028077363968,-0.0005164107424207032,-0.008520337752997875,-0.04874073341488838,-0.011967573314905167
-0.027744824066758156,-0.14914947748184204,-0.002001648535951972,0.008555548265576363,-0.04580438509583473,-0.014511280693113804
-0.026115097105503082,-0.14120075106620789,0.0007580453529953957,-0.00842214748263359,-0.045452166348695755,-0.01223313994705677
-0.008494301699101925,-0.15410234034061432,0.003234977601096034,0.010495476424694061,-0.05182567611336708,-0.010169143788516521
-0.00814086478203535,-0.08565939217805862,0.0033335413318127394,0.011344161815941334,-0.017990034073591232,-0.01045906636863947
-0.0164128839969635,-0.1546153575181961,-0.02726076729595661,0.004481920041143894,-0.02592187374830246,-0.012603572569787502
-0.014322471804916859,-0.0947953537106514,-0.0229326318949461,0.007741784211248159,-0.04186138138175011,-0.008492907509207726
-0.029570912942290306,-0.16832391917705536,-0.03145211935043335,0.008457944728434086,0.01308482326567173,-0.02150028944015503
-0.02708417735993862,-0.11310414224863052,-0.03071780502796173,0.007857614196836948,0.09291145205497742,-0.020027367398142815
-0.010501530952751637,-0.06674046814441681,0.0010139053920283914,0.020299550145864487,0.028845956549048424,-0.01568637415766716
-0.005285168532282114,-0.03381633758544922,-0.003841990837827325,0.017366863787174225,-0.020571308210492134,-0.0163351409137249
-0.009601812809705734,-0.03326316550374031,-0.0032290902454406023,0.009251986630260944,-0.02244502119719982,-0.01802978850901127
-0.004873254802078009,-0.03054843097925186,-0.0052840751595795155,0.01574118062853813,-0.03924931213259697,-0.01836411841213703
-0.009662965312600136,-0.03389136493206024,-0.0005111072096042335,0.012252210639417171,-0.011816789396107197,-0.018350426107645035
-0.00881123822182417,-0.03943963721394539,-0.00011107835598522797,-0.006086153909564018,0.007730097509920597,-0.019689658656716347
-0.0062318830750882626,-0.03300821781158447,0.000575074169319123,-0.00485945213586092,0.013876069337129593,-0.018812522292137146
-0.011741366237401962,-0.032584648579359055,0.002684817649424076,-0.0021650013513863087,0.022681009024381638,-0.02292068861424923
-0.004807221703231335,-0.062051922082901,0.002420197706669569,0.00141773687209934,0.020969057455658913,-0.021270109340548515
-0.005199795123189688,-0.02946670725941658,-0.001310426159761846,-0.005527567118406296,0.034436170011758804,-0.021933551877737045
-0.006911601405590773,-0.01862390711903572,-0.0038543560076504946,-0.011789154261350632,-0.014652073383331299,-0.020747702568769455
0.0904219001531601,-0.038902297616004944,0.028924308717250824,-0.012521225959062576,-0.06950205564498901,0.023961534723639488
0.06181906536221504,0.22708018124103546,-0.008873931132256985,-0.0031159264035522938,-0.029165200889110565,0.008710288442671299
0.03989814221858978,0.20133459568023682,0.025089077651500702,0.000755511864554137,0.028235238045454025,0.010571875609457493
-0.011501357890665531,0.01971547305583954,-0.0009997606975957751,-0.0196707621216774,-0.03794369101524353,0.003908814396709204
-0.006542947143316269,0.0823216438293457,-0.009764797985553741,-0.008881391026079655,-0.06800740957260132,0.009555414319038391
0.019398264586925507,0.10797860473394394,0.01862340420484543,-0.0015168579993769526,-0.062076833099126816,0.0061585851944983006
-0.013011121191084385,-0.0521346777677536,-0.0018022150034084916,0.015049113892018795,-0.03767766058444977,-0.004599585197865963
-0.003709555836394429,-0.04559950903058052,-0.0032862697262316942,0.02305239625275135,-0.02031010203063488,-0.006438173353672028
-0.004572894424200058,-0.09743014723062515,-0.002679578261449933,0.009051722474396229,-0.0888347253203392,-0.007915474474430084
0.02835185080766678,-0.08685263991355896,-0.004448613617569208,0.022453373298048973,-0.05232398584485054,-0.015417554415762424
-0.03113483265042305,-0.1057320386171341,-0.03025510348379612,0.0011119487462565303,-0.06421609967947006,-0.008339684456586838
-0.003251673886552453,-0.10703157633543015,-0.02352973259985447,0.011394732631742954,-0.058176860213279724,-0.014940323308110237
-0.012286555022001266,-0.11810090392827988,-0.023688284680247307,0.00785132683813572,-0.05215638130903244,-0.01685793325304985
-0.010891602374613285,-0.16968773305416107,-0.019443508237600327,0.00326145370490849,-0.046412393450737,-0.0167837031185627
-0.0121686439961195,-0.16108861565589905,-0.03548210859298706,0.015135827474296093,-0.06976877152919769,-0.013391912914812565
-0.027953512966632843,-0.17153500020503998,-0.04865577816963196,0.008777130395174026,-0.03242335841059685,-0.02083016373217106
-0.019678138196468353,-0.1030120700597763,-0.030131692066788673,0.014856820926070213,-0.05258187651634216,-0.011481047607958317
-0.020907148718833923,-0.09207704663276672,0.00048121451982297003,0.014830388128757477,-0.06035211309790611,-0.010245985351502895
-0.0033576793503016233,-0.13521942496299744,0.0021564513444900513,0.01858525350689888,-0.07269329577684402,-0.010183060541749
-0.018239472061395645,-0.0971563532948494,0.0034436534624546766,-0.0038931495510041714,-0.01729458011686802,-0.016212524846196175
-0.002671498106792569,-0.07337693870067596,-0.004069823771715164,-0.0013076560571789742,-0.03816815838217735,-0.009293362498283386
-0.025208238512277603,-0.09351460635662079,0.001472719362936914,0.003586121369153261,-0.04110577702522278,-0.010730057023465633
0.0024270799476653337,-0.15351974964141846,-0.02938060276210308,0.01864696480333805,-0.016717763617634773,-0.014440487138926983
-0.007524235639721155,-0.11151136457920074,-0.025783056393265724,0.015629291534423828,-0.015241679735481739,-0.011643155477941036
-0.025052344426512718,-0.07914894819259644,-0.013455548323690891,0.01955431140959263,0.007677307818084955,-0.010166915133595467
-0.009656199254095554,-0.061887770891189575,-0.017634179443120956,0.01827465184032917,0.029511036351323128,-0.016113264486193657
-0.011306645348668098,-0.04924248158931732,-0.015863806009292603,0.01735319010913372,0.018487928435206413,-0.01181774865835905
-0.01368712168186903,-0.07835323363542557,0.00010758524877019227,0.024298150092363358,0.09305809438228607,-0.01524351630359888
-0.011047503910958767,-0.06849127262830734,-0.00039162111352197826,0.01981467567384243,0.019814714789390564,-0.012583671137690544
-0.015567051246762276,-0.05880766734480858,-0.0027014953084290028,0.01738898642361164,0.0062439898028969765,-0.007474530953913927
-0.005930854473263025,-0.056109316647052765,-0.0012974162818863988,0.008145629428327084,0.005541614256799221,-0.007584072183817625
-0.006916298996657133,-0.024389471858739853,-0.002065469743683934,0.017008112743496895,-0.007447434589266777,-0.021408753469586372
-0.009457699954509735,-0.03674712032079697,-0.0002909770410042256,0.009094460867345333,0.0023634969256818295,-0.012208211235702038
-0.007660971023142338,-0.014182575978338718,-0.0030607746448367834,-0.010103639215230942,-0.01618257723748684,-0.018339084461331367
-0.008717604912817478,-0.03056367300450802,-0.0012891945661976933,-0.004210599698126316,0.03217697516083717,-0.02351163700222969
-0.009485221467912197,-0.03480414301156998,-0.0022991769947111607,-0.0039913468062877655,-0.009184262715280056,-0.018832465633749962
-0.012986439280211926,-0.04475826025009155,-0.0014303987845778465,0.0013473398284986615,0.011228907853364944,-0.017607755959033966
-0.00441622594371438,-0.02817913144826889,-0.0033226769883185625,-0.0062875086441636086,-0.020487764850258827,-0.01682000793516636
-0.010194845497608185,-0.028101269155740738,-0.0043606236577034,-0.007182470988482237,-0.008386376313865185,-0.019621483981609344
-0.004117678850889206,-0.03592545911669731,-0.0017963004065677524,-0.00571830477565527,0.026897961273789406,-0.021765850484371185
0.008506100624799728,0.029945578426122665,0.024592874571681023,0.06004345417022705,-0.026512905955314636,0.00029115373035892844
-0.00364208803512156,0.03207060322165489,0.013912099413573742,0.060771115124225616,-0.03337964043021202,0.006744053680449724
0.001589977415278554,0.01611756719648838,-0.00588612724095583,-0.01496446505188942,-0.028564468026161194,0.0004665212472900748
0.05239677056670189,0.20629790425300598,0.01776079088449478,-0.004525944124907255,-0.04420684650540352,0.004506185185164213
0.081649549305439,0.1806669533252716,0.04845056310296059,0.0009891183581203222,-0.008627524599432945,-0.0036000683903694153
-0.0026118021924048662,-0.0025616027414798737,-0.00016449355462100357,-0.016290081664919853,-0.04965619370341301,0.002902581822127104
0.002565599512308836,0.17887379229068756,0.00491737388074398,0.0017576380632817745,-0.04771231859922409,0.0025391553062945604
-0.01104679424315691,-0.06052495539188385,-0.0010397405130788684,0.022976521402597427,-0.060698799788951874,0.0036333780735731125
-0.0035205676686018705,-0.06880869716405869,-0.003189949318766594,0.021541012451052666,-0.0639210194349289,-0.0009410494240000844
-0.027551110833883286,-0.15835615992546082,-0.017048770561814308,0.006085117347538471,-0.04229861870408058,-0.028264515101909637
-0.02825923264026642,-0.1806391030550003,-0.030342182144522667,0.008290487341582775,-0.04641850292682648,-0.023504525423049927
-0.023760829120874405,-0.09440512210130692,-0.0026173044461756945,0.00902998074889183,-0.0645308792591095,-0.01312904991209507
-0.011808929033577442,-0.1795051544904709,-0.023138266056776047,0.017006557434797287,-0.02687227353453636,-0.024266675114631653
-0.029387595131993294,-0.16890522837638855,-0.02495666779577732,0.0033432357013225555,-0.020130658522248268,-0.02182655781507492
-0.025386305525898933,-0.10666114091873169,-0.008862578310072422,0.012033442035317421,-0.05758858844637871,-0.013242393732070923
-0.007914848625659943,-0.08203249424695969,-0.0021466442849487066,0.01048727985471487,-0.009767452254891396,-0.016687652096152306
0.006525038275867701,-0.14694681763648987,-0.00424183439463377,0.012948323972523212,-0.04085684195160866,-0.01582077145576477
-0.004745814483612776,-0.15815329551696777,0.0021336746867746115,0.010961925610899925,-0.04231146723031998,-0.01789410226047039
-0.001591794309206307,-0.15830178558826447,-0.025622926652431488,0.007942788302898407,-0.049199849367141724,-0.01837744377553463
-0.011422998271882534,-0.16714942455291748,-0.028862591832876205,0.0011193914106115699,-0.02830779366195202,-0.02391304075717926
-0.013085216283798218,-0.15813425183296204,-0.02151227928698063,0.009257166646420956,-0.06436925381422043,-0.016242697834968567
-0.012754645198583603,-0.16897237300872803,-0.02324647456407547,0.006664135493338108,-0.04680440202355385,-0.013018589466810226
0.00632456224411726,-0.16807438433170319,-0.033159784972667694,0.010832042433321476,-0.01879400946199894,-0.016151126474142075
-0.014253184199333191,-0.16183100640773773,-0.06510584056377411,0.013448507525026798,-0.02288835123181343,-0.01842307485640049
-0.03174884617328644,-0.17118698358535767,-0.04144660383462906,0.013354134745895863,-0.031410977244377136,-0.023114264011383057
-0.03193923458456993,-0.18531037867069244,-0.03521038964390755,0.0017207928467541933,-0.04718645289540291,-0.019003942608833313
-0.01918356493115425,-0.1163647398352623,-0.03304386883974075,0.014456251636147499,-0.044368963688611984,-0.013397850096225739
-0.012678832747042179,-0.09560536593198776,0.0007217517704702914,0.009792888537049294,-0.0402308814227581,-0.011714042164385319
-0.005976164247840643,-0.08786788582801819,-0.0006586838862858713,0.012235735543072224,-0.02777720056474209,-0.01778145506978035
-0.022401342168450356,-0.15879516303539276,0.004749701824039221,0.007834947668015957,-0.06364381313323975,-0.014829282648861408
-0.00892241857945919,-0.03622501343488693,-0.0002742885844781995,0.014413992874324322,-0.018279599025845528,-0.010672749020159245
-0.006219312082976103,-0.08021262288093567,-0.005003914702683687,0.008977503515779972,-0.02311725914478302,-0.01582377590239048
-0.0048414962366223335,-0.04000147432088852,-0.0018199632177129388,0.006098018493503332,-0.016468998044729233,-0.012807034887373447
-0.005029277876019478,-0.0739772766828537,-5.406062427937286e-06,0.020401785150170326,-0.0006564176292158663,-0.009903432801365852
-0.006455032154917717,-0.06680800020694733,-0.011043926700949669,0.019386939704418182,0.06117019057273865,-0.015511693432927132
-0.004085859749466181,-0.11110331118106842,-0.019609082490205765,0.011335006915032864,0.017012374475598335,-0.01920405589044094
-0.023480525240302086,-0.10603147000074387,-0.022574827075004578,0.007036540657281876,0.039638228714466095,-0.016885653138160706
-0.021204764023423195,-0.06887629628181458,-0.02487325482070446,0.01246944721788168,0.04338701441884041,-0.018869535997509956
-0.006046794820576906,-0.0393783301115036,-9.166735981125385e-05,0.015854081138968468,0.011020640842616558,-0.007971455343067646
-0.006067605689167976,-0.04166148975491524,-0.007328180130571127,0.021171757951378822,0.01317146047949791,-0.00863585527986288
-0.007802248001098633,-0.037144873291254044,-0.005156327970325947,0.012341383844614029,0.030176004394888878,-0.013553109019994736
-0.007256826851516962,-0.03357676416635513,-0.003427676158025861,0.013955782167613506,-0.020143210887908936,-0.020771006122231483
-0.013649792410433292,-0.03389844298362732,-0.003794153220951557,0.01069052703678608,0.011227041482925415,-0.01801808923482895
-0.014090579934418201,-0.05009668320417404,-0.0004307696653995663,0.002458280650898814,-0.024842528626322746,-0.013709458522498608
-0.001414743484929204,-0.04092469811439514,0.0037083004135638475,0.005968448240309954,-0.013676819391548634,-0.02007562667131424
-0.008399764075875282,-0.0335543118417263,-0.0030183165799826384,-0.0037001422606408596,-0.014530181884765625,-0.017168190330266953
-0.01435671653598547,-0.0292902160435915,-0.0022091020364314318,-0.0070791360922157764,-0.023362459614872932,-0.01728343777358532
-0.0010429020039737225,-0.02520548738539219,-0.0014359081396833062,0.000451799132861197,0.002430868800729513,-0.021025605499744415
-0.0027586326468735933,0.003754179459065199,-0.0048440564423799515,-0.008915763348340988,-0.03828674182295799,-0.01548622827976942
-0.002318567829206586,-0.02640632539987564,-0.004573322366923094,-0.009155296720564365,-0.015320242382586002,-0.018347973003983498
-0.004146924242377281,-0.030195116996765137,-0.002667545573785901,-0.005757367704063654,0.021914532408118248,-0.02330145053565502
0.0001338501024292782,0.15251079201698303,0.0047632367350161076,-0.003920649643987417,-0.07635623216629028,0.011479733511805534
0.06466038525104523,0.17085696756839752,-0.005439323838800192,-0.007481617387384176,-0.09108885377645493,0.0037728194147348404
0.10883355885744095,0.21672680974006653,0.04745098948478699,0.004649678710848093,0.03476676717400551,-0.007985777221620083
0.0159995649009943,0.1656966358423233,0.03938879072666168,0.004642835818231106,-0.03645370155572891,-0.001408885233104229
-0.022999176755547523,-0.09360137581825256,-0.004738024901598692,0.011225790716707706,-0.04407959058880806,-0.020283231511712074
-0.02764730527997017,-0.16710150241851807,-0.030337924137711525,0.0006174322916194797,-0.05126600340008736,-0.01967647671699524
-0.009250171482563019,0.027014553546905518,-0.0010960985673591495,0.03785973787307739,-0.053289029747247696,-0.017229799181222916
-0.03354016691446304,-0.17966003715991974,-0.031030163168907166,0.0017112103523686528,-0.06160549446940422,-0.020800447091460228
-0.003950669430196285,-0.16783763468265533,-0.02851749211549759,0.0161137618124485,-0.02072460576891899,-0.028094321489334106
-0.007867575623095036,-0.03398721292614937,-0.0016743774758651853,0.024648364633321762,-0.055599506944417953,-0.007916780188679695
-0.014374767430126667,-0.0851455107331276,0.005437515676021576,0.026043666526675224,-0.22901852428913116,-0.006628871895372868
-0.005784681066870689,-0.1640593409538269,-0.03371981531381607,0.0030233601573854685,-0.05746239423751831,-0.02098243497312069
-0.03184058144688606,-0.17604659497737885,-0.02810673415660858,0.003708084113895893,-0.04730984568595886,-0.020381825044751167
-0.017394766211509705,-0.06562384963035583,0.0012222769437357783,0.00455675832927227,-0.054024919867515564,-0.004004694055765867
-0.023403024300932884,-0.07542653381824493,-0.02247805893421173,0.005070365034043789,-0.05554434284567833,-0.004728101659566164
-0.03056902252137661,-0.16192509233951569,-0.0341232605278492,0.0036775695625692606,-0.06404674798250198,-0.019315967336297035
-0.006146704312413931,-0.17127841711044312,-0.0232666227966547,0.008061850443482399,-0.05490690469741821,-0.016133880242705345
-0.012032495811581612,-0.09831687062978745,-0.021632418036460876,0.0068163457326591015,-0.05960419774055481,-0.012645997107028961
-0.0052890777587890625,-0.10270676761865616,-0.00226612645201385,0.016799068078398705,0.012279299087822437,-0.016992373391985893
-0.003335891757160425,-0.0346253477036953,-0.002978558884933591,0.012137030251324177,-0.03686635568737984,-0.006490979343652725
-0.006889692973345518,-0.09506207704544067,-0.00016387081996072084,0.015659071505069733,0.006295803468674421,-0.015968099236488342
-0.005571720190346241,-0.06544885039329529,-0.0032591447234153748,0.015675013884902,-0.02423054911196232,-0.00884457491338253
-0.004444747697561979,-0.08655228465795517,-0.0004251092905178666,0.017012540251016617,-0.041777320206165314,-0.011578443460166454
-0.014026421122252941,-0.09990223497152328,0.00033568296930752695,0.012948999181389809,-0.023483213037252426,-0.01403149776160717
-0.02167048119008541,-0.07501643151044846,0.0004238078836351633,0.021531403064727783,-0.021980613470077515,-0.010255904868245125
-0.019283175468444824,-0.0925421491265297,-0.015540773048996925,0.01632685586810112,0.003198907943442464,-0.01569565385580063
-0.01161989662796259,-0.0448681078851223,-0.014318285509943962,0.017408084124326706,0.03568800538778305,-0.015658140182495117
-0.002618703991174698,-0.0430273711681366,-0.006791398860514164,0.023397883400321007,0.12149219959974289,-0.016232196241617203
-0.006204031873494387,-0.0793348178267479,-0.016686035320162773,0.014022348448634148,0.1313808411359787,-0.01700276881456375
-0.01471333671361208,-0.08948937803506851,-0.026629924774169922,0.014996198005974293,0.09316656738519669,-0.02345782332122326
-0.009193625301122665,-0.054006427526474,-0.002593937562778592,0.014061070047318935,0.0034349425695836544,-0.010993135161697865
-0.005237118806689978,-0.03980907052755356,-0.004199082963168621,0.016511164605617523,-0.01782420091331005,-0.011317470110952854
-0.008802230469882488,-0.05456651374697685,-0.002880861284211278,0.0028467506635934114,0.0022305964957922697,-0.006833138410001993
0.0003589609113987535,-0.03884349390864372,-0.008075974881649017,0.022936737164855003,0.013582786545157433,-0.009944566525518894
-0.0039236112497746944,-0.03281107917428017,-0.002451210981234908,0.011843773536384106,-0.001613444765098393,-0.021050265058875084
-0.008311989717185497,-0.029127076268196106,0.00024529427173547447,-0.005805920343846083,0.010013466700911522,-0.0202565286308527
-0.005970618687570095,-0.030780313536524773,-0.001087754382751882,0.014487857930362225,-0.04033469408750534,-0.00774857634678483
-0.004272314254194498,-0.027940848842263222,-0.0015068167122080922,0.003378765657544136,0.014430003240704536,-0.019920052960515022
-0.006279998924583197,-0.03237622603774071,-0.0027893055230379105,0.000934616313315928,-0.020571831613779068,-0.02005191706120968
-0.0048536392860114574,0.005540915299206972,0.0016220862744376063,0.0034222861286252737,-0.03994129225611687,-0.019027041271328926
-0.006042452063411474,-0.02859376184642315,-0.0014111065538600087,-0.003691905876621604,-0.04084751382470131,-0.017112303525209427
-0.003720682580024004,0.006023672875016928,-0.005324890371412039,-0.013549134135246277,-0.02495417557656765,-0.01822512596845627
-0.005579095799475908,-0.02695564180612564,-0.0062445481307804585,-0.005110501777380705,-0.01765199564397335,-0.015475072897970676
-0.005198162514716387,0.06090354546904564,0.045472193509340286,-0.013145781122148037,-0.001558451447635889,0.042323481291532516
0.0865858793258667,0.1648346334695816,0.060150276869535446,-0.012893679551780224,-0.04130755737423897,0.025412699207663536
0.09703687578439713,0.17222937941551208,0.06327281892299652,0.0004823741619475186,-0.06745267659425735,0.011008676141500473
0.044883787631988525,0.07451058179140091,-0.01529192365705967,-0.009157814085483551,0.11057551205158234,-0.008918375708162785
0.013219647109508514,0.06643538177013397,0.040174324065446854,-0.009245787747204304,-0.03290293738245964,-0.000416999333538115
-0.010642868466675282,0.15118582546710968,0.028712887316942215,0.011677335947751999,-0.07915055006742477,0.003713411744683981
-0.02840009704232216,-0.11633007973432541,-0.031047379598021507,0.014855693094432354,-0.07265692204236984,-0.017407838255167007
-0.016489462926983833,-0.0829068273305893,-0.0011610452784225345,0.01154430489987135,-0.04330757260322571,-0.022557329386472702
-0.0056025744415819645,-0.028433389961719513,-0.0053476146422326565,-0.010687397792935371,0.013424638658761978,-0.005546779837459326
-0.025242719799280167,-0.1022028923034668,-0.010941725224256516,0.011008566245436668,-0.23625890910625458,-0.00812769215553999
-0.007561303209513426,-0.03717298060655594,-0.0034087311942130327,-0.013974186033010483,-0.1079200729727745,0.0019850069656968117
-0.03137081861495972,-0.10675891488790512,-0.03123396448791027,0.0018180623883381486,-0.04334152862429619,-0.012584240175783634
-0.023277629166841507,-0.08043120056390762,-0.019514260813593864,-0.01493492815643549,-0.2014816850423813,0.0006466286140494049
-0.011865751817822456,-0.058992668986320496,-0.017724361270666122,0.005324746016412973,-0.09888745844364166,-0.0005206165951676667
-0.016367100179195404,-0.12995383143424988,-0.02209891378879547,0.012125391513109207,-0.06326907128095627,-0.014766238629817963
-0.013608341105282307,-0.11297576129436493,-0.024502137675881386,0.011898904107511044,-0.042147547006607056,-0.016719555482268333
-0.017953017726540565,-0.1289360225200653,0.0008796807378530502,0.00991848111152649,0.00858932826668024,-0.017311258241534233
-0.012275339104235172,-0.08540139347314835,-0.0026695956476032734,0.008561519905924797,0.03210262209177017,-0.020379269495606422
-0.013269122689962387,-0.03413807600736618,-0.0020521508995443583,0.010110938921570778,-0.010515271686017513,-0.006127293221652508
-0.004053311888128519,-0.03662967309355736,-0.001335521345026791,0.02745937556028366,-0.026218798011541367,-0.015100457705557346
-0.007480778265744448,-0.06438396126031876,-0.001144838985055685,0.01881801150739193,-0.02045147866010666,-0.013870309107005596
-0.00559333898127079,-0.08869572728872299,-0.0030888442415744066,0.017863910645246506,-0.03762289509177208,-0.014033726416528225
0.0035169776529073715,-0.03825528919696808,-0.0018927111523225904,0.00810437835752964,-0.016659120097756386,-0.007498197723180056
-0.025702478364109993,-0.10725097358226776,-0.005740446504205465,0.00900498777627945,0.015577362850308418,-0.021844815462827682
-0.010630105622112751,-0.07619483023881912,-0.010407865978777409,0.002194859553128481,0.0024552959948778152,-0.012518595904111862
-0.022350918501615524,-0.05047646164894104,-0.017546379938721657,0.010966853238642216,0.0361892394721508,-0.016838133335113525
-0.01236929465085268,-0.07912074774503708,-0.017622236162424088,0.013417992740869522,0.03332199528813362,-0.01644793525338173
-0.010260608978569508,-0.062272872775793076,-0.01600421592593193,0.005402723792940378,0.12785229086875916,-0.011226754635572433
-0.015087194740772247,-0.06858061999082565,-0.00014298592577688396,0.011851491406559944,0.013332942500710487,-0.015017560683190823
-0.018154026940464973,-0.04167340695858002,-0.00015764683485031128,0.014778516255319118,-0.024204710498452187,-0.006511118728667498
-0.003936032764613628,-0.06706123054027557,-0.001401234301738441,0.020816531032323837,-0.0375996008515358,-0.018344679847359657
-0.005558874923735857,-0.05802309140563011,-0.0007715944666415453,0.015745040029287338,-0.03807089105248451,-0.018644025549292564
-0.004529100377112627,-0.036396268755197525,-0.0060530174523591995,0.022352492436766624,-0.018437718972563744,-0.00644793501123786
-0.011159969493746758,-0.03169241175055504,-0.003729212796315551,0.0044305454939603806,-0.013993004336953163,-0.01949026621878147
-0.003702598623931408,-0.02676321752369404,-0.006428299006074667,0.015450832433998585,0.0019529713317751884,-0.016059039160609245
-0.004389102570712566,0.008479670621454716,0.0021543153561651707,0.008764799684286118,-0.00887996144592762,-0.01970508322119713
-0.0007279934361577034,0.0015014249365776777,0.0007260317797772586,0.010960622690618038,-0.018043141812086105,-0.021570594981312752
-0.0057543194852769375,0.0038556568324565887,-0.0003008584026247263,0.016922127455472946,-0.039774149656295776,-0.02014356479048729
-0.001306277234107256,0.009295608848333359,-0.0008825475815683603,-0.0034819887951016426,-0.057884667068719864,-0.014527284540235996
-0.0010885701049119234,0.004911279771476984,-0.004653040785342455,-0.006604241207242012,-0.03786379471421242,-0.01624026522040367
-0.004536419175565243,-0.03373913839459419,0.0006064887274987996,-0.0033490497153252363,0.038989175111055374,-0.02182246372103691
0.033079128712415695,0.020329538732767105,-0.017140597105026245,-0.020129505544900894,0.0048364438116550446,0.02606259286403656
0.08742870390415192,0.0906665101647377,0.0581183023750782,-0.011352086439728737,-0.0758185163140297,0.02682097628712654
0.09809146076440811,0.170864537358284,0.0540071502327919,-0.009391878731548786,-0.05222027748823166,0.022370174527168274
0.06720681488513947,0.09441745281219482,-0.00033134446130134165,-0.021580837666988373,-0.03313023969531059,0.018727323040366173
0.1088605672121048,0.1730538010597229,0.06240910291671753,-0.010678688995540142,-0.003559224074706435,0.02125968225300312
0.08777277171611786,0.1826726794242859,0.05514366179704666,-0.012820379808545113,-0.015298536978662014,0.0054835728369653225
0.05704384297132492,0.11408573389053345,0.06327579915523529,0.008962379768490791,-0.07238207012414932,0.02088131755590439
0.08862324059009552,0.162715345621109,0.04126357287168503,0.007139881141483784,-0.07773616909980774,0.00389651651494205
-0.02464059367775917,-0.10346719622612,-0.033243708312511444,0.0031896980945020914,-0.047819122672080994,-0.02202150970697403
-0.02913559600710869,-0.11449580639600754,-0.035575758665800095,0.013161594048142433,-0.05050734803080559,-0.019934318959712982
-0.007928078062832355,-0.06949244439601898,-0.0032130032777786255,0.012345535680651665,-0.03859669342637062,-0.013475032523274422
0.000288780516711995,-0.08628121018409729,-0.004962752107530832,0.017984243109822273,-0.03838086873292923,-0.017093006521463394
-0.009117537178099155,0.0013746303739026189,-0.0016534130554646254,-0.017447270452976227,0.022997166961431503,-0.005455530248582363
-0.010480144061148167,0.008512327447533607,-0.007352275773882866,-0.019804684445261955,-0.12103613466024399,0.008739350363612175
-0.012260529212653637,0.012926049530506134,0.002698662457987666,-0.0036833358462899923,-0.11375822871923447,0.007403536234050989
-0.013124884106218815,-0.04345976188778877,-0.013767022639513016,0.02437758259475231,-0.030455531552433968,-0.01248127594590187
-0.005428479053080082,-0.047291580587625504,0.0013555005425587296,0.0013076193863525987,-0.05738992244005203,0.0009769885800778866
-0.019134679809212685,-0.11594752967357635,-0.02862507477402687,0.013439478352665901,-0.04437478631734848,-0.015277746133506298
-0.011225391179323196,-0.033615317195653915,0.0005881787510588765,0.006675089243799448,-0.04002450034022331,-0.0019540090579539537
-0.020442890003323555,-0.09326130151748657,0.0027592440601438284,0.0035626571625471115,-0.02501496858894825,-0.013563372194766998
-0.015043656341731548,-0.0904695987701416,-0.0004010409757029265,0.004401155281811953,-0.02258746139705181,-0.01848331280052662
-0.006173868663609028,-0.07919792085886002,-0.0008555970271117985,0.021729925647377968,-0.017771735787391663,-0.023440612480044365
-0.009409437887370586,-0.0616176538169384,-0.0039201769977808,0.023262953385710716,0.0017918464727699757,-0.008375760167837143
-0.016769925132393837,-0.10333578288555145,-0.0002309000992681831,0.009030355140566826,0.021122662350535393,-0.02316264435648918
-0.022635577246546745,-0.10134978592395782,0.0029337608721107244,0.012085247784852982,-0.016694314777851105,-0.014641962014138699
-0.016947804018855095,-0.1001528650522232,-0.007688160054385662,0.010297278873622417,-0.015297970734536648,-0.0179059486836195
-0.012387029826641083,-0.10921338200569153,-0.022515086457133293,0.014539126306772232,0.01339256577193737,-0.02086014673113823
-0.02693581022322178,-0.11587735265493393,-0.02660316415131092,0.009347431361675262,0.0327635258436203,-0.021893633529543877
-0.01972811296582222,-0.07871365547180176,-0.022092046216130257,0.012028418481349945,0.01255902461707592,-0.013396241702139378
-0.01788192428648472,-0.07521163672208786,-0.019375331699848175,0.013850076124072075,0.010056896135210991,-0.013326841406524181
-0.022293834015727043,-0.08955029398202896,-0.020622609183192253,0.004233821760863066,0.019102567806839943,-0.0161811001598835
-0.02095741219818592,-0.0851888582110405,-0.006340248044580221,0.012328465469181538,0.001979418797418475,-0.011200720444321632
-0.004858791828155518,-0.07499771565198898,0.001275271992199123,0.02277236059308052,-0.017016801983118057,-0.021895114332437515
-0.008112248964607716,-0.047940440475940704,-0.0032621065620332956,-0.000379643781343475,6.684406253043562e-05,-0.01863902062177658
-0.010570932179689407,-0.03585508465766907,-0.0024305975530296564,0.02070710062980652,-0.003618040354922414,-0.009203328751027584
-0.013419633731245995,-0.061414625495672226,0.0011057084193453193,0.01893848367035389,0.022719332948327065,-0.024365661665797234
-0.0032739918678998947,-0.03166840597987175,0.0008497028611600399,0.0028198256622999907,0.0038873294834047556,-0.016958216205239296
-0.004253602121025324,-0.04581513628363609,-0.0008115888922475278,0.0009446723270229995,-0.013060368597507477,-0.02043459191918373
0.0025077294558286667,0.016121016815304756,0.0040622856467962265,0.018793761730194092,0.015768513083457947,-0.028079820796847343
-0.0035013051237910986,0.0068995533511042595,0.00040755749796517193,0.018016086891293526,-0.03860701620578766,-0.019088223576545715
-0.006080285646021366,0.009071207605302334,-0.001700510154478252,-0.005209209863096476,-0.0367593877017498,-0.01746438629925251
-0.008579796180129051,-0.004784911870956421,-0.003525080857798457,0.00930470135062933,-0.025031547993421555,-0.003767781425267458
-0.005910935811698437,0.015235469676554203,-0.001665742602199316,0.013480721972882748,-0.016754308715462685,-0.018187811598181725
-0.001120183733291924,-0.008721770718693733,0.027996152639389038,-0.02241693064570427,-0.008389061316847801,0.048750050365924835
0.004888443276286125,0.01099847536534071,0.05530860275030136,-0.014403591863811016,-0.017457181587815285,0.03953058272600174
0.07356153428554535,0.015215043909847736,0.08878101408481598,-0.019386159256100655,-0.01444954238831997,0.06122509390115738
-0.01113571785390377,-0.028358368203043938,-0.007587451487779617,-0.017540395259857178,-0.018226370215415955,0.020180732011795044
0.03644290566444397,0.057786278426647186,0.06792355328798294,-0.017354505136609077,-0.012773716822266579,0.039964884519577026
0.0323035903275013,0.12032391130924225,0.06279963999986649,-0.01934118941426277,-0.007530793081969023,0.03208327665925026
0.0017551917117089033,0.006353560835123062,0.004052511416375637,-0.015826813876628876,-0.004717558156698942,0.01575632020831108
0.049868144094944,0.008669473230838776,0.05970278009772301,-0.0073946095071733,-0.035445116460323334,0.023581618443131447
-0.006674154661595821,0.019821880385279655,0.04783637076616287,-0.0049080392345786095,-0.04348830506205559,0.009928371757268906
-0.002099767094478011,0.013327629305422306,0.02228674851357937,0.0008415693882852793,0.012402879074215889,-0.0040602306835353374
-0.031904567033052444,-0.05785899609327316,-0.031246419996023178,0.011789235286414623,-0.045564789324998856,-0.02399575524032116
-0.025212185457348824,-0.09090088307857513,-0.020266467705368996,0.004960007965564728,-0.06071633845567703,-0.015273258090019226
0.056415896862745285,0.211541548371315,-0.0037426885683089495,0.05834867060184479,0.00924567598849535,-0.016092712059617043
-0.009017824195325375,-0.060216955840587616,-0.0039844331331551075,0.024157099425792694,-0.039858411997556686,-0.016078248620033264
-0.015839608386158943,-0.08459869027137756,-0.0010782183380797505,0.015315458178520203,-0.04413149133324623,-0.017204539850354195
-0.0055896565318107605,-0.06604151427745819,-0.0001429102849215269,0.016996225342154503,0.09480933099985123,-0.027759281918406487
-0.002739902585744858,-0.04693121090531349,-0.0026868777349591255,0.020420128479599953,-0.039596930146217346,-0.015137501060962677
-0.011326290667057037,-0.038160182535648346,-0.004088216461241245,0.02525770477950573,-0.022032584995031357,-0.013141198083758354
-0.019112490117549896,-0.04907548800110817,-0.0012910543009638786,0.019784465432167053,0.0031612932216376066,-0.019970552995800972
0.0025195705238729715,-0.04295244812965393,-9.104260971071199e-05,0.026577727869153023,-0.012802748940885067,-0.01583925634622574
0.008712518028914928,-0.03254929929971695,0.001058701192960143,0.02695964276790619,-0.0325314924120903,-0.010167720727622509
-0.006307549774646759,-0.07934453338384628,-0.004480426665395498,0.018553823232650757,0.0025242362171411514,-0.026119466871023178
-0.01986086182296276,-0.06689383089542389,0.005016314331442118,0.02101866342127323,-0.04521233215928078,-0.017676593735814095
-0.01668059080839157,-0.07883642613887787,0.0011737272143363953,0.0048777260817587376,0.006800742819905281,-0.0183127261698246
-0.007717545609921217,-0.0918755903840065,-0.0010787578066810966,0.022089798003435135,-0.013731825165450573,-0.017730845138430595
-0.006171195302158594,-0.0975431501865387,0.0006525948992930353,0.015985285863280296,0.010358959436416626,-0.025354089215397835
-0.011152460239827633,-0.09203843027353287,0.0009177124011330307,0.014774471521377563,0.012655987404286861,-0.02558114007115364
-0.013218270614743233,-0.09898574650287628,0.001222061226144433,0.021588841453194618,-0.021125908941030502,-0.018051210790872574
-0.014430062845349312,-0.10763876140117645,-0.016558723524212837,0.008665342815220356,0.007895008660852909,-0.020191345363855362
-0.006674862466752529,-0.0732225552201271,0.0012845926685258746,0.01941091939806938,0.06895853579044342,-0.016090458258986473
-0.007246930152177811,-0.09029578417539597,-0.021696388721466064,0.012475388124585152,0.1334766447544098,-0.02207556553184986
-0.010963854379951954,-0.08177507668733597,-0.01898486353456974,0.012018120847642422,0.003409125842154026,-0.022013086825609207
-0.005598949268460274,-0.03711283579468727,-0.003592805005609989,0.015126630663871765,-0.022878481075167656,-0.0101706488057971
-0.0043349489569664,-0.03907207027077675,-0.005472145043313503,0.01810562051832676,-0.014596289955079556,-0.008472219109535217
-0.00836266577243805,-0.010825545527040958,-0.0029804327059537172,0.023298105224967003,0.00790091510862112,-0.009167123585939407
-0.0026790224947035313,-0.02827352099120617,-0.0017922057304531336,0.015676753595471382,0.00942252017557621,-0.022162986919283867
-0.0006933652330189943,-0.027340516448020935,-0.004372593481093645,0.015570443123579025,0.01638353243470192,-0.023092512041330338
0.0024793297052383423,-0.03268975019454956,-0.0029132964555174112,0.013926327228546143,0.013167605735361576,-0.02152019552886486
0.007236442994326353,0.0701189637184143,0.0018030948704108596,0.01845879666507244,0.014916220679879189,-0.027281329035758972
-0.0024299900978803635,0.01800750568509102,-0.005312254652380943,0.014200173318386078,0.005987398326396942,-0.007189407479017973
-0.004828296601772308,0.12362919747829437,0.005431292112916708,0.021647291257977486,0.022176751866936684,-0.02596946991980076
0.008822591044008732,0.009094450622797012,-0.007402291055768728,0.018261363729834557,-0.02791086584329605,-0.005773317068815231
0.05130840837955475,-0.028287850320339203,-0.011631532572209835,-0.0164475180208683,-0.035386938601732254,0.040732242166996
0.07253056764602661,0.0070149521343410015,0.04165714606642723,-0.02382204867899418,-0.035283610224723816,0.06523876637220383
0.038760509341955185,-0.0280429869890213,-0.015263031236827374,-0.021069174632430077,-0.04720841720700264,0.02942892536520958
0.033242836594581604,-0.026462508365511894,-0.004042851272970438,-0.019706914201378822,-0.04956499859690666,0.02736172080039978
-0.008777538314461708,0.017865287140011787,0.07079093903303146,-0.022906847298145294,-0.021202577278017998,0.04413206875324249
-0.006261862348765135,0.01303764246404171,0.010272618383169174,-0.02728254161775112,0.00117854296695441,0.037316255271434784
0.07279625535011292,0.18415722250938416,0.07733117789030075,0.0015487236669287086,0.0353853814303875,0.04965253546833992
-0.001466067275032401,0.0047864909283816814,0.002896328456699848,-0.014979537576436996,-0.04358872026205063,0.026843644678592682
0.008006595075130463,0.04152236878871918,0.07591627538204193,-0.014769361354410648,-0.009355146437883377,0.04493693262338638
0.0031901863403618336,0.012837231159210205,0.03746755048632622,-0.01114110928028822,-0.020685967057943344,0.03200019523501396
0.11321251839399338,0.22767004370689392,0.0385143868625164,-0.006383170373737812,0.05075913667678833,0.020277291536331177
-0.008539749309420586,-0.03028726391494274,0.01097874529659748,-0.0049952613189816475,-0.02061721682548523,0.015046557411551476
-0.0012094585690647364,-0.007593218702822924,-0.005908389575779438,0.02369825355708599,0.008129728026688099,-0.0009928937070071697
-0.004565864335745573,0.018180450424551964,0.0005262480699457228,0.018150703981518745,0.031112750992178917,-0.007501606829464436
-0.0017730267718434334,0.02979332208633423,0.0027530875522643328,0.034691840410232544,0.004526293836534023,-0.0065461755730211735
-0.01616753824055195,-0.044644176959991455,0.0008922034176066518,0.021454311907291412,-0.012838954105973244,-0.01866898499429226
-0.0073554422706365585,0.024147124961018562,0.009228781796991825,0.03006146289408207,0.034784384071826935,-0.014974988996982574
-0.006108046974986792,-0.10325074940919876,-0.012241315096616745,0.019489215686917305,0.01267105434089899,-0.020624229684472084
-0.030676163733005524,-0.17152032256126404,-0.044108133763074875,0.01196601428091526,-0.04225336015224457,-0.025206327438354492
-0.029845762997865677,-0.12169629335403442,-0.04588819667696953,0.011704687029123306,-0.014188039116561413,-0.023244177922606468
-0.010312201455235481,0.030617760494351387,0.01433474849909544,0.037599124014377594,0.023184092715382576,-0.014585551805794239
-0.004798930138349533,-0.03895147144794464,-0.0035180565901100636,0.029264841228723526,-0.011693290434777737,-0.013078835792839527
-0.020210500806570053,-0.0982166975736618,0.0028012499678879976,0.01514082495123148,0.019139079377055168,-0.022534064948558807
-0.006530518177896738,-0.03565036505460739,-0.0016268728068098426,0.02939966693520546,0.003577027702704072,-0.019765391945838928
-0.007711363956332207,-0.0763469859957695,-0.001839349279180169,0.01892612874507904,-0.022661875933408737,-0.020432710647583008
-0.002059818245470524,-0.06531598418951035,-0.0005963167059235275,0.01738114468753338,0.14275430142879486,-0.026919083669781685
-0.004101485479623079,-0.0750226303935051,0.0012006110046058893,0.023889483883976936,0.002415976719930768,-0.014398721978068352
-0.003613147884607315,-0.07470425963401794,-0.0009972435655072331,0.021425269544124603,0.03828605264425278,-0.024210643023252487
0.00012030144716845825,-0.07924488931894302,-0.0036215833388268948,0.022989263758063316,0.01726699434220791,-0.02442978508770466
-0.0021105497144162655,-0.056458890438079834,-0.004525803029537201,0.019356826320290565,-0.04669521749019623,-0.0085343848913908
-0.021997911855578423,-0.044586651027202606,-0.003727769246324897,0.01898379810154438,-0.01755123771727085,-0.018873784691095352
-0.018495967611670494,-0.08304809778928757,-0.0006716247880831361,0.008632652461528778,0.020385555922985077,-0.025504035875201225
-0.02012617513537407,-0.08662060648202896,0.001276456518098712,0.01727156527340412,-0.03879524767398834,-0.018282422795891762
-0.01095677725970745,-0.07631495594978333,-0.0009093941771425307,0.01917344704270363,-0.02602948620915413,-0.022963831201195717
-0.014252256602048874,-0.10172123461961746,-0.009867682121694088,0.010441599413752556,-0.016935857012867928,-0.025763828307390213
-0.023645320907235146,-0.11233898252248764,-0.018986109644174576,0.012507771141827106,0.01809992827475071,-0.024217639118433
0.005390259902924299,-0.09554024040699005,-0.010489588603377342,0.025804780423641205,0.03903184458613396,-0.023914644494652748
-0.015555799938738346,-0.10755346715450287,-0.026969676837325096,0.008571610786020756,0.03438107669353485,-0.030041854828596115
-0.0262941662222147,-0.057384032756090164,-0.01303076185286045,0.021327242255210876,0.012981286272406578,-0.01952938176691532
0.007071327418088913,-0.038761820644140244,0.010378438979387283,0.017177382484078407,0.008464665152132511,-0.009085903875529766
0.00352685060352087,-0.027883198112249374,-0.006434472277760506,-0.022474750876426697,-0.035130824893713,0.03447432070970535
-0.008959151804447174,-0.027185216546058655,-0.01005824375897646,-0.01691296324133873,-0.05918223410844803,0.026897892355918884
0.007143117021769285,-0.019285064190626144,0.00965969730168581,-0.02887740544974804,-0.05752558633685112,0.03521634638309479
-0.0035595432855188847,-0.0057956320233643055,0.015653952956199646,-0.017691191285848618,-0.017726358026266098,0.03593200072646141
-0.0032240014988929033,0.06209974363446236,0.0208112969994545,-0.01973309926688671,0.029710032045841217,0.021908342838287354
-0.0037760562263429165,0.01184138935059309,0.01126126665621996,-0.015384148806333542,0.021842602640390396,0.027567146345973015
0.013143218122422695,0.012989516369998455,0.06412751227617264,-0.012356542982161045,-0.010114130564033985,0.048569731414318085
-0.00981025118380785,0.04383554682135582,0.0012684438843280077,-0.008214850910007954,0.03594530001282692,0.022434186190366745
0.0812574177980423,0.06630729138851166,0.08973350375890732,0.005339148920029402,0.01623424142599106,0.05232153460383415
-0.008810034021735191,0.012078574858605862,0.04381958022713661,-0.014063604176044464,0.10829804092645645,0.03784658759832382
0.0024802295956760645,0.0173322930932045,0.05541465803980827,-0.003182234475389123,0.0035738616716116667,0.03970599174499512
0.013548636808991432,0.011751405894756317,0.035045821219682693,-0.038150060921907425,0.09307418763637543,0.03693742677569389
-0.0026032414752990007,-0.034861885011196136,-0.001366697601042688,0.016939740628004074,0.007849779911339283,0.011294770985841751
-0.008236197754740715,0.006398771423846483,0.02945808693766594,0.009419438429176807,0.021003255620598793,0.02302258089184761
0.004245574586093426,0.02851436473429203,0.0063736895099282265,0.03285912051796913,0.003381359623745084,0.01887715421617031
-0.010241731069982052,-0.03582684323191643,-0.0045091379433870316,0.014908063225448132,0.019811052829027176,0.005394981242716312
-0.016128405928611755,-0.045737374573946,-0.0020457347854971886,0.018353918567299843,-0.04203590378165245,-0.009048717096447945
-0.003659389214590192,-0.03456905856728554,0.000932045397348702,0.031830672174692154,-0.012851027771830559,-0.01266746036708355
-0.012429524213075638,-0.09282059222459793,0.0026250099763274193,0.016515133902430534,-0.014004489406943321,-0.015217035077512264
-0.014977507293224335,-0.11578984558582306,-0.016453182324767113,0.01634053699672222,-0.041880831122398376,-0.014139074832201004
-0.027506405487656593,-0.09595035761594772,-0.011981375515460968,0.00867786630988121,-0.014357433654367924,-0.015417085029184818
-0.02508542686700821,-0.1191435158252716,-0.039656199514865875,0.013085233978927135,-0.017545061185956,-0.02524346485733986
-0.02405865490436554,-0.15952973067760468,-0.036777883768081665,0.00951785035431385,0.007413247134536505,-0.02123122103512287
-0.030718643218278885,-0.10538722574710846,-0.04479626938700676,0.02238919958472252,0.014459255151450634,-0.024916308000683784
-0.0278554018586874,-0.10856016725301743,-0.032450925558805466,0.01589970849454403,-0.04086964949965477,-0.019759295508265495
-0.014612240716814995,-0.09306264668703079,-0.009596990421414375,0.01546566653996706,0.09333129227161407,-0.031080210581421852
-0.006016516126692295,-0.08153729885816574,-0.0006564174545928836,0.01611289195716381,0.02355673350393772,-0.02435881271958351
-0.008534773252904415,-0.0806470662355423,-0.0007517754565924406,0.012365946546196938,-0.004942591302096844,-0.023670868948101997
-0.002513389801606536,-0.08267371356487274,-0.0007788124494254589,0.018462451174855232,0.031116148456931114,-0.02586245723068714
-0.005928380414843559,-0.034298524260520935,0.0018150463001802564,0.023376978933811188,-0.020019518211483955,-0.0156326275318861
0.0077788010239601135,-0.04061279073357582,-0.00435604527592659,0.03532227501273155,0.03684164211153984,-0.02529747784137726
-0.0023771696723997593,-0.0348932221531868,-0.0005547992768697441,0.033600181341171265,0.08615642040967941,-0.02460217848420143
-0.0009707435383461416,-0.04862644523382187,-0.0053582689724862576,0.025450484827160835,0.01216255221515894,-0.020799769088625908
-0.005656228866428137,-0.07618661224842072,-0.002694110618904233,0.022220555692911148,-0.038279950618743896,-0.018567577004432678
-0.005002188496291637,-0.06599003076553345,-0.00370206730440259,0.013696175068616867,-0.05912782624363899,-0.010997053235769272
-0.00874006561934948,-0.0886898785829544,-0.003533231094479561,0.01730608381330967,-0.01893462799489498,-0.025280049070715904
-0.002269881311804056,-0.04311748966574669,-0.011274363845586777,0.02454555593430996,-0.019592750817537308,-0.01433239784091711
-0.0070495037361979485,-0.026683729141950607,0.014536031521856785,-0.020415818318724632,0.03041353076696396,0.0367741659283638
-0.00937355775386095,-0.013333589769899845,-0.000416900817072019,-0.015517468564212322,0.026714874431490898,0.02387700043618679
-0.0003019777941517532,0.012102179229259491,0.018460873514413834,-0.027338756248354912,0.017574027180671692,0.03789467737078667
-0.019953781738877296,0.020823011174798012,0.05339778587222099,-0.02407640404999256,0.022986728698015213,0.03504835441708565
-0.007578194607049227,0.005992621183395386,0.06217898428440094,-0.013821315951645374,-0.02319234609603882,0.04200148954987526
0.004919655155390501,0.01813664101064205,0.08187734335660934,-0.011766111478209496,0.006375576369464397,0.044984184205532074
-0.010401668027043343,0.018656477332115173,0.03794073686003685,-0.03292713686823845,0.030514990910887718,0.03295323625206947
-0.01107348594814539,0.010900720953941345,0.049372993409633636,-0.0030681889038532972,0.07246075570583344,0.03174366429448128
-0.0097262654453516,0.019366368651390076,0.042119309306144714,-0.0045317052863538265,0.004168003331869841,0.032949965447187424
-0.0052252779714763165,0.012319838628172874,0.0022217819932848215,-0.0361412949860096,0.06392260640859604,0.023212959989905357
-0.0008344228845089674,0.013663199730217457,0.052844829857349396,0.00953422300517559,0.010184478014707565,0.033122580498456955
0.07315750420093536,0.01228024810552597,0.0826687291264534,0.010093164630234241,0.01888401247560978,0.04490021616220474
-0.002215282991528511,0.016846461221575737,-0.006937182974070311,0.037947069853544235,0.00246107648126781,0.011378330178558826
0.002220387803390622,0.07837216556072235,0.01805318146944046,0.033609677106142044,0.013783148489892483,0.020945552736520767
-0.0044871442951262,0.004813560284674168,-0.005814359989017248,-0.026696110144257545,0.010388098657131195,0.012646946124732494
-0.0046001276932656765,0.013424933888018131,0.014081718400120735,0.025831695646047592,0.022656045854091644,0.019517291337251663
-0.009043373167514801,-0.03885650634765625,-0.004075184464454651,0.022615421563386917,-0.013541805557906628,-0.013597252778708935
0.004388120956718922,0.03387155011296272,0.0022382570896297693,0.05152290314435959,-0.008401996456086636,-0.015046636573970318
-0.017596902325749397,-0.10166624188423157,-0.008618222549557686,0.005424525123089552,0.033625002950429916,-0.02292488142848015
-0.004776948597282171,-0.03763802722096443,-0.003997415769845247,0.02770944871008396,-0.021458379924297333,-0.012531530112028122
-0.020401090383529663,-0.08634686470031738,0.0002975129464175552,0.01667788065969944,-0.007695418782532215,-0.021137505769729614
-0.01099340245127678,-0.06032216548919678,-0.0038425149396061897,0.019451405853033066,0.03782569617033005,-0.02485787309706211
-0.004797789733856916,-0.02983141876757145,0.00037064022035337985,0.025265639647841454,0.014667423442006111,-0.019255967810750008
0.0019500027410686016,-0.01450877171009779,-0.007623528130352497,0.030418183654546738,0.03186100348830223,-0.016718009486794472
-0.0006319365347735584,-0.02946612983942032,-0.00762556167319417,0.03114011511206627,0.0010125729022547603,-0.019006986171007156
-0.0021350509487092495,0.02990613877773285,0.0010771629167720675,0.0465393103659153,0.004696172662079334,-0.016474705189466476
0.007064995355904102,0.11194542795419693,-0.000523449678439647,0.044880952686071396,-0.03392161428928375,-0.016685545444488525
-0.01155091729015112,-0.07855173200368881,0.00447059003636241,0.013332663103938103,-0.05485491827130318,-0.006282208953052759
-0.011469588615000248,0.007440368179231882,0.0017277281731367111,-0.017285088077187538,0.0643613338470459,0.023149093613028526
-0.0013049935223534703,-0.028672263026237488,0.015762092545628548,-0.014834161847829819,0.016287341713905334,0.03896840661764145
-0.010095413774251938,-0.029023263603448868,0.006995446979999542,-0.014562815427780151,0.028110012412071228,0.02537480741739273
-0.00939243845641613,0.015134790912270546,0.056798942387104034,-0.01806063763797283,0.027732420712709427,0.04124614968895912
-0.007676133420318365,0.10766575485467911,0.0585954487323761,-0.003429716220125556,-0.042693596333265305,0.04769133776426315
-0.012597499415278435,0.043508853763341904,0.052549004554748535,-0.006719309836626053,0.015211273916065693,0.03444847837090492
-0.0018581897020339966,0.015231938101351261,0.07213596999645233,-0.009968559257686138,-0.012642749585211277,0.04421784356236458
0.09979592263698578,0.23022927343845367,0.050729699432849884,0.024167140945792198,0.026796288788318634,0.010118174366652966
0.07920313626527786,0.24442732334136963,0.04049455374479294,0.01160171814262867,0.03606671839952469,0.03293135389685631
0.08419176936149597,0.11125276237726212,0.07916995137929916,0.014516807161271572,0.028225302696228027,0.04275490343570709
0.01257743313908577,0.007630724925547838,0.041894204914569855,0.015600706450641155,0.031533900648355484,0.02600858546793461
0.06397180259227753,0.048789918422698975,0.04957037791609764,0.045018259435892105,-0.022889772430062294,0.019925909116864204
0.009876127354800701,0.06129626929759979,0.0468067042529583,0.02739565446972847,-0.018829118460416794,0.03542708232998848
-0.0029579310212284327,0.012672311626374722,-0.013033573515713215,-0.019141528755426407,0.01841021701693535,0.015220689587295055
0.10751006007194519,0.25192615389823914,0.058914072811603546,0.05801815539598465,0.030013006180524826,0.008760430850088596
-0.028164196759462357,-0.10360997170209885,-0.022575484588742256,0.019626205787062645,-0.06021265685558319,-0.018476834520697594
-0.004061185289174318,-0.03794274851679802,-0.004564411006867886,0.02578519657254219,-0.040403012186288834,-0.015049375593662262
-0.003417657921090722,-0.05437982827425003,-0.001835971837863326,0.020627038553357124,-0.021213766187429428,-0.020724045112729073
-0.004915035795420408,0.005308338440954685,0.001303930301219225,0.02800053544342518,-0.020442180335521698,-0.009105416014790535
-0.003043633885681629,0.003008785890415311,-0.0026290048845112324,0.035825688391923904,0.020863497629761696,-0.015904610976576805
0.0056227934546768665,0.02976677007973194,0.003750924486666918,0.04319420084357262,-0.03395792096853256,-0.009565805085003376
-0.008605977520346642,-0.09227067977190018,-0.016682390123605728,-0.0011621291050687432,-0.06001240387558937,-0.014880879782140255
-0.00830458477139473,-0.07062682509422302,-0.0016292568761855364,0.013948045670986176,-0.038852669298648834,-0.006137858610600233
-0.012861217372119427,0.018124233931303024,0.011119481176137924,-0.01708226092159748,0.03903736546635628,0.041459549218416214
-0.0017856203485280275,0.014866354875266552,0.03812213987112045,-0.019572226330637932,0.022182539105415344,0.038878433406353
-0.005521813873201609,0.0007435646839439869,0.003791403491050005,-0.017221057787537575,0.07689566165208817,0.022381067276000977
-0.007683135569095612,0.005750555079430342,0.05468739569187164,-0.011068143881857395,0.01516128983348608,0.03737810626626015
-0.01091852132230997,0.12950614094734192,0.008425630629062653,-0.00016597527428530157,0.07043924182653427,0.026656899601221085
-0.008483870886266232,0.06487171351909637,0.07030129432678223,-0.0025141839869320393,0.02810089662671089,0.03966835141181946
0.006135300267487764,0.011496529914438725,0.012973703444004059,-0.03540613129734993,0.053652357310056686,0.0300663523375988
0.0016324670286849141,0.018498441204428673,0.015207294374704361,0.011471237055957317,0.0023285290226340294,0.027393363416194916
0.01144358515739441,0.024310724809765816,0.029752202332019806,0.03064778819680214,0.004165309481322765,0.03979714587330818
-0.011228738352656364,0.13338638842105865,0.021416770294308662,0.04139058291912079,0.04641590639948845,0.011048389598727226
-0.0023058310616761446,0.00034247449366375804,-0.007760427892208099,-0.013834988698363304,0.024096107110381126,0.015778541564941406
-0.012323861010372639,0.016615429893136024,-0.0029334621503949165,0.04196622222661972,0.0016804597107693553,0.008096379227936268
0.005725385621190071,-0.039269786328077316,-0.0054937442764639854,0.028725605458021164,-0.021272704005241394,0.009635732509195805
-0.03113890439271927,-0.11346454918384552,-0.0444207563996315,0.01589728705585003,-0.039752047508955,-0.022382128983736038
-0.007455687504261732,-0.06543227285146713,-0.0018566842190921307,0.025190193206071854,-0.059325896203517914,-0.011565008200705051
-0.012332414276897907,-0.024890752509236336,-0.007019121199846268,0.02137778326869011,-0.06184709072113037,-0.00820138119161129
-0.020121101289987564,-0.04212119057774544,-0.04963798075914383,0.028505077585577965,-0.04282253980636597,-0.01646362990140915
0.018183786422014236,0.10741285234689713,0.029438799247145653,0.05088641121983528,0.031164346262812614,-0.0163764376193285
-0.006879894528537989,-0.08563852310180664,0.00043353368528187275,0.010051323100924492,-0.03749385476112366,-0.007523038424551487
-0.0070648337714374065,-0.03101375699043274,-0.006624378729611635,-0.016413778066635132,0.0388498529791832,0.021030405536293983
-0.0016856432193890214,-0.028235694393515587,0.023450082167983055,-0.014171868562698364,0.017077885568141937,0.04272131994366646
-0.019186558201909065,0.014471903443336487,0.06111025810241699,-0.01881064660847187,0.04160035774111748,0.053093891590833664
0.008983639068901539,0.006013385020196438,0.01844760961830616,-0.01646154560148716,-0.00624349107965827,0.04690241813659668
-0.012111982330679893,0.013011220842599869,-0.0011283564381301403,-0.012190853245556355,0.004954621195793152,0.027049673721194267
-0.009048286825418472,0.011475790292024612,0.00807972066104412,-0.010344103910028934,0.019986484199762344,0.025570429861545563
-0.003893966553732753,0.037879813462495804,0.007457620929926634,-0.011136053130030632,0.00018703340901993215,0.04177873581647873
0.005125817377120256,0.018729818984866142,0.012775282375514507,0.014887530356645584,-0.010210929438471794,0.026734499260783195
0.0317048616707325,-0.0320412777364254,0.007282627280801535,0.01377274189144373,0.00018819895922206342,0.028315475210547447
-0.005877532996237278,0.013863548636436462,0.009901188313961029,0.03178102895617485,0.01936018280684948,0.019768746569752693
-0.011284385807812214,0.010561316274106503,-0.0016366693889722228,0.03277236968278885,0.013678643852472305,0.009243028238415718
0.055309224873781204,-0.031629543751478195,0.005882294848561287,0.02460717223584652,-0.017343902960419655,0.032800186425447464
0.008150600828230381,0.039117611944675446,0.004004017915576696,0.046355582773685455,-0.015024472959339619,0.010921770706772804
-0.005062468349933624,-0.04049267619848251,-0.005664357449859381,0.02500646747648716,0.005515838973224163,0.005646042991429567
-0.006207372527569532,-0.12447095662355423,-0.018674928694963455,0.016121340915560722,-0.03127292916178703,-0.012940523214638233
-0.008167422376573086,-0.03962422534823418,-0.0016268499894067645,0.022813061252236366,-0.061353813856840134,-0.012875323183834553
-0.009000919759273529,-0.1123352199792862,-0.035024192184209824,0.019838042557239532,-0.05547185242176056,-0.013976412825286388
0.03379419073462486,0.1917095184326172,0.02573530748486519,0.047155287116765976,-0.05546468496322632,-0.0041464283131062984
-0.009549662470817566,-0.037893109023571014,-0.005263473838567734,0.01480367872864008,-0.0396469384431839,-0.004742024000734091
-0.004594410303980112,-0.03497295081615448,-0.0015154383145272732,0.015053892508149147,-0.022820742800831795,-0.009749343618750572
-0.0030638696625828743,-0.026148242875933647,0.0011235374258831143,-0.018217291682958603,0.015468207187950611,0.03268815204501152
-0.005063924472779036,-0.026173951104283333,-0.008114341646432877,-0.007588356267660856,-0.0037513584829866886,0.021311292424798012
-0.006273957435041666,-0.026205245405435562,0.003761706408113241,-0.007486395072191954,0.021246500313282013,0.02080758661031723
0.0002546981268096715,-0.027064897119998932,-0.0026197948027402163,-0.00967894122004509,0.03539557754993439,0.02065516822040081
-0.007673054002225399,0.021404119208455086,-0.0005354199674911797,0.014231359586119652,-0.011678418144583702,0.02567964792251587
-0.0023384164087474346,-0.004400529433041811,-0.006222826428711414,0.01649610884487629,0.012776102870702744,0.01018436811864376
-0.004287428688257933,0.0379294753074646,-0.0031526386737823486,0.03673042356967926,-0.012485587038099766,0.00917108915746212
0.07871924340724945,0.0990978553891182,0.06965630501508713,0.03033292479813099,0.04549451917409897,0.004645740147680044
0.006604107562452555,-0.03728226199746132,-0.007005005609244108,0.006129838526248932,0.006603182293474674,0.012067685835063457
-0.005260868463665247,-0.04321500286459923,-0.0032829944975674152,0.026721777394413948,-0.0002007833099924028,0.0027766283601522446
-0.0075034452602267265,-0.03730855509638786,-0.003064616583287716,-0.00699988380074501,0.036831144243478775,0.01090752612799406
-0.0068639363162219524,-0.037533897906541824,0.0006835336098447442,0.029256008565425873,-0.06221424788236618,-0.009079502895474434
-0.009183698333799839,-0.030884776264429092,-0.005146478768438101,0.014256765134632587,-0.024878274649381638,-0.005983632057905197
-0.006092818453907967,-0.026634061709046364,-0.009391631931066513,-0.02269861288368702,0.026002809405326843,0.02349228225648403
-0.005242824554443359,-0.026200881227850914,-0.010693577118217945,-0.020083630457520485,0.01636291854083538,0.020704494789242744
-0.010507751256227493,-0.0074284132570028305,-0.006776516791433096,-0.014770562760531902,0.008143560960888863,0.02480623871088028
-0.005553940311074257,0.0166254211217165,-0.00804745964705944,-0.029803169891238213,0.01771855168044567,0.025486258789896965
-0.009204717352986336,0.056258831173181534,0.010658809915184975,-0.026584886014461517,0.03803412243723869,0.03493223339319229
-0.0027992797549813986,-0.0063794986344873905,-0.0116661312058568,-0.0294099859893322,0.04028937593102455,0.02347402274608612
-0.005176867358386517,0.01801281049847603,-0.010901900939643383,0.011103411205112934,0.011275076307356358,0.010350983589887619
-0.0018648231634870172,0.01833021081984043,-0.00240128580480814,0.03217608854174614,0.019107230007648468,0.010254832915961742
-0.002985577331855893,-0.029394498094916344,0.0030951951630413532,-0.007639896124601364,0.014686783775687218,0.016466639935970306
-0.01634439080953598,-0.04466300457715988,-0.005527076777070761,0.02105943113565445,0.04164153337478638,0.0002744923112913966
0.01031485851854086,-0.06037887930870056,0.0012227992992848158,0.021881038323044777,-0.01921253651380539,0.01631038449704647
-0.006614381447434425,-0.028346823528409004,-0.0018119552405551076,0.019870378077030182,-0.06069758161902428,-0.0014785839011892676
-0.005033593624830246,-0.0021472915541380644,0.0023406515829265118,-0.008062701672315598,-0.0161504577845335,-0.0014659250155091286
-0.013099520467221737,0.009605390019714832,-0.0011230733944103122,-0.006376564037054777,-0.009617190808057785,-0.0030093498062342405
-0.007885287515819073,0.018576383590698242,0.014877921901643276,-0.021479789167642593,-0.03383740410208702,0.04636036232113838
0.004767645616084337,0.017943672835826874,0.03381292521953583,-0.021663909777998924,-0.030306769534945488,0.06151158735156059
-0.010575467720627785,0.04297073185443878,0.050349704921245575,-0.024662736803293228,-0.017765121534466743,0.056471142917871475
-0.008260593749582767,0.004089213442057371,-0.00953761488199234,-0.010071991942822933,-0.013604870066046715,0.021272070705890656
-0.00677558034658432,-0.030392171815037727,-0.010968931019306183,-0.005847304593771696,0.06780590116977692,0.013457024469971657
-0.005758922081440687,0.02175208553671837,-0.011699221096932888,-0.03347976133227348,0.054069872945547104,0.023157985880970955
-0.012224311009049416,-0.037303704768419266,-0.005708178970962763,0.01029149815440178,0.023872515186667442,0.017681073397397995
0.006509392522275448,-0.03134546056389809,-0.010542400181293488,0.029818838462233543,-0.01046073529869318,0.014048797078430653
0.02515505813062191,0.004484736360609531,-0.016768120229244232,-0.018231187015771866,0.036528997123241425,0.01831667497754097
-0.005669713020324707,-0.08084192872047424,-0.007954922504723072,0.015414516441524029,0.01785101182758808,-0.0049766795709729195
-0.0041861506178975105,-0.09940635412931442,-0.016000647097826004,0.01352858729660511,0.021743157878518105,0.010188053362071514
-0.025308748707175255,-0.15828317403793335,-0.017183717340230942,0.007665933575481176,-0.026747534051537514,0.011669643223285675
-0.029630964621901512,-0.15468066930770874,-0.020133454352617264,0.00352284568361938,-0.05190461128950119,0.007140999659895897
-0.03068213164806366,0.032169293612241745,-0.002387407934293151,0.03286004438996315,-0.0735202431678772,-0.017299458384513855
-0.015932949259877205,-0.028719991445541382,0.0023197017144411802,0.01368950866162777,-0.05265330150723457,-0.0029856590554118156
-0.026694979518651962,-0.03493434563279152,-0.003787990426644683,0.023143360391259193,-0.04260031133890152,-0.014857863076031208
-0.013599779456853867,-0.02155710756778717,-0.003325479570776224,0.015804652124643326,-0.055339399725198746,0.002606121590360999
-0.004450651351362467,0.007984803058207035,-0.004255241248756647,0.0044614169746637344,-0.03900652751326561,-0.0008807660196907818
-0.007583701051771641,0.02656068466603756,0.003207914298400283,0.032502755522727966,-0.02165091596543789,-0.00886961817741394
-0.00525328516960144,0.008894197642803192,0.04026475548744202,-0.02058207429945469,-0.03771714121103287,0.05487210676074028
0.0037685404531657696,0.015968771651387215,0.017041673883795738,-0.01781369373202324,-0.00901759136468172,0.04510850831866264
-0.020345402881503105,0.07448286563158035,0.05788520723581314,-0.019111163914203644,-0.008866094052791595,0.05856141075491905
-0.002994484268128872,0.014729545451700687,0.016715621575713158,-0.027380267158150673,0.0009618542972020805,0.048330601304769516
0.010824047960340977,0.012829559855163097,0.03345886245369911,-0.025595786049962044,0.022445401176810265,0.049431636929512024
0.10264845937490463,0.16095584630966187,0.08243505656719208,-0.0406181700527668,0.01872967928647995,0.07638000696897507
-0.0010628259042277932,0.013914274051785469,-0.001602869015187025,-0.029771046712994576,0.023573845624923706,0.033842913806438446
-0.0034596354234963655,-0.033415537327528,-0.007280888967216015,0.019665783271193504,0.0072655510157346725,0.013635820709168911
0.011225850321352482,-0.037154119461774826,-0.008927575312554836,0.01968821883201599,-0.01134268008172512,0.01805710978806019
0.004426673986017704,-0.07428986579179764,-0.0007729843491688371,0.010716867633163929,0.009984388947486877,0.010419654659926891
0.002413419308140874,-0.09465637058019638,-0.00870517361909151,0.004375779069960117,-0.018323589116334915,0.02208736725151539
-0.0070810639299452305,-0.12619969248771667,-0.0051263258792459965,0.011981579475104809,0.011952979490160942,0.020794812589883804
-0.01840563490986824,-0.12444359064102173,0.0015449837082996964,0.009390686638653278,-0.01599639654159546,0.01577180065214634
-0.003121296875178814,-0.0977453663945198,-0.005260694306343794,0.009696434251964092,-0.029917625710368156,0.023321136832237244
-0.02978329174220562,-0.11794237792491913,-0.02538936957716942,0.001869555446319282,-0.02254936471581459,0.003803590778261423
-0.02753457985818386,-0.15582290291786194,-0.024725666269659996,0.003116623032838106,-0.03272748365998268,0.013437660411000252
-0.006570273544639349,-0.09514063596725464,-0.0053984555415809155,0.008986958302557468,-0.04617134854197502,0.0253840833902359
-0.02668377384543419,-0.15880940854549408,-0.022198805585503578,0.007090493571013212,-0.0012866713805124164,0.01698513887822628
-0.010926308110356331,-0.08921950310468674,-0.02116708643734455,0.019473956897854805,0.008136637508869171,-0.027736665681004524
-0.00489568617194891,0.025636721402406693,-0.005573890637606382,0.03413165360689163,-0.05481192097067833,-0.0002902874257415533
-0.00215583061799407,0.007257136516273022,-0.0066510834731161594,0.016249217092990875,-0.055737581104040146,-0.001626008772291243
-0.0055944109335541725,0.03428298234939575,-0.005140398163348436,0.04055887088179588,-0.04465183988213539,-0.0023463680408895016
-0.0038954608608037233,0.01148434542119503,-0.0022785374894738197,0.02416936308145523,-0.08020421862602234,-0.00047101700329221785
-0.0038021509535610676,0.024065827950835228,0.0020275176502764225,0.023443078622221947,-0.04639175906777382,-0.0022169293370097876
-0.005043163429945707,0.06678108870983124,-0.0007691282662563026,0.01637389324605465,-0.007883455604314804,-0.007425449322909117
0.09656336158514023,0.04480769485235214,0.06348694860935211,-0.024717306718230247,-0.03945830464363098,0.06779994070529938
0.0463012158870697,0.017177289351820946,0.021303102374076843,-0.015072648413479328,0.0038429242558777332,0.056298937648534775
0.0017277206061407924,0.1391548365354538,0.03253135085105896,-0.037178006023168564,0.018087884411215782,0.042362336069345474
0.06467459350824356,0.012436360120773315,0.00902283750474453,-0.01348839420825243,0.005836877040565014,0.053053755313158035
0.00754547119140625,0.018011365085840225,0.0011340618366375566,-0.02677607163786888,0.0054001715034246445,0.034856993705034256
0.08409861475229263,0.1557202935218811,0.09581095725297928,-0.03603675961494446,0.00021642523643095046,0.0682063102722168
-0.004304744303226471,0.004724010359495878,0.014224020764231682,-0.03241127356886864,0.06526710838079453,0.034095924347639084
-0.008071142248809338,-0.05527842044830322,-0.008517864160239697,0.00031191777088679373,-0.012405012734234333,0.026574037969112396
0.020791593939065933,0.006756188347935677,0.007636284455657005,-0.0317658931016922,-0.005249209702014923,0.04678072780370712
-0.005757038947194815,-0.07098405063152313,-0.007690733298659325,0.021477632224559784,-0.05346977710723877,0.02387412264943123
-0.007611438632011414,-0.047970324754714966,-0.005982866045087576,-0.0033001666888594627,0.008289573714137077,0.022592818364501
-0.01300139632076025,-0.08890675753355026,-0.005495676305145025,0.013651030138134956,0.015029972419142723,0.006464256439357996
-0.004413149319589138,-0.1329803466796875,-0.0044163246639072895,0.006693569011986256,-0.0480690635740757,0.015849126502871513
-0.010315299034118652,-0.10978594422340393,-0.007361779920756817,0.017248131334781647,-0.2895527184009552,0.018892008811235428
0.060340166091918945,0.06582818180322647,0.05363103747367859,0.06560665369033813,0.003238474018871784,-0.025408929213881493
0.06160087138414383,0.21032306551933289,0.04160885512828827,0.047590408474206924,0.0055882735177874565,-0.031198900192975998
-0.0032675662077963352,0.005170748569071293,-0.002082761377096176,0.02211770787835121,-0.03612950071692467,-0.00360159482806921
0.0008380375802516937,0.030393382534384727,0.0027874379884451628,0.042942728847265244,-0.03588030859827995,-0.025865832343697548
-0.0010926078539341688,0.013290110044181347,-0.006832295563071966,-0.009219985455274582,-0.025226812809705734,0.0006931409006938338
-0.002828421536833048,0.02765827067196369,0.0028739501722157,0.038640763610601425,-0.033410850912332535,-0.004883186426013708
-0.011472123675048351,0.1239338219165802,-0.007781580090522766,0.0069567132741212845,-0.0020389514975249767,-0.007048659026622772
-0.006817637477070093,0.07451818883419037,-0.004531329032033682,0.016567448154091835,-0.03439060226082802,-0.00044132996117696166
-0.0026251228991895914,0.06651689857244492,-0.003742569126188755,0.01851622946560383,-0.030894959345459938,-0.005518343299627304
-0.0020886685233563185,0.02451428771018982,-0.0031857555732131004,0.01870550774037838,-0.039217691868543625,-0.0036083448212593794
-0.013221297413110733,0.012958375737071037,-0.0018676432082429528,0.018234707415103912,-0.04025334492325783,-0.0021225828677415848
-0.013811947777867317,-0.03179195150732994,-0.012162084691226482,-0.008074237033724785,0.09119442850351334,0.02715003304183483
-0.0070717474445700645,-0.026789670810103416,-0.005900348071008921,-0.012878749519586563,0.01042079646140337,0.026890942826867104
-0.004798642359673977,0.020157238468527794,-0.0076239751651883125,-0.022511987015604973,0.03056943416595459,0.029285414144396782
0.015491555444896221,0.015676749870181084,0.05671882629394531,-0.015517806634306908,0.01906711421906948,0.05913762375712395
0.0062291864305734634,0.035588379949331284,0.045297056436538696,-0.020014259964227676,0.04048074409365654,0.05367908626794815
0.018116919323801994,0.02057901956140995,0.010677957907319069,-0.018178502097725868,0.036768920719623566,0.04482510685920715
0.0020781729836016893,0.033356647938489914,0.03283194079995155,-0.020146610215306282,0.025679299607872963,0.0442366749048233
-0.013585192151367664,0.022526398301124573,0.027534037828445435,-0.02555512823164463,0.000520402449183166,0.04656071960926056
-0.0075574154034256935,-0.026184847578406334,0.018654627725481987,-0.023741306737065315,0.005959769710898399,0.04140345752239227
-0.008758191019296646,-0.03079170361161232,-0.005429643671959639,-0.02729114703834057,0.005016414448618889,0.023088641464710236
-0.009731564670801163,-0.02740110643208027,0.058462679386138916,-0.022528745234012604,-0.012477320618927479,0.055839311331510544
-0.01121477596461773,-0.0942203477025032,-0.0038069672882556915,0.011166478507220745,-0.023831624537706375,0.029705140739679337
-0.015195493586361408,-0.1030571237206459,-0.005632379092276096,0.026980554684996605,-0.06186874210834503,0.026785703375935555
0.035135846585035324,-0.06524522602558136,-0.01421666145324707,0.022926369681954384,-0.04241769760847092,0.024424497038125992
-0.005080402363091707,-0.07584862411022186,-0.00834947545081377,-0.002992629539221525,-0.06072038412094116,0.026706518605351448
-0.0071286545135080814,0.024497972801327705,0.005354977212846279,0.06864116340875626,0.015020065940916538,0.0016499841585755348
-0.003296359209343791,0.01508479006588459,0.0010466254316270351,-0.00859059114009142,-0.021949883550405502,-0.004997686017304659
-0.003644009120762348,0.02078351005911827,0.011900044977664948,-0.011350425891578197,-0.0031444632913917303,-0.0032526052091270685
-0.0073510026559233665,0.06400448083877563,0.041872840374708176,-0.00857451744377613,0.007810660637915134,-0.03135159611701965
-0.0023952117189764977,0.026401003822684288,-0.00704469857737422,0.037368517369031906,-0.024885782971978188,-0.002984102815389633
-0.01340820174664259,0.08976005762815475,0.00019139685900881886,0.006177179049700499,-0.03599127009510994,-0.000794833991676569
-0.0171427670866251,0.07260135561227798,0.004969390574842691,0.014700422994792461,-0.041929613798856735,-0.0015158585738390684
-0.021663224324584007,0.02402650937438011,0.0012322147376835346,0.015038507990539074,-0.03709537163376808,-0.005443544127047062
-0.003941887058317661,0.021139634773135185,0.0034286000300198793,0.02105799689888954,-0.04704360291361809,-0.002106921747326851
-0.006418810226023197,0.021518195047974586,0.0003223232051823288,0.016718797385692596,-0.0540943518280983,-3.109857061645016e-05
-0.005947294179350138,0.01625509187579155,-0.0012292288010939956,-0.009034249000251293,-0.04466225579380989,0.002041502855718136
-0.0065507227554917336,0.005166014656424522,-0.004560604225844145,-0.010343198664486408,-0.04005574807524681,0.0019420254975557327
-0.010489415377378464,0.023674251511693,0.007278898265212774,-0.022942496463656425,0.08967003226280212,0.026138722896575928
-0.0036614786367863417,0.007606427185237408,0.004247558768838644,-0.015308095142245293,0.10080622136592865,0.018574511632323265
-0.009516813792288303,-0.046518441289663315,-0.0007331835222430527,-0.0075332168489694595,0.021549837663769722,0.021358119323849678
-0.0042360625229775906,-0.026086028665304184,-0.002821276430040598,-0.013497789390385151,0.042666591703891754,0.03163221478462219
-0.0038048680871725082,-0.023094888776540756,0.032315757125616074,-0.01811974309384823,0.018202388659119606,0.04861828684806824
-0.00047848341637291014,-0.00315846037119627,0.004594861995428801,-0.01734742522239685,0.01265927404165268,0.041605766862630844
0.04108363389968872,0.011080598458647728,0.02759716659784317,-0.014395277015864849,0.01746238023042679,0.057251617312431335
0.019147055223584175,0.021416595205664635,0.030778737738728523,-0.014410222880542278,0.02774753049015999,0.04799499735236168
-0.009286233223974705,-0.013339027762413025,0.0158871840685606,-0.016359928995370865,0.012443464249372482,0.03805098310112953
-0.004094709176570177,-0.030628163367509842,-0.00828826054930687,-0.024319447576999664,0.0013452046550810337,0.028741629794239998
0.04160919040441513,0.022050200030207634,0.061004769057035446,-0.025159349665045738,0.028088219463825226,0.061828140169382095
-0.009999721311032772,-0.06909822672605515,-0.0024756109341979027,0.0047148955054581165,-0.02179090864956379,0.026576204225420952
-0.009479432366788387,-0.09382503479719162,0.05675508826971054,-0.005796360317617655,-0.0363958403468132,0.05890264734625816
-0.013062323443591595,-0.07802770286798477,-0.003587087383493781,0.016982655972242355,-0.059261955320835114,0.01220105029642582
-0.005557838827371597,-0.0959610715508461,-0.0074338302947580814,0.0065070874989032745,0.035675182938575745,0.009120142087340355
0.036452945321798325,0.16895857453346252,0.03472434729337692,-0.0019957732874900103,-0.03499171882867813,-0.028059761971235275
-0.0033375071361660957,0.013271222822368145,0.006909439340233803,-0.006448767613619566,-0.02052280306816101,0.0020053961779922247
-0.014825676567852497,0.01758396066725254,0.00048620463348925114,0.01601533591747284,-0.020253745838999748,-0.005079751834273338
-0.00206164107657969,0.01588163711130619,0.0032229803036898375,0.016027767211198807,-0.03342096135020256,-0.0025327615439891815
-0.0024117249995470047,0.018782438710331917,0.0015183963114395738,0.016482647508382797,-0.03247511014342308,-0.0028109089471399784
-0.002751729916781187,0.016297796741127968,-0.0008913727942854166,0.016741963103413582,-0.03216852247714996,-0.003544859355315566
0.001351790502667427,0.025624077767133713,-0.00013971506268717349,-0.023971039801836014,0.014202387072145939,0.029632261022925377
0.06530869007110596,-0.03056056797504425,0.008946777321398258,-0.015476342290639877,-0.012771342881023884,0.0430411621928215
-0.0033616044092923403,-0.05559863522648811,-0.0017049896996468306,-0.010892478749155998,0.014598192647099495,0.0305843036621809
-0.013638648204505444,-0.026425469666719437,-0.0018618084723129869,-0.013017348013818264,0.02469894476234913,0.022154469043016434
0.06506391614675522,0.011858495883643627,-0.026000112295150757,-0.011335480026900768,0.043507639318704605,0.03723137825727463
-0.005543648265302181,0.006809684447944164,0.01282599475234747,-0.017681773751974106,0.007528507150709629,0.051453396677970886
0.06728462874889374,0.01873505674302578,0.07842030376195908,-0.014328072778880596,0.025069015100598335,0.07079871743917465
-0.006392540875822306,0.014969042502343655,0.036763958632946014,-0.014792174100875854,-0.01155872829258442,0.05091013386845589
-0.006351281888782978,0.008714096620678902,0.001641024835407734,-0.02833215706050396,0.01733778417110443,0.03472268581390381
-0.002608152339234948,0.009724969044327736,0.030695680528879166,-0.020519213750958443,0.02303406037390232,0.04874102398753166
-0.005020254757255316,-0.05731023848056793,0.05731390416622162,-0.010398426093161106,-0.031213466078042984,0.06660483032464981
-0.02364468201994896,-0.1215318962931633,0.06111741438508034,0.0010468581458553672,-0.06062193214893341,0.05731746181845665
-0.004957776982337236,0.017723359167575836,0.0039766146801412106,-0.005883590318262577,-0.033064551651477814,-0.0010895247105509043
-0.005184430629014969,0.020740125328302383,-0.0018466092878952622,0.020306508988142014,0.004682773724198341,-0.024050017818808556
0.000911949435248971,0.015339240431785583,-0.00489294808357954,-0.007622843608260155,-0.02113722823560238,-0.003963577561080456
-0.005530775524675846,0.01477922685444355,-0.00620754761621356,-0.009542732499539852,-0.018025822937488556,-0.0006104815984144807
-0.004041530657559633,-0.025760715827345848,-0.009254560805857182,-0.018400486558675766,0.01650330051779747,0.027225684374570847
0.046473611146211624,-0.052624281495809555,-0.015240475535392761,-0.011976291425526142,-0.04745973274111748,-0.013345833867788315
0.030330218374729156,0.007153568789362907,-0.011102928780019283,-0.02371622808277607,-0.012818900868296623,0.025641372427344322
0.01042789313942194,-0.050524093210697174,0.0017223962349817157,-0.004979874473065138,0.038881801068782806,0.02129051834344864
0.03257622942328453,-0.02089756354689598,-0.012468126602470875,-0.012240683659911156,0.09066781401634216,0.03466334193944931
0.051569078117609024,-0.03351762890815735,-0.008196348324418068,-0.011211310513317585,0.027575446292757988,0.04223550111055374
0.07703408598899841,0.00845844205468893,0.043074388056993484,-0.016447199508547783,-0.0008456594659946859,0.07645335048437119
0.06949447095394135,-0.016208413988351822,0.010009881108999252,-0.015854153782129288,0.008962390013039112,0.06719663739204407
-0.003090361598879099,0.011578023433685303,0.007481825537979603,-0.02668924257159233,-0.0058344085700809956,0.03799256682395935
-0.005646922625601292,-0.03205867484211922,-0.012357397936284542,-0.022109514102339745,-0.024081571027636528,0.031247803941369057
0.0035960408858954906,0.002529984572902322,0.014911338686943054,-0.015576612204313278,0.01539633423089981,0.0460323840379715
-0.0010281073627993464,-0.04631974920630455,0.08508297801017761,-0.004641374107450247,0.007717554923146963,0.0686282068490982
0.06806870549917221,-0.11322721838951111,0.08472908288240433,-0.004699681419879198,-0.045615460723638535,0.07566099613904953
-0.02125357650220394,-0.08858348429203033,-0.004853029735386372,0.030586786568164825,-0.07071075588464737,0.036472439765930176
0.008869382552802563,0.00993653666228056,0.0033927049953490496,-0.018388984724879265,-0.01532778237015009,-0.02590242400765419
-0.006000278517603874,0.17736941576004028,-0.010010626167058945,0.0267084538936615,0.0007382574840448797,-0.017446398735046387
-0.008267936296761036,0.09532444179058075,-0.007836945354938507,0.020369619131088257,0.011501072905957699,-0.01978222280740738
0.06603876501321793,-0.04999862238764763,-0.018344763666391373,-0.010747736319899559,-0.04055756703019142,0.05135200917720795
-0.002054080832749605,-0.03050636127591133,0.0019058927427977324,-0.018909085541963577,0.002075097756460309,-0.004247018601745367
0.06565628945827484,-0.03266753628849983,-0.008491545915603638,-0.012376195751130581,0.012546968646347523,0.04645952954888344
0.05530310049653053,0.005130043253302574,-0.017727667465806007,-0.027297405526041985,0.10301367193460464,0.04267127811908722
-0.006114062387496233,-0.025706889107823372,-0.007116136606782675,-0.016756407916545868,0.09673794358968735,0.02792476676404476
-0.006402959581464529,0.003489971160888672,-0.005964979063719511,-0.02065485157072544,0.08899558335542679,0.0255250483751297
0.06758654862642288,-0.024624308571219444,-0.009532077237963676,-0.015072985552251339,0.02395060658454895,0.05349714681506157
0.07425408810377121,-0.02520558424293995,0.0416695699095726,-0.008239922113716602,0.04736007750034332,0.05734941363334656
-0.004076091572642326,-0.030470771715044975,-0.011207154020667076,-0.012179994024336338,-0.018619200214743614,0.028074312955141068
0.003428040537983179,0.012559331953525543,0.08793894201517105,-0.015129558742046356,-0.009171734564006329,0.06674684584140778
0.07888370007276535,-0.027244629338383675,0.08868103474378586,-0.008175527676939964,-0.012297287583351135,0.07334453612565994
-0.017371585592627525,-0.09401656687259674,0.06748952716588974,-0.002797320019453764,-0.06316130608320236,0.06388343125581741
-0.005746070295572281,0.01819555088877678,-0.00022431726392824203,0.009970083832740784,-0.021903451532125473,-0.022070426493883133
-0.007209021598100662,0.11479146033525467,-0.0003076097054872662,0.019799724221229553,0.020282363519072533,-0.009136423468589783
-0.0036635296419262886,-0.08097202330827713,0.0743425264954567,-0.008652979508042336,-0.01279261615127325,0.0567188560962677
-0.0057783969677984715,-0.05592351034283638,-0.006921904161572456,-0.00819065049290657,-0.028629083186388016,0.029712863266468048
0.0017946342704817653,-0.02400735579431057,-0.004934679251164198,-0.012108261696994305,0.04107222706079483,0.017720548436045647
-0.009545471519231796,-0.031472112983465195,-0.0005691207479685545,-0.022679872810840607,0.12188135087490082,0.02489723078906536
-0.007838793098926544,-0.003609394421800971,-0.006909901276230812,-0.014382436871528625,0.08562071621417999,0.03005475550889969
-0.012889823876321316,-0.023134473711252213,-0.011217118240892887,-0.029919186607003212,0.19140633940696716,0.027264120057225227
0.010656096041202545,-0.007047087885439396,-0.006613897159695625,-0.017993682995438576,0.07641953974962234,0.028273088857531548
0.07099276781082153,0.010126370936632156,0.06328906863927841,-0.018135346472263336,0.09345743805170059,0.05826801061630249
0.014637871645390987,-0.04853029549121857,-0.01591978408396244,-0.010709615424275398,-0.010826571844518185,0.03619159385561943
0.09017165005207062,0.018786320462822914,0.09508081525564194,-0.012942671775817871,-0.013366698287427425,0.08010198920965195
-0.005232097581028938,-0.025053178891539574,0.02144736237823963,-0.022866141051054,-0.03356963023543358,0.04748127982020378
0.06434104591608047,-0.029199963435530663,0.012848113663494587,-0.021876659244298935,-0.018574949353933334,0.06094815954566002
0.0833977684378624,-0.027100330218672752,0.07129836082458496,-0.01698308251798153,-0.0160538163036108,0.07084771245718002
0.027857311069965363,-0.024713987484574318,0.007518015801906586,-0.018079355359077454,0.09173643589019775,0.04946204274892807
0.08090385049581528,-0.02416311390697956,0.08012054115533829,-0.007866342552006245,0.06257683783769608,0.05478229746222496
0.0862845852971077,0.016162976622581482,0.06590499728918076,-0.014271517284214497,-0.04279535263776779,0.07779043912887573
-0.0006268526194617152,-0.022554825991392136,0.028638649731874466,-0.01696515828371048,-0.03692241758108139,0.057684220373630524
0.00017397636838722974,0.07219599932432175,0.05699906125664711,-0.020029358565807343,0.028303278610110283,0.06291195750236511
0.08978436887264252,0.1572847217321396,0.09148820489645004,-0.025645557790994644,0.04991483688354492,0.06725045293569565
0.0030834621284157038,0.015014714561402798,0.017636245116591454,-0.032476913183927536,-0.04007025435566902,0.04892199859023094
0.044620029628276825,0.0042692627757787704,-0.011966174468398094,-0.015300240367650986,0.03872796520590782,0.046942103654146194
0.0761130303144455,0.06075501814484596,0.03923243656754494,-0.021741384640336037,-0.018463313579559326,0.05990030989050865
0.058884598314762115,0.0706925168633461,0.08092081546783447,-0.02297191508114338,0.023348087444901466,0.05847422033548355
0.04437202215194702,-0.027446812018752098,-0.012637265026569366,-0.018300948664546013,-0.08001723885536194,0.03525884822010994
0.04206833615899086,0.01317287515848875,0.06757093220949173,-0.016768930479884148,0.0031446870416402817,0.07261441648006439
0.07356327772140503,0.15310199558734894,0.0036489383783191442,-0.03831546753644943,-0.00455361045897007,0.05591043084859848
0.09556368738412857,0.05805938318371773,0.08251948654651642,-0.013999221846461296,0.07130206376314163,0.06343017518520355
0.06431818753480911,0.16438734531402588,-0.00125400279648602,-0.030315285548567772,0.07222609221935272,0.04587266221642494
0.002771786181256175,0.04652870446443558,0.012495798990130424,-0.03130875527858734,-0.020398171618580818,0.042711783200502396
0.08583991229534149,0.013685687445104122,0.0937962457537651,-0.012626532465219498,0.018716460093855858,0.07891871780157089
0.03559716418385506,0.021086545661091805,0.07836279273033142,-0.014642271213233471,0.03237861767411232,0.06622903048992157
0.0688643753528595,0.07824006676673889,0.06436633318662643,-0.021370498463511467,-0.007390596903860569,0.06743308156728745
-0.010027634911239147,-0.0029174217488616705,0.05011184513568878,-0.013991297222673893,0.05600966140627861,0.05519402399659157
-0.013691580854356289,-0.03758011758327484,-0.0016175723867490888,-0.012776032090187073,-0.04064186289906502,0.03669597581028938
0.03677535429596901,0.021060612052679062,-0.006501251831650734,0.03437405079603195,0.04615561291575432,0.029729221016168594
-0.007383703254163265,-0.023674435913562775,-0.00929873064160347,-0.003014716086909175,-0.018058903515338898,0.02325121872127056
-0.009244460612535477,-0.01241600513458252,-0.0033045047894120216,0.03537743538618088,0.020734548568725586,0.019858745858073235
-0.008191724307835102,-0.013439055532217026,0.001290493062697351,0.030887024477124214,0.023684117943048477,0.022330990061163902
-0.00311187282204628,-0.01630481518805027,-0.0007766949129290879,0.004077326040714979,0.017367640510201454,0.019862595945596695
-0.008500894531607628,-0.009957222267985344,-0.008811797015368938,0.03971797600388527,-0.028925007209181786,0.027315789833664894
-0.0076729003340005875,-0.02487213909626007,0.004118142183870077,0.01910092495381832,-0.0428708977997303,0.02463267184793949
-0.01110075879842043,-0.014610335230827332,-0.004202939569950104,0.02468322589993477,-0.02372315712273121,0.020880943164229393
-0.008214777335524559,-0.012697866186499596,-0.007512624375522137,0.03995124250650406,-0.05109969899058342,0.018574301153421402
-0.008278677240014076,0.006082592066377401,0.0014925330178812146,0.013121836818754673,0.016777586191892624,0.011868969537317753
0.07706519961357117,0.10573281347751617,0.05740469694137573,-0.005186101421713829,0.012003723531961441,0.0020702234469354153
-0.003946998156607151,-0.011315705254673958,-0.00833696499466896,0.04404227063059807,-0.07241851836442947,0.02315777726471424
-0.008252357132732868,-0.013619262725114822,0.004869749769568443,0.037142302840948105,-0.04182672128081322,0.025277074426412582
0.052385568618774414,-0.0234511848539114,-0.013542680069804192,0.029991481453180313,0.03147168084979057,0.019899222999811172
-0.012886910699307919,-0.016469644382596016,0.023927783593535423,0.0345727913081646,-0.0013224725844338536,0.03217767924070358
0.01655665971338749,0.007358213420957327,-0.013077777810394764,0.017119288444519043,0.024071751162409782,0.0018362116534262896
0.031498052179813385,0.13391746580600739,0.023942429572343826,0.01606040820479393,-0.016154173761606216,0.005652646534144878
-0.008874243125319481,-0.04215723276138306,-0.003166188718751073,0.017747197300195694,-0.17040890455245972,0.029285505414009094
-0.005352313630282879,-0.028085965663194656,0.008466539904475212,0.044762056320905685,-0.27252429723739624,0.029196707531809807
-0.0068400101736187935,0.00895307119935751,-0.01148449070751667,-0.01479725819081068,-0.29648327827453613,0.01962253637611866
-0.0008851644233800471,0.006723996717482805,0.01006000954657793,0.008689564652740955,-0.057291727513074875,0.012997781857848167
0.0034967868123203516,0.0035351004917174578,0.006357425358146429,-0.006689223926514387,-0.03678026795387268,-0.0006987769738771021
-0.0033116366248577833,0.035360515117645264,-0.0030088177882134914,-0.02496902458369732,-0.021229276433587074,0.0107606565579772
0.06067494675517082,0.00660737743601203,0.02449307031929493,-0.009684164077043533,-0.014371809549629688,-0.03579356148838997
-0.010462996549904346,-0.02960263378918171,-0.008001354523003101,0.005865430925041437,0.20273250341415405,-0.034054894000291824
0.06895081698894501,0.15576636791229248,0.027468152344226837,-0.05523751303553581,0.02566753700375557,-0.04837305098772049
-0.007725616451352835,0.11194232106208801,0.0011036155046895146,0.027016708627343178,0.04796653613448143,0.06449274718761444
0.009524482302367687,0.17761334776878357,0.009719441644847393,0.027352815493941307,0.05883871018886566,0.07373673468828201
-0.003714110469445586,0.013733593747019768,0.011595865711569786,-0.00851937010884285,-0.0712108239531517,-0.03613995388150215
-0.0075018699280917645,-0.022548843175172806,-0.010050193406641483,0.011030321940779686,-0.06656376272439957,-0.028654923662543297
-0.005818963050842285,0.007452043704688549,-0.0018589734099805355,0.007060147821903229,0.09167606383562088,-0.024723514914512634
0.006236161105334759,0.003503186395391822,-0.0027736390475183725,-0.0505254901945591,-0.07655766606330872,0.0005109343910589814
-0.004123071674257517,-0.01785370148718357,0.0022930309642106295,0.026627041399478912,0.00502871535718441,-0.027117257937788963
0.030158258974552155,-0.023109961301088333,0.010371244512498379,0.022221310064196587,-0.017304880544543266,-0.03257543593645096
-0.021019181236624718,-0.05021768808364868,0.032537367194890976,0.031226374208927155,0.000520066823810339,0.03824769705533981
-0.014950466342270374,-0.07674156129360199,-0.011675736866891384,0.041897088289260864,0.030454358085989952,0.014945201575756073
-0.014832582324743271,-0.022661622613668442,-0.01429367158561945,0.01873287372291088,-0.003893735585734248,-0.033367570489645004
0.0387146957218647,7.55444634705782e-05,-0.002996747149154544,-0.024950474500656128,-0.05057857930660248,-0.032582275569438934
-0.0032124496065080166,0.10338760912418365,0.0057635013945400715,0.07516597956418991,0.0026833992451429367,0.10820260643959045
0.06972762942314148,-0.05333400145173073,-0.015263781882822514,0.005739219952374697,-0.02755304053425789,-0.0390838161110878
-0.011530576273798943,0.1930486410856247,0.010940850712358952,0.06558417528867722,-0.015102746896445751,0.10389310121536255
-0.007063793949782848,-0.10340309143066406,-0.01215456984937191,0.041356123983860016,0.005380027461796999,0.030536215752363205
-0.007704504765570164,-0.11783438920974731,-0.016805237159132957,0.03312404453754425,-0.005547434091567993,0.039119116961956024
0.010470826178789139,0.025201313197612762,0.028857508674263954,0.05983526632189751,0.02148042619228363,0.04398109018802643
0.027848726138472557,-0.03254685923457146,-0.009842753410339355,-0.02533813752233982,-0.06832344084978104,0.010927679017186165
-0.015979953110218048,-0.10734843462705612,-0.027742495760321617,0.038542572408914566,0.08426795899868011,0.030693262815475464
-0.023447895422577858,-0.06496904045343399,-0.026871750131249428,0.053506266325712204,0.026778025552630424,0.020228875800967216
-0.015276427380740643,-0.06692688912153244,-0.02072981931269169,0.051058728247880936,0.017465740442276,-0.0031395580153912306
-0.01512230932712555,-0.018898505717515945,0.00018215029558632523,0.03054078109562397,-0.016345392912626266,-0.023557821288704872
-0.011176648549735546,0.2166665494441986,0.026493607088923454,-0.003046276280656457,0.14916929602622986,0.08476290106773376
-0.009526646696031094,0.2209673970937729,0.0022746596951037645,0.07353845238685608,0.07920338213443756,0.14976748824119568
0.003080317983403802,0.005027333274483681,0.002040837425738573,-0.0002514594525564462,-0.054810523986816406,-0.0012995864963158965
0.030310723930597305,0.2959235906600952,0.03489041328430176,0.0468425489962101,0.15327244997024536,0.21306410431861877
-0.013691576197743416,0.21928146481513977,0.022488676011562347,-0.007296984549611807,0.1760808229446411,0.08874411880970001
-0.003073012223467231,0.041165903210639954,0.002522195689380169,-0.013252638280391693,0.15153971314430237,0.06505262106657028
-0.006567790172994137,0.19504617154598236,0.005758580286055803,0.025875264778733253,0.13642972707748413,0.0980239138007164
-0.006488383747637272,0.031113481149077415,0.013204673305153847,0.07268912345170975,0.18159310519695282,0.10273627936840057
0.08703827112913132,0.17975550889968872,0.05246499553322792,-0.06033683940768242,0.08715598285198212,0.01255741249769926
-0.0019286368042230606,-0.033970776945352554,0.004291412886232138,0.050443459302186966,-0.024380743503570557,-0.01877046562731266
-0.0010202745907008648,-0.030588630586862564,0.0034676031209528446,0.03720704838633537,-0.01235537976026535,-0.016490688547492027
-0.01756386272609234,-0.07010190933942795,0.004961605649441481,0.032559558749198914,-0.019443035125732422,-0.001030514482408762
-0.009933664463460445,-0.028069792315363884,0.0017598930280655622,0.044608600437641144,-0.04275504872202873,-0.022753991186618805
-0.01269481796771288,0.03358966484665871,0.0008906313451007009,0.06581500172615051,-0.02190464735031128,-0.020531540736556053
-0.012253609485924244,0.023170186206698418,-0.0033711965661495924,0.029183341190218925,0.01116943173110485,-0.010533423162996769
0.00029187966720201075,0.034429460763931274,0.00514577142894268,0.053081195801496506,0.027935080230236053,-0.030178867280483246
-0.006737497169524431,-0.03266461193561554,0.007144882343709469,0.051347002387046814,0.08401408791542053,0.0041967895813286304
-0.0188391525298357,-0.038586076349020004,0.0017356069292873144,0.04536761716008186,0.01882871240377426,0.005250550340861082
-0.0026883906684815884,0.03554815798997879,0.0004577318613883108,0.048438530415296555,0.08684081584215164,-0.028571875765919685
-0.004353275056928396,-0.033209335058927536,0.0003260706434957683,0.04018823057413101,0.0057980576530098915,-0.004020524676889181
-0.0026430466677993536,0.01845480501651764,0.005609676707535982,0.06334060430526733,0.0006856716936454177,-0.00492858374491334
-0.0007223897846415639,0.021471543237566948,-0.0012186155654489994,0.039642784744501114,0.022737544029951096,-0.025149013847112656
-0.003946154844015837,0.0386299267411232,-0.002938874764367938,0.05056755989789963,0.0018474047537893057,-0.026497047394514084
-0.0006697780336253345,0.035174641758203506,0.0029448082204908133,0.0656423345208168,-0.013616158626973629,0.0024247444234788418
-0.003573583671823144,0.028607485815882683,0.0008930556359700859,0.03295719996094704,-0.0383281446993351,-0.007456441409885883
-0.017169544473290443,-0.011212022975087166,-0.001585457706823945,0.039890892803668976,-0.029428698122501373,0.0014587575569748878
-0.0024323321413248777,0.03520948812365532,-0.004145775455981493,0.05400671437382698,-0.018300199881196022,-0.02972409687936306
-0.012943848967552185,0.0024455676320940256,0.0029434270691126585,0.04986034706234932,-0.027811549603939056,0.0027529459912329912
-0.012891783379018307,-0.03137519583106041,0.0006949896924197674,0.03491338714957237,0.021533461287617683,0.002340213395655155
-0.01320459321141243,0.18764199316501617,0.022413739934563637,0.0043366411700844765,0.034266456961631775,-0.03212945535778999
0.039097078144550323,0.06635677814483643,0.028276639059185982,0.018489668145775795,0.023505304008722305,-0.03969256952404976
-0.01798180490732193,-0.03377978503704071,-0.001563680823892355,0.0166463665664196,0.022066522389650345,-0.015223102644085884
-0.007085259072482586,0.05232619866728783,0.008158056996762753,0.023960096761584282,-0.0380699448287487,-0.02093306928873062
0.0023100445978343487,0.01762503758072853,-0.0005123207229189575,0.03242447227239609,-0.01968246139585972,-0.01871477998793125
-0.002917902311310172,0.03344447910785675,0.0036471951752901077,0.0404108390212059,-0.032787855714559555,-0.0054247514344751835
-0.003389122197404504,0.03235527127981186,-0.003965950105339289,0.048967279493808746,0.0008978681289590895,-0.009989949874579906
-0.004397103562951088,0.18422944843769073,0.0002912470663432032,0.025989197194576263,0.033556122332811356,-0.02400609292089939
-0.01605142280459404,0.03237902745604515,-0.0004812272673007101,0.03912307694554329,0.01486289408057928,-0.011051163077354431
-0.005682448856532574,0.023180067539215088,-0.005071334075182676,0.03349415957927704,0.00982252974063158,-0.008866803720593452
-0.0004175903450231999,0.02763204276561737,0.0009936868445947766,0.05010019615292549,0.0197858065366745,-0.026806237176060677
-0.00639740377664566,0.019839905202388763,-0.001980164321139455,0.05638641491532326,0.016403933987021446,0.002567171584814787
0.00027506749029271305,0.03635665029287338,-0.0009252500021830201,0.04800696298480034,0.022518448531627655,-0.027822105213999748
-0.0022752394434064627,0.019951889291405678,0.00279289111495018,0.01829206943511963,0.009317100048065186,-0.005067253019660711
-0.004230197984725237,0.02584647201001644,0.00047603563871234655,0.04895925521850586,0.020271122455596924,0.0030884582083672285
-0.0047570085152983665,0.03513149917125702,0.00848526880145073,0.06759027391672134,0.09534989297389984,0.02271326445043087
-0.003450819058343768,0.03223684802651405,0.0032886883709579706,0.06348052620887756,0.029286839067935944,0.004499146714806557
-0.0039995894767344,0.023802679032087326,0.003775174729526043,0.06510638445615768,-0.018038632348179817,0.02323145419359207
-0.006844170857220888,0.039270561188459396,-0.004802612587809563,0.04523109644651413,-0.010603968985378742,-0.029949020594358444
-0.004758437164127827,-0.030519338324666023,-0.00010766121704364195,0.04181303828954697,-0.0015605775406584144,0.01093419548124075
-0.006522190757095814,-0.005529109854251146,0.002844354370608926,0.04489436373114586,0.02429618313908577,-0.00330186914652586
-0.014733790419995785,-0.03503131866455078,0.003335317363962531,0.04075562208890915,0.04845469072461128,0.02663625031709671
-0.0018845794256776571,0.015657583251595497,0.0021396810188889503,-0.0396597757935524,0.13432744145393372,0.07108134031295776
-0.0022944901138544083,0.021884115412831306,0.0085303895175457,0.03174019232392311,0.021251937374472618,-0.026150302961468697
0.00014184901374392211,0.06447994709014893,0.007817139849066734,0.01824682205915451,-0.0349467471241951,-0.021910620853304863
0.0016882495256140828,0.16273102164268494,0.01519414596259594,0.03504825383424759,-0.047920919954776764,-0.0249156691133976
0.004495687782764435,0.030536385253071785,0.003906919155269861,0.04351305216550827,-0.03400752320885658,-0.016343818977475166
0.03220420703291893,0.18023410439491272,-0.005459997802972794,0.02875879965722561,-0.008632784709334373,-0.022680331021547318
-0.004240918438881636,0.032190192490816116,-0.0037233601324260235,0.03527592495083809,0.008709714747965336,-0.008604281581938267
-0.0035256799310445786,0.04085318371653557,0.0019370120717212558,0.03717502951622009,0.015632227063179016,-0.02489093318581581
-0.0031390986405313015,0.016507476568222046,-0.0002905465953517705,0.01714995503425598,0.023235555738210678,-0.025475693866610527
-0.0049978201277554035,0.041183602064847946,0.00794792827218771,0.04277336969971657,-0.0037533447612076998,-0.005231058225035667
-0.0019770809449255466,0.05557485669851303,0.0017271364340558648,0.04648156464099884,0.015354816801846027,-0.030120158568024635
0.000597819103859365,0.03151274845004082,-0.006258707959204912,0.04953864961862564,0.003397508291527629,-0.003672053338959813
0.03145036846399307,0.12349148094654083,-0.013424157164990902,0.021393058821558952,0.018977513536810875,-0.028810882940888405
-0.0004123255785088986,0.020339399576187134,-0.0005897025112062693,0.06375254690647125,0.09419813007116318,0.015576082281768322
-0.0005381848313845694,0.06177259981632233,0.00033736880868673325,0.0384642593562603,0.027651652693748474,-0.0017368512926623225
-0.0016579487128183246,0.021154221147298813,0.003784650005400181,0.0661253035068512,0.006885206326842308,0.047624506056308746
-0.0038492949679493904,0.03676409646868706,0.004434002563357353,0.06648344546556473,0.04536112770438194,0.010545782744884491
-0.005538001190871,0.01893676072359085,0.0027107761707156897,0.05380195006728172,0.0029381641652435064,0.030303873121738434
-0.008212709799408913,0.0024085063487291336,0.0032701767049729824,0.05721210315823555,0.027175642549991608,0.02725842595100403
0.0008106559980660677,0.02211235836148262,0.00014660460874438286,0.028515666723251343,-0.03406376391649246,0.00989699549973011
-0.000855506572406739,0.011714721098542213,-0.0033986864145845175,-0.034479983150959015,-0.04879996180534363,-0.004190552979707718
-0.002270117634907365,0.06485690921545029,-0.01617611199617386,-0.04663258045911789,0.04654776304960251,0.0424545519053936
0.0008289864053949714,0.01709257811307907,0.0019484360236674547,0.015880251303315163,-0.03393111377954483,-0.023256991058588028
0.009453113190829754,0.11826826632022858,-0.005345257930457592,0.02825775556266308,-0.06057761609554291,-0.021886633709073067
-0.006112555507570505,0.17904169857501984,-0.009059012867510319,0.03180645406246185,-0.007040852680802345,-0.021646304056048393
0.029998652637004852,0.09166695922613144,-0.014660113491117954,0.02926967479288578,0.03003256395459175,-0.03176531195640564
-0.0054613687098026276,0.08830587565898895,-0.0013817151775583625,0.04997275397181511,0.023839911445975304,-0.029288040474057198
-0.00338508328422904,0.07632654905319214,0.002321494510397315,0.03970557078719139,0.011644087731838226,-0.007763854693621397
-0.006053670775145292,0.0808430090546608,-0.0009107409860007465,0.01839088462293148,0.021471980959177017,-0.02453417330980301
-0.006392057053744793,0.09339870512485504,-0.00315659586340189,0.04490232840180397,-0.006055768113583326,-0.02835826948285103
0.0063565936870872974,0.1965847909450531,-0.007440968416631222,0.04022905230522156,0.025179313495755196,-0.024752827361226082
-0.0034064839128404856,0.0799829363822937,-0.0031932597048580647,0.04620400816202164,0.044991277158260345,-0.0016974597238004208
0.00017655949341133237,0.025411754846572876,-0.0035176908131688833,0.05922131985425949,0.053935494273900986,0.02683284692466259
-0.0020600100979208946,0.08675888925790787,0.0033187696244567633,0.06385407596826553,0.0452224425971508,-0.0024383049458265305
-0.0049769580364227295,0.16948896646499634,-0.009075473062694073,0.05228671804070473,0.016559265553951263,-0.02765287458896637
-0.0001432399294571951,0.002062410581856966,0.0033651364501565695,0.05974132567644119,0.046252235770225525,0.022833319380879402
-0.0007642976706847548,0.024368509650230408,0.004594333004206419,0.06541385501623154,-0.016067752614617348,0.028181813657283783
-0.0015737280482426286,-0.003977132961153984,0.0031838775612413883,0.0579955093562603,-0.02238832786679268,0.036580342799425125
-0.008999980986118317,0.0019483744399622083,0.00023442052770406008,0.05272359400987625,0.02679917961359024,0.01619652658700943
-0.0038995882496237755,-0.027596769854426384,-0.0041411640122532845,0.04363974556326866,-0.0379926972091198,0.022662106901407242
-0.009394703432917595,-0.03646085783839226,0.005779170896857977,0.052568938583135605,-0.042995501309633255,0.07467770576477051
-0.018432743847370148,-0.03110095113515854,0.0021187218371778727,0.04723261296749115,-0.07291927188634872,0.04538128897547722
-0.0022542409133166075,0.03521006181836128,-0.0013673758367076516,0.06827503442764282,-0.05645095929503441,0.030733518302440643
-0.0023379120975732803,0.022589823231101036,-9.910896187648177e-05,0.03204202651977539,-0.0556621290743351,0.012650354765355587
-0.004298951476812363,0.009844943881034851,0.0021912050433456898,0.01839487999677658,-0.018218273296952248,0.00962213333696127
-7.450582052115351e-05,-0.029881509020924568,0.005765615496784449,0.020304402336478233,-0.054857589304447174,0.010535289533436298
-0.0050905183888971806,0.0011253203265368938,0.00521815987303853,-0.028206603601574898,0.15270020067691803,0.11567959189414978
0.09429579973220825,0.20005665719509125,-0.00038829914410598576,-0.03774232044816017,0.10465709120035172,0.10252518206834793
0.08863791823387146,0.12690041959285736,0.020632266998291016,-0.03741773962974548,0.06577012687921524,0.10314192622900009
6.726864376105368e-05,0.05808484926819801,-0.00728481262922287,-0.03765522316098213,0.1428183913230896,0.1166638508439064
-0.00971012469381094,0.017870377749204636,0.0022418361622840166,0.018088066950440407,-0.037094712257385254,-0.021153967827558517
-0.006222408730536699,0.016421951353549957,0.0031438027508556843,0.01721017248928547,-0.037910133600234985,-0.021662116050720215
-0.007433848921209574,0.16381822526454926,-0.0009579817415215075,0.030191030353307724,-0.016732899472117424,-0.02054184302687645
-0.002394920913502574,0.0812733992934227,0.0008111373754218221,0.04359407350420952,-0.01621287688612938,-0.022962165996432304
0.0065304129384458065,0.18260671198368073,-0.005156985484063625,0.03307225927710533,-0.011949480511248112,-0.026185449212789536
-0.005611017346382141,0.09412339329719543,0.010696394369006157,0.04485851153731346,-0.03281106799840927,-0.007596498355269432
-0.00954890064895153,0.17820103466510773,-0.0006380454287864268,0.030440783128142357,0.00967465341091156,-0.019261350855231285
-0.010805333964526653,0.18678003549575806,-0.0010814873967319727,0.03983151912689209,0.010872307233512402,-0.016609420999884605
-0.007985713891685009,0.13379868865013123,-0.009069941937923431,0.061556510627269745,-0.02437552437186241,-0.0009039167780429125
0.02102159522473812,0.18637843430042267,-0.016324490308761597,0.060029901564121246,0.013228518888354301,-0.03267207369208336
-0.002913463395088911,0.12719838321208954,-0.0035575327929109335,0.03683384507894516,-0.0069823176600039005,-0.021828556433320045
-0.0012886039912700653,0.05793596804141998,-0.005448686890304089,0.057255201041698456,0.04477476701140404,0.012053227983415127
-0.007572775240987539,0.18602676689624786,-0.005943942349404097,0.05181458592414856,0.0028992092702537775,-0.006274730432778597
-0.003281362121924758,0.030003013089299202,0.00042113501694984734,0.030362568795681,-0.012206271290779114,-0.027686353772878647
-0.0026301112957298756,-0.010092406533658504,0.007238150108605623,0.059314996004104614,0.012026992626488209,0.030861862003803253
-0.0007451259880326688,0.03649219870567322,0.005180740263313055,0.06562191247940063,-0.02752435766160488,0.0045783137902617455
-0.01093196775764227,0.1790877729654312,0.0023420187644660473,0.05386907607316971,-0.026096394285559654,-0.027391726151108742
-0.006193419918417931,0.0024370457977056503,-0.001498888130299747,0.04863429814577103,-0.044774726033210754,0.02206573821604252
-0.005723810289055109,-0.02629476971924305,0.002223097952082753,0.04352171719074249,-0.020830169320106506,0.014107371680438519
-0.0007805934874340892,0.021501271054148674,0.0001941305526997894,0.07480096071958542,-0.030713869258761406,0.04235898703336716
-0.0006734459311701357,0.03553574159741402,0.005660912487655878,0.06579333543777466,-0.028007863089442253,0.031775325536727905
-0.006973939947783947,0.02983589470386505,0.002415992086753249,0.03856362774968147,-0.026857594028115273,0.02570534124970436
-0.013332857750356197,0.17703202366828918,0.0033179661259055138,0.04380057379603386,-0.009228791110217571,-0.0005606608465313911
-0.009745260700583458,0.030032629147171974,-0.0037083898205310106,0.04216400533914566,-0.01927459053695202,0.015006300061941147
-0.005371563136577606,0.08717060834169388,0.00016178813530132174,0.03636891022324562,-0.01447354443371296,-0.0015109376981854439
-0.003174001118168235,0.013955650851130486,0.002825144911184907,0.026893693953752518,-0.031161116436123848,0.012809883803129196
-0.00478083873167634,0.01975215971469879,0.002385432366281748,0.036289311945438385,-0.07317238301038742,0.014359277673065662
0.13764747977256775,0.2781713604927063,0.06157122552394867,-0.027998847886919975,0.08111019432544708,0.23624780774116516
0.09383726119995117,0.2416687309741974,0.05212712660431862,-0.02759466879069805,0.09028034657239914,0.1756797730922699
0.11501560360193253,0.2628619372844696,0.05837675929069519,-0.03877983242273331,0.09420569241046906,0.23798394203186035
-0.005715233739465475,0.027872327715158463,0.0024537211284041405,0.03264768421649933,-0.019082844257354736,-0.022840147837996483
-0.007247766479849815,0.24147699773311615,0.004106373060494661,0.03941667824983597,-0.0071713728830218315,-0.02511918917298317
-0.0035072595346719027,0.0454358235001564,0.0012984923087060452,0.013837599195539951,-0.037063416093587875,-0.02504395693540573
-0.0031240482348948717,0.17033657431602478,0.0025696423836052418,0.04343313351273537,-0.04390367865562439,-0.021008998155593872
-0.010639863088726997,0.17927826941013336,-0.002932740608230233,0.0453832782804966,-0.019729027524590492,-0.02249625138938427
-0.006188157945871353,0.11252273619174957,-0.0018094007391482592,0.03865697979927063,-0.017253058031201363,-0.023755377158522606
-0.002331407042220235,0.13880474865436554,-0.004623190499842167,0.044288236647844315,-0.011831384152173996,-0.026063110679388046
-0.005408822558820248,0.18653589487075806,-0.004755130037665367,0.05946551263332367,0.02316421829164028,-0.024233851581811905
0.02181617170572281,0.19247959554195404,-0.009424349293112755,0.028329966589808464,0.039503321051597595,-0.03335913270711899
-0.00594331743195653,0.191809743642807,-0.0033215773291885853,0.06058959662914276,0.02927730418741703,-0.005433584097772837
0.0033709497656673193,0.13371258974075317,-0.004107258748263121,0.02839069627225399,0.03757128864526749,-0.031159158796072006
-0.007220023311674595,0.10700654238462448,-0.0020704639609903097,0.0502239391207695,-0.013342455960810184,-0.0048577128909528255
-0.008427740074694157,0.033610135316848755,0.000610857387073338,0.031820714473724365,-0.01457282342016697,-0.02229210175573826
-0.001533659640699625,0.03147466108202934,7.518358324887231e-05,0.030251240357756615,-0.03768463432788849,-0.028030894696712494
-0.01295178197324276,0.026227762922644615,0.0027784963604062796,0.05728120729327202,0.027814168483018875,0.03597380220890045
-0.006823306903243065,0.18714535236358643,0.005245112348347902,0.05718126893043518,-0.01216756459325552,-0.00878780148923397
-0.006299003958702087,0.01812983676791191,0.0015374458162114024,0.06487376987934113,-0.018675897270441055,0.039360832422971725
-0.005635186564177275,0.10761503875255585,0.001488654175773263,0.056193556636571884,-0.01282109972089529,-0.0034077889285981655
-0.0035743454936891794,0.0822691023349762,-0.005036466289311647,0.04021564871072769,0.03588264435529709,0.014531404711306095
0.003096015192568302,0.032410938292741776,0.005796977784484625,0.07122506201267242,0.026083676144480705,0.06292393058538437
-0.001929603866301477,0.05922195687890053,0.0018774718046188354,0.05812649428844452,0.11019647121429443,0.06136595457792282
-0.001864842837676406,0.030653631314635277,0.006363519933074713,0.04664192721247673,0.008960219100117683,0.02725442871451378
-0.00718112476170063,-0.036575112491846085,-0.00018630607519298792,0.062179721891880035,0.03606730327010155,0.11202938109636307
-0.00569542171433568,0.10551556199789047,-0.008561773225665092,0.0400104746222496,-0.003716308856382966,-0.006170544773340225
-0.004096778109669685,0.051216065883636475,-0.009884233586490154,0.03012992814183235,0.007610083092004061,0.010233785025775433
-0.0010541666997596622,0.014808614738285542,-0.011688034981489182,0.0287796538323164,-0.02946428582072258,0.008835804648697376
-0.0073630535043776035,0.28423067927360535,0.05605907738208771,-0.034840621054172516,0.1445026844739914,0.17334868013858795
0.11110240966081619,0.2902994155883789,0.07518600672483444,-0.027966761961579323,0.1085943877696991,0.20416691899299622
0.07264427840709686,0.2664102017879486,0.033774543553590775,-0.027036957442760468,0.11799045652151108,0.2144995480775833
-0.005619379226118326,0.017853371798992157,0.0019230099860578775,0.019495408982038498,0.005150312557816505,-0.027738237753510475
-0.006249628029763699,0.012866543605923653,-0.0030028524342924356,0.002451864304021001,0.012814023531973362,-0.022836752235889435
0.0065992907620966434,0.21571224927902222,0.0008702952181920409,0.03768007829785347,-0.07493031024932861,-0.025194136425852776
0.0007627875893376768,0.053354714065790176,0.004286372102797031,0.030951812863349915,-0.03317166492342949,-0.021013585850596428
-0.0032889549620449543,0.021543240174651146,-7.310821820283309e-05,0.018561935052275658,-0.051922284066677094,-0.022026419639587402
0.0038999663665890694,0.011632230132818222,-0.001152352779172361,-0.012574729509651661,-0.023714307695627213,-0.026963939890265465
-0.004350779578089714,0.18050819635391235,-0.00422530947253108,0.037529610097408295,0.03190737962722778,-0.02883543074131012
0.0014231185195967555,0.07982984185218811,-0.004138847813010216,0.035978708416223526,0.019925076514482498,-0.025147270411252975
0.012148354202508926,0.18960054218769073,0.009048338048160076,0.036875784397125244,0.028040774166584015,-0.03219779208302498
-0.0039348420687019825,0.07191000878810883,-0.006025233305990696,0.027750223875045776,0.011300105601549149,-0.029757540673017502
-8.138922567013651e-05,0.12936246395111084,0.0012002564035356045,0.06023099645972252,-0.019083339720964432,0.0013284391025081277
-0.007989762350916862,0.09473054111003876,-0.002811567159369588,0.05987012758851051,-0.00911532249301672,0.0015965397469699383
-0.0034869196824729443,0.013252326287329197,0.0002213109255535528,-0.0020981996785849333,-0.019606901332736015,-0.028885258361697197
-0.003383964067324996,0.027597900480031967,-0.004835650324821472,0.034358203411102295,-0.032590676099061966,-0.013453708961606026
0.00016478738689329475,0.07785243541002274,0.001451818272471428,0.0521012507379055,-0.021369412541389465,0.0022822723258286715
-0.0012775787618011236,0.08630585670471191,-0.007458241656422615,0.06127503141760826,0.013577569276094437,0.013344981707632542
-0.0023352140560746193,0.017284909263253212,-0.0032051450107246637,0.017133282497525215,0.029441650956869125,-0.027880394831299782
-0.0174266267567873,0.02606366015970707,0.009020225144922733,0.06968493014574051,0.15257446467876434,0.07304631918668747
-0.00444651348516345,0.1264941245317459,-0.004345875699073076,0.05540115013718605,0.0651419535279274,0.026304513216018677
-0.003358026733621955,0.07499119639396667,0.004748409613966942,0.05061621963977814,0.1317051202058792,0.052182674407958984
0.0006121145561337471,-0.03735111281275749,0.0041956366039812565,0.057801760733127594,0.06799617409706116,0.13473783433437347
0.00036341851227916777,0.02647869661450386,0.008675445802509785,0.04703522473573685,0.11636898666620255,0.06311607360839844
0.0041739740408957005,-0.037357255816459656,0.006246821954846382,0.05309055373072624,-0.02125713787972927,0.09897562861442566
0.008402729406952858,-0.042094551026821136,-0.0010769732762128115,0.06562338769435883,0.023018620908260345,0.09306472539901733
0.0006221623043529689,-0.053302034735679626,0.0044360035099089146,0.03917177766561508,-0.06754188984632492,0.06733860820531845
-0.0075910878367722034,0.007528781425207853,-0.0009285255218856037,0.017889678478240967,-0.01308701653033495,-0.020697951316833496
-0.009462033398449421,0.006329274270683527,0.00287374434992671,0.015200551599264145,0.00555488932877779,-0.024660252034664154
-0.002275716280564666,0.06390979886054993,-0.0015854371013119817,0.03717390447854996,-0.02178317867219448,-0.028904423117637634
-0.003887030528858304,0.017557712271809578,-0.004095624200999737,0.011600307188928127,-0.022625435143709183,-0.02818784862756729
-0.0058593000285327435,0.010565306060016155,-0.006532749161124229,-0.014965674839913845,-0.015344143845140934,-0.019367098808288574
0.007931149564683437,0.12058117240667343,-0.006260280963033438,0.03371214121580124,0.041783176362514496,-0.034813448786735535
0.060713183134794235,0.1901519000530243,0.013355378992855549,0.04009997844696045,0.013923975639045238,-0.03567500784993172
0.031492553651332855,0.18051904439926147,-0.00808507390320301,0.03227420151233673,-0.017541369423270226,-0.035293098539114
-0.0019984389655292034,0.0554097481071949,-0.0020063049159944057,0.016846293583512306,0.017677875235676765,-0.03238750621676445
0.003932108636945486,0.08181072771549225,0.0005086192977614701,0.0480378232896328,-0.029036184772849083,-0.027460852637887
-0.0005231533432379365,0.02576657198369503,0.0012042747111991048,0.03252127394080162,0.011717778630554676,-0.02936217002570629
-0.000981853692792356,0.08134518563747406,0.0017861418891698122,0.05983204394578934,-0.036591071635484695,0.00017758022295311093
0.0010895325103774667,0.06365852802991867,-0.0018100568559020758,0.06652529537677765,-0.027002837508916855,0.004280535038560629
-0.0019299356499686837,0.0365627184510231,-0.0017794192535802722,0.06554948538541794,-0.02752944640815258,0.012224404141306877
0.000795351923443377,0.033950891345739365,0.005469217896461487,0.06804497539997101,0.04589620977640152,0.047666653990745544
-0.001024540513753891,0.02714935876429081,0.007339383941143751,0.06771834939718246,0.12139733880758286,0.07164480537176132
0.004109810572117567,0.030745862051844597,0.010727244429290295,0.07676077634096146,0.16591061651706696,0.11473241448402405
-0.004098065663129091,0.13875536620616913,0.008149138651788235,0.059805888682603836,0.047327920794487,0.00534408912062645
-0.0009937435388565063,0.07043710350990295,-0.001982013462111354,0.0509532131254673,0.02688685804605484,0.01575600728392601
-0.007643122225999832,0.053695470094680786,-0.002242702292278409,0.05441678687930107,0.11410755664110184,0.05070125311613083
-0.0069801281206309795,0.03390974923968315,0.00348461139947176,0.0598115436732769,0.14338187873363495,0.07353696972131729
-0.007456403691321611,0.07043086737394333,-0.005255609285086393,0.022563405334949493,-0.02027250826358795,-0.0100514255464077
-0.000745394267141819,-0.03631720691919327,0.0039044595323503017,0.06064581125974655,0.03281481936573982,0.08699619770050049
0.0007456447929143906,0.0677623301744461,-0.005767600145190954,0.03584138676524162,0.050449006259441376,0.0742054283618927
-0.010712818242609501,-0.026001624763011932,0.0019840386230498552,-0.003405784023925662,-0.08927524089813232,-0.013210831210017204
-0.008298910222947598,-0.025320716202259064,-0.0021107203792780638,-0.003857601433992386,-0.0999540388584137,-0.006102144718170166
0.004232941661030054,-0.028034118935465813,-0.005568330176174641,-0.011893215589225292,-0.037458255887031555,2.990263055835385e-05
-0.009409130550920963,-0.02387736551463604,-0.0014847470447421074,-0.0035651992075145245,-0.03887385129928589,-0.017005397006869316
-0.00230620289221406,0.003824011655524373,-0.003568279556930065,0.013120091520249844,-0.004456293303519487,-0.02292170561850071
-0.008196541108191013,0.016724178567528725,0.00035169118200428784,0.011297337710857391,0.004424188286066055,-0.021202659234404564
-0.004952535033226013,-0.025406857952475548,-0.006143872160464525,-0.002973125781863928,-0.03874615952372551,-0.013917223550379276
-0.006341149564832449,-0.02402515895664692,-0.004880217835307121,-0.00947103463113308,-0.01437960471957922,-0.019579321146011353
-0.013204523362219334,0.014519087970256805,0.005853389389812946,0.027023982256650925,-0.024869034066796303,-0.026140112429857254
-0.010482476092875004,0.008467322215437889,-0.0008781409123912454,0.028614668175578117,-0.04029245302081108,-0.02208036184310913
-0.01621854677796364,-0.027815980836749077,0.0012903233291581273,0.01795346476137638,0.004048535600304604,-0.019570637494325638
-0.0048415567725896835,-0.03543496131896973,-0.002801832975819707,0.02332080341875553,0.014260723255574703,-0.02277125045657158
-0.012255770154297352,-0.03693399205803871,-0.0009762951522134244,0.019279487431049347,-0.04059623181819916,-0.018833788111805916
-0.0033178965095430613,-0.02178918942809105,0.0007260713609866798,0.03803325444459915,-0.04075753688812256,-0.02228972502052784
0.0006180930649861693,0.01462327316403389,0.0009018261334858835,0.04128596931695938,-0.04383302852511406,-0.02587082050740719
-0.002912779338657856,0.1809922307729721,-0.009438732638955116,0.05668659508228302,-0.03673163056373596,-0.027964942157268524
0.05596984177827835,0.11306826025247574,-0.012168852612376213,0.05060110613703728,0.019124584272503853,-0.038504842668771744
-0.0006207753322087228,0.030506161972880363,0.0016038306057453156,0.036001600325107574,0.00044754386181011796,-0.028311025351285934
-0.0010780008742585778,0.018040230497717857,-0.0024374458007514477,0.028145644813776016,0.011067574843764305,-0.027060549706220627
-0.006816168315708637,0.19171284139156342,0.008486127480864525,0.054886750876903534,-0.0026081770192831755,-0.03141006827354431
0.01980270817875862,0.06435952335596085,-0.013128535822033882,0.049577727913856506,0.021324871107935905,-0.03295978903770447
-0.002219041110947728,0.03171451762318611,0.0033593534026294947,0.046509698033332825,0.003206418128684163,-0.02660166099667549
0.06073499470949173,0.25382405519485474,0.021778777241706848,0.04013630747795105,-0.010240836068987846,-0.04335791617631912
-0.0046996381133794785,0.1137990653514862,-0.004883366171270609,0.07830552011728287,-0.01695154793560505,0.0021823677234351635
-0.005132821388542652,0.07682189345359802,-0.0024494240060448647,0.03042195923626423,0.016079137101769447,-0.02827615849673748
0.0032739946618676186,0.0759979709982872,-0.0019654056522995234,0.05823220685124397,-0.009917591698467731,0.008029550313949585
0.00038620716077275574,0.02909533493220806,-0.0030548968352377415,0.045345716178417206,0.009519590996205807,-0.03196243941783905
-0.0017642281018197536,0.08877778798341751,-0.0023478746879845858,0.0655607357621193,-0.02150692045688629,-0.00025410662055946887
-0.006045798305422068,0.088569276034832,-0.00121059559751302,0.07211466133594513,-0.0457097664475441,0.015683302655816078
-0.0006590391858480871,0.07333330810070038,0.00102982425596565,0.0760774239897728,-0.009735343046486378,0.027134714648127556
-0.001897422131150961,0.03220369666814804,0.0009269678266718984,0.07563640177249908,-0.038080934435129166,0.03211541473865509
-0.004847090691328049,0.025425532832741737,0.004717613570392132,0.07479038089513779,0.030382566154003143,0.05791972577571869
-0.0033661453053355217,0.021792225539684296,0.007956118322908878,0.07985612004995346,0.1266515851020813,0.12007048726081848
-0.0015307359863072634,-0.0377054288983345,0.00781085342168808,0.04796116426587105,0.12321852147579193,0.1633731722831726
-0.006982018239796162,0.025408346205949783,0.005298953037708998,0.055336061865091324,0.03504238650202751,0.049727004021406174
0.0006376750534400344,-0.03280995041131973,0.0033549030777066946,0.0570102259516716,0.08402589708566666,0.11439254879951477
0.00046165630919858813,0.026918327435851097,-0.0038922319654375315,0.03730347380042076,0.03901172801852226,0.07225735485553741
0.0017982216086238623,0.053943514823913574,-0.00045737854088656604,0.054718684405088425,0.11116412281990051,0.09713919460773468
-0.0057067228481173515,-0.07261081039905548,0.006553083658218384,0.011381817050278187,-0.0026734834536910057,-0.00828565750271082
-0.002006636234000325,-0.041787780821323395,-0.0020291453693062067,0.01743204891681671,0.09482596814632416,-0.0158159751445055
-0.00303842150606215,-0.04853289946913719,0.022557517513632774,0.01961943693459034,-0.014211155474185944,-0.005810782313346863
-0.0027751412708312273,-0.030942443758249283,0.011233976110816002,0.014107410795986652,-0.02122326008975506,-0.006995962001383305
-0.0031779329292476177,-0.03586879000067711,-0.0015172666171565652,0.015487520955502987,0.008615671657025814,-0.008896209299564362
-0.002514612628147006,-0.03263114392757416,-0.005495741497725248,0.014193089678883553,0.033118002116680145,-0.010995044372975826
-0.01505317259579897,-0.06358809024095535,0.001512969727627933,0.023019446060061455,-0.0008208072395063937,-0.021667035296559334
-0.009299439378082752,-0.047129932790994644,-0.004039777908474207,0.017830662429332733,-0.014065847732126713,-0.00902867317199707
-0.005227876361459494,-0.06387216597795486,0.0015134974382817745,0.021691778674721718,0.03657561540603638,-0.024910951033234596
-0.005268171429634094,-0.05727982893586159,-0.004040449392050505,0.002760155824944377,-0.021106813102960587,-0.004892931319773197
-0.010334132239222527,-0.10133648663759232,0.0018914738902822137,0.0231114961206913,0.011607232503592968,-0.023729750886559486
-0.005558599717915058,-0.06627686321735382,0.003940569702535868,0.018825558945536613,0.019865380600094795,-0.022599974647164345
-0.012952315621078014,-0.06397522985935211,0.006686619017273188,0.02892177924513817,0.03500496596097946,-0.026669200509786606
-0.0037270488683134317,-0.05955042690038681,0.013377283699810505,-0.00281476485542953,0.005143514834344387,-0.0008055760408751667
-0.012691672891378403,-0.05880089849233627,0.0046009887009859085,0.015096043236553669,0.01265215128660202,-0.021187402307987213
-0.010097203776240349,-0.024964820593595505,0.002745590405538678,0.01210788358002901,-0.0385848730802536,-0.016068512573838234
-0.0038120290264487267,0.009579607285559177,0.007792199030518532,0.015836704522371292,-0.03624837473034859,-0.024446336552500725
-0.0041444809176027775,0.008592099882662296,-0.004901844542473555,-0.007304518949240446,-0.03512027859687805,-0.01889456808567047
-0.007764084730297327,0.005074966233223677,0.0022515447344630957,0.014741072431206703,-0.02008809708058834,-0.024938980117440224
-0.005716397427022457,0.031079277396202087,-0.0038423764053732157,0.04091203585267067,-0.012311418540775776,-0.029029859229922295
-0.0038877474144101143,0.011115857400000095,-0.0025947943795472383,-0.010318142361938953,0.023260528221726418,-0.023008758202195168
-0.016459643840789795,0.018794210627675056,-0.008769376203417778,0.03246660158038139,-0.018795855343341827,-0.02703859470784664
-0.010983563959598541,0.009613050147891045,0.0024391585029661655,0.027704183012247086,-0.04081512242555618,-0.02230726182460785
-0.00526928436011076,0.024946076795458794,-0.0028224510606378317,0.04587142914533615,-0.024274444207549095,-0.023703794926404953
-0.01639299839735031,0.028775999322533607,0.0038812458515167236,0.030462870374321938,0.015636024996638298,-0.0242538433521986
-0.005878579802811146,0.01830320432782173,-0.0024732593446969986,0.04647035151720047,-0.028063472360372543,-0.025680316612124443
-0.008895410224795341,0.1933887004852295,-0.001264494378119707,0.06037573888897896,0.011571708135306835,-0.025171365588903427
-0.007128407713025808,0.16517698764801025,-0.0044844974763691425,0.06713860481977463,-0.023044003173708916,-0.028657859191298485
-3.057756839552894e-05,-0.034389350563287735,0.0020555034279823303,0.014463808387517929,-0.024298742413520813,-0.019116505980491638
-0.009356203489005566,-0.024398162961006165,0.008792469277977943,0.03746272251009941,-0.03826802596449852,-0.020259536802768707
0.005674934480339289,0.02074325457215309,0.0022465994115918875,0.051124975085258484,-0.030935853719711304,-0.02379387617111206
-0.00436380784958601,0.24393482506275177,-0.012237349525094032,0.07506676018238068,0.013199681416153908,-0.028753001242876053
0.008268957957625389,0.07051344215869904,0.0003273995826020837,0.054528772830963135,0.020990749821066856,-0.030267488211393356
-0.003943812567740679,0.03440677002072334,-0.003515351563692093,0.07310131937265396,0.02289954572916031,-0.008483614772558212
-0.005962134804576635,0.015764517709612846,0.003727763658389449,0.07600455731153488,-0.0011845437111333013,-0.0015500281006097794
-0.005568020977079868,0.033048685640096664,0.008535956032574177,0.06958337873220444,-0.013512465171515942,0.011000004597008228
-0.005492385011166334,0.026252131909132004,-0.00039029426989145577,0.04154207557439804,0.0030603993218392134,-0.03084760345518589
0.0011814623139798641,0.07211843878030777,-0.007030657958239317,0.07357295602560043,-0.02755805291235447,0.026342900469899178
-0.003854836570098996,0.04021966829895973,-0.0055442689917981625,0.07371917366981506,-0.0008363621309399605,0.04100584611296654
0.00019782375602517277,0.0888136476278305,-0.006683808285742998,0.07911871373653412,-0.018428893759846687,0.0010103981476277113
0.0016267281025648117,0.10763242840766907,-0.006967065390199423,0.05651913583278656,0.012456919997930527,-0.02406122349202633
-0.0036256886087358,0.0740794986486435,-0.0005581153091043234,0.07075901329517365,-0.02072078175842762,0.00818453449755907
-0.00639489246532321,0.0865565612912178,0.008019859902560711,0.0727287009358406,-0.016663771122694016,0.02955884113907814
-0.006577068008482456,0.16035674512386322,-0.0035395713057368994,0.08201994746923447,-0.024380547925829887,0.021508673205971718
-0.003597879083827138,0.030568884685635567,0.0037374338135123253,0.07390096783638,-0.028362462297081947,0.036056190729141235
-0.0045799994841217995,0.028438948094844818,-0.00863908976316452,0.06525123864412308,-0.021137284114956856,0.03422539308667183
0.0013174985069781542,0.03195961192250252,-0.006240715738385916,0.07711365818977356,0.05060865357518196,0.09270035475492477
-0.002960756653919816,0.07957968860864639,0.009892902337014675,0.07295747101306915,-0.027707815170288086,0.03259783238172531
-0.004392568487673998,0.03471289202570915,-0.0038332133553922176,0.05294201150536537,-0.027339639142155647,0.016694022342562675
-0.0008339652558788657,0.030851686373353004,0.0008542283321730793,0.04514196142554283,-0.018749481067061424,0.0038582226261496544
-0.010459769517183304,0.05920512229204178,-0.017142243683338165,0.038226380944252014,-0.033216655254364014,0.023822905495762825
0.0002421391400275752,0.08532003313302994,-0.008805837482213974,0.0619359165430069,0.06585024297237396,0.1358059197664261
-0.006043702829629183,0.01726243831217289,-0.004519276786595583,0.01577400229871273,-0.04367681220173836,-0.005518431309610605
-0.00088422343833372,0.05277851223945618,-0.010127406567335129,0.05701436102390289,-0.02680186554789543,0.04195127263665199
-0.0027863122522830963,-0.03658516705036163,0.001472167787142098,0.014994164928793907,-0.01089405082166195,0.015367058105766773
-0.007866843603551388,-0.04977206513285637,0.004789665341377258,0.02217969298362732,-0.036846667528152466,0.021072840318083763
5.756069640483474e-06,-0.0393906868994236,-0.01055004633963108,0.024270521476864815,-0.02387702465057373,0.014210428111255169
-0.006613167468458414,-0.07266486436128616,-0.005828877445310354,0.017545150592923164,-0.025721615180373192,0.0075622727163136005
-0.004808604717254639,-0.06243833899497986,-0.005548167508095503,0.014885440468788147,-0.03444615378975868,-0.0028179495129734278
-0.01001479011029005,-0.058099888265132904,0.005591240245848894,0.021208083257079124,0.009505552239716053,-0.016593268141150475
-0.007493548095226288,-0.06645683199167252,0.005111181177198887,0.017633158713579178,0.015972821041941643,-0.01539741549640894
-0.005764244124293327,-0.07962211966514587,0.0035052744206041098,0.010558017529547215,0.033415697515010834,-0.011785776354372501
-0.010715125128626823,-0.061662252992391586,0.01769925281405449,0.024402868002653122,-0.014383452013134956,-0.00446151290088892
-0.016814708709716797,-0.07108534872531891,0.002350137336179614,0.013177172280848026,0.03712157905101776,-0.014488731510937214
-0.0034495946019887924,-0.028641117736697197,0.011672981083393097,-0.00474117137491703,-0.024005020037293434,0.0007811636896803975
-0.014664819464087486,-0.04085705801844597,-0.0026941183023154736,0.012707512825727463,0.0353117398917675,-0.025089263916015625
-0.0021249987185001373,-0.03625614941120148,-0.0013729847269132733,0.016605399549007416,0.0233101025223732,-0.02267741784453392
-0.0048977346159517765,-0.06194189190864563,0.00040146621176972985,0.0035790044348686934,-0.049740731716156006,-0.0005868442822247744
-0.014760504476726055,-0.09632662683725357,0.002565364819020033,0.023012952879071236,0.023203495889902115,-0.024535972625017166
-0.007757332641631365,-0.08131060004234314,0.0025402801111340523,0.01161500345915556,0.012948314659297466,-0.02656535804271698
-0.013212112709879875,-0.09515577554702759,0.003458211896941066,0.00813858862966299,-0.0036173281259834766,-0.024533700197935104
-0.009645531885325909,-0.07589222490787506,0.0011651968816295266,0.008602445013821125,0.02801368199288845,-0.02703063003718853
-0.0022921552881598473,-0.03703736141324043,0.0034845967311412096,0.013506552204489708,0.006797079462558031,-0.005389775149524212
-0.0018669384298846126,-0.06502001732587814,0.004935939330607653,0.010263089090585709,0.020889898762106895,-0.028175057843327522
-0.009088418446481228,-0.0682118609547615,0.004665406420826912,0.007994435727596283,-0.020442236214876175,-0.023038193583488464
-0.003616294590756297,-0.025692634284496307,0.014448155649006367,-0.003012934699654579,-0.03689035773277283,0.003362466348335147
-0.004307970404624939,-0.03250856697559357,-0.0024490852374583483,0.02282770350575447,-0.019222073256969452,-0.021840080618858337
-0.0058838664554059505,-0.03862510994076729,-0.0008773220470175147,0.017848026007413864,0.004029330797493458,-0.027605541050434113
-0.008475583977997303,-0.030095834285020828,-0.0011112072970718145,0.02443513460457325,0.031564097851514816,-0.031773678958415985
-0.0050987303256988525,-0.02794887311756611,-0.0038563089910894632,0.024687685072422028,-0.02516767382621765,-0.025344427675008774
-0.004838952794671059,0.021719779819250107,-0.002198865870013833,0.050333697348833084,-0.022034363821148872,-0.025539878755807877
-0.0009313937625847757,0.024336792528629303,0.001762538100592792,0.04899357259273529,0.004492195323109627,-0.022339770570397377
-0.0025453560519963503,0.03106841631233692,0.00454363040626049,0.051716145128011703,-0.026230553165078163,-0.023673804476857185
-0.003145255846902728,0.2330135852098465,-0.007856962271034718,0.07432948052883148,0.02111676335334778,-0.024081150069832802
-0.00377532746642828,-0.027782486751675606,-0.0015063189202919602,0.04652019962668419,0.005187222734093666,-0.021947575733065605
0.0006962185725569725,0.027514709159731865,-0.0013692994834855199,0.06560400128364563,-0.03631671890616417,-0.022980691865086555
-0.006751661188900471,-0.008470050059258938,0.0018401481211185455,0.04042990133166313,-0.062170665711164474,-0.02541433647274971
0.006688130088150501,0.05213119834661484,-0.0037554812151938677,0.048615463078022,-0.05986983701586723,-0.021899061277508736
0.001380664180032909,0.08463788777589798,0.001023792545311153,0.07175059616565704,-0.030666204169392586,-0.0036216573789715767
0.0022648354060947895,0.01892595738172531,0.0032804592046886683,0.07022262364625931,-0.040197547525167465,0.013080740347504616
-0.0038383295759558678,0.015163790434598923,-0.002499771537259221,0.058147598057985306,-0.012912548147141933,0.010605212301015854
-0.004768266808241606,-0.03146861121058464,-0.0002457012014929205,0.01948658376932144,0.022261587902903557,-0.03089926950633526
-0.009556121192872524,0.18740849196910858,-0.0105271702632308,0.07640457153320312,0.03325793147087097,-0.008545723743736744
-0.0006277804495766759,0.028823673725128174,0.0023395875468850136,0.07682844996452332,0.022036276757717133,0.002201038645580411
-0.002408034633845091,0.04342462867498398,-0.0023729726672172546,0.07625460624694824,0.013323664665222168,0.0024073829408735037
-0.0021838750690221786,0.027919625863432884,-0.000657076423522085,0.07040534168481827,-0.017406916245818138,0.01646578684449196
-0.0005122633883729577,0.036921776831150055,0.0031704676803201437,0.06474006921052933,-0.026986103504896164,0.02118338830769062
0.0602714866399765,0.14810393750667572,0.009987658821046352,0.042882900685071945,0.020956585183739662,-0.03291747719049454
-0.020490750670433044,0.11318481713533401,-0.007896315306425095,0.07158703356981277,0.007197365630418062,0.03455207869410515
-0.0031301865819841623,0.10200691223144531,-0.0021510818041861057,0.07432036846876144,0.018394047394394875,0.0430956669151783
-0.005135991144925356,0.1377669870853424,-0.019705316051840782,0.07540225982666016,-0.025209376588463783,0.02666362375020981
0.017208430916070938,0.16041521728038788,-0.006843491457402706,0.06529581546783447,-0.02337152510881424,-0.0006341416737996042
-0.008313240483403206,0.16041672229766846,-0.01521336566656828,0.0802759900689125,-0.022747982293367386,0.01595803163945675
0.002941398648545146,0.17507894337177277,-0.014486176893115044,0.0793258398771286,-0.016876794397830963,0.012283632531762123
-0.008857309818267822,0.024889428168535233,0.00680434750393033,0.06654554605484009,0.03832058236002922,0.06781424582004547
0.0022765907924622297,0.08487647771835327,-0.002139908028766513,0.06820426881313324,-0.023920465260744095,0.0516742579638958
-0.012825471349060535,0.02158547192811966,-0.006100402679294348,0.05856189504265785,-0.06722751259803772,0.035626642405986786
-0.002189828082919121,0.06951121985912323,-0.005120974034070969,0.06149083375930786,-0.032120149582624435,0.07154272496700287
-0.0011091483756899834,0.1005186066031456,-0.01706729456782341,0.0625009834766388,-0.03619323670864105,0.06858858466148376
0.0010320445289835334,0.08554792404174805,-0.01942313089966774,0.0373336523771286,-0.025730954483151436,0.0210352074354887
-0.001390293356962502,-0.06930522620677948,0.014414927922189236,0.02373778261244297,-0.015035011805593967,0.03116115741431713
0.009470045566558838,-0.09972194582223892,-0.004772190935909748,0.03399953618645668,0.019302044063806534,0.024566153064370155
-0.0025248874444514513,-0.06877820193767548,-0.003181089647114277,0.02291215769946575,0.038946498185396194,0.01362458523362875
-0.003207813249900937,-0.08897758275270462,-0.0010394079145044088,0.014706247486174107,0.007231011986732483,0.008775032125413418
0.011082354001700878,-0.08329799026250839,-0.005982885602861643,0.0016196201322600245,8.376946789212525e-05,-0.014989110641181469
-0.0067342850379645824,-0.0546172559261322,0.005157827865332365,0.017099648714065552,-0.03932543471455574,-0.010249695740640163
-0.0017226457130163908,-0.06761114299297333,0.0038871539290994406,0.024923982098698616,-0.023741796612739563,-0.0066186124458909035
-0.0059401895850896835,-0.03611984848976135,0.010786616243422031,0.0163721963763237,0.03389832377433777,-0.010473687201738358
-0.00392960524186492,-0.03651569411158562,0.006279849447309971,0.01141801942139864,0.0676170289516449,-0.013753950595855713
-0.0059926146641373634,-0.032893795520067215,0.014750099740922451,0.029898572713136673,-0.006321967579424381,-0.006254656706005335
-0.007220408879220486,-0.04172598943114281,0.0019664508290588856,0.019025282934308052,0.012350089848041534,-0.02630002610385418
-9.065995254786685e-05,-0.09413556754589081,0.0026766781229525805,0.011039774864912033,0.02880462259054184,-0.025801079347729683
-0.01656482368707657,-0.09410014003515244,-0.0010554591426625848,-0.0026595660019665956,0.025434821844100952,-0.029138362035155296
-0.005347277503460646,-0.12129783630371094,0.002347938483580947,0.02042282186448574,0.017777878791093826,-0.018253544345498085
-0.003109990619122982,-0.0659356489777565,-0.0010849483078345656,0.0036299529019743204,-0.02243165485560894,-0.0032979680690914392
-0.004679133649915457,-0.09560573846101761,-0.001314195105805993,0.008368871174752712,-0.013968391343951225,-0.023048240691423416
-0.010882721282541752,-0.07861336320638657,0.003093268722295761,0.011784804053604603,0.08131951093673706,-0.030331896618008614
-0.002731865271925926,-0.07242263853549957,0.004353608004748821,0.010241808369755745,0.09065458178520203,-0.030150387436151505
-0.0036615014541894197,-0.05913754180073738,-0.000589404720813036,0.013778122141957283,0.09023545682430267,-0.03210844844579697
0.0009768928866833448,-0.027358416467905045,-0.003205780405551195,0.01861458458006382,0.07724809646606445,-0.022228863090276718
0.0007562199025414884,0.006102210842072964,0.010408357717096806,0.01757228933274746,-0.007731593679636717,-0.0022526043467223644
-0.001625468605197966,-0.03153137490153313,0.001394691993482411,0.0276105385273695,-0.013746628537774086,-0.0309453122317791
-0.00022744837042409927,-0.0348174162209034,-0.00017407283303327858,0.020993927493691444,-0.05561894550919533,-0.025883354246616364
-0.007937428541481495,-0.0336950309574604,0.0038513464387506247,0.00799354538321495,-0.04832513630390167,-0.020930185914039612
0.0004508672864176333,-0.08216670155525208,-0.004980503581464291,0.011738711036741734,-0.01912282034754753,-0.025626618415117264
0.0006702618557028472,-0.03380444273352623,0.004228757694363594,0.032400187104940414,-0.03915701061487198,-0.0289638452231884
-0.002048220718279481,-0.04471554979681969,0.0012282236712053418,0.04595968872308731,-0.016436181962490082,-0.020455511286854744
-5.6537861382821575e-05,-0.0797903910279274,0.00028882193146273494,0.021703289821743965,0.021725263446569443,-0.028844619169831276
-0.0033116622362285852,-0.03533221781253815,-0.0010525278048589826,0.03644072264432907,-0.017843792214989662,-0.021195465698838234
-0.0025283952709287405,-0.03364498168230057,-0.0022401639726012945,0.04178733006119728,0.001550682820379734,-0.017743337899446487
-0.012036116793751717,-0.03319372236728668,0.007245384622365236,0.05561752989888191,-0.022318780422210693,-0.004423821344971657
-0.003608611412346363,0.1818728744983673,-0.005922059994190931,0.07516252994537354,-0.002664614701643586,-0.009330853819847107
-0.008917820639908314,-0.03391704708337784,9.797789243748412e-05,0.03721144422888756,-0.01976168528199196,-0.020358487963676453
-0.005995344836264849,0.0017598351696506143,-0.0029448673594743013,0.061504803597927094,-0.06366068124771118,0.0016672743950039148
-0.01966775767505169,-0.021404119208455086,0.006361953914165497,0.0666230320930481,-0.18999235332012177,0.016976436600089073
0.00195714202709496,0.02940155752003193,0.004422600846737623,0.04973216727375984,-0.06671866029500961,0.008503294549882412
0.004963770508766174,0.013890739530324936,-0.0024454090744256973,0.056578803807497025,-0.017782075330615044,-0.008337077684700489
-0.006997017655521631,0.18614014983177185,-0.0032466668635606766,0.07389047741889954,0.029771894216537476,-0.0021352446638047695
-0.00403442932292819,0.02080134116113186,0.0019050707342103124,0.07089848071336746,-0.013892283663153648,0.013186121359467506
-0.0005839687073603272,0.03512950241565704,0.0005488439346663654,0.06439708918333054,0.015285078436136246,-0.00027250591665506363
0.006774084642529488,0.06591897457838058,-0.0014893595362082124,0.05219688639044762,-0.011617062613368034,0.023942887783050537
-0.0013647994492202997,0.055668868124485016,0.004549203906208277,0.043189361691474915,0.0035843036603182554,0.03574853762984276
-0.003128618700429797,0.1067076325416565,-0.01341116800904274,0.04872841760516167,0.015900947153568268,0.018708044663071632
0.002512846142053604,0.02825591154396534,-0.018084488809108734,0.045116353780031204,-0.0017360179917886853,0.0324435718357563
-0.0035985917784273624,0.019454186782240868,0.004245741758495569,0.058757320046424866,0.022230498492717743,-0.016636449843645096
-0.0015344421844929457,0.0709763839840889,-0.005390360485762358,0.0723927840590477,-0.02384222112596035,0.011264268308877945
-0.005239088553935289,0.12671439349651337,-0.011160324327647686,0.075078085064888,-0.024204861372709274,0.010124441236257553
-0.006827237084507942,0.19412840902805328,-0.007572493515908718,0.08672472089529037,0.010210036300122738,0.0297707449644804
-0.00043120860937051475,0.19813603162765503,-0.006592017598450184,0.08545692265033722,-0.020876796916127205,0.02671094797551632
0.0009340848191641271,0.08636855334043503,-0.009089491330087185,0.06044744327664375,0.015244320966303349,0.045469123870134354
-0.0026056310161948204,0.030849263072013855,-0.003548790467903018,0.07346181571483612,-0.04834290221333504,0.03144887089729309
-0.007585103157907724,0.0181372482329607,-0.010482370853424072,0.07410052418708801,-0.03683929145336151,0.05147642642259598
-0.0005243856576271355,-0.059626027941703796,0.013839752413332462,0.023447472602128983,-0.009263448417186737,-0.006359416991472244
-0.0011473665945231915,-0.025495924055576324,0.00932593084871769,0.058680690824985504,0.15888972580432892,0.0799156054854393
0.002055529737845063,0.07225459814071655,-0.0069303009659051895,0.055697500705718994,-0.03833762928843498,0.030161025002598763
0.0014825928956270218,-0.034151334315538406,0.005662058014422655,0.05450389161705971,0.14231710135936737,0.11200154572725296
0.001153941615484655,-0.03101079724729061,-0.012311229482293129,0.041526950895786285,-0.03905009105801582,0.042748160660266876
-0.015173177234828472,-0.06254477053880692,0.00021731613378506154,0.006985447369515896,0.019472962245345116,0.022687669843435287
-0.012065266259014606,-0.056125298142433167,-0.002081802813336253,0.0041132476180791855,0.09118837863206863,0.012683128006756306
-0.0037106338422745466,-0.06569574773311615,-0.0025428810622543097,0.021392665803432465,-0.025687772780656815,0.019932998344302177
-0.015859758481383324,-0.08578715473413467,-0.002912684343755245,0.010398460552096367,-0.0384286604821682,0.018253536894917488
-0.0021385878790169954,-0.09129569679498672,-0.0033049683552235365,0.015617317520081997,0.012131141498684883,0.006899181287735701
-0.0093375900760293,-0.0399608239531517,-0.0028977857436984777,0.010502959601581097,0.03637063875794411,0.004883741494268179
-0.01577383652329445,-0.08756040781736374,1.4884063602949027e-05,0.01756076142191887,-0.020808765664696693,-0.007910288870334625
-0.0025501360651105642,-0.05965137109160423,0.0015834898222237825,0.011012592352926731,-0.017388472333550453,-0.012410306371748447
-0.005713921971619129,-0.07737120240926743,-0.0013953837333247066,0.00746155995875597,0.03721137344837189,-0.015335368923842907
-0.00599156878888607,-0.04866774380207062,0.010396502912044525,0.01742604374885559,0.012030505575239658,-0.009189867414534092
-0.003634741995483637,-0.030822930857539177,0.01451619528234005,0.012586550787091255,0.011297613382339478,-0.006494804751127958
-0.000870412855874747,-0.07666385173797607,0.0015854410594329238,0.0171099454164505,0.020647559314966202,-0.023529980331659317
-0.0056567685678601265,-0.09409153461456299,-0.0009406021563336253,0.014614016748964787,-0.01344556175172329,-0.0235581174492836
-0.001090926001779735,-0.12504693865776062,0.0014947551535442472,0.021445415914058685,-0.02809620089828968,-0.013032939285039902
-0.00239910208620131,-0.06325766444206238,-0.003620126284658909,0.011281800456345081,0.009183371439576149,-0.010950048454105854
0.005190130323171616,-0.06723637878894806,0.0021171276457607746,0.005935235880315304,-0.04183425009250641,-0.006508610211312771
-0.010040175169706345,-0.07302243262529373,-5.1553510274970904e-05,0.007624415215104818,0.007104083895683289,-0.02389470487833023
-0.002029487630352378,-0.09010687470436096,0.00315934419631958,0.02212687022984028,0.06352383643388748,-0.030441930517554283
-0.005627028178423643,-0.0672471895813942,0.005005396902561188,0.022638481110334396,0.09401705861091614,-0.034355469048023224
-0.005495715420693159,-0.03602292388677597,0.0024397424422204494,0.019935989752411842,0.039145033806562424,-0.02524205669760704
-0.0034439314622431993,-0.028756581246852875,-0.0030792776960879564,0.012538171373307705,0.013723048381507397,-0.023997053503990173
-0.002052285009995103,-0.03348639979958534,-0.0024591214023530483,0.020730458199977875,-0.02487165667116642,-0.023409230634570122
-0.017072616145014763,-0.04150008037686348,0.0010617105290293694,0.033570025116205215,-0.04265879467129707,-0.01754053495824337
-0.009407276287674904,-0.03931775689125061,0.0021380719263106585,0.03946544975042343,-0.021882520988583565,-0.006739317439496517
-0.01901000738143921,-0.08253023773431778,-0.0028329857159405947,0.015074126422405243,0.019972437992691994,-0.028995579108595848
-0.00948583148419857,-0.03575727716088295,-0.0023731959518045187,0.02540106512606144,0.02092849276959896,-0.02812992036342621
-0.008622669614851475,-0.07299216091632843,-0.00029600533889606595,0.007043040357530117,0.02657792530953884,-0.027927497401833534
-0.012067552655935287,-0.03551429137587547,0.0026483936235308647,0.047162964940071106,0.00578263308852911,0.007015544921159744
-0.014362974092364311,-0.03288119286298752,0.007332933600991964,0.04971098527312279,0.002858176361769438,0.007120285648852587
-0.017113961279392242,-0.03403061628341675,0.004722484853118658,0.04690881446003914,-0.027854789048433304,0.0030890759080648422
0.002569962991401553,0.1703597754240036,-0.006740545388311148,0.07320763170719147,-0.05529734119772911,-0.009414859116077423
-0.011540455743670464,0.00010791962267830968,0.009083698503673077,0.06589549034833908,-0.07240032404661179,0.014988463371992111
-0.013631656765937805,-0.03411407023668289,0.001034618355333805,0.030792802572250366,-0.050407491624355316,-0.0055625420063734055
-0.005883499048650265,0.03456195816397667,0.0007023224025033414,0.07430651038885117,-0.047305524349212646,0.0034158288035541773
-0.0034162115771323442,0.14343491196632385,0.007498605642467737,0.08110596984624863,-0.04818510636687279,0.009539390914142132
-0.009204955771565437,0.025807911530137062,-0.0011529611656442285,0.06776609271764755,-0.044364895671606064,0.014693333767354488
-0.0032470247242599726,0.017667360603809357,-0.0005518964608199894,0.06515860557556152,-0.024922823533415794,0.0225048940628767
-0.002080578124150634,0.031058844178915024,0.005761021748185158,0.04644932597875595,-0.024462787434458733,0.01819988712668419
-0.008571524173021317,0.07817650586366653,-0.004512263927608728,0.05359472334384918,-0.015227812342345715,0.034266866743564606
-0.003569678170606494,0.07892929762601852,-0.004897005390375853,0.045747529715299606,0.008075947873294353,0.046388544142246246
-0.0004967364366166294,0.03166605532169342,-0.005592506844550371,0.06085670739412308,0.019955692812800407,-0.004097182769328356
0.002872668905183673,0.031556498259305954,-0.004805499222129583,0.07167723774909973,0.007425293792039156,0.03715696930885315
-0.006498148199170828,0.09507516771554947,-0.009788320399820805,0.06066341698169708,-0.013551545329391956,0.023425297811627388
-0.007313349284231663,0.0858507826924324,-0.014089240692555904,0.06935879588127136,-0.008152056485414505,0.02236286737024784
-0.005652213469147682,0.08688347786664963,-0.004527946934103966,0.060158949345350266,-0.05625581741333008,0.026102077215909958
0.00877468753606081,0.07747387886047363,-0.011873523704707623,0.06801941990852356,-0.008796805515885353,0.004153814632445574
-0.007419338915497065,0.18959110975265503,-0.018350426107645035,0.0784621611237526,-0.011096552945673466,0.030277345329523087
0.002038491191342473,0.09636187553405762,-0.00018096169515047222,0.07005908340215683,-0.010273651219904423,0.04071417078375816
-0.015101880766451359,0.031242432072758675,0.0022707318421453238,0.06372024118900299,0.16392949223518372,0.013187233358621597
-0.002394304145127535,0.03142624720931053,-0.002548584947362542,0.06344221532344818,-0.034659259021282196,0.028329674154520035
-0.013881608843803406,0.02183101885020733,0.0014844933757558465,0.06376783549785614,0.1932472586631775,0.01609855331480503
-0.012499898672103882,-0.02686399780213833,0.013952677138149738,0.02563606947660446,-0.05327986180782318,-0.03817060589790344
-0.004215663764625788,-0.06242173910140991,-0.003958355635404587,0.003141587134450674,0.0190637968480587,0.01572464592754841
-0.01538978610187769,-0.0931570902466774,0.0006400725687853992,0.02282099425792694,0.08256692439317703,0.015884291380643845
-0.005221106577664614,-0.06218739226460457,-0.00027809187304228544,0.01666281744837761,0.14042794704437256,0.010340402834117413
-0.008518031798303127,-0.11871542036533356,-0.0013608020963147283,0.009470103308558464,-0.00012314110063016415,0.011635534465312958
-0.015874747186899185,-0.13360580801963806,0.0031836172565817833,0.0004770344530697912,0.002741144271567464,0.0007601106190122664
-0.02128022536635399,-0.1435694396495819,-0.0004866055678576231,-0.002366803353652358,0.019190294668078423,-0.01147297490388155
0.00022260908735916018,-0.09497233480215073,0.00031345116440206766,0.018631603568792343,-0.04906246438622475,-0.008445655927062035
-0.009473494254052639,-0.08864439278841019,-0.0003240212390664965,0.00949589442461729,0.008593778125941753,-0.012040079571306705
-0.009418674744665623,-0.029012039303779602,0.003715389408171177,0.009522649459540844,0.12035493552684784,-0.006956720259040594
-0.013608072884380817,-0.0716143399477005,0.0012850509956479073,0.020914852619171143,0.035244330763816833,-0.02781018801033497
-0.012236639857292175,-0.051560696214437485,0.003582288511097431,0.00938341673463583,0.09294547885656357,-0.00932726077735424
-0.003053996479138732,-0.059390921145677567,0.0015643869992345572,0.00027411477640271187,0.024302735924720764,-0.007799585349857807
-0.005198401864618063,-0.05408094823360443,0.004082484636455774,0.006740327458828688,-0.014067132957279682,-0.00619112653657794
-0.0025173749309033155,-0.07318495213985443,-0.0015874354867264628,0.01504738349467516,-0.0360780693590641,-0.022442249581217766
-0.006148034706711769,-0.0693560391664505,-0.003454477759078145,0.016937579959630966,-0.037038207054138184,-0.020668132230639458
-0.0006856634863652289,-0.07714641839265823,-0.003393195802345872,0.01884724758565426,-0.03964383527636528,-0.011343192309141159
-0.009925410151481628,-0.05708052217960358,-0.0009684209362603724,0.006255454383790493,-0.04906269535422325,-0.0009725638665258884
-0.008429864421486855,-0.07622183859348297,0.003458108752965927,0.019958870485424995,0.0014540305128321052,-0.022710852324962616
-0.0021921349689364433,-0.040937576442956924,-0.0012169807450845838,0.034679971635341644,0.03226536512374878,-0.027963466942310333
-0.0021307056304067373,-0.037292275577783585,0.0039293114095926285,0.03573642298579216,0.041252944618463516,-0.02670837938785553
-0.006126299034804106,-0.0343647338449955,-0.0022792478557676077,0.020482579246163368,0.025477604940533638,-0.027673283591866493
-0.0017375167226418853,-0.03426253795623779,-0.0010715381940826774,0.020279433578252792,-0.012118246406316757,-0.021220719441771507
-0.001240908051840961,-0.032244980335235596,-4.2147898057010025e-05,0.04674766585230827,-0.022459635511040688,-0.007296801544725895
-0.015465300530195236,-0.03331968933343887,0.000377858174033463,0.03533477708697319,-0.013134398497641087,-0.021345749497413635
-0.012215490452945232,-0.08499659597873688,0.00532139977440238,0.024874858558177948,0.011001165956258774,0.004975174553692341
-0.00607751589268446,-0.04778631776571274,0.004951051902025938,0.05375370755791664,-0.016549451276659966,-0.0005275055882520974
-0.0011195687111467123,-0.06013275310397148,0.001858849311247468,0.031168723478913307,0.022622473537921906,-0.02673787623643875
-0.0036010374315083027,-0.027372419834136963,-0.0009907841449603438,0.052755918353796005,0.004221608396619558,0.006660509388893843
-0.003535187803208828,0.02359987609088421,0.0016208374872803688,0.06900249421596527,-0.014236296527087688,0.005220427177846432
0.027392731979489326,0.18217220902442932,-0.01458783820271492,0.07026071846485138,-0.016679206863045692,-0.01179985050112009
-0.0038194595836102962,0.02795126847922802,-0.0007621772820129991,0.04079056531190872,-0.06385085731744766,0.005047992803156376
-0.01003846526145935,-0.03618879243731499,0.0029129351023584604,0.05299525335431099,-0.06127797067165375,0.004937652498483658
-0.017270198091864586,-0.03598411753773689,0.0007398619782179594,0.03723868727684021,-0.04596251994371414,-0.004627007991075516
-0.00702813733369112,0.15929946303367615,-0.002891060896217823,0.07499024271965027,-0.08293002098798752,0.016030825674533844
0.000476280867587775,0.03403538838028908,-0.0011564124142751098,0.05845688283443451,-0.04079762473702431,0.004744062200188637
-0.004924407694488764,0.021039102226495743,-0.0021077697165310383,0.04212580621242523,-0.0496729239821434,0.016999943181872368
-0.0024145543575286865,0.016746947541832924,-0.0016992272576317191,0.036310989409685135,-0.028095079585909843,0.03810497000813484
-0.000871966069098562,0.03136376291513443,0.007276564836502075,0.05637262016534805,0.0044397213496267796,0.044221486896276474
0.002563721965998411,0.03153012692928314,0.00017538391693960875,0.06462445110082626,0.027942299842834473,0.0021402365528047085
-0.0009560344042256474,0.005422084592282772,0.004498154390603304,0.05792821943759918,0.0422842763364315,0.0023524658754467964
-0.003048313781619072,0.024295637384057045,0.0020910236053168774,0.049173638224601746,0.005252475384622812,0.037324100732803345
-0.011738798581063747,0.030826112255454063,-0.013929427601397038,0.05829307809472084,-0.012052921578288078,0.03397185355424881
-0.007671580649912357,0.09421613067388535,-0.015178040601313114,0.07752946019172668,-0.04848948493599892,0.00997225008904934
-0.004146209452301264,0.13166463375091553,-0.009852124378085136,0.06771642714738846,0.013041000813245773,0.005017402116209269
-0.0015341384569182992,0.15583306550979614,-0.013927639462053776,0.05043561011552811,0.003563621547073126,0.013879560865461826
0.0027792544569820166,0.035750746726989746,0.011561628431081772,0.06746925413608551,0.13216479122638702,0.023900210857391357
0.0005192816024646163,0.07245662808418274,-0.01714351400732994,0.07668173313140869,-0.03844313696026802,0.03507739678025246
-0.004665302578359842,-0.028161155059933662,0.014421224594116211,-0.01757972687482834,-0.03170337900519371,0.033529575914144516
0.015285557135939598,-0.03217628598213196,-0.0120353102684021,-0.010851896367967129,0.010478116571903229,0.01580558903515339
-0.001178331091068685,-0.05408887565135956,-0.00027189438696950674,-0.00015851182979531586,0.1191098615527153,0.011121123097836971
-0.007558929268270731,-0.05843375250697136,-0.005240467842668295,0.00115676608402282,0.022869979962706566,0.018360473215579987
-0.022722188383340836,-0.12917090952396393,0.0021674574818462133,0.012821679003536701,0.021384747698903084,0.011374801397323608
-0.008365893736481667,-0.12261725217103958,0.0037759235128760338,0.01077506598085165,0.09884831309318542,0.008225900121033192
-0.006932408083230257,-0.12357544153928757,0.003451230004429817,0.006959571968764067,0.03562286123633385,-5.0389684474794194e-05
-0.007751484867185354,-0.08214307576417923,-0.002949782880023122,0.0197284072637558,0.007780731655657291,-0.010389714501798153
-0.0015273711178451777,-0.13829119503498077,0.0049134367145597935,0.008824283257126808,0.08307181298732758,-0.02100091427564621
-0.005854609422385693,-0.08850795030593872,-0.0006794845103286207,0.007467650808393955,0.003107906086370349,-0.016169317066669464
-0.019309407100081444,-0.07688991725444794,-0.00273994286544621,0.02416500262916088,0.00990279484540224,-0.013279558159410954
-0.002498117508366704,-0.048573173582553864,0.0018061439041048288,0.017040709033608437,0.13798578083515167,-0.012044442817568779
-0.003859526477754116,-0.07047262042760849,0.0033700636122375727,0.022821851074695587,0.002758108079433441,-0.027599260210990906
-0.005312272813171148,-0.05088474974036217,0.0016671073390170932,0.015660660341382027,0.03120940923690796,-0.015562334097921848
-0.005865232553333044,-0.054697196930646896,-0.0017880003433674574,0.019756188616156578,0.0922446995973587,-0.0137642165645957
-0.005189241375774145,-0.06403056532144547,-0.0002482639974914491,0.010843281634151936,-0.025735776871442795,-0.005634624045342207
-0.009489404037594795,-0.08877469599246979,-0.00026298893499188125,0.009642128832638264,-0.018686654046177864,-0.023438388481736183
-0.015361635014414787,-0.09017038345336914,0.0002472415508236736,0.011463381350040436,-0.04168495535850525,-0.024600893259048462
-0.0024185399524867535,-0.08467262238264084,-0.0014849425060674548,0.014396184124052525,-0.039225224405527115,-0.021938860416412354
-0.0011588686611503363,-0.08157096803188324,0.0014704804634675384,0.020958147943019867,-0.027743451297283173,-0.020587142556905746
-0.004171447362750769,-0.07976818084716797,-0.0032176468521356583,0.02447068877518177,0.006664860062301159,-0.021614324301481247
-0.0029580281116068363,-0.03650537505745888,0.0013389803934842348,0.04136598855257034,0.04081220552325249,-0.007025937549769878
0.0017985691083595157,-0.03854291886091232,-0.0017154872184619308,0.03572985529899597,0.0076368520967662334,-0.026979345828294754
-0.008054300211369991,-0.038005903363227844,-0.0017552853096276522,0.02736751176416874,-0.025873549282550812,-0.025333015248179436
0.007333977147936821,-0.03544679656624794,-0.001355537329800427,0.04787725582718849,-0.010440399870276451,0.0036118230782449245
-0.010883407667279243,-0.034363824874162674,0.00029345418442972004,0.04186192527413368,-0.043249063193798065,0.002861667424440384
-0.002434602938592434,-0.03460876643657684,0.0037347094621509314,0.04477286338806152,-0.009076118469238281,-0.0033798455260694027
0.00016458766185678542,-0.035253457725048065,-0.000626268214546144,0.04287157952785492,0.012030304409563541,-0.003749832510948181
-0.0012408401817083359,-0.043092116713523865,-0.0009650434949435294,0.031781602650880814,0.02197006344795227,-0.029765386134386063
-0.004462347831577063,-0.03531458228826523,-0.0014710399555042386,0.016331152990460396,-0.026609987020492554,-0.020731965079903603
-0.002812020480632782,0.0013585288543254137,0.004572232719510794,0.06399335712194443,-0.02158728986978531,0.011237445287406445
-0.0008173217647708952,-0.026355138048529625,0.003270383458584547,0.058415818959474564,-0.025958769023418427,0.0061394814401865005
-0.0078019858337938786,0.12476743012666702,-0.005834787152707577,0.0726296454668045,-0.024607375264167786,0.003920938353985548
0.02149251289665699,0.18113063275814056,9.984045391320251e-06,0.05447809398174286,-0.021074440330266953,-0.0086234575137496
-0.016539212316274643,-0.041041307151317596,-0.0021971571259200573,0.03632661700248718,-0.02514692023396492,0.009209657087922096
-0.015004618093371391,-0.037057146430015564,0.0022302286233752966,0.037206217646598816,-0.04367705434560776,0.004922716412693262
-0.0019628875888884068,0.16613952815532684,0.006879508960992098,0.08140967041254044,-0.08696654438972473,0.0035816554445773363
-0.009048646315932274,0.1934869885444641,0.01941019296646118,0.07963674515485764,-0.05403786897659302,0.016878170892596245
-0.005551505833864212,0.017890233546495438,0.009721796959638596,0.040290746837854385,-0.033895134925842285,0.036414407193660736
-0.005017308983951807,0.03454755246639252,-0.004168516490608454,0.0658104345202446,-0.027484266087412834,0.03424388915300369
0.002855770755559206,0.03897932171821594,0.003794299904257059,0.03605977073311806,0.0029938051011413336,-0.02564104273915291
-0.00530125480145216,0.026025259867310524,0.007706289179623127,0.040984366089105606,0.04656151682138443,-0.01509555522352457
-0.0009388793259859085,0.08632493019104004,-0.017723700031638145,0.07053577899932861,-0.03650670126080513,0.02418082393705845
-0.00012688957212958485,0.14468610286712646,-0.003253338159993291,0.07417087256908417,-0.037324488162994385,0.052056796848773956
-0.001966693438589573,0.034697625786066055,-0.004114603623747826,0.07581961899995804,-0.04413266107439995,0.029801413416862488
0.0018205216620117426,-0.0011965150479227304,0.001437062630429864,0.024409553036093712,0.023789098486304283,0.06982698291540146
-0.004958092235028744,-0.03607862442731857,-0.0020959810353815556,0.055221229791641235,-0.022693322971463203,-0.029344869777560234
0.024592244997620583,0.0027210216503590345,-0.007058429531753063,-0.024081775918602943,0.009747130796313286,0.023802436888217926
-0.005081429611891508,-0.028784150257706642,-0.008680736646056175,-0.011002611368894577,0.0844743400812149,0.010644395835697651
-0.004658907186239958,-0.03457169607281685,-0.000706853112205863,0.005151680670678616,0.22908693552017212,0.012547598220407963
-0.005048239603638649,-0.0349556989967823,-0.009807576425373554,-0.006326988339424133,0.036324117332696915,0.010452925227582455
-0.0082015972584486,-0.05512547120451927,-0.00316540221683681,0.024343859404325485,0.1327059119939804,0.009563012979924679
-0.007324515841901302,-0.07709396630525589,-0.003284386359155178,0.015474027954041958,0.12684904038906097,0.012594697996973991
0.004359162878245115,-0.050339777022600174,0.002049220260232687,0.01902545988559723,0.17336216568946838,-0.0016977287596091628
-0.007244326639920473,-0.07875273376703262,-0.0018974876729771495,0.01269183773547411,-0.02190542407333851,-0.007236918900161982
-0.005094397347420454,-0.07826992869377136,0.0018316833302378654,0.013305258005857468,0.11980674415826797,-0.020225901156663895
-0.002284877933561802,-0.12832526862621307,0.005369418300688267,0.012837928719818592,0.13177867233753204,-0.017164142802357674
-0.004940134938806295,-0.09750747680664062,0.00015334118506871164,0.004967916291207075,0.03339454531669617,-0.020033415406942368
-0.016232097521424294,-0.08378477394580841,0.000847834104206413,0.012796550057828426,-0.0075448425486683846,-0.011914265342056751
-0.0031864475458860397,-0.04407171905040741,-0.004183286335319281,0.016888439655303955,0.2370242476463318,-0.006770963780581951
-0.004185674246400595,-0.08153316378593445,0.0004211170016787946,0.012658977881073952,0.011728617362678051,-0.024018796160817146
1.2262604286661372e-05,-0.04204852879047394,0.0035318187437951565,0.020823851227760315,0.16404174268245697,-0.015176220797002316
-0.0037598228082060814,-0.03266419097781181,0.003169337287545204,0.007935719564557076,0.07611478120088577,-0.010691270232200623
0.005962650291621685,-0.051937226206064224,0.0009575445437803864,0.016324155032634735,0.028802281245589256,-0.013187642209231853
-0.003218134166672826,-0.03367221727967262,-0.00030918727861717343,0.03546150401234627,-0.022707654163241386,-0.0244599636644125
-0.0005403732066042721,-0.09117016196250916,-0.0002717387687880546,0.021448669955134392,-0.038906265050172806,-0.0257133599370718
-0.005844561383128166,-0.1024441346526146,4.876881939708255e-05,0.00902741402387619,-0.02653096616268158,-0.022960644215345383
-0.012212400324642658,-0.06762596219778061,-4.305719994590618e-05,0.020673293620347977,-0.03928299993276596,-0.006230485159903765
-0.010024935007095337,-0.15165205299854279,0.0016323019517585635,0.009733558632433414,-0.04067213833332062,-0.02461259439587593
-0.008108356967568398,-0.08275669813156128,0.00248622871004045,0.02218836359679699,0.019104979932308197,-0.012328707613050938
-0.0022146685514599085,-0.032353613525629044,0.0016491393325850368,0.054026149213314056,-0.026960672810673714,0.0026116687804460526
-0.01072812918573618,-0.03532914072275162,-3.802043283940293e-05,0.02965669333934784,-0.01239569392055273,-0.028039252385497093
-0.005491683725267649,-0.0359584242105484,-0.002878654282540083,0.03094254620373249,-0.012263432145118713,-0.02692793868482113
-0.002696423092857003,-0.04157833382487297,0.0028086984530091286,0.043237701058387756,0.014053458347916603,0.0045187342911958694
-0.0029101178515702486,-0.07412847876548767,0.0018170750699937344,0.03584979102015495,-0.02177591249346733,0.0044553931802511215
-0.011561247520148754,-0.03948143497109413,0.001181545201689005,0.0514504536986351,-0.022811315953731537,0.001339754555374384
-0.0037163463421165943,-0.02884683758020401,-0.0030487985350191593,0.05803310498595238,-0.013373534195125103,0.01391915325075388
-0.004410943482071161,-0.021876642480492592,0.00043757588719017804,0.042709168046712875,-0.042980846017599106,-0.0006997038144618273
-0.0029275142587721348,-0.028262613341212273,0.003334973705932498,0.04759630933403969,0.0035071244928985834,0.0024001735728234053
-0.001216318691149354,0.036222368478775024,0.0016583235701546073,0.0745902881026268,0.0020192847587168217,0.0012501106830313802
-0.0012859620619565248,0.2619441747665405,0.00891738198697567,0.08543320745229721,0.03537413850426674,0.020458994433283806
-0.0029174024239182472,-0.059932269155979156,0.005183602217584848,0.034499991685152054,-0.027498425915837288,-0.0006715806666761637
-0.001132925390265882,-0.03272511065006256,0.004067803733050823,0.04810464754700661,-0.05545886233448982,0.030319619923830032
-0.0010842997580766678,-0.03527206555008888,0.0008797083864919841,0.02761387825012207,-0.08028619736433029,0.025551237165927887
-0.01592734456062317,-0.0765485167503357,0.001455042278394103,0.02769041806459427,-0.031067419797182083,0.003711372846737504
1.6723004591767676e-05,0.01850026473402977,0.0045160213485360146,0.03683146461844444,-0.05279118940234184,0.03801092505455017
-0.025120746344327927,0.005192880518734455,0.00900524016469717,0.02191087231040001,0.0037921781186014414,-0.04223589599132538
-0.0017444543773308396,0.009031876921653748,0.003133139107376337,0.02144668623805046,0.1652618646621704,0.02067074179649353
-0.0031854568514972925,0.0034556686878204346,0.0021267137490212917,0.020487390458583832,0.06134604290127754,0.08552669733762741
-0.0037803305312991142,0.017042597755789757,0.0034136732574552298,0.04179418459534645,0.10740527510643005,0.04117991402745247
-0.0024308571591973305,-0.03300081938505173,0.0011229412630200386,0.0337408110499382,0.014193362556397915,0.04874236136674881
-0.01862243004143238,-0.1420910656452179,0.005984603893011808,0.02332659624516964,-0.03331452235579491,0.02440141886472702
0.026200979948043823,-0.03378022462129593,-0.014382794499397278,-0.010494153015315533,0.03655008599162102,0.016717178747057915
-0.005958296358585358,-0.05956408753991127,0.002258583204820752,0.005084944423288107,0.12580567598342896,0.01588485762476921
-0.012625472620129585,-0.10477422922849655,-0.011016666889190674,0.019530676305294037,0.10057734698057175,0.010085219517350197
-0.007431030739098787,-0.06478913873434067,0.0011052265763282776,0.020356301218271255,0.12562750279903412,0.012526019476354122
-0.019787365570664406,-0.0717105120420456,-0.002704092999920249,0.02326858602464199,0.08745862543582916,0.007852565497159958
-0.012829218991100788,-0.07203338295221329,-0.0014552349457517266,0.028789661824703217,0.0016908807447180152,-7.270375135703944e-06
-0.008801236748695374,-0.12020190805196762,-0.0006047065835446119,0.0036651298869401217,0.13238179683685303,-0.011541272513568401
-0.004218130372464657,-0.06611008197069168,0.0019021701300516725,0.020583216100931168,0.18719209730625153,-0.013585871085524559
-0.009101856499910355,-0.09739823639392853,-0.005227380432188511,0.0033315711189061403,0.037342965602874756,-0.01910114288330078
-0.002978326752781868,-0.09513470530509949,0.0004071371804457158,0.013307164423167706,0.007815252058207989,-0.012478319928050041
-0.009497376158833504,-0.06690037995576859,-0.001884632045403123,0.022350464016199112,0.0028144773095846176,-0.0096488818526268
-0.002588282572105527,-0.07986433058977127,-0.00373340817168355,0.020206820219755173,0.021513771265745163,-0.024675646796822548
0.0002843740221578628,-0.09003166854381561,0.0025167244020849466,0.015179289504885674,0.009635147638618946,-0.025042284280061722
-0.004732550121843815,-0.07048775255680084,0.00391526659950614,0.014835456386208534,0.017715290188789368,-0.028232794255018234
-0.002859852509573102,-0.031171312555670738,0.00948867667466402,0.016152817755937576,0.08069800585508347,-0.009966735728085041
-0.0009883936727419496,-0.049973152577877045,-0.0007915371097624302,0.016354218125343323,0.01684100180864334,-0.010466981679201126
-0.010267330333590508,-0.03906306251883507,0.000540487642865628,0.03969724103808403,0.014535640366375446,-0.022771606221795082
-0.007856402546167374,-0.059029631316661835,0.0006304708658717573,0.043947476893663406,-0.025396786630153656,0.007985971868038177
-0.0034803105518221855,-0.04798932373523712,-0.003025987185537815,0.027012899518013,0.012780120596289635,-0.02661234512925148
0.004756813403218985,-0.08817022293806076,-0.0005533430376090109,0.018035972490906715,-0.025431642308831215,-0.025172347202897072
-0.0051437136717140675,-0.07298187911510468,-0.0021163818892091513,0.009792039170861244,-0.01547484751790762,-0.021639743819832802
-0.013876211829483509,-0.03480904549360275,0.004407043568789959,0.05402376875281334,-0.017975857481360435,-0.0011489868629723787
-0.0063054971396923065,-0.036638855934143066,-0.0010697749676182866,0.04336679354310036,-0.012900066561996937,0.00027223629876971245
-0.004481120966374874,-0.035911254584789276,0.000306389934848994,0.05087895318865776,0.0055420976132154465,-0.005413581617176533
-0.0139918876811862,-0.03347950428724289,0.003865662729367614,0.03923998028039932,-0.01547921821475029,0.003311178181320429
-0.013808049261569977,-0.03973717987537384,0.0018910776125267148,0.03248967230319977,-0.0028688027523458004,-0.026334315538406372
-0.0017902569379657507,-0.0336521752178669,0.0014420486986637115,0.04060468450188637,0.002046428620815277,0.0008375032339245081
-0.01559485774487257,-0.039969008415937424,0.0003480797167867422,0.036716267466545105,-0.02258666418492794,0.009518438018858433
-0.011333988048136234,0.17935669422149658,0.0009641238139010966,0.07956772297620773,-0.0212241243571043,0.0035513192415237427
-0.015483335591852665,0.1834944784641266,0.004519023001194,0.07457103580236435,0.010468807071447372,0.014585270546376705
-0.0012551379622891545,-0.0331822969019413,0.0026355276349931955,0.041842564940452576,-0.047250714153051376,0.0019666291773319244
-0.0018486524932086468,0.03202686831355095,0.0021846937015652657,0.0639464408159256,-0.026068562641739845,0.02927391231060028
0.0033447432797402143,-0.02505560778081417,0.010923398658633232,0.02685949020087719,-0.04679572954773903,0.030883437022566795
-0.010067589581012726,-0.02282581478357315,0.006143974605947733,0.0306131262332201,-0.04565468057990074,0.026625946164131165
-0.00924428179860115,0.19076760113239288,0.02802959643304348,0.08526642620563507,0.016633497551083565,0.024326225742697716
-0.011933526024222374,0.0023835364263504744,0.00028013973496854305,0.03598465770483017,-0.05797373130917549,0.04825459420681
-0.0015227103140205145,-0.03136696293950081,-0.002249377779662609,0.04372240975499153,-0.025459464639425278,0.042285822331905365
-0.010007440112531185,-0.032669395208358765,0.0014919837703928351,0.024025730788707733,-0.045885905623435974,0.02774951048195362
-0.01597537286579609,-0.03794672712683678,0.0035024958197027445,0.024671005085110664,-0.06231354922056198,0.06734799593687057
-0.00851050391793251,0.030556097626686096,-0.004947887733578682,0.044077202677726746,-0.02350986748933792,-0.056778378784656525
0.0019763505551964045,0.026778459548950195,0.0023518288508057594,0.05286290869116783,-0.027509067207574844,-0.0392317958176136
-0.005388196092098951,0.03179236873984337,-0.0012427802430465817,0.0475604347884655,0.0362723283469677,0.03377432003617287
-0.01812797598540783,-0.03879386931657791,0.0006905564805492759,0.04635646566748619,0.018042223528027534,-0.023097265511751175
-0.007483912631869316,-0.06557712703943253,-0.002803797135129571,0.0044223531149327755,0.03646773099899292,0.010955301113426685
-0.008500705473124981,-0.032668016850948334,-0.011129810474812984,-0.009244599379599094,-0.012760661542415619,0.010246078483760357
-0.019443662837147713,-0.10220388323068619,-0.0008250355022028089,0.02085249125957489,0.07710365206003189,0.013316603377461433
-0.003948839846998453,-0.11973879486322403,-0.014030862599611282,0.02138390950858593,0.016841553151607513,0.014377264305949211
-0.00963039230555296,-0.108086496591568,-0.011511750519275665,0.027135884389281273,0.07357405126094818,0.010503903031349182
-0.012813017703592777,-0.0686415284872055,-0.0049421293660998344,0.006361565086990595,0.03252077102661133,-0.0053657907992601395
-0.016538947820663452,-0.1327289491891861,-0.023160740733146667,0.027110233902931213,0.06890077888965607,-0.013732437044382095
-0.013040381483733654,-0.13115054368972778,0.002982496051117778,0.030782828107476234,-0.04693116620182991,-0.0009041978046298027
-0.017880581319332123,-0.1324673593044281,0.00454574404284358,0.02981284260749817,0.001041741226799786,-0.011430086567997932
-0.002274171682074666,-0.10728670656681061,0.0073806848376989365,0.03240291401743889,0.14807845652103424,-0.015773028135299683
-0.020992610603570938,-0.09336888790130615,0.0027080124709755182,0.008971283212304115,0.03786725550889969,-0.019921086728572845
-0.005927503574639559,-0.07175829261541367,-0.00035001232754439116,0.02491910383105278,0.14207012951374054,-0.014691866934299469
-0.019737815484404564,-0.07453586906194687,0.002589889569208026,0.02316269651055336,0.011941369622945786,-0.016665242612361908
-0.004288134630769491,-0.0571964867413044,0.01494507770985365,0.01877588964998722,-0.013868438079953194,-0.003772870870307088
-0.0027329125441610813,-0.08491253107786179,0.0019233402563259006,0.02186160907149315,0.01336544007062912,-0.02917288988828659
-0.0027049260679632425,-0.0768580287694931,-0.0023428534623235464,0.00660201720893383,0.018959641456604004,-0.02591538429260254
-0.003599116811528802,-0.08879878371953964,-0.002449223306030035,0.013923360034823418,0.011083436198532581,-0.023009467869997025
-0.005037050228565931,-0.055554211139678955,-0.00045136973494663835,0.014990952797234058,0.14316456019878387,-0.013325408101081848
-0.006883160676807165,-0.07630308717489243,-0.002257909160107374,0.04268152639269829,-0.03915446624159813,-0.0032271994277834892
-0.0015878335107117891,-0.0658363327383995,0.0011594719253480434,0.052748825401067734,-0.038017529994249344,0.002429988468065858
-0.0022879026364535093,-0.08143237233161926,-0.004909859970211983,0.029935602098703384,0.011515932157635689,-0.025647351518273354
-0.004339789971709251,-0.08773113042116165,-0.0008228563237935305,0.013342415913939476,0.012567054480314255,-0.02357245609164238
-0.0046397424302995205,-0.0870986059308052,0.00011979675764450803,0.0199885293841362,-0.014041529037058353,-0.026772266253829002
-0.0052592698484659195,-0.06444407254457474,-0.004470964893698692,0.02405504137277603,0.007525464985519648,-0.011090793646872044
0.0003874880785588175,-0.013204441405832767,0.0015562325716018677,0.05436834692955017,0.0018991094548255205,-0.0006607836694456637
-0.0013668114552274346,-0.03229466453194618,0.005228698719292879,0.04341449588537216,0.00992935337126255,0.0026129481848329306
-0.004813780542463064,0.0015874841483309865,-0.001498619676567614,0.06063694506883621,-0.04474518075585365,0.004770621191710234
0.09537608176469803,0.24272386729717255,0.04409278184175491,0.0809619352221489,-0.041718412190675735,-0.003802600782364607
-0.009501730091869831,-0.036460258066654205,0.0033617832232266665,0.04042678698897362,-0.047544606029987335,0.002410630462691188
-0.00292759807780385,-0.0785876139998436,0.0018785180291160941,0.03368484973907471,-0.021509623154997826,0.0018268218263983727
-0.006380761042237282,-0.07861139625310898,-0.0029984437860548496,0.02676478400826454,0.002732490189373493,-0.00856040883809328
-0.0019277397077530622,-0.025981469079852104,0.011402799747884274,0.030046354979276657,-0.06215736269950867,0.04010963439941406
0.020788883790373802,-0.0027257585898041725,-0.010908673517405987,0.029441973194479942,-0.07404258847236633,0.02904498390853405
0.007541915867477655,0.03659738972783089,0.006280126515775919,0.08019115775823593,-0.01867256499826908,0.03824035823345184
-0.004591527860611677,0.032388631254434586,-0.0041024209931492805,0.04377472773194313,-0.05421273037791252,0.007431038189679384
-0.0025571028236299753,-0.015311535447835922,0.00567241944372654,0.029811358079314232,-0.036338090896606445,0.031406305730342865
-0.005487330257892609,-0.028260011225938797,0.001101949019357562,0.03897517919540405,-0.05781557410955429,0.040561940521001816
-0.009769541211426258,-0.030963901430368423,0.005305762868374586,0.0293954536318779,-0.05926547199487686,0.02863413840532303
-0.018376553431153297,-0.061860427260398865,0.006388519890606403,0.01023871824145317,-0.05935659632086754,0.05733361840248108
-0.0015162990894168615,-0.03559063374996185,0.0013222190318629146,0.03297780826687813,0.0511024072766304,0.066651850938797
0.0016908309189602733,0.03427509590983391,0.0022572162561118603,0.05208991840481758,0.05129494518041611,0.060487039387226105
-0.005237855017185211,0.014125712215900421,-0.0006588854012079537,0.04885486513376236,0.03453319892287254,0.018466772511601448
-0.005449439864605665,-0.11794130504131317,-0.002099419478327036,0.009019283577799797,0.012920768931508064,0.01691567897796631
-0.005339487921446562,-0.05314629152417183,-0.007959180511534214,-0.007967622950673103,-0.02044951543211937,0.008362582884728909
-0.025970768183469772,-0.13471277058124542,-0.01782281883060932,0.026162173599004745,0.02658816985785961,-0.010548618622124195
-0.005385024473071098,-0.07906069606542587,-0.012690647505223751,0.022008361294865608,0.03754587471485138,-0.01351774949580431
-0.0032877398189157248,-0.0987698957324028,0.0032875456381589174,0.030061203986406326,0.16983649134635925,-0.015792133286595345
-0.005548706743866205,-0.11718198657035828,-0.0065812598913908005,0.01602960005402565,0.12582091987133026,-0.022565454244613647
-0.015237994492053986,-0.0694420263171196,0.0014231243403628469,0.023119580000638962,-0.01895063929259777,-0.008412485010921955
-0.003928536549210548,-0.05746489763259888,-0.0007734257378615439,0.015318268910050392,0.0426313653588295,-0.01654052734375
-0.0008473553461953998,-0.13804370164871216,0.0001667945325607434,0.0020909199956804514,0.020915040746331215,-0.02720557153224945
0.0027473866939544678,-0.08425714075565338,-0.006107694935053587,0.012560869567096233,0.021339084953069687,-0.012244319543242455
-0.003898036666214466,-0.03548242896795273,-0.0039383177645504475,0.01470151636749506,0.08640371263027191,-0.015567745082080364
-0.007245977409183979,-0.06973119080066681,-0.003836371935904026,0.02259225957095623,-0.02184075303375721,-0.008084926754236221
0.0013943043304607272,-0.1005522832274437,-0.002121319994330406,0.031338002532720566,0.013727779500186443,-0.02426762692630291
-0.015708904713392258,-0.08542326092720032,0.0013522282242774963,0.011620287783443928,0.0019007185474038124,-0.028185207396745682
-0.005640203133225441,-0.14621266722679138,0.0036207956727594137,0.006346911657601595,-0.0514058955013752,-0.022287724539637566
-0.009623313322663307,-0.11647540330886841,-0.00136569666210562,0.02575821615755558,0.0420154333114624,-0.014314512722194195
-0.018433736637234688,-0.12290643155574799,0.003159903921186924,0.03888025879859924,-0.10590016096830368,0.006655197590589523
-0.007530887611210346,-0.08710210770368576,0.002805462572723627,0.040488194674253464,-0.05650724098086357,0.004772064741700888
-0.0007353326072916389,-0.08894718438386917,-0.0016443373169749975,0.038850877434015274,-0.041040822863578796,0.006172104738652706
0.003462189808487892,-0.0859762579202652,0.000747826648876071,0.03223764896392822,-0.042870379984378815,0.0009681536466814578
-0.01354626752436161,-0.08736607432365417,0.0019342937739565969,0.03971626237034798,-0.0024045025929808617,-0.0027205271180719137
-0.004920947831124067,-0.09372246265411377,0.0020810975693166256,0.02880757302045822,0.02144446410238743,-0.02441544458270073
-0.001978440210223198,-0.031386587768793106,0.004495768342167139,0.046245742589235306,-0.03993399813771248,0.006545639596879482
0.007327968720346689,0.007145985495299101,0.0028635431081056595,0.055651210248470306,-0.04294479638338089,0.0038245071191340685
-0.007872954942286015,-0.03184687718749046,0.007734514307230711,0.05402391776442528,-0.005717481020838022,0.03432181477546692
-0.006127580069005489,-0.08108214288949966,0.00021012724027968943,0.029204988852143288,-0.027978429570794106,-0.0005833629984408617
-0.004789487924426794,-0.029812021180987358,0.00017309474060311913,0.04199080914258957,-0.018407456576824188,0.030423402786254883
-0.0033256232272833586,0.00800586212426424,0.010169785469770432,0.03675546124577522,-0.08698964864015579,0.07235471159219742
-0.001646401477046311,0.03092774748802185,0.0014641014859080315,0.02789369598031044,-0.055222660303115845,-0.02764170430600643
0.005083081312477589,0.03225281462073326,-0.0010471433633938432,0.03995738551020622,-0.07175686210393906,-0.04891248792409897
-0.0034753158688545227,-0.07838527113199234,0.00926257949322462,0.018170705065131187,-0.061181604862213135,-0.032219693064689636
-0.007513063028454781,-0.03324232995510101,0.006010743789374828,0.0377400703728199,-0.05434434488415718,-0.04514338821172714
-0.000989906140603125,0.018880726769566536,0.00040779251139611006,0.04697001352906227,-0.01867472194135189,0.04026006907224655
9.845222666626796e-05,0.03524961695075035,-0.0033657229505479336,0.04829282686114311,0.04850602149963379,0.021198730915784836
-0.002207710174843669,0.05841587856411934,-0.002045263536274433,0.05024099349975586,0.06732766330242157,0.006498615723103285
-0.005387017037719488,-0.05747276172041893,-0.004213626962155104,-0.0004956291522830725,0.013870385475456715,-0.006994133815169334
-0.0026084568817168474,-0.050221528857946396,-0.002383339684456587,0.004552196711301804,0.13284404575824738,-0.0033223817590624094
-0.01217549480497837,-0.125762477517128,-0.02661943808197975,0.020308708772063255,0.036730874329805374,-0.01881677657365799
-0.003409360069781542,-0.07920342683792114,-0.024677954614162445,0.018574532121419907,0.12592731416225433,-0.021475784480571747
-0.00896760355681181,-0.0699591338634491,-0.0008583588642068207,0.018560826778411865,-0.0020861520897597075,-0.011627933010458946
-0.018099065870046616,-0.06404237449169159,-0.03407873213291168,0.026192350313067436,0.25592994689941406,-0.015908969566226006
-0.014470955356955528,-0.0922582596540451,-0.003828584449365735,0.007770451717078686,0.07962162047624588,-0.02777872420847416
-0.004911493044346571,-0.055045854300260544,-0.0007008842076174915,0.022174373269081116,0.0635213553905487,-0.01342786569148302
-0.002469320548698306,-0.07228473573923111,0.00018820760305970907,0.021764321252703667,0.008552133105695248,-0.013707011006772518
-0.007819000631570816,-0.10461251437664032,0.00509941391646862,0.026339910924434662,0.03553036227822304,-0.024266481399536133
-0.020694151520729065,-0.15591789782047272,0.005536757875233889,0.006600532680749893,0.02082117088139057,-0.031105054542422295
-0.01094998698681593,-0.07903577387332916,0.0002518541878089309,0.02524344064295292,-0.013504115864634514,-0.011125396937131882
-0.017333710566163063,-0.1393989771604538,0.0014014238258823752,0.001063348725438118,0.020988935604691505,-0.028047053143382072
-0.02159269154071808,-0.13726705312728882,0.00813527125865221,0.03631708025932312,-0.05622071400284767,-0.0008224087650887668
-0.020710187032818794,-0.1546136438846588,0.0071895248256623745,0.0335548110306263,-0.10272599011659622,0.008540868759155273
-0.013809066265821457,-0.1495763510465622,0.003181524807587266,0.03911523520946503,-0.06450247019529343,-0.0012935437262058258
-0.023012153804302216,-0.1408076137304306,0.007761617191135883,0.019932907074689865,-0.02568533830344677,-0.0275640357285738
-0.018336497247219086,-0.13905522227287292,0.0013486435636878014,0.015411905944347382,-0.04421677067875862,-0.026916150003671646
-0.004577753599733114,-0.08128225058317184,-0.00011841361265396699,0.04453539848327637,-0.04830804839730263,0.008689516223967075
-0.00025144623941741884,-0.08292879909276962,-0.0035067517310380936,0.04358910024166107,-0.024649836122989655,0.004314151592552662
-0.006407397799193859,0.03388994559645653,0.0017428433056920767,0.06687898933887482,0.010029797442257404,0.011141928844153881
-0.0061712684109807014,0.020808517932891846,0.006061656400561333,0.04068686440587044,-0.06669504940509796,0.026290541514754295
-0.006700624246150255,0.07605943828821182,0.006582253146916628,0.07616123557090759,-0.014707600697875023,0.04404505714774132
-0.004396749660372734,0.016096053645014763,0.0020217853598296642,0.0472680926322937,-0.0654333308339119,0.04565878212451935
-0.0014963668072596192,0.005717054940760136,0.005020326003432274,0.06285899132490158,-0.020411042496562004,0.04194631054997444
0.002322768559679389,-0.029361551627516747,0.008769156411290169,0.028095295652747154,-0.0844399631023407,0.05145517736673355
0.000624789681751281,-0.02356330305337906,0.0033652004785835743,0.03845328465104103,-0.05611664801836014,0.0288534052670002
-0.01112616341561079,-0.031057806685566902,0.0021705469116568565,0.029380889609456062,-0.05397667735815048,0.013179468922317028
-0.005745427217334509,-0.02870623953640461,0.0037624354008585215,0.04479813948273659,-0.06381948292255402,0.0359034463763237
-0.01049363799393177,-0.08228147774934769,0.006841317284852266,0.024729713797569275,-0.025926655158400536,-0.04182454198598862
-0.010552320629358292,-0.03212188556790352,0.00989301223307848,0.021157944574952126,-0.05401606485247612,-0.03827167674899101
0.0023514400236308575,-0.031027216464281082,-0.0054839905351400375,0.03284190222620964,0.07606558501720428,0.006187263876199722
-0.012888827361166477,-0.08783549070358276,0.0027575583662837744,0.01996074616909027,0.0033678999170660973,0.02687957137823105
-0.005688588600605726,-0.06125379353761673,-0.003976807463914156,0.008422542363405228,0.034789957106113434,-0.010341484099626541
-0.007633815053850412,-0.06381474435329437,-0.005315568298101425,0.005255773663520813,0.037744659930467606,-0.007430930156260729
-0.001910227700136602,-0.03204909712076187,-0.0023795203305780888,-0.0015565046342089772,0.08921588212251663,-0.010621783323585987
-0.011873427778482437,-0.08377163112163544,-0.006085162051022053,0.009745245799422264,0.006024750880897045,-0.015141740441322327
-0.015295490622520447,-0.054556261748075485,0.004381614737212658,0.027729377150535583,0.2625510096549988,-0.012071795761585236
-0.009754790924489498,-0.08869992196559906,-0.004124511033296585,0.01094745472073555,0.02192683331668377,-0.0312509648501873
-0.020677385851740837,-0.11759375780820847,0.000687701627612114,0.02720879577100277,-0.012328468263149261,-0.01096382550895214
-0.013688464649021626,-0.11227619647979736,0.0016024124342948198,0.023158913478255272,0.0967375710606575,-0.01563459448516369
-0.022768523544073105,-0.14847278594970703,0.0015206504613161087,0.012138727121055126,0.01191302016377449,-0.027592429891228676
-0.019549354910850525,-0.11494702100753784,2.3396441974909976e-05,0.02180582843720913,-0.027042288333177567,-0.00817758310586214
-0.025423582643270493,-0.14580504596233368,0.003853908274322748,0.006770968437194824,-0.000695632363203913,-0.02266664244234562
-0.012668389827013016,-0.08276012539863586,0.0026114676147699356,0.04017467424273491,-0.058645885437726974,0.007357886992394924
0.0006641487125307322,-0.05046254023909569,-0.0025147132109850645,0.049787044525146484,-0.10292152315378189,0.008495721034705639
-0.006464976817369461,-0.0865119993686676,0.007110794074833393,0.03862439841032028,-0.10962944477796555,0.00015161944611463696
-0.016316313296556473,-0.08634176105260849,0.005584483500570059,0.03552006185054779,-0.05507442355155945,-0.010212359018623829
-0.020626680925488472,-0.10860433429479599,0.001369799836538732,0.027861639857292175,-0.04271100088953972,-0.019744684919714928
-0.0057269977405667305,-0.03662383556365967,-0.0017345546511933208,0.047896355390548706,-0.06614892184734344,-0.0003627328260336071
-0.003930502571165562,-0.07973968237638474,-0.0004215053631924093,0.032884418964385986,-0.04005130007863045,0.004419334698468447
-0.0008429094450548291,-0.03458503261208534,-0.0007289182976819575,0.053942736238241196,-0.045989036560058594,0.00869439821690321
0.09391054511070251,0.22036080062389374,0.07537436485290527,0.08825714141130447,0.02644352614879608,0.005951423663645983
-0.0026531436014920473,-0.027753759175539017,0.0036048179026693106,0.0625215470790863,-0.05268456041812897,0.03506851941347122
-0.007648108527064323,-0.028483832255005836,0.007685832679271698,0.02225884608924389,-0.060286980122327805,0.06782611459493637
-0.003242186037823558,0.012066708877682686,-0.008841024711728096,0.03700017184019089,-0.034894950687885284,-0.06744097918272018
-0.003432727651670575,0.002360524609684944,0.004850909113883972,0.06541164219379425,-0.03540937975049019,0.04010981321334839
0.006138801109045744,0.0156459491699934,-0.004007725976407528,0.027041330933570862,-0.08470197767019272,-0.014917057938873768
-0.017576145008206367,-0.07771335542201996,0.011393262073397636,0.022973621264100075,-0.007808641064912081,-0.032965902239084244
-0.007488742936402559,-0.07247254252433777,0.009241096675395966,0.0059866588562726974,0.13093450665473938,-0.002131357090547681
0.0008725143852643669,-0.042645473033189774,-0.0032016586046665907,0.022027799859642982,-0.038425080478191376,-0.04483633115887642
-0.02292666770517826,-0.10123349726200104,0.0070296041667461395,0.021377500146627426,0.04803847521543503,-0.0073087518103420734
-0.007056498900055885,-0.05715572461485863,0.010631167329847813,0.01975019834935665,-0.0654614269733429,-0.03870930150151253
-0.008169854059815407,-0.05682339146733284,0.0034995260648429394,0.020998867228627205,-0.1424294263124466,-0.0645502433180809
-0.007025017868727446,-0.03640099614858627,-0.011480296961963177,0.012023481540381908,0.24213381111621857,-0.008070656098425388
-0.025311844423413277,-0.13321973383426666,-0.03173443675041199,0.017406780272722244,0.08977661281824112,-0.02271738462150097
-0.016792522743344307,-0.059386346489191055,-0.0006548162782564759,0.022994060069322586,0.1711466759443283,-0.013312743045389652
-0.021870268508791924,-0.14814062416553497,-0.004440236371010542,0.007634561974555254,0.004617411643266678,-0.013279397040605545
-0.015326539054512978,-0.1283361166715622,0.0014055953361093998,0.02188834361732006,0.01713930442929268,-0.015478074550628662
-0.006469383370131254,-0.1425410509109497,0.0071268267929553986,0.008076879195868969,-0.002419516909867525,-0.025383487343788147
-0.02160143293440342,-0.0890522450208664,-0.00136406603269279,0.02178291231393814,-0.024791229516267776,-0.008619433268904686
-0.013567373156547546,-0.15938898921012878,0.003619394265115261,0.016968032345175743,0.007104325108230114,-0.025958145037293434
-0.0035857614129781723,-0.07598145306110382,0.001697472995147109,0.04248739778995514,-0.04313899576663971,0.012008707039058208
-0.01947205327451229,-0.08717788755893707,0.004615910351276398,0.03522991016507149,-0.05435921251773834,0.009823731146752834
-0.02258657105267048,-0.10361683368682861,0.004680926445871592,0.03485250100493431,-0.04464377462863922,-0.002968790475279093
-0.019975407049059868,-0.12627094984054565,0.000316848250804469,0.02954765595495701,-0.04272736981511116,-0.023809723556041718
-0.011905165389180183,-0.055132608860731125,0.00011192009696969762,0.049656983464956284,-0.10471221059560776,0.01420486532151699
0.0008508106111548841,-0.03700297698378563,-0.0014331082347780466,0.043842729181051254,-0.06814619898796082,0.005413293372839689
-0.005551875568926334,0.028915969654917717,0.004670611582696438,0.07150501012802124,-0.01492764800786972,0.023441169410943985
-0.0014806593535467982,-0.03292914479970932,0.001124770613387227,0.032594528049230576,-0.06237410753965378,0.035807881504297256
0.06399618089199066,0.03897533938288689,0.03780302405357361,0.07986650615930557,0.010723065584897995,0.023206420242786407
-0.00037671273457817733,-0.028170093894004822,0.0051962826400995255,0.03834471106529236,-0.15465384721755981,0.03679915890097618
-0.00831097736954689,-0.035150062292814255,-0.0026321166660636663,0.0636163204908371,-0.05115514621138573,0.025087909772992134
-0.005661197006702423,0.024681923910975456,0.006598176900297403,0.03278292343020439,-0.06135643646121025,0.04925980046391487
-0.008297845721244812,-0.02980720065534115,0.007194838486611843,0.061315372586250305,0.003829898778349161,0.04951160401105881
-0.007504434324800968,-0.02984539605677128,0.01440755371004343,0.016270184889435768,-0.047339022159576416,-0.04270834103226662
-0.009041856974363327,0.034102294594049454,-0.007177954073995352,0.034037522971630096,-0.05956394970417023,-0.06698701530694962
-0.006112062372267246,0.007007379550486803,0.005624922923743725,0.05333419889211655,-0.070632703602314,0.03262662515044212
-0.01953074336051941,-0.11926315724849701,0.012672759592533112,0.018721405416727066,-0.009274469688534737,-0.03315538540482521
-0.018073929473757744,-0.14151467382907867,-0.006168227642774582,0.01703222654759884,-0.12392280250787735,0.011737225577235222
-0.01936732418835163,-0.07950665056705475,0.008378538303077221,0.020672932267189026,-0.0686899945139885,-0.04665391892194748
8.649732626508921e-05,-0.10221672803163528,0.006086341571062803,0.026321252807974815,0.14274956285953522,-0.016696248203516006
-0.0011970722116529942,-0.07081930339336395,0.0021624346263706684,0.026807580143213272,0.08515973389148712,-0.015715599060058594
-0.0023064364213496447,-0.09706319123506546,0.0034474346321076155,0.012449701316654682,0.01846407726407051,-0.029616959393024445
-0.00828885193914175,-0.07108990848064423,0.000914959644433111,0.017259567975997925,0.0013556369813159108,-0.014479165896773338
-0.020518342033028603,-0.10937752574682236,0.005423029884696007,0.01962648332118988,0.017700398340821266,-0.030290845781564713
-0.02052384242415428,-0.1423247903585434,0.003971263766288757,0.012780007906258106,0.020360345020890236,-0.029439179226756096
-0.007518720347434282,-0.08666540682315826,0.0020458525978028774,0.029342008754611015,-0.049430131912231445,0.008697102777659893
-0.016615869477391243,-0.10502330213785172,0.0020572396460920572,0.036605868488550186,-0.042739689350128174,-0.0008354199235327542
-0.0035327759105712175,-0.15211480855941772,0.00748466607183218,0.035359058529138565,-0.05395656079053879,0.00010410347749711946
-0.020297834649682045,-0.1279614269733429,0.0016947045223787427,0.02939900942146778,-0.0438108965754509,-0.023150181397795677
-0.0011421437375247478,-0.06801171600818634,-0.00015798538515809923,0.03742380440235138,-0.04308516904711723,0.006499203387647867
-0.0019059462938457727,-0.030346857383847237,-0.00041010379209183156,0.05974651128053665,-0.03147323429584503,0.025595737621188164
-0.003407335141673684,-0.03700712323188782,0.003407092997804284,0.031628165394067764,-0.058882229030132294,0.04775603488087654
0.05418151244521141,0.15927137434482574,0.05112219601869583,0.07255715131759644,0.036160651594400406,0.03214012458920479
-0.008646945469081402,0.09482785314321518,0.01671113446354866,0.07221133261919022,0.004276821855455637,0.0323764868080616
-0.009532788768410683,-0.03143494948744774,0.0030823659617453814,0.03475728631019592,-0.07199548184871674,0.07882644981145859
-0.015333053655922413,-0.028882581740617752,-0.008991685695946217,0.017196275293827057,-0.06739983707666397,-0.07694585621356964
-0.00343110878020525,0.01633678376674652,-0.0007032237481325865,0.07241806387901306,-0.012661307118833065,0.04000315070152283
-0.02889401465654373,-0.03276567533612251,0.007756704930216074,0.02229882963001728,0.04877955839037895,-0.0068273707292973995
-0.0038562931586056948,-0.027849329635500908,-0.0075732627883553505,0.03214448690414429,-0.054169487208127975,-0.07113950699567795
-0.009809942916035652,0.022743776440620422,-0.0029371618293225765,0.038123760372400284,-0.059912435710430145,-0.06830905377864838
-0.0037454531993716955,-0.05330455303192139,0.000575436744838953,0.02755129709839821,0.24543656408786774,-0.013557971455156803
-0.020468944683670998,-0.08398930728435516,-0.0020701950415968895,0.017423169687390327,-0.005019743926823139,-0.015689151361584663
-0.004737879615277052,-0.056739408522844315,-0.00099772191606462,0.014073139056563377,0.08370478451251984,-0.018449006602168083
-0.0026479950174689293,-0.06878427416086197,-0.0006161699420772493,0.02194608934223652,0.007589762564748526,-0.010401390492916107
-0.0020190810319036245,-0.16213181614875793,0.002027200534939766,0.01725437492132187,0.01254994235932827,-0.027966173365712166
-0.008610779419541359,-0.07354190200567245,0.0026817850302904844,0.02030154876410961,-0.00286652403883636,-0.011551355943083763
-0.012667332775890827,-0.0962720513343811,0.000926846347283572,0.01262433361262083,0.03185485675930977,-0.027049146592617035
-0.004449285101145506,-0.1481710970401764,0.0019598896615207195,0.007737013045698404,0.011893700808286667,-0.026155920699238777
-0.002119805198162794,-0.07978519797325134,-0.00015290544251911342,0.034582581371068954,-0.06308088451623917,0.008840624243021011
-0.006321956403553486,-0.07421290874481201,-0.0018964047776535153,0.01648722030222416,-0.05093524977564812,-0.0029403744265437126
-0.0007780711748637259,-0.0827224999666214,-0.0002973644295707345,0.03199796378612518,-0.06516572833061218,0.002939069177955389
0.0001429487019777298,0.02441137097775936,0.0022813689429312944,0.037208542227745056,-0.05395694822072983,0.043836139142513275
-0.0014919978566467762,-0.10638806968927383,0.004672036040574312,0.01881813444197178,-0.020002810284495354,-0.009972311556339264
-0.009563497267663479,-0.031158508732914925,0.004052677657455206,0.03290804103016853,-0.03994613513350487,0.041864149272441864
-0.006129173096269369,-0.06158256158232689,0.0016868956154212356,0.017626937478780746,-0.025313589721918106,0.06409343332052231
0.05438971146941185,0.11234493553638458,0.052176691591739655,0.07918047904968262,0.021212775260210037,0.040309205651283264
-0.016712142154574394,-0.037864457815885544,0.0039644138887524605,0.014776431955397129,0.18960218131542206,-0.00728974211961031
-0.012208424508571625,0.01706644333899021,-0.00527860876172781,0.03279891982674599,-0.03602975979447365,-0.05783086270093918
-0.004775209818035364,-0.039354823529720306,0.0007456194725818932,0.0319071039557457,-0.01674933359026909,0.015122510492801666
-0.01414884440600872,-0.02223404496908188,-0.000943508290220052,0.010329131968319416,0.04411535710096359,-0.015116488561034203
-0.00898965634405613,-0.050845175981521606,-0.0011147436453029513,0.015182336792349815,-0.02647160366177559,0.014905406162142754
-0.019612940028309822,-0.03777746483683586,0.002408289350569248,-0.020469456911087036,-0.007738025393337011,-0.00352885271422565
-0.0076781571842730045,-0.07673004269599915,0.0008458649390377104,0.025804461911320686,0.13389135897159576,-0.013277143239974976
-0.0015811218181625009,-0.025630177929997444,0.004728696309030056,0.059304967522621155,-0.04402460157871246,0.017890671268105507
-0.008893919177353382,0.1928500384092331,0.00437648082152009,0.08599989116191864,0.03241270035505295,0.028344878926873207
0.00452309288084507,0.06135130301117897,0.014079879969358444,0.07420477271080017,-0.022913208231329918,0.02672029659152031
-0.0031230628956109285,-0.030613860115408897,0.004085771273821592,0.050893474370241165,-0.024237466976046562,0.036310575902462006
0.002015155740082264,-0.07730256766080856,-0.0018155770376324654,0.01924159564077854,-0.05759963393211365,-0.007897968403995037
0.0006988775567151606,-0.02621137723326683,0.0012183054350316525,0.04607664421200752,-0.07887031137943268,0.03547464311122894
-0.0017119015101343393,0.09831111133098602,0.003839694196358323,0.04879919812083244,-0.003001767909154296,0.09301374852657318
0.005784331820905209,0.0574808306992054,-0.010586905293166637,0.03148990124464035,-0.10032380372285843,-0.05735136196017265
-0.006584643851965666,-0.029980428516864777,0.001741637708619237,0.03147587180137634,-0.049959946423769,0.014749400317668915
-0.009247694164514542,-0.043435610830783844,0.006934350356459618,0.014769128523766994,0.289171040058136,-0.009772790595889091
-0.005571176763623953,-0.05542898178100586,-0.0010548841673880816,0.009329449385404587,0.10191777348518372,-0.0123060941696167
-0.007461844943463802,-0.08374758809804916,0.0026597476098686457,0.016843609511852264,-9.662715456215665e-06,-0.020468944683670998
-0.014982646331191063,-0.05517491325736046,-0.002728330437093973,0.019487064331769943,-0.018387697637081146,-0.02286669611930847
-0.01860208250582218,-0.06890082359313965,0.006113518960773945,0.025913076475262642,-0.042762741446495056,0.002577230567112565
-0.013415668159723282,-0.08718247711658478,0.005119745619595051,0.010846960358321667,-0.042881328612565994,-0.0025445919018238783
-0.01271794829517603,-0.1492295265197754,-0.0003422505978960544,0.01586797833442688,0.012402702122926712,-0.023146294057369232
-0.005310319364070892,0.03307249769568443,0.006456666626036167,0.04302409291267395,-0.03543504327535629,0.028649093583226204
0.08281377702951431,0.2078586220741272,0.06278996169567108,0.07850310206413269,-0.07076883316040039,0.015962788835167885
-0.017469866201281548,-0.009659177623689175,0.001173427328467369,0.02327917516231537,0.07667215913534164,0.006828144192695618
-0.0011064880527555943,-0.02896738611161709,0.0029283701442182064,0.04046322777867317,-0.03020375408232212,0.026128025725483894
-0.022076072171330452,0.025312909856438637,-0.005193782038986683,0.02631903439760208,0.03308236598968506,-0.0316208191215992
0.021130824461579323,0.1958320438861847,0.04772244393825531,0.039370376616716385,-0.256365031003952,-0.031196938827633858
-0.007844456471502781,-0.028616497293114662,0.003133695339784026,0.04544568061828613,-0.06444714963436127,0.01185675524175167
-0.0016757897101342678,-0.06375038623809814,0.0016580249648541212,0.017078286036849022,0.09415735304355621,-0.013306771405041218
-0.011606981046497822,-0.09360961616039276,0.0011224133195355535,0.012936079874634743,0.037531837821006775,-0.029534487053751945
-0.006642511580139399,-0.06079566851258278,0.0006951880059204996,0.020591268315911293,-0.012613009661436081,-0.008655315265059471
0.001076885499060154,-0.04039635509252548,-0.0010307917837053537,0.03519008308649063,-0.01782008446753025,-0.004514121450483799
-0.004468249157071114,0.16794773936271667,-0.004837042652070522,0.07079913467168808,-0.04973161593079567,0.02632109448313713
-0.0005441743414849043,-0.025931797921657562,0.000354655523551628,0.04796060174703598,-0.04510323330760002,0.005809135269373655
0.001966926734894514,0.036592405289411545,0.01176678016781807,0.08004700392484665,-0.037349797785282135,0.0458301343023777
-0.0050651622004806995,-0.02750210464000702,0.006829522084444761,0.06221527233719826,-0.05939752236008644,0.04639657586812973
0.00043803270091302693,0.017278622835874557,0.003895609173923731,0.053277336061000824,-0.06458956003189087,0.04383845254778862
-0.0013533183373510838,-0.046840179711580276,0.003143268870189786,0.02231493964791298,-0.07335277646780014,-0.0007007623789831996
0.0025159367360174656,0.1984798014163971,-0.009610302746295929,0.04772390052676201,-0.020662320777773857,0.08678601682186127
-0.004785995930433273,0.021428341045975685,-0.003981865476816893,0.038196664303541183,-0.07920268923044205,-0.06252414733171463
-0.021695690229535103,0.014455816708505154,-0.003981382120400667,0.019790858030319214,0.06273375451564789,0.000191655068192631
-0.01629738323390484,-0.10958617925643921,0.002922140760347247,0.02016640640795231,0.1515531986951828,-0.01407100260257721
-0.009806295856833458,-0.08007194846868515,-0.0017349947011098266,0.007101248949766159,-0.003060895949602127,-0.0064120544120669365
-0.00424640579149127,-0.04669284075498581,0.0065788091160357,0.0200797151774168,0.2632136642932892,-0.013795248232781887
-0.008062374778091908,-0.07290124893188477,0.003910541534423828,0.023226620629429817,-0.015560097061097622,-0.02374248206615448
-0.008931365795433521,-0.05534151569008827,0.0011945593869313598,0.018825778737664223,-0.0013719527050852776,-0.0185233261436224
-0.010021677240729332,-0.029676660895347595,0.004327799659222364,0.018757939338684082,-0.047455720603466034,-0.0024008227046579123
-0.016293292865157127,-0.06919925659894943,0.007977556437253952,0.028433071449398994,-0.044656913727521896,0.002758428920060396
-0.011255728080868721,-0.15607059001922607,0.003992039244621992,0.010321596637368202,-0.007270500063896179,-0.025718985125422478
-0.003492716234177351,-0.059883005917072296,0.000246415234869346,0.004891698714345694,0.0846172571182251,-0.01211535558104515
-0.003533525625243783,-0.049718040972948074,-0.0006785125005990267,0.0020048366859555244,0.019369177520275116,-0.012985281646251678
0.004408076871186495,-0.04317828640341759,-0.0005720581975765526,0.004330660216510296,0.16139662265777588,-0.00841586198657751
-0.008088218048214912,-0.07676471024751663,0.003403950948268175,0.021696675568819046,-0.01599052920937538,-0.02532266080379486
-0.012625559233129025,-0.09809572994709015,-0.0012356244260445237,0.00867980532348156,0.00706014409661293,-0.009244736284017563
-0.005906874313950539,-0.029047353193163872,0.005445902701467276,0.027019452303647995,-0.05492400377988815,-0.0066513558849692345
-0.010279732756316662,-0.04589754343032837,-0.0007207478047348559,0.008960230275988579,0.15203797817230225,-0.009638692252337933
-0.00527270557358861,-0.06243269518017769,1.5458799680345692e-05,0.008018027991056442,0.09642299264669418,-0.013831726275384426
-0.01175740361213684,-0.06730671226978302,0.0023650003131479025,0.00337895262055099,0.012578372843563557,-0.022884001955389977
-0.005702467635273933,-0.033683862537145615,-0.0019914477597922087,-0.002183179371058941,0.022270921617746353,-0.00809607282280922
-0.0074896193109452724,-0.06195926293730736,0.000943928025662899,0.016834089532494545,0.006127179600298405,-0.02547057345509529
-0.0028274350333958864,0.03480648994445801,0.005879431962966919,0.06376656889915466,-0.023988716304302216,0.03423374518752098
0.04160469025373459,0.17309603095054626,-0.017020460218191147,0.041284866631031036,-0.08528546243906021,-0.005033382214605808
-0.008070281706750393,-0.02108471468091011,-0.002060544677078724,-0.03531048446893692,0.11918839067220688,-0.007377241272479296
-0.020638927817344666,-0.02922167256474495,0.002200284507125616,0.012646789662539959,-0.0474994033575058,-0.009469286538660526
-0.009374860674142838,0.18762440979480743,0.011779277585446835,0.07204795628786087,-0.0457785539329052,0.025995926931500435
-0.003764880821108818,0.15746226906776428,-0.005075434688478708,0.07007164508104324,-0.1203107237815857,0.023684030398726463
-0.003590560518205166,-0.05499434843659401,-0.004327593836933374,-0.01855394057929516,0.039333146065473557,-0.010318227112293243
-0.005245755892246962,-0.02578563243150711,-0.0030503992456942797,-0.033108312636613846,0.013152003288269043,-0.006943279877305031
-0.0007245284505188465,-0.0039503080770373344,-0.005288755986839533,-0.03987733647227287,0.008670962415635586,-0.0048773265443742275
-0.0013913493603467941,-0.02689700573682785,-0.004996140021830797,-0.013646776787936687,-0.0605781227350235,0.002770842518657446
-0.010933994315564632,-0.03674960881471634,-0.0020200363360345364,0.024340447038412094,-0.19020795822143555,-0.007865752093493938
-0.0005096513777971268,0.00952318124473095,-0.00875511858612299,0.03783539682626724,-0.25873708724975586,-0.008365422487258911
0.000824145448859781,0.00666439114138484,0.001961112255230546,0.049375664442777634,-0.06840240955352783,0.004641139879822731
-0.0134115694090724,0.09057371318340302,-0.005674118176102638,0.06520882993936539,-0.29589569568634033,0.034371860325336456
0.02488328143954277,-0.02845975011587143,-0.011993587017059326,-0.029742371290922165,0.026279745623469353,-0.006028682459145784
-0.009436648339033127,0.011883130297064781,-0.0006708301953040063,-0.04052932932972908,-0.07134129852056503,0.001964383292943239
-0.006306875497102737,-0.02267877757549286,-0.005330390762537718,-0.03329511731863022,0.0031382376328110695,-0.006057966034859419
-0.006954017095267773,0.008186381310224533,-0.0027046191971749067,-0.028990108519792557,0.004120898433029652,-0.00330103631131351
-0.0057367985136806965,0.003673855448141694,-0.005045802798122168,-0.02629217691719532,-0.0030713011510670185,-0.009340008720755577
-0.005633118096739054,-0.026154475286602974,-0.0014460517559200525,-0.007973091676831245,0.020910490304231644,-0.022535044699907303
-0.01053676288574934,0.0029140524566173553,-0.003894139314070344,-0.01409761980175972,-0.0408918671309948,0.0008647233480587602
-0.006881810259073973,-0.024299751967191696,-0.003291492350399494,-0.005594352725893259,-0.05728908255696297,-0.01468451227992773
-0.0158508513122797,-0.033947549760341644,-0.000812836573459208,0.018837006762623787,-0.08748293668031693,-0.022758139297366142
-0.01744692772626877,-0.035810135304927826,-0.00040758977411314845,0.03091461956501007,-0.12647433578968048,-0.020488763228058815
-0.010729649104177952,-0.0015617379685863853,-0.001749844872392714,-0.015732331201434135,0.11592643707990646,-0.01407057698816061
-0.0054319254122674465,0.00946942251175642,-0.0003764419234357774,-0.018026236444711685,0.06720975786447525,-0.008738057687878609
-0.003398387460038066,-0.027718372642993927,-0.000445497571490705,-0.0016022062627598643,-0.051060114055871964,-0.016810793429613113
-0.009024119935929775,-0.029193636029958725,6.553532330144662e-06,0.021662240847945213,-0.06061903387308121,-0.0197057593613863
-0.013475390151143074,-0.0281554963439703,0.0015377962263301015,0.032781824469566345,-0.26872679591178894,0.0023515343200415373
-0.001658132765442133,-0.026180900633335114,-0.005246229004114866,-0.0024508903734385967,-0.021797074005007744,-0.014540857635438442
-0.010903994552791119,0.004856468178331852,-0.0033977446146309376,-0.004891291726380587,-0.026005258783698082,-0.01721867173910141
-0.005138122010976076,0.013189807534217834,-0.0013121600495651364,-0.014525325037539005,-0.02553357370197773,-0.023593777790665627
-0.003606184618547559,0.0061636315658688545,-0.004129953216761351,-0.01637931726872921,-0.018411893397569656,-0.02471468597650528
-0.012949919328093529,-0.0133432038128376,0.003916545305401087,-0.008166588842868805,-0.025510456413030624,-0.02292769029736519
-0.0034326042514294386,0.013707497157156467,-0.0015364285791292787,-0.015841757878661156,-0.024137800559401512,-0.01636303961277008
-0.001913168583996594,0.016580043360590935,-0.0010331150842830539,-0.019758008420467377,-0.036445941776037216,-0.016315404325723648
-0.013508938252925873,0.023831326514482498,0.009678585454821587,0.006545503623783588,0.003456018166616559,-0.023284554481506348
-0.0018992552068084478,0.07563305646181107,-0.006733227055519819,-0.01253682654350996,-0.023896044120192528,-0.022396821528673172
-0.009269692935049534,-0.024954522028565407,-0.004182320553809404,-0.00971230398863554,0.0016096294857561588,-0.013891766779124737
-0.005854633171111345,-0.03313541039824486,-0.005648426245898008,-0.009822520427405834,0.01484112162142992,-0.004948565270751715
-0.009793007746338844,-0.027305390685796738,-0.003126764204353094,-0.00939311645925045,-0.01414080336689949,-0.0005423434777185321
-0.00952756218612194,-0.03234273940324783,-0.007381756789982319,-0.011427915655076504,0.02668837085366249,0.014555363915860653
0.0725574865937233,-0.07859943807125092,0.029414130374789238,-0.0006870971410535276,0.03484700247645378,0.06161991134285927
-0.003079655347391963,-0.04509148746728897,0.0006762229022569954,-0.00848140474408865,0.014608215540647507,-0.02014322392642498
-0.005626644939184189,-0.058139752596616745,-0.004303050693124533,0.0008186651393771172,0.00808317493647337,-0.006315240170806646
-0.0037229021545499563,0.011767576448619366,-0.008134827017784119,-0.014903866685926914,0.018405860289931297,-0.0045447503216564655
-0.005633573979139328,-0.0324878953397274,-0.00015855376841500401,-0.012164750136435032,0.0035712586250156164,-0.002698470139876008
-0.015357496216893196,0.016039572656154633,-0.007224090863019228,-0.016985716298222542,-0.023554611951112747,0.016375020146369934
-0.00824615266174078,-0.058484774082899094,0.004261298105120659,-0.010610164143145084,-0.0516512356698513,-0.027360662817955017
-0.014192305505275726,-0.10890427976846695,0.0018399844411760569,-0.006692922208458185,-0.0439596064388752,-0.028211083263158798
-0.005139011889696121,-0.08500015735626221,0.0016108602285385132,-0.010143280029296875,-0.0367901585996151,-0.02181442454457283
-0.010070637799799442,-0.059144843369722366,-0.00047998057561926544,-0.002063759369775653,0.0020357295870780945,0.017614901065826416
-0.001379504450596869,-0.027190156280994415,-0.005470216739922762,-0.013100304640829563,0.014491704292595387,-0.00577849755063653
-0.011866695247590542,-0.05336784943938255,-0.005790151190012693,-0.0035814933944493532,-0.062348753213882446,0.023328622803092003
-0.0021794813219457865,-0.06195331737399101,-0.0007411990663968027,-0.003772606374695897,0.04258449003100395,-0.02236851118505001
0.057605043053627014,-0.087286576628685,-0.01153277512639761,-4.447906030691229e-05,0.02238640747964382,-0.0002830381563398987
0.04684750735759735,-0.010500055737793446,-0.010392874479293823,-0.01305376272648573,0.021320251747965813,0.03592870756983757
-0.013136097230017185,-0.09532200545072556,0.006051324773579836,0.004311816301196814,0.045981038361787796,-0.024304209277033806
-0.015524874441325665,-0.1106458306312561,-0.000654087751172483,0.002130902139469981,0.021725965663790703,-0.02586977183818817
-0.0073278737254440784,-0.03037012182176113,-0.0007409347454085946,-0.01138742733746767,0.016163768246769905,0.018107609823346138
-0.004706338047981262,0.043316613882780075,-0.004831551108509302,-0.018482524901628494,0.017311403527855873,-0.027002938091754913
-0.0032947321888059378,0.0029376870952546597,-0.005145643372088671,-0.015380305238068104,0.0094774654135108,-0.0037781500723212957
-0.0024875819217413664,-0.0642564445734024,0.001819731667637825,0.017638785764575005,0.0012929544318467379,-0.025892391800880432
-0.012349116615951061,-0.043905001133680344,0.007383032236248255,0.016456296667456627,-0.021141618490219116,-0.018374193459749222
-0.021540749818086624,-0.07030057162046432,-0.002420823322609067,-0.005234472919255495,-0.02051059529185295,0.013810851611196995
-0.008243645541369915,-0.06196651607751846,-0.008530553430318832,0.014690705575048923,0.01903531141579151,0.0034239066299051046
-0.007202544249594212,-0.0822828859090805,0.0008752701105549932,0.011757449246942997,0.020377622917294502,-0.057533249258995056
-0.002065408742055297,-0.12246500700712204,0.0022164583206176758,0.01341085135936737,0.024191930890083313,-0.03733645752072334
-0.009774409234523773,-0.12156718969345093,-0.002044921275228262,0.008929003030061722,0.013796971179544926,0.02979501523077488
-0.01735823228955269,-0.08597974479198456,-0.0018427091417834163,0.011847204528748989,0.012517615221440792,0.024389948695898056
-0.004639307036995888,-0.04596852883696556,-0.003954293671995401,0.017012175172567368,0.015128938481211662,-0.044767044484615326
-0.008666465058922768,-0.040388647466897964,-0.004043367225676775,0.01662694849073887,-0.014192501083016396,-0.043169211596250534
-0.004024461843073368,-0.05491536483168602,-7.882655154389795e-06,0.020414873957633972,-0.05269667133688927,-0.05411676689982414
-0.005075069144368172,-0.028937535360455513,-0.005973633378744125,0.015401014126837254,0.024114396423101425,-0.03714843839406967
-0.00924048013985157,-0.033522456884384155,-0.01183068286627531,0.022739259526133537,-0.022934481501579285,0.016595516353845596
-0.00935624074190855,-0.029865318909287453,7.091055158525705e-05,0.004422799684107304,0.07944013923406601,-0.011871066875755787
-0.0064763640984892845,0.017722981050610542,-0.0013911820715293288,0.01303789857774973,0.05283927544951439,0.0234382227063179
-0.002949628047645092,0.00551597960293293,0.004359421320259571,-0.013138758949935436,0.09540921449661255,-0.007094746455550194
-0.01395608764141798,-0.030888773500919342,0.001250813133083284,-0.009442435577511787,0.0798201709985733,-0.01428542286157608
-0.003578493371605873,0.013979173265397549,0.0018871171632781625,-0.012334360741078854,0.030091041699051857,-0.008846087381243706
-0.004320993088185787,-0.03238998353481293,0.004159587901085615,0.01303537841886282,0.045317526906728745,0.04143848270177841
0.002643821993842721,-0.03290453553199768,0.006311645731329918,0.020612219348549843,0.13617470860481262,0.003547446336597204
-0.0014929743483662605,0.02105233259499073,-1.4339562767418101e-05,-0.019200008362531662,-0.02687336504459381,-0.002914814278483391
0.0008491123444400728,-0.03342323750257492,0.0013668159954249859,0.0072675650008022785,0.13643638789653778,-0.015768686309456825
-0.010358878411352634,-0.026678675785660744,0.0003157899482175708,-0.008229332976043224,0.08844979107379913,-0.010995780117809772
-0.0035553183406591415,0.014983718283474445,-0.0005219351733103395,-0.016924412921071053,-0.03984043002128601,-0.008091045543551445
-0.008281189948320389,-0.040101367980241776,-0.0011135679669678211,0.015013987198472023,0.13481387495994568,-0.012781452387571335
-0.0025050253607332706,0.01383189670741558,0.005163400433957577,0.010153429582715034,-0.02063164860010147,0.019676148891448975
-0.007718471810221672,0.014849312603473663,0.010574590414762497,-0.0228718314319849,-0.052830807864665985,0.007916293106973171
-0.006050329189747572,-0.030338743701577187,0.0020739540923386812,0.006139155477285385,0.1348417103290558,-0.00791160948574543
-0.004399550147354603,-0.030552439391613007,0.0007465319358743727,-0.005836781580001116,0.0030232693534344435,-0.00952165573835373
-0.0075264256447553635,-0.022639121860265732,0.0011902633123099804,-0.018762074410915375,-0.04849094897508621,-0.0040182508528232574
-0.0038187543395906687,-0.027182187885046005,0.001874140347354114,-0.017241964116692543,-0.043451741337776184,-0.013879362493753433
-0.002704980317503214,-0.030563844367861748,0.004489888437092304,-0.007083376869559288,0.13309620320796967,-0.019038574770092964
-0.012667635455727577,-0.05431419238448143,0.0023233392275869846,-0.01570243574678898,-0.0007970676524564624,-0.019927209243178368
-0.012357563711702824,-0.028746768832206726,0.0011783245718106627,-0.022868894040584564,-0.042201630771160126,-0.016634158790111542
-0.017972594127058983,0.10464414954185486,0.017402270808815956,-0.017936086282134056,0.0005022211698815227,0.014190437272191048
-0.00131355004850775,0.006817878223955631,-0.0006063220789656043,-0.020910605788230896,-0.003928851801902056,0.02252350188791752
-0.0018849059706553817,-0.02406981959939003,0.002654129173606634,-0.011693882755935192,-0.06546037644147873,-0.003205633955076337
0.05641758441925049,0.19381603598594666,0.0366084948182106,-0.0073774573393166065,-0.023971762508153915,-0.02214629575610161
-0.009021495468914509,-0.026660030707716942,0.004735586233437061,-0.012384610250592232,-0.07231484353542328,-0.01326643954962492
-0.005359856877475977,-0.03166237473487854,0.0010769801447167993,-0.012073704972863197,0.0334787517786026,-0.011259704828262329
-0.0052164094522595406,-0.0031068746466189623,0.0005993887316435575,-0.01622370444238186,-0.05569065734744072,-0.014754517003893852
-0.007962068542838097,-0.03224731236696243,-0.0005758077022619545,-0.0075959572568535805,0.062499042600393295,-0.024851789698004723
0.005456158425658941,0.09556712955236435,0.017450764775276184,-0.02754192054271698,-0.037736304104328156,-0.019443577155470848
-0.01535572949796915,-0.026371410116553307,0.0022418147418648005,-0.022876260802149773,-0.0462074838578701,-0.013923869468271732
-0.004720739554613829,-0.0446653738617897,-0.0008421284146606922,-0.003903670236468315,-0.00968052726238966,-0.028182873502373695
-0.0038386089727282524,-0.028476666659116745,-0.0039650569669902325,-0.01828058809041977,-0.042105816304683685,-0.017089642584323883
-0.010973838157951832,0.01467578299343586,-0.0004393455747049302,-0.047800347208976746,-0.30327096581459045,9.309423330705613e-05
-0.009165633469820023,-0.03228841349482536,0.001799564459361136,-0.016815025359392166,0.012478100135922432,-0.012028058990836143
-0.0031840312294662,-0.0031988434493541718,0.003272145986557007,-0.04852653294801712,-0.23574192821979523,-0.009811476804316044
-0.005063616205006838,-0.06053851917386055,0.0010085349204018712,-0.011648920364677906,0.025929201394319534,-0.012496213428676128
-0.005895320791751146,-0.024499107152223587,0.0024204845540225506,-0.04413953796029091,-0.23459628224372864,-0.0077644228003919125
-0.011266437359154224,-0.06669414043426514,0.0034345383755862713,-0.017343642190098763,0.01696329191327095,-0.020969318225979805
-0.010764905251562595,-0.024439437314867973,0.0009548975504003465,-0.03357776999473572,-0.20522482693195343,-0.00705982930958271
0.011908246204257011,0.17972779273986816,-0.009430184960365295,-0.011024672538042068,0.029520947486162186,-0.01984681747853756
-0.0036495125386863947,0.025904014706611633,0.020143235102295876,-0.02457358129322529,0.04413055628538132,-0.002293919213116169
-0.0023949837777763605,0.012305477634072304,-0.004181696102023125,-0.022116096690297127,-0.01989353448152542,-0.02294035814702511
-0.006273170933127403,0.005140555091202259,0.007156469859182835,-0.02481270208954811,-0.025672396644949913,-0.009436257183551788
-0.005673054605722427,-0.029648035764694214,-0.0007654387154616416,-0.01714959181845188,-0.037661582231521606,-0.010850154794752598
-0.003827040083706379,0.0159564558416605,-0.00237191841006279,-0.03097168169915676,-0.11322204768657684,-0.013144117780029774
-0.004809964448213577,-0.030093897134065628,-0.0009237434132955968,-0.015313997864723206,0.02216639369726181,-0.011357025243341923
0.004617415368556976,0.013602926395833492,-0.007872414775192738,-0.0186429675668478,-0.17801643908023834,-0.0005442106630653143
-0.004677994642406702,-0.025859259068965912,-0.00045286997919902205,-0.01702410914003849,0.143267422914505,-0.005806050729006529
0.05046940967440605,0.17259928584098816,0.00903810653835535,-0.06524098664522171,-0.02582925371825695,-0.02948472462594509
-0.00811464712023735,-0.03032013401389122,-0.0008969572372734547,-0.019075263291597366,0.11890426278114319,-0.013383526355028152
-0.010599201545119286,0.0158974789083004,-0.00205258303321898,-0.04120345786213875,-0.2989685833454132,-0.014863569289445877
-0.005050585605204105,-0.03427400439977646,-0.00019687040185090154,-0.01796981692314148,0.03983005881309509,-0.013506850227713585
-0.006319616921246052,-0.020764166489243507,-6.498637230833992e-05,-0.023916276171803474,-0.08974693715572357,-0.0012606141390278935
-0.004904869012534618,-0.0483480766415596,0.0017344957450404763,-0.017865320667624474,0.041462142020463943,-0.010847926139831543
-0.006329815834760666,-0.05851823091506958,8.120907295960933e-06,-0.016312820836901665,0.011128527112305164,0.02062682993710041
-0.008710885420441628,-0.0713697075843811,0.00959235243499279,-0.015897689387202263,0.060273949056863785,0.03223437815904617
-0.006314330268651247,-0.06661903113126755,0.0099638681858778,-0.011689825914800167,0.12192284315824509,0.029191255569458008
-0.0012559851165860891,-0.06671857088804245,0.0028159990906715393,-0.018682071939110756,0.06015836447477341,0.03385145962238312
-0.01347434427589178,-0.06411215662956238,0.0025150305591523647,-0.015281891450285912,-0.025510482490062714,0.0030058708507567644
-0.004093144554644823,0.20655857026576996,0.034070637077093124,-0.009379686787724495,0.01162509061396122,-0.01747153513133526
0.08287947624921799,0.21953082084655762,0.05738292261958122,-0.0154540054500103,-0.029660550877451897,-0.023256395012140274
-0.0040181842632591724,0.05845282971858978,-0.009049075655639172,-0.01896643079817295,-0.03306301310658455,-8.97227437235415e-05
0.041809797286987305,0.17263206839561462,0.017172707244753838,-0.02892305515706539,-0.10023615509271622,-0.022530538961291313
-0.005668867379426956,0.012423857115209103,-0.004308442119508982,-0.03469758480787277,-0.3224455714225769,-0.007941762916743755
-0.00478984322398901,0.00962732546031475,-0.0074499440379440784,-0.029398692771792412,-0.29510176181793213,-0.0033158131409436464
-0.005901914089918137,0.1631060391664505,0.02835935913026333,-0.04718540608882904,-0.1516934484243393,-0.016289442777633667
0.0001526801206637174,0.0008988087647594512,0.002171838656067848,-0.04089779034256935,-0.23785942792892456,-0.012165850028395653
0.03425058722496033,0.21927031874656677,0.03232211992144585,-0.03211384266614914,-0.05014904588460922,-0.019651049748063087
-0.0043397098779678345,-0.029268722981214523,-3.8970488276390824e-06,-0.024568436667323112,0.00372349563986063,0.0191149041056633
-0.008975584991276264,-0.02714044228196144,0.0009427985642105341,-0.022749945521354675,0.07923229038715363,0.04457106813788414
-0.0048553054220974445,-0.05996134132146835,0.00745773920789361,-0.011446011252701283,0.11927682906389236,0.04634920135140419
-0.006897034589201212,-0.05463208630681038,0.003505947068333626,-0.011564072221517563,0.16824832558631897,0.031066209077835083
-0.007376284804195166,-0.06466222554445267,0.005325245670974255,-0.021349729970097542,0.054667022079229355,0.026391226798295975
-0.01649872586131096,-0.032276201993227005,0.00018493541574571282,-0.04454168304800987,-0.34700214862823486,0.04466378316283226
-0.010486937128007412,-0.04926653951406479,0.0010033543221652508,-0.04683463275432587,-0.34160271286964417,0.029833225533366203
-0.0156288780272007,-0.060506872832775116,0.009524049237370491,-0.022387467324733734,-0.08521893620491028,0.049671273678541183
0.026810502633452415,0.15902559459209442,-0.007287478074431419,-0.006795760244131088,-0.10291584581136703,0.011300519108772278
0.07297555357217789,0.1789630651473999,-0.014212300069630146,-0.007124870549887419,-0.07455911487340927,0.006953900214284658
0.07039009779691696,0.19453443586826324,0.022048909217119217,-0.0016083490336313844,-0.06247930973768234,0.0026480229571461678
0.021078011021018028,0.024737844243645668,0.023461690172553062,-0.023264219984412193,-0.05726364254951477,-0.02641485072672367
-0.015970176085829735,0.07819327712059021,0.014575648121535778,-0.03517107293009758,-0.13586269319057465,-0.00703823147341609
-0.01115135382860899,0.11212801933288574,-0.001576432608999312,-0.03723882511258125,-0.2748194634914398,-0.005092638079077005
-0.009213976562023163,-0.025031980127096176,-3.595875023165718e-05,-0.02114994078874588,-0.05721006914973259,0.005951212719082832
-0.0034956287126988173,-0.02874823845922947,0.0013520285720005631,-0.02575157955288887,0.10822051763534546,0.039006996899843216
-0.005769721698015928,-0.038909826427698135,0.001148003269918263,-0.024323957040905952,0.06848601996898651,0.04036298021674156
-0.012189142405986786,-0.031203068792819977,0.008555753156542778,-0.03491096571087837,-0.10058274120092392,0.011554013937711716
-0.0037285019643604755,-0.05526299402117729,0.0060029285959899426,-0.014391475357115269,0.072367362678051,0.03963615745306015
-0.0014950386248528957,-0.06564632058143616,0.002672236878424883,-0.01638595387339592,-0.016284404322504997,0.00786636397242546
0.043964773416519165,-0.04299274459481239,-0.005119943059980869,-0.03390619903802872,-0.3206283450126648,0.03200927749276161
-0.006720371078699827,-0.041973475366830826,0.0013130225706845522,-0.02917349897325039,-0.10899488627910614,0.030657535418868065
-0.014185640960931778,-0.049845416098833084,0.005240230355411768,-0.028404496610164642,-0.0926055833697319,0.02493453025817871
0.05061041936278343,0.14474743604660034,0.035578712821006775,-0.07517412304878235,-0.19254013895988464,-0.015691060572862625
-0.0109105184674263,0.07833168655633926,-0.008623282425105572,-0.038751889020204544,-0.23360499739646912,0.029537973925471306
-0.005764948204159737,0.1423323154449463,0.0014707782538607717,-0.0312026496976614,-0.14698000252246857,0.024725602939724922
-0.010342528112232685,0.1558835655450821,-0.004114680923521519,-0.03182828798890114,-0.14165513217449188,0.009911111555993557
0.0030319583602249622,0.16407544910907745,0.0008526133606210351,-0.027556220069527626,-0.09882204234600067,-0.019086472690105438
0.05520934984087944,0.17488384246826172,-0.011092853732407093,-0.03473097085952759,-0.13045550882816315,-0.03670257329940796
-0.011518405750393867,0.02233571745455265,-0.0024857812095433474,-0.04321010783314705,-0.29896217584609985,-0.010156444273889065
0.030762379989027977,0.08334069699048996,-0.009667443111538887,-0.055829185992479324,-0.3016965985298157,-0.021586105227470398
-0.0058408635668456554,-0.029423700645565987,0.0011154437670484185,-0.03077840805053711,-0.0688297376036644,0.017947126179933548
-0.0016725839814171195,-0.060716573148965836,0.0020445322152227163,-0.022291777655482292,0.05436334013938904,0.07402226328849792
-0.01218920573592186,0.12933564186096191,0.0011555980890989304,-0.0706489309668541,-0.08016790449619293,-0.014552658423781395
-0.006787478923797607,0.0396341048181057,-0.006544457282871008,-0.05653269961476326,-0.06885881721973419,-0.020893417298793793
-0.002375984564423561,-0.010111636482179165,-0.0005690712132491171,-0.0497429296374321,-0.07223084568977356,-0.00470405537635088
-0.0053902678191661835,-0.0012605249648913741,0.0012648990377783775,-0.05041143298149109,-0.10718695819377899,-0.0021792633924633265
-0.02767547219991684,-0.014812106266617775,0.008484873920679092,-0.04780115187168121,-0.2924184799194336,-0.07263509929180145
-0.017540516331791878,-0.03535417094826698,0.010092776268720627,-0.034117527306079865,-0.3061065375804901,-0.06332951039075851
-0.01650325395166874,-0.035243865102529526,0.006518444512039423,-0.024762073531746864,-0.034189969301223755,-0.05750496685504913
-0.01349259726703167,-0.024539662525057793,-0.0034750131890177727,-0.042095672339200974,-0.2818462550640106,0.02802339941263199
-0.015742948278784752,-0.023754652589559555,-0.006123972125351429,-0.038534823805093765,-0.2828177213668823,0.018923070281744003
-0.010311552323400974,-0.03253895044326782,-0.0104383435100317,-0.02974158525466919,-0.2775919735431671,0.02233862690627575
-0.011691616848111153,0.021004607900977135,-0.0051661389879882336,-0.03834231570363045,-0.2610984742641449,0.027300961315631866
0.07115163654088974,0.0925353392958641,-0.019161827862262726,-0.05416738614439964,-0.29003894329071045,0.039590027183294296
-0.012205698527395725,0.020964348688721657,-0.005937044974416494,-0.04237296059727669,-0.21867409348487854,0.03741993010044098
-0.004592787008732557,-0.027059733867645264,-0.008012937381863594,-0.043825358152389526,-0.28119194507598877,0.021603116765618324
-0.008712003007531166,-0.02320619858801365,-0.009424499236047268,-0.04581473767757416,-0.27650824189186096,-0.0074396594427526
-0.004167195409536362,-0.01938655413687229,-0.004146323073655367,-0.04116790369153023,-0.11144781857728958,-0.01962892711162567
-0.005405582021921873,-0.019571350887417793,-0.000583319051656872,-0.04833725467324257,-0.06928886473178864,-0.011366702616214752
-0.002614741213619709,0.014627094380557537,-0.0006029211217537522,-0.05255183205008507,-0.04913781210780144,-0.0113516915589571
-0.005291937850415707,0.009992004372179508,-0.00228629051707685,-0.05677713081240654,-0.0691145807504654,-0.012597005814313889
-0.0035634345840662718,-0.008264118805527687,0.000641562626697123,-0.05040229111909866,-0.07134383171796799,0.0004613007768057287
0.002380331279709935,0.09614226967096329,0.036296870559453964,-0.04351894184947014,-0.09960363060235977,-0.036626286804676056
-0.016789594665169716,0.01731056347489357,0.06588979810476303,-0.03753366321325302,-0.2512751817703247,0.05719207972288132
0.03797474503517151,0.015738729387521744,-0.017316749319434166,-0.04435398057103157,-0.25116559863090515,0.045449867844581604
-0.01296011358499527,0.007302499376237392,-0.014061735942959785,-0.03648105636239052,-0.2920975983142853,0.02613375522196293
-0.007725132163614035,-0.026197759434580803,-0.011804093606770039,-0.039489246904850006,-0.27463358640670776,0.032897479832172394
-0.011641313321888447,0.015600234270095825,0.003616091562435031,-0.03382681682705879,-0.006357049569487572,0.08803191781044006
-0.003549200017005205,0.011731634847819805,0.004398456774652004,-0.03207001835107803,0.13064369559288025,0.1314133256673813
-0.007645093835890293,0.011323167942464352,-0.0008721633348613977,-0.05069670081138611,-0.05002155154943466,-0.005181226879358292
-0.002477167407050729,-0.02241787128150463,0.001325988327153027,-0.04953744634985924,-0.07882672548294067,0.008786061778664589
-0.01606026105582714,-0.02173079364001751,0.02005740813910961,-0.019359596073627472,-0.05251374840736389,0.04348998889327049
-0.015482938848435879,-0.018112706020474434,-0.00514573697000742,-0.025535497814416885,-0.06519433110952377,0.018010824918746948
-0.003821934573352337,0.007440455257892609,-0.002441982040181756,-0.03483140468597412,-0.06283203512430191,-0.018819980323314667
-0.007637642789632082,0.19766251742839813,0.03564656898379326,-0.020488005131483078,-0.07118576765060425,-0.01892341859638691
-0.02565852738916874,0.1823488026857376,0.009132033213973045,-0.032752614468336105,-0.040079452097415924,-0.03366941213607788
-0.019185062497854233,-0.09676016122102737,0.04929580166935921,0.0002408987784292549,-0.08790335059165955,0.005813963245600462
-0.0044629848562181,-0.003949009347707033,-0.01326227281242609,-0.03957568109035492,-0.12663325667381287,0.031590063124895096
-0.023450186476111412,-0.05577877163887024,0.052608974277973175,-0.022694287821650505,-0.26480117440223694,-0.01712122932076454
0.012175075709819794,-0.027082649990916252,-0.007631758693605661,-0.03455899655818939,-0.2553693950176239,0.03302118554711342
-0.01194825116544962,-0.047461025416851044,-0.006066874600946903,-0.032944172620773315,-0.21743103861808777,0.03630896657705307
-0.014565353281795979,-0.03771020099520683,-0.0077277496457099915,-0.023479599505662918,-0.05850500240921974,0.019925996661186218
-0.008753961883485317,-0.03985201194882393,-0.00026447040727362037,-0.0299859456717968,-0.043223533779382706,-0.020392151549458504
-0.01181520614773035,-0.04388083517551422,6.062549800844863e-05,-0.027096930891275406,-0.2926371991634369,-0.03662692755460739
-0.0011064066784456372,-0.025303352624177933,-0.0026763107161968946,-0.030770933255553246,-0.03413737192749977,-0.01954110525548458
-0.005404114257544279,-0.0265207402408123,-0.0016161806415766478,-0.028179213404655457,0.0017667401116341352,-0.026860486716032028
-0.0053765662014484406,-0.024308566004037857,-0.003778077894821763,-0.04352758824825287,-0.019908610731363297,-0.020681096240878105
-0.0026444513350725174,-0.022335171699523926,0.00034612472518347204,-0.04061533510684967,-0.024909591302275658,-0.020189575850963593
-0.017154349014163017,-0.02540564350783825,0.06662272661924362,-0.028797786682844162,-0.28840187191963196,0.05760293826460838
-0.019543806090950966,-0.009888498112559319,0.008932102471590042,-0.03815823048353195,-0.21798518300056458,0.04521645978093147
-0.005775140598416328,-0.007765491027384996,0.002660116646438837,-0.03278056159615517,-0.07631773501634598,0.03820469230413437
-0.010755547322332859,0.019185887649655342,-0.006604165770113468,-0.04014459252357483,-0.11144183576107025,0.0374903604388237
-0.011490500532090664,-0.024461477994918823,-0.012997649610042572,-0.04116646200418472,-0.28331711888313293,0.023092275485396385
-0.0015328696463257074,-0.0031063146889209747,-3.3093940146500245e-05,-0.03407009690999985,-0.012725639156997204,-0.02247687242925167
-0.009238894097507,0.02061997354030609,0.001165898283943534,-0.04866284504532814,-0.06450624018907547,-0.013902343809604645
0.007502078544348478,0.1720534861087799,0.029935508966445923,-0.029381345957517624,-0.12079931795597076,-0.0028296313248574734
-0.006563300732523203,0.014656765386462212,0.0005015379865653813,-0.046752821654081345,-0.06547259539365768,-0.017672766000032425
-0.016537928953766823,-0.015168612822890282,0.009550269693136215,-0.04011581093072891,-0.29266083240509033,0.04698173701763153
-0.01374775916337967,-0.01920476369559765,0.0058022974990308285,-0.03017602488398552,-0.268798291683197,0.038582850247621536
-0.006484016310423613,0.014897523447871208,-0.00921259168535471,-0.041825104504823685,-0.21512359380722046,0.03805310279130936
0.07621705532073975,0.11848669499158859,-0.02123270370066166,-0.03293764591217041,-0.07916954904794693,0.055109310895204544
-0.008956577628850937,0.022396603599190712,-0.010933811776340008,-0.03481847420334816,-0.06890998035669327,0.026188554242253304
-0.014322641305625439,-0.019223179668188095,-0.008516248315572739,-0.031175775453448296,-0.11807557195425034,0.025153422728180885
-0.017235344275832176,-0.04672567546367645,-0.005352957174181938,-0.030291425064206123,-0.05492071807384491,-0.02574416622519493
-0.011385878548026085,-0.027061108499765396,-1.151726428361144e-05,-0.03586063161492348,-0.02191208116710186,-0.031017880886793137
-0.005488415714353323,0.01021504681557417,-0.003652751911431551,-0.04504714906215668,-0.03923601657152176,-0.017019739374518394
0.06239954009652138,0.16809462010860443,-0.005616476759314537,-0.03793742135167122,-0.09875782579183578,-0.013079065829515457
-0.012783683836460114,-0.020554475486278534,0.0069349100813269615,-0.017837315797805786,-0.01654629036784172,0.03812149912118912
-0.01678992435336113,-0.02407575584948063,0.014104535803198814,-0.021963221952319145,-0.044205985963344574,0.04496140405535698
-0.0089048957452178,-0.02472241409122944,-0.0032210478093475103,-0.01478428952395916,-0.0548926405608654,0.03298581391572952
-0.0037032102700322866,-0.02899390459060669,0.0019872470293194056,-0.043191030621528625,-0.007557480596005917,-0.009002014063298702
-0.003911690320819616,-0.02684873715043068,0.0016200633253902197,-0.04716923087835312,-0.04108554497361183,-0.010587751865386963
-0.0030136287678033113,-0.0022927457466721535,-0.0005317156901583076,-0.04660563915967941,-0.06914941221475601,-0.0063860975205898285
-0.012797490693628788,-0.020528169348835945,-0.006895290222018957,-0.018609385937452316,-0.11132736504077911,0.03524164482951164
-0.004014067817479372,0.014754117466509342,0.002920867409557104,-0.03605961799621582,-0.010401653125882149,0.02501870132982731
-0.007323430851101875,-0.02226969227194786,0.0026461288798600435,-0.03577902168035507,-0.019535256549715996,-0.01990482397377491
-0.004112050402909517,-0.02271312102675438,-0.0012936523417010903,-0.03463415801525116,0.011821884661912918,-0.02306879498064518
-0.005494480952620506,0.007657635025680065,0.0028886867221444845,-0.050076209008693695,-0.051046326756477356,-0.007080181501805782
-0.004276800900697708,-0.02558659203350544,-0.002057578880339861,-0.03981573507189751,0.025646695867180824,-0.024179553613066673
0.049432750791311264,0.15018467605113983,-0.012211519293487072,-0.06135400012135506,-0.06137498468160629,-0.02184414118528366
-0.007521489635109901,0.14933957159519196,-0.004531132988631725,-0.07257433980703354,-0.05099967122077942,-0.00836015772074461
-0.0036031845957040787,-0.02432282082736492,-0.004645359702408314,-0.04213005304336548,-0.037426240742206573,-0.017928529530763626
0.001541955629363656,-0.02500969171524048,0.0003633373125921935,-0.04578861966729164,-0.015092936344444752,-0.021318400278687477
-0.0052881701849401,-0.027522217482328415,-0.0029927471186965704,-0.04205728694796562,-0.016526836901903152,-0.021426022052764893
-0.015377284027636051,-0.02213970758020878,0.003970158752053976,-0.022413942962884903,-0.023744964972138405,0.03241489827632904
-0.014621123671531677,0.0003513486299198121,3.377435859874822e-05,-0.02772408537566662,-0.041408006101846695,0.03396931290626526
-0.015693938359618187,0.010309556499123573,-0.007527212146669626,-0.026401862502098083,-0.042428918182849884,0.0324164479970932
-0.005132690072059631,0.009717246517539024,-0.002773124258965254,-0.053489986807107925,0.0024871074128896,-0.01411324180662632
-0.006839923094958067,0.008862817659974098,-0.005203844513744116,-0.0488438606262207,0.01732729934155941,-0.003549115499481559
-0.009226636961102486,0.013977864757180214,-0.006734117399901152,-0.03246897831559181,-0.051856208592653275,0.02569793350994587
9.04958214960061e-05,0.014923597685992718,-0.0024643063079565763,-0.05457233637571335,-0.07358313351869583,-0.005380300804972649
-0.008251123130321503,0.11830341815948486,0.0006119884783402085,-0.06964507699012756,-0.08346628397703171,-0.005860334262251854
0.019614802673459053,0.17438581585884094,0.0022687611635774374,-0.0713556632399559,-0.06166631728410721,0.0007041071658022702
-0.012421869672834873,-0.02662426233291626,-0.00961263757199049,-0.019662225618958473,-0.115362249314785,0.021428611129522324
-0.017995644360780716,-0.04154433310031891,-0.003701447509229183,-0.02890947461128235,-0.24685978889465332,-0.0115466034039855
-0.008466060273349285,-0.019759109243750572,0.01791997067630291,-0.031851693987846375,-0.06373722106218338,-0.02522861212491989
-0.013070483691990376,-0.02173447608947754,0.0016376413404941559,-0.033958423882722855,-0.021127425134181976,-0.02542966790497303
-0.005516291130334139,-0.022261492908000946,-0.0007370863459073007,-0.02959425374865532,-0.013567563146352768,-0.03515218570828438
-0.003844949183985591,0.003833160502836108,-0.0034931814298033714,-0.044662706553936005,0.01340407319366932,-0.020586738362908363
-0.0031362148001790047,0.015819886699318886,-0.003479533828794956,-0.05129808187484741,0.042860954999923706,-0.022209856659173965
-0.0011816318146884441,0.014624729752540588,-0.0027095479890704155,-0.051401328295469284,0.04471389949321747,-0.01997615024447441
-0.00517238350585103,0.014262685552239418,-0.0060520232655107975,-0.05569849908351898,0.026562511920928955,-0.007792474236339331
-0.005382952280342579,0.0047928038984537125,-0.001176699297502637,-0.05017721652984619,-0.026246879249811172,-0.0013417912414297462
-0.005338541232049465,-0.0031474148854613304,0.0033358780201524496,-0.048945531249046326,-0.04328908771276474,0.0007012962596490979
0.042006950825452805,0.036573126912117004,-0.017675450071692467,-0.05862753093242645,-0.06426361203193665,-0.013099578209221363
-0.007852339185774326,-0.02083222195506096,-0.003727354807779193,-0.031156502664089203,-0.17576298117637634,0.02295427769422531
-0.013062016107141972,-0.03421730175614357,0.018866287544369698,-0.0199158675968647,-0.0365169458091259,0.049534376710653305
-0.001785658416338265,-0.020210199058055878,-0.0015512679237872362,-0.025921598076820374,-0.05715781822800636,0.03712816536426544
-0.005173874087631702,-0.02375725656747818,-0.0017717230366542935,-0.02701885625720024,-0.06995752453804016,0.030808042734861374
-0.01186443492770195,-0.013040698133409023,-0.00583514804020524,-0.021011091768741608,-0.053896691650152206,0.03471231088042259
-0.011472471058368683,0.022469252347946167,-0.002256470499560237,-0.019435178488492966,-0.044946588575839996,0.03676877170801163
-0.00923324003815651,0.057533517479896545,-0.0033235414884984493,-0.03172396123409271,-0.041211340576410294,0.03045005351305008
-0.007362301927059889,-0.026441652327775955,-0.009690307080745697,-0.019179929047822952,-0.02197769656777382,0.016504917293787003
-0.009232066571712494,-0.02501540444791317,-0.00602501118555665,-0.02077687531709671,-0.003541611135005951,0.0007330624503083527
-0.008086729794740677,-0.04626753553748131,-0.0012885400792583823,-0.021190432831645012,-0.04132749140262604,-0.019333649426698685
-0.009341283701360226,-0.03994261100888252,-0.002144389320164919,-0.02389434352517128,-0.039008546620607376,-0.01999511569738388
-0.005275144707411528,-0.024493223056197166,-0.0028991468716412783,-0.02923833392560482,-0.037873219698667526,-0.01935064047574997
-0.005920088849961758,-0.02847047708928585,-0.003561255056411028,-0.019726356491446495,0.005010133143514395,-0.026735464110970497
-0.0053335316479206085,0.003009046660736203,-0.005472028627991676,-0.02809661254286766,-0.022297943010926247,-0.027570921927690506
-0.004184580873697996,0.010215532034635544,-0.0013871827395632863,-0.051489971578121185,-0.020344702526926994,0.006765469443053007
-0.002436073962599039,-0.047401100397109985,0.01049476396292448,0.025305205956101418,0.15635983645915985,0.03558564558625221
-0.005482914857566357,0.013392542488873005,0.0030261226929724216,-0.00990112591534853,0.0811951607465744,0.08631514012813568
0.002246971009299159,-0.07630317658185959,0.002739810384809971,0.012987464666366577,-0.2546313405036926,-0.064192034304142
-0.004121239297091961,0.031164931133389473,-9.440918233849516e-07,0.023085787892341614,-0.03956328332424164,-0.0651385635137558
-0.014555077068507671,0.023931710049510002,-0.01160665787756443,-0.03472394123673439,0.04250890761613846,-0.016134344041347504
-0.013475845567882061,-0.02715541422367096,0.028436897322535515,-0.006717104464769363,-0.04557979851961136,-0.04729633778333664
0.009168678894639015,-0.02227417752146721,0.01680808700621128,-0.019940702244639397,0.00784232560545206,-0.021726956591010094
-0.0029593573417514563,-0.060494035482406616,-0.0035170940682291985,0.00032610626658424735,-0.0019438593881204724,-0.005593897774815559
0.0017899774247780442,-0.07113465666770935,-2.681524165382143e-05,0.0038091365713626146,-0.017099274322390556,0.005020416807383299
0.0004878842446487397,-0.04925281181931496,0.0055625420063734055,-0.0029474894981831312,0.03867451474070549,-0.023509535938501358
-0.007949761115014553,-0.02668059803545475,-9.396213863510638e-05,-0.01172669418156147,0.08746898174285889,-0.022469867020845413
-0.006396243814378977,-0.007702054921537638,-0.00017101643607020378,-0.015883799642324448,0.12418138980865479,-0.023401828482747078
-0.005480390507727861,-0.03590519353747368,-0.005310611333698034,-0.01041847001761198,0.004905701149255037,-0.0029185395687818527
-0.007105070166289806,-0.06487894803285599,-0.004946738947182894,-1.6257987226708792e-05,0.01055913232266903,0.017644399777054787
-0.012698331847786903,-0.05750276893377304,-0.005389160010963678,-0.008134877309203148,-0.02345028705894947,0.022972488775849342
-0.007430565543472767,-0.03195362165570259,0.002567281946539879,-0.009219818748533726,0.12118010967969894,-0.019983723759651184
-0.004302556626498699,-0.04955359548330307,-0.00094448501477018,-0.0003809842746704817,0.1381012201309204,-0.026496071368455887
0.005499526858329773,-0.06327546387910843,0.002109463093802333,-0.0029631543438881636,-0.0016535298200324178,-0.029959775507450104
0.0025123858358711004,-0.02936055138707161,-0.0034902922343462706,-0.010320660658180714,0.019303202629089355,-0.02371959760785103
-0.005781302694231272,-0.029147280380129814,-0.001126581453718245,-0.012726781889796257,0.0019320358987897635,-0.02427470125257969
-0.00751289539039135,-0.060349367558956146,-0.0005569340428337455,-0.0048918048851192,0.001826173858717084,-0.007237630896270275
-0.006268898956477642,-0.06247688829898834,-0.0033312812447547913,-0.0014827114064246416,-0.01144137978553772,0.020628800615668297
0.0005742531502619386,-0.03606216236948967,-0.006343400105834007,-0.009653646498918533,-0.014032863080501556,0.019693933427333832
-0.009246744215488434,-0.05431550741195679,-0.00467202253639698,-0.003978722263127565,-0.02081703208386898,0.022925032302737236
0.00432203896343708,-0.04896429181098938,0.002197273774072528,0.0004930222639814019,0.13486790657043457,-0.031645871698856354
-0.0011912924237549305,-0.0293939970433712,0.0008274951833300292,-0.007593353744596243,0.04372541978955269,-0.028446011245250702
-0.007950488477945328,-0.05980638042092323,0.0009523312328383327,-0.004881293047219515,0.019031230360269547,-0.03049025684595108
-0.0035177418030798435,0.001354828244075179,-0.004616651218384504,-0.015908489003777504,-0.00928971916437149,-0.028882913291454315
0.00792181771248579,0.01048291102051735,-0.009788339026272297,-0.016264043748378754,-0.03782116621732712,-0.030943626537919044
-0.00394697580486536,-0.06059576943516731,-0.0033387434668838978,-0.006209957879036665,0.00041596253868192434,-0.0034951416309922934
-0.016105927526950836,-0.09946342557668686,-0.0060061318799853325,0.001405155286192894,-0.017105989158153534,0.028628133237361908
-0.011003963649272919,-0.057260945439338684,-0.001703185262158513,-0.009697497822344303,-0.013445869088172913,0.019550390541553497
-0.009874076582491398,-0.05763963982462883,-0.0042481254786252975,-0.003126255702227354,-0.009399082511663437,0.01645127683877945
-0.0066273268312215805,-0.07496871054172516,0.004276154097169638,-0.00494605815038085,0.031690750271081924,-0.01683822274208069
-0.0006487264763563871,-0.05361994728446007,0.005329146049916744,-0.0054930998012423515,-0.018287230283021927,-0.022410443052649498
-0.0038426259998232126,-0.030849920585751534,5.7665834901854396e-05,-0.01126637402921915,0.013992376625537872,-0.024974647909402847
-0.00945260003209114,-0.02552783489227295,-0.0023358722683042288,-0.008277371525764465,-0.05866936594247818,-0.023327969014644623
0.027573617175221443,0.013423818163573742,-0.007196992635726929,-0.012119604274630547,-0.03406261280179024,-0.034828294068574905
-0.005504690110683441,-0.0627049058675766,-0.002408434869721532,-0.0007390088867396116,0.013382820412516594,0.0015809149481356144
-0.006325993686914444,-0.03508904203772545,-0.00030488523771055043,-0.011362524703145027,-0.02204381674528122,-0.014146546833217144
-0.005996851250529289,-0.05677599087357521,-0.006040497217327356,-0.0019317014375701547,-0.020316539332270622,0.020759692415595055
-0.007019971031695604,-0.03886179253458977,-0.007806450594216585,-0.0030213973950594664,-0.041596993803977966,0.018182341009378433
-0.01190449483692646,-0.06455139815807343,0.004383344203233719,0.0031399403233081102,0.2182529717683792,-0.017972564324736595
-0.005441766232252121,-0.051411986351013184,0.008140487596392632,-0.0007399374735541642,0.14939840137958527,-0.016419773921370506
-0.009016543626785278,-0.04832623526453972,0.0013438279274851084,-0.013535585254430771,-0.023690249770879745,-0.023763807490468025
-0.005906711332499981,-0.029443075880408287,-0.0027580091264098883,-0.015519363805651665,-0.014119114726781845,-0.028518732637166977
-0.004498748108744621,-0.03225676715373993,0.00046500240569002926,-0.007888010703027248,0.04016057029366493,-0.026793070137500763
0.054858844727277756,0.16924887895584106,-0.011582578532397747,-0.009621440432965755,-0.06273645162582397,-0.035879481583833694
-0.005807915236800909,-0.0610773079097271,-0.00690183462575078,0.0016405362403020263,0.023793376982212067,0.015031661838293076
-0.011211063712835312,-0.03494441509246826,-0.002341166138648987,-0.00479876110330224,-0.014229928143322468,-0.006481650751084089
-0.010185577906668186,-0.05979381874203682,-0.005092600826174021,-0.0031270107720047235,-0.015745973214507103,0.022624827921390533
-0.009198075160384178,-0.054788749665021896,-0.005735978949815035,0.002502401592209935,-0.025709591805934906,0.019977452233433723
-0.01827785186469555,-0.13146671652793884,0.006769862491637468,0.008084104396402836,0.03453769162297249,-0.029658986255526543
-0.0020853064488619566,-0.06253111362457275,0.004576617851853371,0.0030836020596325397,0.131467804312706,-0.031086217612028122
0.029330717399716377,-0.03663845360279083,-0.00795809831470251,-0.010526596568524837,0.04010942205786705,-0.023938845843076706
0.03192882612347603,0.013829394243657589,-0.01564381830394268,-0.021167805418372154,-0.02194307930767536,-0.03697607293725014
0.00970339123159647,0.07886960357427597,-0.009955174289643764,-0.01286859530955553,-0.011071070097386837,-0.02968994714319706
0.021461589261889458,0.09459323436021805,-0.014062326401472092,-0.010110695846378803,-0.009768202900886536,-0.02494395524263382
-0.013736539520323277,-0.06634241342544556,-0.0020853860769420862,-0.0011110942577943206,0.023368334397673607,-0.0034266849979758263
-0.007218153215944767,-0.03263303264975548,-0.00657444866374135,-0.011127477511763573,0.009904653765261173,0.015352592803537846
-0.00810942705720663,-0.05215982720255852,0.0073050386272370815,-0.0009630901622585952,0.13790303468704224,-0.02187338098883629
-0.0058416337706148624,-0.016727441921830177,0.013492216356098652,-0.011875757947564125,0.21559499204158783,-0.01685304008424282
0.003926589619368315,0.09871973097324371,-0.0037681683897972107,-0.01530165784060955,0.0158193688839674,-0.022971604019403458
0.0015086447820067406,0.18720602989196777,-0.00030228268587961793,-0.004162156023085117,-0.009898652322590351,-0.02193581499159336
0.0017483249539509416,0.24562431871891022,0.001994538586586714,-0.0053218696266412735,-0.013065259903669357,-0.017785076051950455
0.010283042676746845,0.23468521237373352,0.030612660571932793,-0.002778732916340232,-0.019575273618102074,-0.023742230609059334
0.026233287528157234,0.23059722781181335,-0.0003486491332296282,-0.006678967271000147,0.026870539411902428,-0.03585899621248245
-0.005442081019282341,-0.0593377910554409,-0.008732876740396023,-0.0025349596980959177,0.01984153874218464,0.0154101038351655
-0.00851388368755579,-0.0332564041018486,-0.0063017914071679115,-0.007090576458722353,0.022769365459680557,0.012571604922413826
-0.016415448859333992,-0.061132900416851044,0.0034950654953718185,-0.0009334849310107529,0.03629704937338829,-0.035855039954185486
-0.004619284067302942,-0.040223538875579834,0.0061269486322999,-0.0024844699073582888,0.12668412923812866,-0.03398754820227623
-0.0038522384129464626,-0.03314315900206566,0.0010878429748117924,-0.008316469378769398,0.08250701427459717,-0.02877606824040413
-0.005288681481033564,-0.035656463354825974,-0.0005502611747942865,-0.007902463898062706,0.029675815254449844,-0.021708153188228607
0.004945708904415369,0.25546151399612427,0.033088695257902145,-0.0021895659156143665,0.009297387674450874,-0.02321687527000904
-0.005144038237631321,-0.03129962459206581,-0.004379050340503454,-0.009304123930633068,0.022795874625444412,-0.011623193509876728
-0.013616733253002167,-0.03497592359781265,-0.008037452585995197,-0.006693148985505104,0.014543971046805382,0.01085216086357832
-0.005585609469562769,0.007858650758862495,-0.009670299477875233,-0.017045190557837486,0.03567958623170853,0.01729346066713333
-0.014009248465299606,0.06634011119604111,-0.00804914254695177,-0.016460778191685677,-0.009135198779404163,0.02789824642241001
-0.01004041638225317,0.01586633175611496,0.011711951345205307,-0.013609024696052074,0.1210683286190033,-0.030702965334057808
-0.00156936957500875,0.004328861832618713,-0.009743455797433853,-0.013440690003335476,0.022789565846323967,0.015218202956020832
-0.012054487131536007,-0.031966399401426315,-0.005587494000792503,-0.0068465168587863445,-0.041300296783447266,0.017600981518626213
-0.00810809712857008,-0.006276238244026899,0.0018594185821712017,-0.009428280405700207,-0.035398587584495544,0.015729937702417374
-0.001669462420977652,0.013831980526447296,-0.013448390178382397,-0.01836218498647213,0.02484564110636711,0.015030087903141975
-0.012294442392885685,-0.04125215858221054,-0.006562258116900921,-0.006121004931628704,-0.017727602273225784,0.021427009254693985
-0.005045390222221613,-0.061158787459135056,-0.0012362879933789372,0.006003912538290024,0.003066247794777155,0.022224636748433113
0.01047809049487114,0.09565472602844238,-0.01180630549788475,-0.010071015916764736,-0.006291335914283991,0.02726726420223713
0.0006031743832863867,-0.03307224437594414,-0.00860584620386362,-0.007862363941967487,-0.038177214562892914,0.02567523904144764
-0.006878861226141453,-0.03242512419819832,-0.009020663797855377,-0.012899654917418957,0.012458444572985172,0.01291047316044569
0.0035712753888219595,-0.04981857165694237,-0.00719132274389267,0.004835406318306923,0.001063420088030398,0.01732681877911091
-0.0060165259055793285,-0.027048422023653984,-0.00596157880499959,-0.012189315631985664,0.004115579184144735,0.016606435179710388
-0.0015987490769475698,0.012647958472371101,-0.0034327225293964148,-0.01609562151134014,0.12116821110248566,-0.03243774548172951
0.07899781316518784,0.19806048274040222,0.005473469849675894,-0.013974328525364399,0.04019568860530853,0.048246581107378006
-0.008293934166431427,-0.02920062281191349,0.033419568091630936,-0.007459298241883516,0.012502999044954777,0.030396735295653343
0.012812305241823196,0.0009905805345624685,0.0065197148360311985,-0.01345064491033554,0.020473677664995193,0.030947232618927956
-0.004939986392855644,-0.03586341068148613,-0.000388297630706802,0.003456259611994028,0.2482527196407318,-0.02627328597009182
-0.008274470455944538,-0.008089490234851837,-0.0007716270047239959,-0.01241590641438961,0.027770482003688812,-0.023211998865008354
-0.0061716376803815365,-0.031222302466630936,-0.003944190219044685,-0.015159768052399158,-0.012150815688073635,-0.018065420910716057
-0.0029215184040367603,-0.02911563776433468,-0.005561889614909887,-0.01869841478765011,0.015095213428139687,-0.028330674394965172
-0.0043699550442397594,-0.02943044900894165,-0.001658953377045691,-0.009114389307796955,0.027941439300775528,-0.022705543786287308
-0.005387953482568264,-0.03837218135595322,0.003162922104820609,-0.011087222956120968,0.024996552616357803,-0.021860945969820023
-0.005372597370296717,-0.0541396401822567,0.0037923797499388456,-0.00528763560578227,-0.020769473165273666,-0.017376376315951347
-0.0051733157597482204,-0.05683307349681854,-0.006198616232722998,-0.002523618983104825,0.022406209260225296,0.016858281567692757
-0.009967819787561893,-0.06049533188343048,0.0018288857536390424,-0.011037636548280716,0.022015079855918884,-0.028940275311470032
-0.011555243283510208,-0.06246671825647354,-0.004490044433623552,-0.0005823965766467154,0.015450099483132362,0.03149660304188728
-0.0073262713849544525,-0.05722758546471596,-0.005366033874452114,0.0009100479655899107,-0.04053957015275955,0.027356360107660294
-0.006558243650943041,-0.058291319757699966,-0.005006860010325909,0.001084492658264935,-0.057301584631204605,0.02979445643723011
-0.003974467981606722,-0.035193607211112976,-0.005706077441573143,-0.0075029656291007996,-0.020705819129943848,0.01775265857577324
-0.008673160336911678,-0.04769841581583023,0.0034486805088818073,-0.009128525853157043,0.0959077849984169,-0.02284647338092327
-0.005398957524448633,-0.06120948866009712,-0.0016813845140859485,-0.007435919251292944,0.03856837749481201,-0.007724616210907698
-0.006627110298722982,-0.05808701738715172,-0.0067430282942950726,-0.0006694156909361482,-0.002291083801537752,0.02487580105662346
-0.01086345687508583,-0.055043499916791916,-0.0034433742985129356,0.00478291604667902,-0.054066192358732224,0.03037188947200775
-0.00806032307446003,-0.042693205177783966,-0.00847751647233963,-0.011505508795380592,-0.06508167088031769,0.026160769164562225
-0.006948771886527538,0.011841529048979282,-0.006829969119280577,-0.0110376151278615,-0.015144933015108109,0.01695556566119194
-0.003963157068938017,-0.02278425544500351,0.001571086817421019,-0.014091863296926022,0.13019467890262604,-0.02983320690691471
-0.007381118834018707,-0.02492768131196499,-0.004023395013064146,-0.02807013876736164,0.12008227407932281,-0.02843252383172512
-0.016038669273257256,-0.0492522194981575,-0.006184497848153114,-0.0005077749374322593,0.022040078416466713,0.019189270213246346
-0.01616654545068741,-0.03500654920935631,-0.006078754086047411,-0.005441955290734768,-0.012292877770960331,0.02228095941245556
-0.006685576867312193,-0.0331965871155262,-0.006299283821135759,-0.007360402960330248,-0.016947027295827866,0.015808818861842155
-0.009554813615977764,-0.060007572174072266,-0.0037016484420746565,0.0019243176793679595,0.02385035902261734,0.02295198105275631
-0.013625926338136196,-0.058573026210069656,0.0009079710580408573,0.0007142065442167222,0.0977030098438263,0.019270550459623337
-0.009143666364252567,-0.0533565916121006,0.0008662015898153186,0.006746143102645874,0.09647347778081894,0.017024731263518333
-0.010080628097057343,-0.03946519270539284,-0.0051057287491858006,-0.003812053706496954,0.03522510454058647,0.01529522705823183
-0.008122582919895649,-0.03374288231134415,-0.006737124174833298,-0.003966584801673889,-0.018898826092481613,0.01981206424534321
-0.01088316272944212,-0.03334042802453041,-0.0012904595350846648,-0.004706129431724548,0.0940578356385231,0.01610061340034008
-0.007425101473927498,-0.05039463937282562,-0.0026139384135603905,0.001457480131648481,0.13274633884429932,0.01855667494237423
-0.003924534656107426,-0.05060721933841705,-0.0031850363593548536,0.006930314935743809,0.13015912473201752,0.014390709809958935
-0.007963375188410282,-0.05975921079516411,-0.0037545915693044662,-0.00048365347902290523,0.032349761575460434,0.021830569952726364
-0.008102447725832462,-0.030784934759140015,-0.006373987998813391,-0.0064000622369349,0.09416482597589493,0.013222400099039078
-0.014536214992403984,-0.03859936073422432,-0.005702985916286707,-0.0030284218955785036,-0.0002603208413347602,0.017200682312250137
-0.007642942480742931,-0.031019868329167366,-0.0036480827257037163,0.00021474985987879336,0.12502828240394592,0.012944587506353855
-0.007145150564610958,-0.055486083030700684,-0.0031826000194996595,0.006550264544785023,0.09292438626289368,0.015197291038930416
-0.007668881211429834,-0.05896342918276787,-0.00773578928783536,-9.644171223044395e-05,0.01284861471503973,0.018121663480997086
-0.006506273057311773,-0.05954187363386154,0.0005277312593534589,0.0029476878698915243,0.09294509887695312,-0.023401867598295212
-0.00733024999499321,-0.048849307000637054,-0.007876749150454998,-0.0026017678901553154,0.013357368297874928,0.022122450172901154
-0.014433911070227623,-0.02682965248823166,-0.002220370341092348,-0.013117278926074505,-0.04669984057545662,-0.024021482095122337
-0.007617945317178965,-0.031502291560173035,-0.002542954171076417,-0.009954910725355148,0.03691405430436134,-0.027004383504390717
-0.005746948067098856,-0.056662481278181076,-0.008172345347702503,-0.0006794650107622147,0.020811714231967926,0.019180383533239365
-0.004169209394603968,-0.048197533935308456,-0.0011559188133105636,0.00539430184289813,0.13016150891780853,0.02307949960231781
-0.0032563863787800074,-0.04496171325445175,-0.00994756631553173,-0.005734566133469343,0.013111070729792118,0.021355880424380302
-0.006486632861196995,-0.032314278185367584,-0.007572817616164684,-0.005017322488129139,0.11859104037284851,0.009260984137654305
-0.008395361714065075,-0.03317082300782204,-0.006537616718560457,-0.0023649653885513544,0.012707059271633625,0.016470538452267647
-0.003339300164952874,-0.034707169979810715,-0.00948241539299488,-0.0006006002658978105,0.013072471134364605,0.02174021303653717
-0.007811337243765593,-0.027726631611585617,-0.005752569995820522,-0.004658720921725035,0.024819154292345047,-0.05052122473716736
-0.012178179807960987,-0.05176887288689613,-0.0054805395193398,0.002526163822039962,0.02211293950676918,0.016020696610212326
-0.005705717019736767,-0.05632820725440979,-0.006075989920645952,0.0007405296782962978,0.036888573318719864,0.020233631134033203
-0.0086736511439085,-0.03483487665653229,-0.010425074025988579,-0.006800021044909954,0.02748177759349346,0.018435465171933174
0.0026161284185945988,-0.030614782124757767,-0.012499209493398666,-0.01223069615662098,-0.014969582669436932,0.023552579805254936
-0.004949941299855709,0.009957501664757729,-0.0076707517728209496,-0.014851902611553669,0.03716334328055382,-0.007828020490705967
-0.00384781276807189,-0.03198245167732239,-0.007358966860920191,-0.007362505421042442,0.02207433618605137,0.019908467307686806
-0.0004971446469426155,-0.02973940409719944,-0.007386615499854088,-0.0022308342158794403,0.022475622594356537,0.0121171148493886
-0.009044135920703411,-0.032969579100608826,-0.006861583795398474,-0.008360935375094414,0.08884140849113464,0.012822188436985016
-0.003108586650341749,0.004422320518642664,-0.003777941456064582,-0.013064742088317871,0.08686543256044388,-0.025788523256778717
-0.0047797453589737415,0.005454863887280226,-3.990984623669647e-05,-0.016139201819896698,0.08209198713302612,-0.035786017775535583
0.02621505968272686,0.01295510958880186,-0.011279771104454994,-0.029927846044301987,-0.01864022947847843,-0.025971196591854095
0.037970561534166336,0.1294654756784439,-0.010837825015187263,-0.013954047113656998,-0.03266957402229309,-0.026508718729019165
-0.0045188781805336475,-0.015027678571641445,0.003880682634189725,-0.01862410269677639,-0.0010333660757169127,-0.013419505208730698
-0.008364861831068993,0.01916888915002346,-0.005052799824625254,-0.01921246573328972,0.014964200556278229,-0.020097138360142708
-0.004627407528460026,0.017645327374339104,-0.0023359323386102915,-0.023386796936392784,0.027322949841618538,-0.006229911930859089
-0.003358442336320877,0.01216769777238369,-7.002498750807717e-05,-0.014827740378677845,-0.015461749397218227,-0.023011431097984314
-0.008388113230466843,0.06380007416009903,-0.007702588569372892,-0.012201190926134586,0.0266838651150465,-0.025654679164290428
-0.0023894740734249353,-0.027054021134972572,0.0037533449940383434,-0.018260279670357704,-0.039000947028398514,-0.013445280492305756
-0.005172729957848787,0.05521750822663307,0.019030744209885597,-0.04171687737107277,-0.048964112997055054,-0.01973113603889942
-0.003623332129791379,0.058559536933898926,0.018707314506173134,-0.046259406954050064,0.03202879801392555,-0.036501605063676834
-0.002779636299237609,0.055798906832933426,0.019003452733159065,-0.048572197556495667,-0.04958309233188629,-0.027148539200425148
-0.007114136591553688,0.009167362935841084,-0.0020326252561062574,-0.052233316004276276,-0.012297598645091057,-0.0019778618589043617
-0.008635533973574638,0.05673796311020851,-0.006166498176753521,-0.057575274258852005,0.028974629938602448,-0.018982866778969765
-0.01013782899826765,0.10187003761529922,-0.00021631222625728697,-0.06853800266981125,0.035262156277894974,-0.0022024447098374367
-0.002788037294521928,0.018502643331885338,-0.0019853615667670965,-0.0553995817899704,0.011419089511036873,0.0015812197234481573
-0.001049130572937429,-0.022722050547599792,0.0074203116819262505,-0.047283682972192764,0.02699078433215618,-0.007037361618131399
-0.01568431966006756,0.09916192293167114,0.007922004908323288,-0.062484290450811386,0.04091862589120865,-0.03104587271809578
-0.004013330675661564,0.016904354095458984,-0.003321830416098237,-0.05202288553118706,-0.038791265338659286,-0.03176257014274597
-0.005735049489885569,0.005356829147785902,-0.006810282357037067,-0.04543137550354004,-0.04201143980026245,-0.025003930553793907
0.00140748533885926,-0.02538340538740158,0.006382351275533438,-0.04831467568874359,0.07510511577129364,-0.027093451470136642
-0.009624743834137917,0.07471749186515808,-0.0027219171170145273,-0.04885518178343773,-0.05811401084065437,-0.018657192587852478
-0.012283108197152615,0.16464857757091522,0.01025986298918724,-0.06808406114578247,0.05945633724331856,-0.035742584615945816
-0.009251738898456097,-0.019030936062335968,-0.0004456262686289847,-0.04503694176673889,0.04439368471503258,-0.016588041558861732
-0.00866479892283678,-0.025952445343136787,-0.0008300002664327621,-0.033871009945869446,-0.05881471559405327,-0.018080146983265877
-0.001106436364352703,0.013865722343325615,-0.00937510933727026,-0.05270066112279892,0.11942606419324875,-0.028528524562716484
-0.005363233853131533,-0.030740076676011086,-0.0027835010550916195,-0.009691229090094566,0.02859250083565712,0.01000238861888647
-0.004312168341130018,-0.02010728046298027,0.0018075770931318402,-0.03474636375904083,0.040902044624090195,-0.02666187845170498
-0.0010627534938976169,0.017721205949783325,-0.017292890697717667,-0.052031680941581726,0.09962279349565506,-0.010351566597819328
-0.008732596412301064,0.15892380475997925,-0.005228828638792038,-0.07073129713535309,0.05207793787121773,0.006652757991105318
0.0027515895199030638,0.1373276710510254,-0.012094618752598763,-0.06862255185842514,0.00989293958991766,-0.007782644592225552
-0.0014480710960924625,0.04649778828024864,-0.0012118221493437886,-0.06172618642449379,-0.0021236962638795376,0.0074689253233373165
0.002121478086337447,0.017449405044317245,-0.012075580656528473,-0.05416291579604149,0.05266938731074333,-0.0003099133027717471
-0.004995421972125769,0.15675881505012512,-0.005338116083294153,-0.06508355587720871,0.04155595600605011,-0.02944159135222435
-0.003565381281077862,0.009245099499821663,-0.0017564569134265184,-0.052704740315675735,0.04343286529183388,-0.004604633431881666
-0.0030341963283717632,-0.03932839259505272,0.0007056421018205583,-0.031435366719961166,-0.042499884963035583,-0.030875205993652344
-0.0072168312035501,-0.031415313482284546,-0.003891721600666642,-0.007805915083736181,-0.009294741787016392,-0.0013389807427302003
-0.003998553846031427,0.015434837900102139,-0.005784498527646065,-0.010778534226119518,0.013840947300195694,-0.004396133124828339
-0.011443070136010647,-0.03798807039856911,0.00017086452862713486,-0.002854822436347604,0.025804618373513222,0.0015635783784091473
-0.0027287486009299755,-0.02665766514837742,-0.005881704855710268,-0.012052913196384907,-0.008126594126224518,-0.013721724972128868
-0.007746866438537836,-0.029911601915955544,-0.0019063871586695313,-0.012032904662191868,0.014179248362779617,-0.018541369587183
-0.00509647699072957,-0.02921263501048088,7.269979687407613e-05,-0.022888604551553726,-8.01641508587636e-05,-0.018961787223815918
-0.008986399509012699,0.0028780759312212467,-0.00672208983451128,-0.02527037262916565,0.015111214481294155,-0.02790762484073639
-0.007989722304046154,-0.0304559376090765,-0.0010404266649857163,-0.012596024200320244,-0.016802474856376648,-0.018390411511063576
-0.006666884291917086,-0.022975066676735878,-0.004165545105934143,-0.010931355878710747,0.018345432355999947,-0.023152804002165794
-0.0042149838991463184,-0.03016861341893673,-0.0033738387282937765,-0.012414949014782906,-0.0009132697014138103,-0.017479319125413895
-0.0034194348845630884,-0.007034793496131897,-0.0014284623321145773,-0.009507784619927406,0.04162932559847832,-0.02600652538239956
-0.0053472379222512245,-0.029308823868632317,0.004012004006654024,-0.006769179366528988,0.02458495832979679,-0.010404792614281178
-0.003883372526615858,0.005124479066580534,0.018231241032481194,-0.012623309157788754,0.03878675401210785,-0.024125153198838234
-0.009073262102901936,-0.025106696411967278,0.023604221642017365,-0.016104796901345253,-0.007644838187843561,0.027204565703868866
-0.006248622201383114,-0.03021331876516342,-0.004488435108214617,-0.0140999099239707,0.0011783457593992352,-0.005625726189464331
-0.007734423503279686,0.01960016041994095,-0.0011562538566067815,-0.018205435946583748,0.021553706377744675,0.016285231336951256
-0.01038434449583292,0.008785353042185307,0.010389598086476326,-0.03838431090116501,-0.02612697146832943,-0.02151118591427803
-0.010505319572985172,-0.0017564912559464574,-0.00647125206887722,-0.015735747292637825,0.0007095141336321831,0.016850827261805534
-0.010928865522146225,-0.03026893548667431,-0.005675538908690214,-0.026952996850013733,0.004830617923289537,0.01896611601114273
-0.020482119172811508,-0.025147853419184685,0.03407323732972145,-0.017009764909744263,-0.036403972655534744,-0.03952938690781593
-0.0033665229566395283,-0.029771100729703903,-0.001973055535927415,-0.012240167707204819,0.016014445573091507,-0.019360588863492012
-0.005673597101122141,-0.03115878440439701,-0.0011483434354886413,-0.010204999707639217,0.01273096352815628,-0.023630961775779724
-0.004362506326287985,0.014236602000892162,-0.005055547691881657,-0.022199204191565514,0.015452585183084011,-0.022047145292162895
-0.007022842299193144,0.1871040165424347,0.0013621470425277948,-0.003274602349847555,0.05433035269379616,-0.022012624889612198
-0.005101394839584827,0.0036307971458882093,-0.004634020384401083,-0.016386786475777626,0.02004895731806755,-0.02360849268734455
-0.010745108127593994,0.003388517303392291,-0.005081739742308855,-0.026012079790234566,-0.012617559172213078,-0.03043743409216404
-0.00439091119915247,0.007472506724298,-0.004030522424727678,-0.014402395114302635,0.018325423821806908,-0.02140488475561142
0.015536663122475147,0.1912916749715805,0.02796691469848156,-0.0033859005197882652,0.05045636370778084,-0.024843595921993256
0.026371579617261887,0.011176018044352531,6.264750845730305e-05,-0.021846558898687363,0.021986374631524086,-0.02781347930431366
-0.006716403178870678,-0.014918800443410873,-0.009341654367744923,-0.017579875886440277,-0.01885760948061943,-0.0001392313133692369
-0.005180807784199715,-0.03233012557029724,0.0001558389631099999,-0.009701373986899853,-0.0038211350329220295,-0.017658010125160217
-0.007555993273854256,0.003991978708654642,-0.004803970456123352,-0.009261513128876686,0.013440626673400402,-0.002707785926759243
-0.0043427785858511925,0.00797396618872881,-0.004487060010433197,-0.011147570796310902,0.02021520584821701,-0.003608024911954999
-0.005739003885537386,-0.032455794513225555,-0.0037971017882227898,-0.00633435882627964,-0.0007987059070728719,-0.003413016675040126
-0.0049684904515743256,0.006053353194147348,-0.009431238286197186,-0.010763117112219334,0.039476025849580765,0.009995151311159134
-0.005345498211681843,-0.03189687058329582,-0.005674387793987989,-0.008531727828085423,-0.014592448249459267,-0.0031297553796321154
-0.008673368953168392,-0.05874869227409363,0.00016547346604056656,-0.004989084787666798,-0.009959308430552483,-0.020892424508929253
-0.003325845580548048,0.009258817881345749,-0.0027142432518303394,-0.007369127124547958,0.08439675718545914,-0.0008676882134750485
-0.005814574658870697,0.0031413347460329533,-0.00446329964324832,-0.008937065489590168,0.038732513785362244,0.013261478394269943
0.0037850169464945793,0.01213871967047453,-0.008345864713191986,-0.013888595625758171,0.008190046064555645,-0.0028978493064641953
-0.003934788517653942,0.01641865074634552,-0.00964385736733675,-0.008870764635503292,0.08383150398731232,0.01276852935552597
-0.014726802706718445,-0.030079657211899757,-0.004901229869574308,-0.005139573011547327,-0.021719850599765778,-0.004264459013938904
-0.010722015053033829,-0.062460556626319885,0.00098658527713269,-0.0034610528964549303,-0.02047736383974552,-0.0047980197705328465
-0.0016495375894010067,-0.03165312483906746,0.0013716996181756258,-0.006619058083742857,-0.02191823162138462,-0.01889951154589653
-0.0024931184016168118,0.004174187313765287,-0.007108502555638552,-0.005841221660375595,0.03654908388853073,-0.006069353315979242
-0.012796965427696705,-0.037368740886449814,-0.00655911723151803,0.011163453571498394,0.0071076881140470505,0.016638033092021942
-0.007869971916079521,0.016254575923085213,-0.007655616383999586,-0.010938386432826519,0.037084370851516724,-0.0013516200706362724
0.007059485651552677,0.01220721285790205,-0.009287670254707336,-0.009418913163244724,0.0067024012096226215,-0.0062875826843082905
-0.004378422163426876,-0.0319293774664402,0.000589221075642854,-0.007000001613050699,-0.016250357031822205,-0.01978624239563942
-0.004740710835903883,-0.03394148126244545,0.0011973511427640915,-0.006811294239014387,-0.038380999118089676,-0.013678793795406818
-0.020030852407217026,-0.07047215849161148,-0.04118660092353821,-0.0039247688837349415,-0.05043436214327812,-0.016176944598555565
-0.004314830061048269,0.02141491323709488,-0.004930810537189245,0.009723222814500332,0.02850436232984066,0.007981181144714355
-0.006619118619710207,0.0061576575972139835,-0.007798274978995323,-0.007164638955146074,-0.008644322864711285,0.01602928154170513
-0.004503271076828241,-0.033214911818504333,-0.009933426044881344,-0.004368204157799482,-0.011003912426531315,0.013484455645084381
-0.004902491346001625,-0.006135435309261084,-0.004110921639949083,-0.008845668286085129,0.014258981682360172,-0.007702760398387909
-0.007239711005240679,-0.03893047943711281,-0.011022276245057583,-0.0022556243930011988,0.018995484337210655,0.009494149126112461
-0.0038902137894183397,0.021249160170555115,-0.014222580939531326,-0.016303351148962975,-0.04124820977449417,-0.01581585593521595
-0.005187399685382843,-0.007833770476281643,-0.0078059532679617405,-0.007966890931129456,0.0037211114540696144,0.014578508213162422
-0.010228607803583145,-0.035384923219680786,-0.007286796811968088,0.01257101446390152,-0.020234664902091026,0.016295531764626503
-0.006402367725968361,-0.03507951647043228,-0.004152143839746714,0.008460170589387417,-0.016857536509633064,0.015144185163080692
-0.006646542809903622,-0.02797846496105194,-0.005801267921924591,-0.00689363619312644,0.025105811655521393,-0.009636381641030312
-0.0015998330200091004,-0.032968439161777496,-0.026999114081263542,-0.010316704399883747,-0.0507209412753582,-0.01603522337973118
-0.007251173257827759,-0.05090932920575142,-0.008654028177261353,0.015544679947197437,0.004117125645279884,0.010714909061789513
-0.0037431991659104824,-0.030125336721539497,-0.006264387629926205,0.013354350812733173,-0.023881535977125168,0.01503372099250555
-0.007040735334157944,-0.034028228372335434,-0.009631081484258175,0.012829646468162537,-0.02034846693277359,0.016182422637939453
-0.006698347628116608,-0.02984997257590294,-0.0009690999868325889,-0.003927268553525209,-0.03634943068027496,0.01940968632698059
-0.004025489091873169,-0.04946545138955116,-0.007712641265243292,0.008031671866774559,-0.03612679988145828,0.012269177474081516
-0.011487937532365322,0.027394533157348633,0.00785804633051157,-0.0196315199136734,-0.02635348215699196,-0.03387037292122841
-0.00293971155770123,-0.031496401876211166,-0.005775868892669678,0.01524894405156374,-0.0013047633692622185,0.010928388684988022
-0.003698948072269559,-0.02655537985265255,0.002423661295324564,0.011410733684897423,0.004126373212784529,0.015669647604227066
-0.01271032728254795,-0.03216465935111046,-0.006248775403946638,0.01256360299885273,-0.012714789249002934,0.012707523070275784
-0.0030512947123497725,-0.03145669400691986,-0.004206188954412937,-0.006692727096378803,0.009473100304603577,-0.0211118683218956
-0.010429889895021915,-0.03311174362897873,0.00021268031559884548,0.012767900712788105,-0.014845477417111397,0.015329288318753242
0.00016627818695269525,-0.008700070902705193,-0.0072125340811908245,0.011827005073428154,0.013312814757227898,0.014630109071731567
-0.006204134318977594,-0.03151945024728775,0.003458850784227252,0.012916995212435722,-0.011082456447184086,0.015773968771100044
-0.005477287340909243,-0.03237257897853851,-0.001850691856816411,0.015540638007223606,-0.019691310822963715,-0.007606657687574625
0.0032333587296307087,-0.02668997086584568,-0.0034851469099521637,0.003249427070841193,-0.008681879378855228,-0.0038154018111526966
-0.002821978647261858,0.013263877481222153,-0.0042577446438372135,0.009734288789331913,-0.00032405072124674916,-0.02180812880396843
0.0023798036854714155,-0.026212302967905998,0.0004008037212770432,-0.023539362475275993,0.004024021793156862,-0.026064515113830566
0.08748331665992737,0.19732005894184113,-0.017906134948134422,-0.047945164144039154,-0.0527055561542511,0.03602738678455353
0.06608402729034424,0.16574731469154358,0.03107243962585926,-0.05764825642108917,-0.0057198419235646725,-0.0505707748234272
-0.012388466857373714,0.06024354696273804,-0.0026100696995854378,-0.06010538339614868,-0.013127066195011139,-0.01604428142309189
-0.013741287402808666,0.06590425968170166,-0.008787989616394043,-0.01582108438014984,-0.017983170226216316,0.02487887255847454
-0.015273327007889748,-0.04386246204376221,0.005918659269809723,0.03515716642141342,0.03922640159726143,-0.029721112921833992
-0.020192310214042664,-0.0454019270837307,-0.0025706090964376926,0.026913505047559738,0.033276963979005814,-0.0316757895052433
-0.016232484951615334,-0.07066471129655838,-0.004482697229832411,0.0007814311538822949,0.020751595497131348,-0.02485501766204834
0.06987215578556061,0.152723491191864,-0.01932186260819435,-0.04392348602414131,-0.03787188604474068,0.03141734376549721
-0.01079714484512806,-0.02966112084686756,-0.011000936850905418,-0.01491989940404892,-0.04669973999261856,0.02027938887476921
-0.013314341194927692,-0.059178583323955536,-0.0017553636571392417,0.02414081059396267,0.029674053192138672,-0.027169205248355865
-0.005408250726759434,-0.03589930385351181,0.00018015247769653797,0.02632211521267891,-0.040766168385744095,-0.013358458876609802
-0.0025745767634361982,-0.03783300891518593,-0.002841243054717779,0.02924051135778427,0.02128094807267189,-0.022135073319077492
0.04281962290406227,-0.03018867038190365,-0.018321355804800987,0.0050847153179347515,-0.030836347490549088,0.017824100330471992
0.001127910683862865,-0.07859012484550476,-0.0027227553073316813,-0.0007005893858149648,0.034437697380781174,-0.027868056669831276
-0.0006123983766883612,-0.08245228230953217,0.00034119791234843433,-0.0010759937576949596,0.017040900886058807,-0.02928629145026207
-0.009127845056355,-0.07423201948404312,-0.0038156621158123016,0.007427984848618507,-0.06241367384791374,0.0066990926861763
-0.01080054510384798,-0.030840111896395683,0.0029513759072870016,-0.0047160908579826355,-0.00010308698256267235,0.016851652413606644
-0.012531894259154797,-0.03781284764409065,0.0037922633346170187,0.021302154287695885,-0.040129825472831726,-0.008549734950065613
-0.0071973297744989395,-0.07032763957977295,-0.001763699809089303,0.013410059735178947,0.002837840234860778,0.008281243965029716
-0.001841608784161508,-0.08551188558340073,-9.764475544216111e-05,-0.006424785126000643,0.039571747183799744,0.0009716447675600648
-0.003347895573824644,-0.00029385293601080775,-0.004379840102046728,0.04679764434695244,-0.013546346686780453,0.00486737908795476
-0.009796397760510445,-0.03431692719459534,-0.0072873556055128574,0.02760562114417553,-0.1053297221660614,0.00600108876824379
-0.020006969571113586,-0.06442918628454208,-0.00345418369397521,0.0020517108496278524,-0.055343274027109146,0.0063992030918598175
-0.0005703113856725395,-0.0744895413517952,-0.0006439989083446562,0.0042321099899709225,-0.045204903930425644,0.006055828183889389
0.024811508134007454,-0.03701630234718323,-0.014530052430927753,0.025028061121702194,-0.009736348874866962,0.011144871823489666
-0.007322861813008785,-0.07322728633880615,0.0035406681708991528,0.022786978632211685,0.077416330575943,-0.033198412507772446
-0.0008302444475702941,-0.06310980021953583,-0.00012207413965370506,0.006975193973630667,0.05270688608288765,-0.023933613672852516
-0.004792070481926203,-0.0395168736577034,-0.004762556403875351,0.02155519276857376,0.030814681202173233,-0.009175748564302921
-0.004280897323042154,-0.07528245449066162,-0.006515787448734045,-0.0017265583155676723,0.009677039459347725,0.0022697707172483206
0.025150997564196587,-0.027219753712415695,-0.0018020563293248415,0.004679769277572632,-0.0353597030043602,0.029770003631711006
0.02697102166712284,-0.03194341063499451,-0.014524955302476883,0.036061301827430725,-0.03804447129368782,0.01880747638642788
0.03567809239029884,-0.03109540045261383,-0.017536774277687073,0.011412220075726509,-0.0366508923470974,0.010349508374929428
-0.004982299637049437,-0.030029071494936943,-0.008459624834358692,0.006391626782715321,-0.036376953125,0.002195713110268116
-0.0074857487343251705,0.03637323155999184,-0.0027963253669440746,0.04349014535546303,-0.06528344005346298,0.00353795918636024
-0.00015116299618966877,0.025518983602523804,0.003597472095862031,0.045512206852436066,-0.10204864293336868,0.013789519667625427
0.0025329131167382,-0.02579084038734436,-0.0009289173176512122,-0.00019436125876381993,-0.054307468235492706,0.012916463427245617
-0.0014226613566279411,-0.04517712444067001,-0.0025330055505037308,0.013296411372721195,0.03852259740233421,-0.020240357145667076
-0.0009383764117956161,-0.041316986083984375,-0.006304145324975252,0.022129131481051445,0.04255891218781471,-0.0019047664245590568
-0.0007072768057696521,-0.03724696859717369,-0.0004487117694225162,0.0164130050688982,0.12511824071407318,-0.0007620390970259905
-0.0053998627699911594,-0.054318200796842575,-0.0002761172072496265,0.0041183652356266975,0.08800224214792252,-0.017865009605884552
-0.006352897733449936,-0.035967614501714706,0.0057665519416332245,0.0174008309841156,0.01732819341123104,0.012093123979866505
-0.002399266930297017,-0.030180493369698524,-0.005854676943272352,-0.013609844259917736,-0.000781868293415755,-0.023738225921988487
-0.007651458494365215,-0.0002566386538092047,-0.0026032659225165844,-0.022651653736829758,0.012854832224547863,-0.015354369767010212
0.015489847399294376,-0.031472787261009216,-0.011737756431102753,-0.0130168367177248,0.021848386153578758,-0.024821491912007332
0.0366026945412159,-0.029675239697098732,-0.011820073239505291,-0.017049439251422882,0.04971226677298546,-0.04798579588532448
-0.005426560062915087,0.012174541130661964,-0.0037904479540884495,-0.021208181977272034,0.04129893332719803,-0.02900754287838936
-0.0038946063723415136,-0.030098168179392815,-0.0031476516742259264,-0.015631573274731636,0.03873848170042038,-0.021629193797707558
-0.007942263968288898,0.19289015233516693,0.025192804634571075,-0.010160652920603752,0.05404987186193466,-0.0166880264878273
-0.0014043430564925075,0.2665053904056549,0.0369076170027256,-0.004223813768476248,0.12006326764822006,-0.024490835145115852
0.051510464400053024,-0.016624709591269493,-0.024307692423462868,-0.011470174416899681,0.04855359345674515,0.017823433503508568
-0.004654601216316223,0.006654991302639246,-0.01230164710432291,-0.011454567313194275,0.10619473457336426,0.00822663214057684
0.07449287921190262,0.02747897244989872,0.043342847377061844,-0.02315480448305607,0.21856418251991272,0.03158307820558548
0.002016492420807481,-0.026043690741062164,-0.005263164173811674,-0.012047124095261097,-0.034629128873348236,-0.029517851769924164
0.02352912351489067,0.013671130873262882,-0.012496194802224636,-0.032709505409002304,0.024861827492713928,-0.025237327441573143
-0.009293347597122192,0.004601516295224428,0.003691137535497546,-0.01221278216689825,0.02098562754690647,-0.007898823358118534
0.026188809424638748,0.002100324025377631,-0.014220655895769596,-0.021281998604536057,0.005141438450664282,-0.02489534765481949
-0.006472431123256683,-0.03305497393012047,-0.004333327524363995,-0.011852911673486233,0.01821330189704895,-0.005113499239087105
-0.004425210878252983,-0.030851712450385094,-0.008914569392800331,-0.01194415520876646,0.042327966541051865,0.008507413789629936
-0.0046888613142073154,-0.031153101474046707,-0.006339723244309425,-0.007661725860089064,0.1275378167629242,0.008831142447888851
0.003670540638267994,-0.0493406280875206,-0.0018374503124505281,0.002397618955001235,0.1408572494983673,0.012410109862685204
0.008339510299265385,0.0010082015069201589,-0.008537868969142437,-0.010079272091388702,0.22488880157470703,0.011644208803772926
0.009176954627037048,-0.02737579494714737,-0.009965367615222931,0.0009438606211915612,0.19546641409397125,0.009254095144569874
-0.00719671742990613,-0.02966572344303131,0.0011547935428097844,-0.0027772702742367983,0.08867672085762024,-0.024717116728425026
-0.003495525335893035,-0.030792707577347755,-0.005017585586756468,-0.004508379381150007,0.13063234090805054,0.009971615858376026
-0.004686865955591202,-0.026682831346988678,-0.0020338110625743866,-0.009233717806637287,0.09285753220319748,-0.027826659381389618
0.005070854909718037,-0.02964836172759533,-0.004750310443341732,-0.0030386028811335564,0.13270021975040436,0.009239254519343376
-0.0118167819455266,-0.03166511282324791,-0.0010166226420551538,-0.0046769254840910435,0.08422444015741348,-0.013009500689804554
-0.00794365257024765,-0.05594871938228607,0.0016933074221014977,-0.002781178802251816,0.07060877978801727,-0.024153420701622963
-0.002787030301988125,-0.031417734920978546,-0.001325020450167358,-0.00877217948436737,0.08555478602647781,-0.024414673447608948
-0.003878450021147728,-0.03280710428953171,-0.002680577803403139,-0.007871352136135101,0.08623779565095901,-0.025747358798980713
-0.003081673290580511,-0.02095033973455429,-4.127514694118872e-05,-0.003039890667423606,0.20366686582565308,-0.023692511022090912
-0.005056415218859911,-0.04092143103480339,0.002790093654766679,1.67634407262085e-05,0.1289863884449005,-0.025162536650896072
-0.000345647829817608,-0.02909500151872635,0.0055235144682228565,0.005349540151655674,0.2760286331176758,-0.022646335884928703
0.0017047348665073514,-0.03666652366518974,0.0010908396216109395,0.0010954360477626324,0.12658581137657166,-0.01487251091748476
0.005008642096072435,-0.03166918084025383,-0.007292904891073704,-0.0031541683711111546,0.09167464822530746,0.008515741676092148
-0.007105380296707153,-0.033157698810100555,-0.004286065232008696,-0.009357430040836334,0.09378873556852341,0.0071531133726239204
-0.00443177530542016,-0.03269367665052414,-0.0022523258812725544,-0.007406801916658878,0.03238152340054512,-0.02168521098792553
-0.008542808704078197,-0.03182310611009598,0.0028996190521866083,-0.0016788591165095568,0.2380969524383545,-0.02171405777335167
-0.00957439374178648,-0.03453465923666954,-0.006720196455717087,-0.0004509805585257709,0.09110561013221741,0.0020699179731309414
-0.004526524338871241,-0.04879948869347572,0.012148045003414154,0.014034200459718704,0.2866571247577667,-0.024921853095293045
0.003948758356273174,-0.04019318148493767,0.011516193859279156,0.01295489352196455,0.28664982318878174,-0.023998120799660683
0.0055385478772223,-0.033567070960998535,0.0051718768663704395,-0.002497764304280281,0.2371317446231842,-0.02101755701005459
-0.0022208979353308678,0.05301199480891228,-0.00307005294598639,-0.010340727865695953,0.015454871580004692,-0.0234807301312685
-0.006910258438438177,0.12483253329992294,0.0001777024008333683,-0.001885589212179184,0.02312549389898777,-0.022386932745575905
-0.010132200084626675,-0.02866154909133911,-0.0034864398185163736,-0.005917048081755638,0.0016760688740760088,-0.019757336005568504
0.0019437449518591166,-0.05782928317785263,-0.004416197072714567,0.005511718802154064,0.028753681108355522,-0.004511189181357622
-0.013731400482356548,0.006365075241774321,-0.006924019660800695,-0.013431832194328308,0.04118724912405014,0.021097389981150627
-0.0036421366967260838,-0.030548643320798874,-0.0008005424751900136,-0.006301571149379015,0.019610777497291565,-0.025226309895515442
0.003147526877000928,-0.04242473840713501,-0.00038503477117046714,-0.0023805482778698206,0.02863171696662903,-0.025280898436903954
-0.009849953465163708,0.012597761116921902,-0.010544550605118275,-0.01980280689895153,-0.0141146807000041,0.025662967935204506
-0.005155554041266441,-0.02626878023147583,-0.003542139893397689,-0.011287652887403965,-0.01581643894314766,-0.021404623985290527
-0.004731338005512953,-0.0270588006824255,-0.008285831660032272,-0.010465268976986408,-0.026693452149629593,-0.0009269187576137483
-0.007887854240834713,-0.019555388018488884,-0.005957437213510275,-0.011791602708399296,0.0237552709877491,0.02420530840754509
-0.005338729824870825,-0.011547637172043324,-0.006782026030123234,-0.01695077493786812,-0.04865681752562523,-0.016856368631124496
-0.01644786447286606,0.0116191441193223,-0.006364757660776377,-0.022995343431830406,-0.2035643309354782,0.025612056255340576
-0.006867095362395048,-0.05739831551909447,-0.00324446614831686,-0.0016788612119853497,-0.012089655734598637,-0.003785219741985202
-0.004697686992585659,0.00536511791869998,-0.007469708565622568,-0.01801927573978901,0.015242726542055607,0.017798835411667824
-0.004875074606388807,-0.02646455727517605,0.010240774601697922,-0.011855361983180046,0.017126478254795074,0.01702733337879181
-0.0037967900279909372,0.017710641026496887,-0.0065247309394180775,-0.017641860991716385,-0.01742326281964779,0.016127385199069977
-0.006388380657881498,0.01513892412185669,-0.00780774699524045,-0.01785755157470703,-0.04529326781630516,0.01891993172466755
-0.004799100570380688,-0.05187447741627693,-0.001402590423822403,-0.002395240357145667,-0.018143774941563606,-0.020006300881505013
-0.008038865402340889,0.0044483281672000885,-0.005024503450840712,-0.014682439155876637,-0.01512887142598629,-0.0011867797002196312
-0.007836561650037766,0.01391340047121048,-0.0029810855630785227,-0.016799990087747574,-0.013514705933630466,-0.005800314247608185
-0.008118068799376488,0.020952876657247543,-7.747410563752055e-05,-0.01791752316057682,-0.00803192425519228,0.027805177494883537
-0.0058736177161335945,-0.032133784145116806,-0.005218441132456064,-0.01194255705922842,0.033437781035900116,0.022797858342528343
-0.007671989966183901,0.013953613117337227,0.0022725313901901245,-0.018702423200011253,0.004526840057224035,0.02976101078093052
-0.011087500490248203,-0.06085191294550896,-0.00023239236907102168,-0.0045213233679533005,-0.020064475014805794,-0.025849996134638786
-0.005812244489789009,-0.027958672493696213,-0.00430124020203948,-0.01326038222759962,-0.010531703010201454,-0.002622108906507492
-0.005603682715445757,-0.02966141328215599,-0.011309942230582237,-0.01195946428924799,0.02019769884645939,0.009999803267419338
0.005365104414522648,-0.030718695372343063,-0.014509112574160099,-0.014024230651557446,-0.01569080911576748,0.019545642659068108
-0.0018529307562857866,0.014380247332155704,-0.010926617309451103,-0.015441950410604477,0.011064226739108562,0.01441522128880024
-0.011280081234872341,0.018100904300808907,-0.0027541934978216887,-0.01664392091333866,-0.018094908446073532,0.026123754680156708
-0.004806870128959417,-0.054857492446899414,-0.001960091758519411,-0.010471397079527378,-0.012657585553824902,-0.02658674865961075
-0.013133001513779163,-0.06505320966243744,0.001972182886675,-0.005461114924401045,-0.03990837186574936,-0.028967665508389473
-0.007344364654272795,-0.0322074294090271,-0.0021489616483449936,-0.01571919023990631,-0.041779909282922745,-0.026366986334323883
-0.005866927094757557,0.007952485233545303,-0.009199404157698154,-0.01785077340900898,0.03039121814072132,0.012892394326627254
-0.010137490928173065,0.0012859157286584377,-0.010748698376119137,-0.017343439161777496,0.06506764143705368,0.011982961557805538
-0.005857598967850208,-0.03156478330492973,-0.00844582263380289,-0.016114268451929092,0.039014335721731186,0.011495026759803295
0.00514330854639411,0.01682865247130394,-0.011059611104428768,-0.017444295808672905,0.03726872801780701,0.01467948593199253
-0.0030260123312473297,0.004635630175471306,0.011134517379105091,-0.015057621523737907,0.0386122390627861,0.031127844005823135
-0.007058736402541399,-0.028747279196977615,-0.006898720748722553,-0.016226796433329582,0.025020727887749672,0.008812334388494492
-0.0058458526618778706,-0.029855692759156227,-0.007728354539722204,-0.012107272632420063,0.020769687369465828,0.012477295473217964
-0.006208602339029312,0.012379778549075127,-0.009610266424715519,-0.026896974071860313,0.011501885950565338,0.019078662618994713
-0.002585663693025708,0.012191100046038628,-0.007620280608534813,-0.026382165029644966,0.034721698611974716,-0.01106053777039051
-0.004750787280499935,0.009145589545369148,-0.0016566505655646324,-0.025257425382733345,-0.0022279592230916023,-0.008537455461919308
0.0024999144952744246,0.011559810489416122,-0.003693510079756379,-0.025787100195884705,0.0013120640069246292,-0.0031556719914078712
0.05614403635263443,0.03499351814389229,-0.012000939808785915,-0.02085014060139656,0.021718967705965042,0.02908630669116974
-0.005266428925096989,0.011385670863091946,-0.008871176280081272,-0.023532770574092865,0.0380827970802784,0.018880032002925873
-0.0027112180832773447,-0.06022146716713905,-0.0035131508484482765,0.011519158259034157,0.1458844393491745,0.011202261783182621
6.483086326625198e-05,-0.05496074631810188,-0.002617270452901721,-0.00698872422799468,0.10131406784057617,0.022080864757299423
-0.010108902119100094,-0.026104548946022987,-0.002228154568001628,-0.013524675741791725,0.08539979159832001,0.027586430311203003
-0.009950807318091393,-0.062075503170490265,0.0014597674598917365,-0.0037775819655507803,-0.017250588163733482,-0.029457224532961845
-0.0027252512518316507,-0.03168977424502373,-0.004116221331059933,-0.01573827862739563,-0.0019837464205920696,-0.025342218577861786
-0.0008607378113083541,-0.033633649349212646,-0.00972072035074234,-0.009907233528792858,-0.01863306574523449,0.017924180254340172
-0.0026756254956126213,0.013028349727392197,-0.009633242152631283,-0.01502357330173254,-0.03941822424530983,0.020441656932234764
-0.009560820646584034,0.013595846481621265,-0.0100247822701931,-0.025590145960450172,-0.01173415407538414,0.02798553928732872
-0.004519798327237368,-0.04281974211335182,-0.0031029642559587955,-0.006861586589366198,0.03409794718027115,-0.02374088764190674
0.0006020049913786352,-0.03763382136821747,-0.00024938653223216534,-0.0023867557756602764,0.15348348021507263,-0.02653186395764351
-0.008432582020759583,-0.03674418106675148,0.008338185958564281,-0.001342081231996417,0.2648174464702606,-0.02187454141676426
-0.00589040806517005,-0.04801799729466438,0.0017691913526505232,-0.017426885664463043,0.2281832993030548,-0.023379994556307793
0.002187952399253845,-0.046031322330236435,0.0030461312271654606,-0.0013737613335251808,0.17060813307762146,-0.021546434611082077
-0.002953179879114032,-0.04219670966267586,-0.003279984463006258,-0.010348486714065075,0.2658659815788269,-0.021985890343785286
-0.009240909479558468,-0.027774561196565628,-0.003561207791790366,-0.0054552992805838585,0.2676546275615692,-0.017510095611214638
0.006430045701563358,-0.03661414980888367,-0.0014509257161989808,-0.006578595377504826,0.2482038140296936,-0.020414410158991814
0.005072754342108965,-0.04317507892847061,-0.006322115194052458,-0.0025625114794820547,0.25010907649993896,0.008330319076776505
-0.0029034260660409927,-0.03428569808602333,-0.0026305087376385927,-0.015157644636929035,0.01648636907339096,-0.029698112979531288
-0.010682782158255577,0.0071449680253863335,-0.0071344696916639805,-0.014268935658037663,-0.03764459863305092,0.018177304416894913
0.0030480828136205673,-0.049757618457078934,0.006773151457309723,0.0021480161231011152,0.15548396110534668,-0.023613376542925835
-0.008825310505926609,-0.05171570926904678,-0.0017015190096572042,0.004987155552953482,0.1585424840450287,0.013245142064988613
-0.0012597881723195314,-0.04123259708285332,0.008934879675507545,0.0005298862233757973,0.25743991136550903,-0.021414199844002724
-0.005041961558163166,-0.04396997019648552,-0.0045089866034686565,-0.0015304377302527428,0.14435848593711853,0.011261211708188057
-0.008107404224574566,-0.05050770193338394,-0.0015012741787359118,0.000596209429204464,0.12828083336353302,0.018648115918040276
-0.006802540272474289,-0.045206617563962936,-0.00588985625654459,0.0007353469845838845,0.1305377036333084,0.019037624821066856
-0.0035394388251006603,-0.040488649159669876,-0.0022368936333805323,0.004564963281154633,0.18705661594867706,0.016790736466646194
0.0004687813052441925,-0.029759977012872696,-0.015460846945643425,-0.01298135332763195,0.25290647149086,0.00947793759405613
-0.0012097368016839027,-0.031086968258023262,-0.005157190375030041,-0.012356502935290337,0.037531528621912,0.01394664216786623
-0.005110809113830328,-0.03164311498403549,-0.01088757161051035,-0.0121248047798872,0.034265656024217606,0.017432916909456253
0.007364898454397917,-0.03232710808515549,-0.008617275394499302,-0.00960932020097971,-0.01642768271267414,0.020273420959711075
-0.00330509920604527,-0.06620670109987259,-0.00032570716575719416,-0.004431828856468201,0.013521428219974041,-0.023335257545113564
-0.0016432307893410325,-0.045147836208343506,-0.005738701671361923,0.0009565593209117651,0.25123411417007446,0.01169630791991949
-0.00567691819742322,-0.03733415901660919,-0.005909408442676067,-0.0014874261105433106,0.239922896027565,0.01329644676297903
0.0016138291684910655,-0.05593527480959892,-0.005289481021463871,0.007964503020048141,0.07733286917209625,0.01738448068499565
0.012327354401350021,-0.04433587193489075,-0.00036064209416508675,0.0023433822207152843,0.14346067607402802,0.02421010099351406
0.004191710613667965,0.0126241659745574,-0.00010132979514310136,-0.021070212125778198,0.10050557553768158,-0.025248000398278236
-0.0053726485930383205,0.00032445951364934444,-0.009941316209733486,-0.018146485090255737,0.20808137953281403,0.017639778554439545
-0.004033845383673906,0.013205423951148987,-0.01044431608170271,-0.019824635237455368,0.0423976369202137,-0.0434618815779686
0.026497971266508102,0.009727835655212402,-0.013613712042570114,-0.015087400563061237,0.020882979035377502,0.020568260923027992
0.0009100043680518866,0.0029572800267487764,-0.011448821052908897,-0.017395295202732086,0.018954576924443245,0.021099155768752098
-0.004099424462765455,-0.03365938365459442,-0.010933641344308853,-0.00844158511608839,-0.03561791777610779,0.022440113127231598
0.003630907740443945,-0.021394705399870872,-0.011764917522668839,-0.005748082417994738,-0.03609883040189743,0.030079839751124382
-0.0017818371998146176,-0.04227056726813316,-0.0007548555731773376,-0.0073686642572283745,0.21757519245147705,-0.009607615880668163
-0.012073480524122715,-0.04962976276874542,-0.00523491483181715,-0.0011243793414905667,-0.024611208587884903,0.024459516629576683
-0.005860969424247742,-0.02371085435152054,-0.0006430021021515131,-0.014935953542590141,0.22816088795661926,0.013565925881266594
-0.0028968346305191517,-0.027206089347600937,-0.009723280556499958,-0.009529237635433674,0.1924811154603958,0.01436584908515215
-0.0063468534499406815,-0.02089693583548069,0.0007865326479077339,-0.00960619281977415,0.23973825573921204,0.018047478049993515
-0.01244026143103838,-0.03664037957787514,-0.005381647497415543,-0.0092167342081666,0.08527544140815735,0.016504550352692604
-0.006005689036101103,-0.02776157297194004,-0.002077423967421055,-0.009463027119636536,0.12536531686782837,0.01712356135249138
-0.009168107993900776,-0.026175979524850845,-0.0061310091987252235,-0.011182836256921291,0.23505546152591705,0.01616349071264267
-0.005060027353465557,-0.028987301513552666,-0.004831836558878422,-0.00906713493168354,0.13232983648777008,0.01790190488100052
0.005505019333213568,0.024283697828650475,-0.007518156431615353,-0.02662479318678379,0.1878092885017395,-0.0424821637570858
0.0017209056532010436,-0.025859275832772255,-0.010813981294631958,-0.011176819913089275,0.047054532915353775,-0.04145505279302597
-0.0047109355218708515,0.0039530303329229355,-0.006335090845823288,-0.024602258577942848,0.12461259216070175,-0.04923969507217407
-0.016863249242305756,0.15326203405857086,0.013336003758013248,-0.016186781227588654,0.03874741122126579,-0.061503492295742035
-0.002154539106413722,-0.007933496497571468,-0.010552160441875458,-0.016220154240727425,0.02232188731431961,0.014604403637349606
-0.006622979883104563,-0.03229842707514763,-0.00938527099788189,-0.007457816042006016,0.01532923523336649,0.02282210998237133
-0.008734524250030518,-0.029167713597416878,-0.008742342703044415,-0.0098756467923522,0.003278675489127636,0.018186384811997414
-0.00861299317330122,-0.03282604739069939,-0.010354363359510899,-0.006605359259992838,-0.012972444295883179,0.021796543151140213
-0.009220707230269909,-0.028275519609451294,-0.010288946330547333,-0.012328626587986946,-0.021222416311502457,0.023559441789984703
-0.006403984036296606,-0.030693721026182175,-0.009188029915094376,-0.010049287229776382,0.023451684042811394,0.014280918054282665
-0.008486871607601643,-0.04614807665348053,-0.00650741346180439,-0.00784666370600462,0.0289421658962965,0.02061450481414795
-0.0043675219640135765,-0.03356023132801056,-0.009655027650296688,-0.011231869459152222,0.08642406761646271,0.016041895374655724
-0.002614480908960104,-0.03049551695585251,-0.005306394770741463,-0.008607492782175541,0.17030119895935059,0.015254147350788116
-0.006022918503731489,-0.029084671288728714,-0.006794992834329605,-0.01102315541356802,0.12665219604969025,0.01815156452357769
-0.0046270014718174934,-0.02846582792699337,-0.010569297708570957,-0.009096202440559864,0.09135179221630096,-0.02215135470032692
-0.008077993057668209,-0.033886104822158813,-0.010596011765301228,-0.014790075831115246,0.14014433324337006,0.017792414873838425
-0.003363120835274458,0.007043726742267609,-0.011674309149384499,-0.02170281484723091,0.21060311794281006,-0.04094571992754936
-0.003177599050104618,0.010065313428640366,-0.014104815199971199,-0.020651863887906075,0.20692917704582214,-0.048757992684841156
-0.010173854418098927,0.06487545371055603,0.007604748941957951,-0.0178977157920599,0.006569389253854752,-0.044421158730983734
0.0001958037755684927,-0.03280864283442497,-0.012141704559326172,-0.009526937268674374,0.03531012311577797,0.014596779830753803
-0.007099187467247248,-0.03077062778174877,-0.012223015539348125,-0.013846560381352901,0.024767521768808365,0.018529731780290604
-0.011794519610702991,-0.032735977321863174,-0.010767963714897633,-0.011437990702688694,0.036344390362501144,0.015647919848561287
0.0017487875884398818,-0.06470920145511627,-0.0030719409696757793,-0.004354450386017561,0.053653534501791,0.020569581538438797
-0.002088285284116864,-0.059523411095142365,-0.002663462422788143,-0.0036093133967369795,0.03517966344952583,0.027133874595165253
-0.0070729441940784454,-0.026158852502703667,-0.008054973557591438,-0.017586931586265564,0.13161487877368927,0.012687557376921177
-0.008080387488007545,-0.024576447904109955,-0.0059660631231963634,-0.014098361134529114,-0.029908405616879463,0.021779373288154602
-0.00732837338000536,-0.010358303785324097,-0.008661960251629353,-0.01776539348065853,0.01884029619395733,0.02083716168999672
-0.005159661173820496,-0.03364473953843117,-0.009923058561980724,-0.014452223666012287,0.1957140564918518,0.014056072570383549
-0.007005485240370035,0.008700241334736347,-0.010534212924540043,-0.00959973968565464,0.11430526524782181,0.017306005582213402
-0.00461198017001152,0.011058460921049118,-0.004758646711707115,-0.015866786241531372,0.08881966024637222,-0.04019153118133545
-0.007512803189456463,0.036998625844717026,-0.004710813984274864,-0.011109834536910057,0.13802708685398102,-0.0310538187623024
-0.005260833073407412,0.008696557953953743,-0.005000637844204903,-0.017487844452261925,0.02550709992647171,0.014990195631980896
-0.005355088505893946,0.015125036239624023,-0.005649268627166748,-0.019994813948869705,0.04238571971654892,0.013317009434103966
-0.00986816268414259,-0.06495845317840576,-0.004517265595495701,-8.838997018756345e-05,0.022291457280516624,0.015448739752173424
-0.007627781480550766,0.016549473628401756,-0.005387822166085243,-0.02000129595398903,0.023541899397969246,0.025618257001042366
-0.009777174331247807,-0.031070297583937645,-0.009288789704442024,-0.009454736486077309,0.021863186731934547,0.020520351827144623
-0.006439248565584421,-0.03703518956899643,-0.0016033777501434088,-0.01711566187441349,0.19874192774295807,0.013133140280842781
-0.0062757073901593685,-0.062028590589761734,-0.006318686064332724,-0.0039104255847632885,0.0365690179169178,0.0163726769387722
-0.004492177627980709,-0.03683335706591606,-0.006013890728354454,-0.016857828944921494,0.15459033846855164,0.013973119668662548
-0.006183897145092487,0.011247139424085617,-0.009726214222609997,-0.018380025401711464,0.03966701775789261,0.015546326525509357
-0.0073210615664720535,0.012065140530467033,0.002132935682311654,-0.0168533343821764,0.02865682914853096,0.011551201343536377
-0.004048103466629982,0.043741241097450256,-0.0024407897144556046,-0.009435907937586308,0.09807883948087692,0.018474919721484184
-0.005199534818530083,-0.033898767083883286,-0.00519276550039649,-0.007705956697463989,0.12647545337677002,0.012566721998155117
-0.008184549398720264,-0.0330846793949604,-0.005303294397890568,-0.002124193124473095,0.12949587404727936,0.010106943547725677
-0.009479587897658348,0.012738822028040886,-0.00782623328268528,-0.01925787515938282,0.042858581990003586,0.016855889931321144
-0.000516256783157587,-0.027122126892209053,-0.0032459839712828398,-0.016347505152225494,0.12429691106081009,0.008313574828207493
-0.007654482964426279,-0.019425880163908005,-0.009723911993205547,-0.01180105097591877,0.07412869483232498,0.014772598631680012
-0.00441807322204113,-0.028639180585741997,-0.011227276176214218,-0.03982020169496536,0.20813913643360138,0.01325320266187191
-0.007559639867395163,-0.030591079965233803,-0.0068495431914925575,-0.015106422826647758,0.09934456646442413,0.010337523184716702
-0.006175507791340351,-0.018825814127922058,-0.011168346740305424,-0.03575894236564636,0.22721420228481293,0.009324337355792522
-0.004173842258751392,0.006084318272769451,-0.005087101366370916,-0.013602080754935741,0.0309129785746336,-0.006870988290756941
-0.010941777378320694,0.17806632816791534,-0.005569360218942165,0.0025171670131385326,0.05208785459399223,-0.005976372864097357
-0.009722343645989895,0.07720216363668442,0.006036711856722832,-0.00850527361035347,0.03420275077223778,0.01631889119744301
-0.0019274128135293722,0.0028332604561001062,-0.007681111339479685,-0.010398266837000847,0.12551294267177582,0.0053292675875127316
-0.009897942654788494,0.0938398614525795,-0.011563541367650032,-0.01098682451993227,0.03758009523153305,0.022387120872735977
-0.005382221657782793,-0.030740834772586823,-0.003987199626863003,-0.006605065893381834,0.1244688630104065,0.008253081701695919
-0.007084471173584461,-0.027670010924339294,-0.0011085531441494823,-0.019567960873246193,0.09163165092468262,-0.010612976737320423
-0.0019200568785890937,-0.03493836149573326,-0.008560864254832268,-0.0012631752761080861,0.12816356122493744,0.01498922985047102
-0.005548330023884773,0.003691964317113161,-0.00967076513916254,-0.04321162402629852,0.13767780363559723,0.011043813079595566
-0.009622583165764809,-0.0016595120541751385,-0.010600530542433262,-0.04082183912396431,0.22486640512943268,-0.0008280654437839985
-0.006341070402413607,0.010215958580374718,-0.009757936000823975,-0.020101280882954597,0.044240184128284454,0.015296568162739277
-0.005628202576190233,0.004341685678809881,-0.0036452999338507652,-0.014805333688855171,0.02383456379175186,-0.005467011593282223
-0.009383176453411579,0.061604149639606476,-0.001672640792094171,-0.009886201471090317,0.03792538121342659,0.011230743490159512
-0.0038481999654322863,0.009459669701755047,-0.010915752500295639,-0.013240903615951538,0.07464353740215302,0.019248375669121742
-0.011176143772900105,-0.0069158184342086315,-0.011046389117836952,-0.01732407510280609,0.1194833368062973,0.01516182254999876
-0.005014712456613779,0.039794690907001495,-0.010814642533659935,-0.0396585613489151,0.10583978146314621,0.014662133529782295
0.03387629613280296,0.003672488732263446,-0.01706603914499283,-0.032964643090963364,0.09586106240749359,-0.0006484273471869528
-0.0033552534878253937,-0.03020165115594864,-0.00350750214420259,-0.01259678415954113,0.010512425564229488,-0.01999925822019577
-0.016167165711522102,-0.042151667177677155,-0.0025536715984344482,-0.0062777274288237095,-0.022880107164382935,-0.004887418821454048
0.0009569294052198529,0.016971927136182785,-0.004434984177350998,-0.018571019172668457,-0.012357371859252453,0.0034699388779699802
-0.006187418941408396,-0.055905427783727646,-0.0028078812174499035,-0.002740943804383278,0.0033104002941399813,-0.005728396121412516
-0.005993287079036236,-0.03159036487340927,-0.005942762363702059,-0.012378668412566185,0.013897160068154335,-0.004861156921833754
-0.005941055249422789,-0.05193302780389786,-0.007707444950938225,-0.006614475045353174,-0.015872711315751076,0.015790514647960663
-0.006034551654011011,-0.04253586754202843,-0.0007974286563694477,-0.008746019564568996,-7.957786874612793e-05,-0.01886153221130371
-0.004193529020994902,-0.02981947921216488,-0.007246267981827259,-0.008397596888244152,-0.013418166898190975,-0.002307503717020154
0.007736348547041416,-0.06783651560544968,0.0036449681501835585,-0.002599384170025587,0.036513738334178925,-0.024261586368083954
0.0026626610197126865,-0.0308091938495636,-0.00032270775409415364,-0.007421253249049187,0.07358754426240921,-0.023821771144866943
-0.006089736707508564,-0.030380405485630035,-0.006517086178064346,-0.009583698585629463,-0.018823353573679924,-0.0019447352970018983
0.006789057049900293,-0.03604020178318024,-0.0016012161504477262,-0.005399980116635561,0.03827646002173424,-0.02045556716620922
-0.003796794917434454,-0.06175972893834114,0.0027592408005148172,0.0029726382344961166,0.03841572254896164,-0.01931031420826912
0.00022991317382548004,-0.025401951745152473,-0.0033936866093426943,-0.01895415224134922,0.04183642566204071,-0.020253024995326996
0.0009769953321665525,-0.029452528804540634,-0.0024038776755332947,-0.023386454209685326,-0.042625389993190765,-0.01886756904423237
0.0071469806134700775,-0.027446787804365158,-0.00010392578406026587,-0.027357064187526703,0.013244716450572014,-0.030772142112255096
-0.0017564594745635986,-0.027953844517469406,-0.005479088984429836,-0.01229919958859682,0.014812610112130642,-0.0075823040679097176
-0.005397052504122257,-0.02951580099761486,-0.004874075297266245,-0.012744062580168247,0.0067988368682563305,-0.007485305890440941
-0.004802295938134193,0.01631123572587967,-0.009209178388118744,-0.016812585294246674,0.005237627774477005,0.012852863408625126
-0.008423708379268646,0.007924475707113743,-0.00966356135904789,-0.017817117273807526,-0.005009091924875975,0.016069233417510986
-0.009709916077554226,-0.03631317988038063,-0.007615383714437485,-0.010946478694677353,-0.01995672658085823,0.01682732254266739
-0.010407857596874237,-0.11921215802431107,0.005566148553043604,0.003242640057578683,-0.0018149965908378363,-0.022516584023833275
0.002366765635088086,-0.11381398141384125,0.006236134562641382,0.004553630948066711,-0.005359359085559845,-0.018727105110883713
-0.0005966780590824783,-0.12717093527317047,0.0024575849529355764,-0.008843506686389446,-0.02605903334915638,-0.02483583800494671
-0.0009482764289714396,-0.1072939783334732,0.0008811485022306442,-0.0026666184421628714,-0.04371238499879837,-0.016615919768810272
0.001849422580562532,-0.060790471732616425,0.0007576088537462056,-0.009086078964173794,-0.022083984687924385,-0.0287725068628788
-0.0026058400981128216,-0.029656289145350456,-0.0023617201950401068,-0.006510966457426548,0.011289938353002071,-0.004352620802819729
-0.010797652415931225,-0.061462365090847015,-0.0022166974376887083,-0.0036843381822109222,0.010925110429525375,-0.001847299630753696
-0.005940327420830727,-0.030939768999814987,-0.008589434437453747,-0.009110277518630028,0.015857841819524765,0.008152741938829422
-0.008640611544251442,-0.02809329889714718,-0.001526396139524877,-0.007501672022044659,-0.023863332346081734,-0.017712607979774475
-0.009093333967030048,-0.11143441498279572,0.0034756301902234554,0.0033394903875887394,-0.03351384028792381,-0.02083638310432434
-0.00898770336061716,-0.12757918238639832,-0.00017929961904883385,0.005035598296672106,-0.03256892040371895,-0.015276079997420311
-0.0170320775359869,-0.0631735548377037,0.0008473315974697471,-0.008719442412257195,-0.048854511231184006,-0.018771393224596977
-0.00440961541607976,-0.028713325038552284,-0.004333755001425743,-0.008517746813595295,0.009331755340099335,-0.008614612743258476
-0.007250360678881407,-0.05287621542811394,-0.0021331063471734524,0.003520295722410083,0.033581025898456573,-0.021541694179177284
-0.00420605530962348,-0.12247861176729202,0.0011837221682071686,-0.004526251927018166,-0.018219955265522003,-0.024685997515916824
-0.010731459595263004,-0.07810233533382416,-0.002830684883520007,-0.004550813231617212,-0.04921508580446243,-0.020938239991664886
-0.005954786669462919,-0.03116871975362301,0.0009057814604602754,-0.010889054276049137,-0.041094012558460236,-0.018124375492334366
-0.007288176100701094,-0.059848420321941376,-0.005396672524511814,0.0018171685514971614,0.033199112862348557,-0.008812793530523777
0.0011890367604792118,-0.11830005049705505,0.0021466012112796307,0.0028365750331431627,-0.004980511963367462,-0.024339541792869568
-0.00572775024920702,-0.10895370692014694,0.0054448735900223255,0.0016740986611694098,0.0024877924006432295,-0.02364697866141796
-0.016461260616779327,-0.12452235072851181,0.0033779279328882694,-9.932456305250525e-05,-0.019537683576345444,-0.02331586740911007
-0.004829579498618841,-0.03298084810376167,0.004361584782600403,-0.012613587081432343,-0.013382695615291595,-0.018032481893897057
0.0016059596091508865,-0.07236696034669876,0.0015493269311264157,-0.00197326997295022,-0.004021760541945696,-0.022755520418286324
0.00011362836085027084,-0.11431951075792313,0.000557527004275471,-0.0013650857144966722,-0.026155579835176468,-0.02225055731832981
0.0010862649651244283,-0.08004927635192871,0.0039056395180523396,0.0014373448211699724,-0.02355143614113331,-0.01902952790260315
-0.013500702567398548,-0.0486113540828228,0.0015144594945013523,-0.009735183790326118,-0.01082644984126091,-0.01513721514493227
0.005259688477963209,-0.05788317695260048,0.002015561331063509,-0.0016609267331659794,-0.021479399874806404,-0.01943037286400795
0.0018043621676042676,-0.05569136142730713,-0.0019745586905628443,-0.00048323703231289983,-0.012555854395031929,-0.0178403127938509
0.0024034599773585796,-0.04870953410863876,-0.0019930321723222733,-0.0022847051732242107,-0.021226445212960243,-0.0169353149831295
-0.0031392595265060663,-0.03469446673989296,-0.003877740353345871,-0.01704137772321701,-0.03922629728913307,-0.018214507028460503
-0.00650062458589673,0.003803414525464177,-0.011575736105442047,-0.013941139914095402,-0.004349102731794119,0.023671278730034828
-0.0061086867935955524,-0.04752909392118454,-0.00037803329178132117,-0.004271579906344414,0.032198257744312286,-0.022733211517333984
-0.003620972391217947,-0.043008431792259216,-0.0018603202188387513,-0.013575962744653225,0.07047029584646225,-0.028942426666617393
-0.008237103000283241,-0.027383187785744667,0.02714233472943306,-0.019499782472848892,-0.001749079441651702,-0.03146495297551155
0.024303598329424858,0.12321510165929794,0.02471364475786686,-0.031721487641334534,-0.03874683007597923,0.008005698211491108
0.015081040561199188,0.19871197640895844,0.041931044310331345,0.03699646517634392,-0.045097801834344864,0.0007933181477710605
-0.0072644660249352455,0.12208937853574753,-0.0027955472469329834,0.06825614720582962,-0.1261654943227768,-0.006998142693191767
-0.014712301082909107,0.015923088416457176,-0.01661267690360546,-0.04629267752170563,-0.10070978105068207,0.005087168887257576
0.009317213669419289,0.020306212827563286,-0.014108885079622269,-0.0451047457754612,0.02878074161708355,0.03030802123248577
-0.007907399907708168,-0.032073985785245895,-0.003356504486873746,-0.006592802237719297,0.000357861106749624,-0.018271055072546005
-0.004003550857305527,-0.05053449049592018,0.00010699349513743073,-0.003983228467404842,-0.016806088387966156,-0.02589527703821659
-0.0035959279630333185,-0.028171351179480553,-0.0021814468782395124,-0.025504566729068756,-0.024066833779215813,-0.027368741109967232
-0.009249374270439148,-0.029637038707733154,-0.0017538877436891198,-0.00952073559165001,-0.024567781016230583,-0.027161384001374245
-0.0027452707290649414,-0.029612606391310692,-0.002142741810530424,-0.03098301962018013,0.022980745881795883,-0.03238218277692795
-0.005315733142197132,-0.03041776455938816,-0.004956704098731279,-0.007047962862998247,0.0031126674730330706,-0.004183154087513685
-0.006476638372987509,-0.03024621680378914,-0.001552287139929831,-0.012873553670942783,-0.04214326664805412,-0.019149133935570717
-0.004199737682938576,-0.032410312443971634,0.00041516873170621693,-0.017022645100951195,-0.027705643326044083,-0.019228147342801094
-0.003685874631628394,0.013684911653399467,-0.0035714106634259224,0.03283340856432915,0.023512203246355057,-0.03239570930600166
-0.0052442047744989395,-0.028396813198924065,-0.004753128159791231,-0.019149502739310265,-0.03629555553197861,-0.01705212891101837
-0.0079945158213377,-0.02520086243748665,-0.001417382387444377,-0.0015773461200296879,-0.05965603142976761,-0.020581133663654327
-0.006116732023656368,-0.029986504465341568,-0.0010468917898833752,-0.015384831465780735,-0.04015679657459259,-0.024494564160704613
-0.00405049929395318,-0.02676389180123806,-0.0015890611102804542,-0.006782483775168657,-0.042439281940460205,-0.023218778893351555
-0.0004518528585322201,-0.02761605568230152,-0.002410688204690814,-0.015219061635434628,-0.06597641855478287,-0.016929272562265396
-0.004833608865737915,0.022055374458432198,-0.003625184530392289,-0.03720026835799217,0.015367533080279827,-0.005728205665946007
-0.001901160110719502,0.014031307771801949,0.0028941314667463303,-0.03990089148283005,0.024705948308110237,-0.006859065033495426
-0.003225089283660054,0.016105495393276215,0.0013533318415284157,-0.04176769033074379,0.08377998322248459,-0.00836874544620514
0.03904304653406143,0.017244113609194756,0.006778832525014877,-0.03566814586520195,0.011457974091172218,0.0019275341182947159
0.08780354261398315,0.17871180176734924,0.03889220580458641,-0.052959926426410675,0.02046172320842743,-0.009416011162102222
0.06884671747684479,0.1568060666322708,0.052000194787979126,-0.05506597086787224,0.023448796942830086,-0.01951068639755249
0.010408974252641201,-0.006303840316832066,0.003743959590792656,-0.019176634028553963,0.01448013260960579,-0.003712845267727971
0.04224691912531853,0.014000163413584232,0.020605193451046944,-0.02729145623743534,0.035003941506147385,-0.0037525626830756664
-0.010168632492423058,0.04325178638100624,0.04166746139526367,-0.019780879840254784,0.021602492779493332,-0.008818208239972591
-0.0002089592017000541,0.20995597541332245,0.028077220544219017,-0.0217780489474535,0.04071151092648506,-0.011471942998468876
-0.01359379943460226,0.07137293368577957,0.04308890923857689,-0.013689441606402397,0.0182583499699831,-0.01325849536806345
0.07876705378293991,0.1730572134256363,0.04239286482334137,-0.04298941791057587,0.04899168014526367,-0.019256046041846275
0.0053645530715584755,0.03752340003848076,-0.007894535548985004,0.03920469060540199,0.020689707249403,-0.02864113636314869
0.03850676864385605,0.1955486238002777,-0.010431824252009392,0.020868966355919838,0.02622806467115879,0.021472983062267303
-0.004487072117626667,-0.02951752580702305,-0.004356700927019119,-0.01402012724429369,0.00034692211193032563,-0.020102204754948616
-0.006308646872639656,-0.0026083625853061676,-0.005178551655262709,-0.010278315283358097,0.01251938845962286,-0.02068910002708435
-0.002995740855112672,-0.03399183601140976,-0.0050504570826888084,0.010749696753919125,-0.015892963856458664,-0.023430539295077324
-0.003960682079195976,0.012779703363776207,-0.0030930067878216505,0.03366536647081375,-0.04089682176709175,-0.021811943501234055
-0.002291862852871418,0.02324926294386387,0.0033140459563583136,0.05785560607910156,-0.04277459904551506,-0.01871301978826523
-0.0010706235188990831,-0.030604925006628036,0.002536664716899395,0.0446198508143425,-0.05174477770924568,-0.005514501594007015
-0.010129854083061218,-0.026295321062207222,-0.004282563924789429,-0.006161274388432503,0.014833691529929638,-0.017044659703969955
-0.003253048984333873,-0.030408376827836037,-0.0018186710076406598,-0.013463124632835388,0.011753253638744354,-0.020918725058436394
-0.005383305251598358,-0.029613934457302094,-0.003378866007551551,-0.0011090971529483795,-0.025122622027993202,-0.02121046744287014
-0.0031549944542348385,-0.037344563752412796,-0.0034660352393984795,0.014889286831021309,-0.01299198716878891,-0.02681289240717888
-0.0030259389895945787,-0.020733388140797615,-0.0004329953226260841,0.031036661937832832,0.011519852094352245,-0.024086294695734978
-0.0012574977008625865,0.01158236525952816,0.002937095472589135,0.06347288191318512,0.021714504808187485,-0.001488155103288591
-0.0029341161716729403,0.03941771760582924,-0.0034535881131887436,0.05457521602511406,0.0038048652932047844,-0.006940473802387714
0.00011511851334944367,-0.0004177595255896449,-0.00019265696755610406,0.06714773923158646,-0.01895744726061821,0.0003479111474007368
-0.010896059684455395,0.016715535894036293,0.07157246023416519,-0.02687324397265911,-0.014836626127362251,0.058040402829647064
0.042458876967430115,0.01922375150024891,0.038631588220596313,-0.019685864448547363,0.022179631516337395,0.03827204182744026
-0.013768311589956284,-0.028292467817664146,0.016235914081335068,-0.01518426463007927,0.012881074100732803,0.028008773922920227
-0.004273826722055674,0.004795037675648928,-0.0037408305797725916,-0.023828813806176186,0.02177329920232296,-0.02456020936369896
-0.00011686931975418702,0.0019151533488184214,-0.0037001066375523806,-0.010021738708019257,0.001992786768823862,-0.025535887107253075
0.004297718871384859,-0.025420373305678368,-0.00236383150331676,0.017248867079615593,-0.0373336523771286,-0.026178063824772835
0.0019719817209988832,-0.03948326036334038,-0.004054873250424862,0.016203725710511208,-0.022252148017287254,-0.02691245824098587
-0.0024866911116987467,0.003424296621233225,-0.004340092185884714,-0.013140867464244366,-0.0072491345927119255,-0.028928153216838837
-0.003649988444522023,-0.032345689833164215,0.0012241291115060449,0.048567306250333786,0.009508638642728329,-0.002820771187543869
-0.0032342823687940836,0.012910915538668633,0.0007574376068077981,-0.0192137211561203,0.09596265107393265,-0.03382095322012901
-0.011161996982991695,0.01959950290620327,0.0006223215605132282,0.06659719347953796,-0.00729215145111084,0.00330762448720634
-0.007527888286858797,0.10208134353160858,0.08444953709840775,-0.03395327180624008,0.01235444936901331,0.06600015610456467
-0.014019899070262909,0.017317458987236023,0.07458116859197617,-0.019326122477650642,0.015965601429343224,0.055307332426309586
-0.009070217609405518,0.07435803860425949,0.07287228852510452,-0.024619977921247482,0.019330497831106186,0.04743485525250435
0.004583203699439764,0.024655764922499657,0.07480720430612564,-0.021268155425786972,0.003925456199795008,0.05054162070155144
0.043780989944934845,0.01821986958384514,0.06374724209308624,-0.016640955582261086,0.024214670062065125,0.04237982630729675
0.0019271839410066605,0.018144024536013603,-0.0053603872656822205,-0.026437679305672646,0.020733879879117012,0.027804115787148476
-0.009140707552433014,0.01240412425249815,-0.007221649866551161,-0.02192123793065548,0.022092849016189575,0.017771722748875618
0.031762391328811646,0.0029226504266262054,-0.021198885515332222,-0.01383401919156313,0.014660616405308247,0.016204077750444412
-0.008644533343613148,-0.10207690298557281,-0.011294139549136162,0.02628391981124878,-0.025719890370965004,0.02468559332191944
0.0002366032567806542,-0.03088448755443096,-0.004923716653138399,-0.010403132997453213,-0.014471888542175293,-0.020485330373048782
-0.009158831089735031,-0.030682861804962158,-0.0005087117897346616,0.01320774294435978,-0.020746273919939995,-0.025698423385620117
-0.004134365823119879,-0.00841344241052866,-0.005067884922027588,0.008993175812065601,-0.0009647768456488848,-0.020050637423992157
0.001279073185287416,-0.027511196210980415,-0.004777166061103344,0.05663085728883743,-0.018652960658073425,-0.0009852888761088252
-0.0026191468350589275,-0.03753272444009781,-0.00011277924932073802,0.05169835314154625,0.01120147667825222,0.010768161155283451
-0.005151622463017702,-0.03265533968806267,-0.0046982308849692345,0.02767573855817318,0.03850904107093811,-0.006120241712778807
-0.008726879023015499,-0.03313078731298447,0.002186990575864911,0.03025003708899021,0.03719254583120346,0.009438414126634598
0.0006085623172111809,0.030447421595454216,-0.00047561145038343966,0.07540285587310791,0.01815696991980076,0.005730482283979654
-0.00531955948099494,0.0030752583406865597,-0.0016732660587877035,0.06689197570085526,0.006725597660988569,0.021026181057095528
-0.009510676376521587,-0.03408113867044449,0.006591015961021185,0.05042518675327301,-0.008364659734070301,0.011302242055535316
-0.012387515045702457,-0.035809360444545746,0.0049510737881064415,0.04620666801929474,0.012568152509629726,0.029770737513899803
-0.01916090026497841,-0.03347735106945038,0.004799205809831619,0.03912654146552086,0.00808020867407322,0.01850513182580471
-0.009611662477254868,-0.08412528038024902,0.0010134830372408032,0.017112648114562035,0.029825277626514435,0.022913584485650063
-0.008964761160314083,-0.060056425631046295,0.0026093285996466875,0.01641475223004818,0.025722621008753777,0.03491708263754845
-0.007440936751663685,-0.09017324447631836,0.0018465816974639893,0.027935052290558815,0.012466199696063995,0.03252783790230751
-0.013042112812399864,-0.08068756759166718,0.006600706838071346,0.018665451556444168,-0.02746717259287834,0.024284537881612778
-0.00026664379402063787,0.0003957782464567572,0.011113017797470093,-0.010687081143260002,-0.03730117157101631,0.028991518542170525
-0.009684818796813488,-0.012813380919396877,0.03224000334739685,-0.0061117070727050304,-0.03807291015982628,0.03258942812681198
-0.019665896892547607,-0.0995417907834053,-0.011822357773780823,-0.0009993002749979496,-0.0195126011967659,0.034699633717536926
-0.014620988629758358,-0.029366061091423035,0.0001820392644731328,-0.009476877748966217,-0.04285351186990738,-0.01821565255522728
-0.0021311198361217976,-0.02772711217403412,-0.006692519411444664,0.01312505267560482,-0.00071314861997962,-0.012464373372495174
-0.005014768335968256,-0.03680078312754631,-0.0036952774971723557,0.03520623967051506,0.012320693582296371,-0.005043824668973684
-0.0022854977287352085,-0.06144319847226143,0.00023945741122588515,0.028383629396557808,0.09857118874788284,-0.0045323153026402
-0.0018182281637564301,-0.052956338971853256,0.00021120457677170634,0.03796644136309624,0.08816501498222351,0.011326266452670097
-0.013356927782297134,-0.07070598006248474,-0.0011291663395240903,0.022017884999513626,0.06745095551013947,-0.005259810946881771
-0.0023440211080014706,-0.09581078588962555,0.0015817484818398952,0.026156947016716003,0.031056784093379974,0.0026622607838362455
-0.013577640987932682,-0.09251421689987183,0.0012844958109781146,0.024937188252806664,0.02912926860153675,0.019832752645015717
-0.008844933472573757,-0.09370045363903046,0.003016207367181778,0.03717793524265289,0.03251773118972778,0.02497059665620327
-0.023437628522515297,-0.10627152770757675,0.002767730038613081,0.024172073230147362,0.08877027034759521,0.023144686594605446
-0.02394021302461624,-0.06729688495397568,-8.083969987637829e-06,0.016544802114367485,0.015193039551377296,0.029689785093069077
-0.022072557359933853,-0.09690257161855698,-0.013410737738013268,0.02734542451798916,0.004061152692884207,0.005285925697535276
-0.013821208849549294,-0.05789037048816681,0.0034603835083544254,0.028096036985516548,0.04412455856800079,0.057463087141513824
-0.022012105211615562,-0.09941040724515915,0.003786823246628046,0.016463913023471832,-0.017220305278897285,0.03563652187585831
-0.02049717865884304,-0.10022278130054474,-0.025620218366384506,0.019630925729870796,-0.05209577456116676,0.027433566749095917
-0.025034300982952118,-0.10127504914999008,-0.024411166086792946,0.027523580938577652,-0.002121306722983718,0.027066975831985474
-0.030051739886403084,-0.16299723088741302,-0.03234316408634186,0.024829545989632607,-0.08366190642118454,0.024019651114940643
-0.006204929202795029,-0.05438430234789848,-0.01003158837556839,0.02036886289715767,0.0906081274151802,-0.014132775366306305
-0.02445114776492119,-0.10410654544830322,-0.024036040529608727,0.01023916620761156,0.03259223699569702,-0.015385156497359276
-0.00930066779255867,-0.03672604262828827,-0.0065541439689695835,0.02368861809372902,0.20655198395252228,-0.02364843711256981
-0.0017142933793365955,-0.055104900151491165,0.00030588958179578185,0.0191679485142231,0.12594074010849,-0.015165678225457668
-0.0041077579371631145,-0.07153910398483276,0.0009224352543242276,0.02200634963810444,0.12488370388746262,-0.01588270626962185
-0.004377019125968218,-0.03872774541378021,0.0005610974039882421,0.017744990065693855,-0.01724064350128174,-0.010558475740253925
-0.006447502411901951,-0.057100340723991394,0.0008726358646526933,0.034448180347681046,-0.04429597780108452,0.001561291515827179
-0.009792341850697994,-0.05922583490610123,-0.0002707120147533715,0.023643314838409424,-0.04430262744426727,-0.004258500877767801
-0.00590917281806469,-0.059425875544548035,-0.002153104403987527,0.02123061567544937,-0.01772289350628853,-0.008362879045307636
-0.0026828839909285307,-0.07941103726625443,-0.0015535580459982157,0.043062254786491394,0.040027666836977005,0.003106106072664261
-0.0035460928920656443,-0.08006105571985245,0.00029825279489159584,0.045879900455474854,0.03217405080795288,0.012505093589425087
-0.0055284383706748486,-0.08363288640975952,-0.0005488292663358152,0.03808972239494324,0.049639541655778885,0.02676217444241047
-0.013149444945156574,-0.09187973290681839,0.0012629842385649681,0.01774411089718342,-0.021295424550771713,-0.006857060361653566
-0.005294718313962221,-0.15200339257717133,0.00360681745223701,0.015277944505214691,-0.022643692791461945,-0.008490453474223614
-0.018023697659373283,-0.13686425983905792,0.0053840684704482555,0.021162398159503937,-0.032430846244096756,-0.005367076024413109
-0.020243601873517036,-0.09769629687070847,0.0042769708670675755,0.020723814144730568,0.004873570986092091,-0.00651348615065217
-0.006834927946329117,-0.12755388021469116,0.005242876708507538,0.016206961125135422,-0.016926931217312813,-0.00929354503750801
-0.003529667155817151,-0.15185022354125977,-0.003726981347426772,0.03667687997221947,-0.03665966913104057,0.0244325902312994
-0.01485532894730568,-0.11283786594867706,-0.002902257489040494,0.017202211543917656,0.004859709180891514,0.028027459979057312
-0.015974227339029312,-0.054747458547353745,0.0009418530389666557,0.030420104041695595,-0.052245061844587326,0.023159194737672806
-0.0042065964080393314,-0.15025179088115692,0.0050467560067772865,0.010152286849915981,0.06478550285100937,0.04960913956165314
-0.02253148891031742,-0.10070110857486725,0.001582903671078384,0.015915529802441597,-0.07091985642910004,-0.005532750394195318
-0.0031118099577724934,-0.1502220332622528,-0.024312404915690422,0.02985454350709915,-0.03220855072140694,0.006634583231061697
-0.021916035562753677,-0.15328532457351685,-0.020012004300951958,0.014867953024804592,-0.05817797780036926,0.027441637590527534
-0.018537670373916626,-0.15805120766162872,-0.03924262151122093,0.02917780727148056,-0.01819293014705181,-0.0027730902656912804
-0.031412430107593536,-0.17428407073020935,-0.05025284364819527,0.012781837023794651,-0.03672272711992264,0.02419687621295452
-0.01856325753033161,-0.10182615369558334,-0.0435953252017498,0.003857221221551299,0.130400151014328,-0.02404327690601349
-0.006053118035197258,-0.07091321796178818,-0.013637780211865902,0.014466093853116035,0.2460511475801468,-0.023945480585098267
-0.0035730532836169004,-0.08465693891048431,0.004699038807302713,0.021631304174661636,0.19845619797706604,-0.018841713666915894
-0.008766689337790012,-0.0790690928697586,0.002168510342016816,0.015397933311760426,0.13300466537475586,-0.025154415518045425
-0.013156631961464882,-0.07569156587123871,-0.0004609021998476237,0.040263693779706955,-0.04147496446967125,0.0002537948021199554
-0.010753155685961246,-0.08666380494832993,0.0024659624323248863,0.03798169270157814,0.03831098601222038,0.01070429664105177
-0.006489214487373829,-0.0849437490105629,0.00112251250538975,0.045236166566610336,0.027459904551506042,0.031441036611795425
-0.005315424874424934,-0.09052646160125732,-0.0019001523032784462,0.041330527514219284,-0.019753290340304375,-0.001377834938466549
-0.020617522299289703,-0.14194737374782562,0.006502307951450348,0.02188468910753727,-0.020234184339642525,-0.003513495670631528
-0.015765588730573654,-0.1409756988286972,0.003358245827257633,0.03628348186612129,-0.04980117082595825,0.005610834341496229
0.0035584133584052324,-0.1402757167816162,0.0031795622780919075,0.026820704340934753,-0.04730917513370514,-0.002131031360477209
-0.0005085442098788917,-0.14667579531669617,-0.0012500686571002007,0.03702085092663765,-0.04353204742074013,0.01558660063892603
-0.009936291724443436,-0.14553357660770416,0.006669268943369389,0.00912749208509922,0.04766702651977539,0.01599724031984806
-0.008735627867281437,-0.15739509463310242,0.0062513817101716995,0.012107186019420624,-0.030427826568484306,0.014002224430441856
-0.0015536759747192264,-0.08598737418651581,0.0032833663281053305,0.04890841245651245,-0.06455928087234497,0.009506608359515667
-0.009391034953296185,-0.08743660897016525,0.003257670672610402,0.0391245111823082,-0.08787035197019577,0.00872200820595026
-0.0037456764839589596,-0.08892939984798431,0.0024418977554887533,0.02621285244822502,-0.05095111206173897,-0.0005455816281028092
-0.002648828784003854,-0.08642878383398056,-0.00303017720580101,0.03962770476937294,-0.041265059262514114,0.0038237201515585184
-0.015059486031532288,-0.09464742988348007,0.0011724121868610382,0.025448264554142952,0.02167719416320324,0.0016336282715201378
-0.01600714959204197,-0.08905132859945297,0.007419213652610779,0.036994803696870804,-0.06645798683166504,0.029573366045951843
-0.002701180288568139,-0.033372025936841965,0.004329675808548927,0.011723118834197521,-0.004931638482958078,0.0330653041601181
-0.01554085686802864,-0.10604938864707947,-0.02221897430717945,0.014610051177442074,-0.08982575684785843,0.01873980648815632
-0.03495398908853531,-0.1573183685541153,-0.04835347458720207,0.022024624049663544,0.015790170058608055,0.032753605395555496
-0.008334917016327381,-0.0880221426486969,-0.03483004495501518,0.012293139472603798,0.2523082494735718,-0.028252501040697098
-0.008242649957537651,-0.1004193052649498,-0.04593125730752945,0.0032966674771159887,0.18650801479816437,-0.017640359699726105
-0.0060673607513308525,-0.13199451565742493,-0.017277920618653297,0.014985883608460426,0.2965657413005829,-0.02017201855778694
-0.009755170904099941,-0.10334479808807373,0.008892492391169071,0.013268474489450455,0.2974061071872711,-0.017253795638680458
-0.00045851460890844464,-0.12528221309185028,0.008283638395369053,0.006209374871104956,0.28234976530075073,-0.017774829640984535
0.0009333303314633667,-0.13603892922401428,-0.005143086891621351,0.02090139500796795,0.26365941762924194,-0.02442523092031479
-0.003322975942865014,-0.041884034872055054,0.0007599901873618364,0.044253502041101456,-0.04114141687750816,0.0028330874629318714
-0.007471385411918163,-0.09207641333341599,0.00224307831376791,0.039381518959999084,-0.02432372234761715,0.006614398676902056
-0.0014157594414427876,-0.07280024141073227,-0.0002823089307639748,0.033779628574848175,-0.058086808770895004,0.009163081645965576
-0.009696814231574535,-0.07612105458974838,2.0267456420697272e-05,0.03437409549951553,0.039498280733823776,0.02923617884516716
-0.016868021339178085,-0.07653523981571198,0.0026254113763570786,0.04119662940502167,0.020081613212823868,0.026816679164767265
0.0006490645464509726,-0.08684774488210678,0.0031725941225886345,0.02563231997191906,0.012477321550250053,0.022891128435730934
0.0035961070097982883,-0.13360635936260223,0.009436031803488731,0.026129722595214844,0.05846904218196869,0.0524391308426857
0.0008393041207455099,-0.0991644635796547,0.0022577643394470215,0.04064697399735451,-0.06277073174715042,0.007036278955638409
0.0010530792642384768,-0.13905178010463715,-0.0024744290858507156,0.03941452130675316,-0.04318404197692871,0.0030229913536459208
-0.006275375373661518,-0.10222888737916946,-0.00047260182327590883,0.041092030704021454,-0.04375210404396057,0.0003237529599573463
-0.004727805964648724,-0.06427650898694992,-0.0025494853034615517,0.0476638488471508,-0.02096158266067505,-0.0002482564595993608
-3.098387242062017e-05,-0.0815768763422966,0.0011559671256691217,0.039408426731824875,-0.13515424728393555,0.014337614178657532
-0.013254555873572826,-0.06096218153834343,-0.002196573419496417,0.0429823063313961,-0.057093165814876556,0.0005779744242317975
-0.01312182191759348,-0.06723116338253021,0.00844255555421114,0.030761143192648888,-0.29785647988319397,0.013906706124544144
-0.015177130699157715,-0.09307713806629181,0.0036881547421216965,0.01815658062696457,0.03028213046491146,0.053059954196214676
-0.00035312669933773577,-0.07847009599208832,0.0060564568266272545,0.03390120714902878,0.0064038848504424095,0.04009325057268143
0.01843172125518322,-0.0307308379560709,-0.001936765038408339,0.021949157118797302,0.005440534558147192,0.0354255773127079
-0.004634634591639042,-0.05481043457984924,0.0016999882645905018,0.04773962125182152,0.006136305630207062,0.03684556484222412
-0.004856321960687637,-0.03887083753943443,-0.0026693420950323343,0.05022941529750824,-0.02195376716554165,0.02649054117500782
-0.025417543947696686,-0.11555684357881546,-0.02357316017150879,0.039879921823740005,-0.019118519499897957,0.009606792591512203
-0.015333910472691059,-0.08518169075250626,-0.02067020907998085,0.03728647157549858,0.04895985871553421,0.05814426764845848
-0.024117931723594666,-0.10468307882547379,-0.012793619185686111,0.02056022174656391,0.03824251517653465,0.03695325925946236
-0.0065623559057712555,-0.14552287757396698,-0.035545714199543,0.027226150035858154,-0.024767570197582245,0.025800272822380066
-0.017654990777373314,-0.16829419136047363,-0.019680002704262733,0.021334877237677574,-0.009034575894474983,0.03324979916214943
-0.023515619337558746,-0.14165256917476654,-0.01773667335510254,0.0031330776400864124,0.17684400081634521,0.08688521385192871
-0.012392425909638405,-0.14609681069850922,0.009338108822703362,0.03381777182221413,0.0403154194355011,0.06754950433969498
-0.012174705043435097,-0.1394755244255066,0.002903442829847336,0.012193399481475353,0.1334160566329956,-0.027989009395241737
-0.008014068938791752,-0.031177937984466553,-0.0019759410060942173,0.057857658714056015,-0.02167198807001114,0.0021652441937476397
-0.0006932771066203713,-0.03918103873729706,0.004050284158438444,0.06841401755809784,-0.24821677803993225,0.012257102876901627
0.001913362997584045,-0.07374808937311172,0.0003366403980180621,0.04922526702284813,-0.057199444621801376,0.010596112348139286
-0.0011175411054864526,-0.0780211016535759,-0.0020194982644170523,0.040067240595817566,-0.05678072199225426,0.010720988735556602
-0.0020247511565685272,-0.07593555748462677,0.0008380097569897771,0.04033106938004494,0.00495106028392911,0.028807269409298897
-0.003720954293385148,-0.03092377632856369,-0.0023885078262537718,0.06040269881486893,-0.07578218728303909,0.009746420197188854
-0.009123577736318111,-0.0746086984872818,0.0014291912084445357,0.02044937014579773,-0.07128497213125229,0.02223324030637741
-0.008752704598009586,-0.07222160696983337,0.0027517678681761026,0.029430905357003212,-0.051933854818344116,0.01921508088707924
-0.0015450953505933285,-0.0813380777835846,-0.002289597410708666,0.023957567289471626,-0.03370675444602966,0.024722464382648468
-0.010115224868059158,-0.1373705118894577,0.005710539408028126,0.023038646206259727,-0.0022418999578803778,0.016289470717310905
-0.001301732030697167,-0.09527377039194107,0.004337059799581766,0.023238355293869972,-0.024745598435401917,0.02877986431121826
-0.0031812316738069057,-0.03659174218773842,-0.0004988579894416034,0.030531054362654686,-0.03275911137461662,0.019095415249466896
-0.0037578833289444447,-0.028968103229999542,-0.004049237351864576,0.05091442912817001,-0.00385301117785275,0.0252919290214777
-0.007685625459998846,-0.03260026499629021,0.005299446173012257,0.05188658833503723,-0.05230158194899559,0.01845732517540455
-0.013645666651427746,-0.027669187635183334,-0.00202437792904675,0.06028050556778908,-0.0749201700091362,0.007608689833432436
-0.015312672592699528,-0.07949350774288177,0.00024592000409029424,0.0381922647356987,-0.07092981040477753,0.007580570410937071
-0.00021989128435961902,-0.034495268017053604,0.00179501180537045,0.02686695009469986,-0.07622861862182617,0.026677267625927925
-0.0014690430834889412,-0.07422967255115509,0.0009613303118385375,0.027440376579761505,-0.015956327319145203,0.03731999546289444
-0.0066656693816185,-0.04454798251390457,-0.002712064888328314,0.033216580748558044,-0.055236637592315674,0.026769766584038734
-0.006529401522129774,-0.08104930818080902,0.005298121366649866,0.02297082170844078,0.02671736292541027,0.03795476630330086
-0.021494803950190544,-0.1605435162782669,0.005150224082171917,0.03665109723806381,-0.024828996509313583,0.02643938921391964
-0.01219871174544096,-0.0550774447619915,0.0022247342858463526,0.02583257667720318,-0.019927391782402992,0.037978317588567734
-0.008384267799556255,-0.10914600640535355,-0.02371111325919628,0.021202675998210907,0.004435030743479729,0.039944615215063095
-0.011349648237228394,-0.03458007425069809,0.011375799775123596,0.0261685848236084,-0.003560899756848812,0.04280393570661545
0.008086094632744789,-0.028844306245446205,-3.8040165236452594e-05,0.06202903389930725,-0.04295962303876877,0.007372200954705477
0.004639880266040564,-0.03340128809213638,0.0002533630467951298,0.043861497193574905,-0.022638514637947083,0.009148774668574333
0.003971891477704048,-0.024291466921567917,-0.005854742135852575,0.04213252663612366,-0.07398515194654465,-0.00266396370716393
0.0012722145766019821,-0.045261967927217484,-0.0021282427478581667,0.025023600086569786,-0.042772337794303894,0.015852559357881546
-0.004711751360446215,-0.07245884090662003,0.003810620866715908,0.027600856497883797,-0.12450139969587326,0.028342604637145996
-0.002763850148767233,-0.07741162180900574,0.00222088978625834,0.024761836975812912,-0.05091371387243271,0.03435540944337845
-0.01409731525927782,-0.06416847556829453,0.0015962176257744431,0.017563657835125923,-0.0033176818396896124,0.031014952808618546
-0.0003286231658421457,0.013790884986519814,0.005555831827223301,0.05527652055025101,0.01420174352824688,0.0315275639295578
-0.002542775357142091,0.01748003251850605,0.002117123920470476,0.07302547991275787,0.0313270203769207,0.03309731185436249
-0.008347299881279469,-0.032191257923841476,0.0070307631976902485,0.052886370569467545,0.0020769236143678427,0.034078847616910934
-0.002096744952723384,-0.03246871009469032,0.0018185052322223783,0.03486306965351105,-0.03341023623943329,0.0309470035135746
-0.0005860297824256122,-0.026027729734778404,0.0036307794507592916,0.040282148867845535,-0.07060471177101135,0.022220449522137642
-0.0069196694530546665,-0.04023899510502815,0.01028809417039156,0.035768989473581314,-0.07633623480796814,0.02721751481294632
-0.013725797645747662,-0.08034835755825043,0.010072574950754642,0.011665789410471916,-0.056962866336107254,0.027618607506155968
-0.009602153673768044,-0.04227851703763008,0.005020248703658581,0.02835238352417946,-0.025944817811250687,0.03899116441607475
-0.002232894767075777,-0.049100399017333984,0.0012392679927870631,0.034059613943099976,-0.1453084945678711,0.01669939234852791
-0.008967341855168343,-0.05370871722698212,0.0036797497887164354,0.03035782091319561,-0.08077187836170197,0.025356663390994072
-0.004119045101106167,-0.07249864935874939,0.0016143207903951406,0.01835380494594574,-0.03406699746847153,0.026253456249833107
-0.00022677418019156903,-0.08816502243280411,0.006638240069150925,0.021163588389754295,0.043250374495983124,0.058616604655981064
-0.003270536893978715,-0.15027013421058655,-0.010755812749266624,0.029359985142946243,-0.03888970613479614,0.03888973593711853
-0.025396713986992836,-0.10423770546913147,-0.015485275536775589,0.015434397384524345,-0.020902518182992935,0.03872852027416229
-0.01255912147462368,-0.1575346440076828,-0.03884977474808693,0.003530655987560749,0.012411737814545631,0.06826072931289673
-0.029530789703130722,-0.08344034850597382,-0.009011408314108849,0.029199907556176186,-0.05853359028697014,0.030634373426437378
-0.00780454371124506,-0.10459700226783752,-0.03024459443986416,0.01865210197865963,-0.030918162316083908,0.03201217204332352
-0.01584428921341896,0.035268425941467285,0.017955323681235313,0.018549591302871704,0.061280257999897,0.06869257986545563
-0.002209650119766593,-0.08012502640485764,-0.0019144616089761257,0.016020426526665688,0.13324803113937378,-0.02264605276286602
-0.0021708570420742035,-0.03354873135685921,-0.0017735420260578394,0.05715467780828476,-0.0412260927259922,0.014477001503109932
-0.0016518859192728996,-0.06280927360057831,0.002868924755603075,0.04212315380573273,-0.06210561841726303,0.007966377772390842
-0.0013305868487805128,-0.06698928773403168,0.0020381438080221415,0.0400703102350235,-0.05318138375878334,0.023940518498420715
0.0020795685704797506,-0.05520012229681015,0.001125057227909565,0.024494078010320663,-0.0715939924120903,0.023269562050700188
-0.0006411143695004284,0.017990373075008392,0.0027547562494874,0.04401736706495285,0.007354396861046553,0.028501063585281372
-0.004330159164965153,-0.026692381128668785,-0.0005269355606287718,0.028948230668902397,-0.04934294894337654,0.03422830253839493
-0.004002537112683058,-0.05826122686266899,0.0018778340891003609,0.031932663172483444,-0.0509033240377903,0.025648562237620354
-0.00311980489641428,-0.06789825856685638,0.0032230091746896505,0.022543204948306084,-0.07052218914031982,0.03511884808540344
-0.001516640419140458,-0.02939962036907673,0.006632310803979635,0.04207447171211243,-0.03282267972826958,0.028049979358911514
0.0016445708461105824,-0.029279038310050964,0.0016486439853906631,0.03388078510761261,-0.03757938742637634,0.0340043269097805
-0.011305181309580803,-0.026509376242756844,0.007899786345660686,0.026078786700963974,-0.019934803247451782,0.03820152208209038
-0.014400620944797993,-0.029727626591920853,0.002054593525826931,0.03676432743668556,-0.09022392332553864,0.04106239229440689
-0.009052038192749023,-0.02989118918776512,0.0046192617155611515,0.02280450612306595,-0.06207164376974106,0.03920484334230423
-0.009681649506092072,-0.06984710693359375,0.0047631398774683475,0.015119599178433418,-0.1301584392786026,0.0250425785779953
-0.002021257532760501,-0.03788681700825691,-0.0007349406369030476,0.023768246173858643,-0.03156645596027374,0.047577645629644394
-0.003207448637112975,-0.07710607349872589,0.0015830049524083734,0.009937909431755543,0.008048421703279018,0.04299638420343399
-0.0030387716833502054,-0.10077226161956787,0.005483265966176987,0.023249641060829163,-0.020076123997569084,0.039734143763780594
-0.0022356491535902023,-0.16449503600597382,-0.02016891911625862,0.001962588168680668,-0.04055999964475632,0.0347595177590847
-0.006618325598537922,-0.08642618358135223,-0.016687210649251938,0.005269203335046768,-0.0507773719727993,0.0307051632553339
0.018100641667842865,0.028696121647953987,0.043272972106933594,0.04663379117846489,-0.08279136568307877,0.028104517608880997
-0.0071767582558095455,-0.03545399382710457,-0.0009894089307636023,0.0547330267727375,-0.031137652695178986,0.01426247600466013
-0.013442270457744598,-0.04809088632464409,0.004698552191257477,0.05421919748187065,-0.0406191311776638,0.018301229923963547
6.072813630453311e-05,-0.03553859516978264,0.002758094808086753,0.05850480496883392,-0.02344699390232563,0.031366243958473206
-0.0020011875312775373,-0.03570200875401497,0.0005893086199648678,0.03329142928123474,-0.049414247274398804,0.032562144100666046
-0.0038433631416410208,-0.08059918880462646,0.0011422042734920979,0.016763469204306602,-0.028463643044233322,0.026032866910099983
0.002460910938680172,-0.0792936384677887,-0.0016597975045442581,0.021275267004966736,-0.05283575505018234,0.028642695397138596
0.0011037326185032725,0.017811724916100502,0.0024059659335762262,0.03689069300889969,-0.02948097139596939,0.03698308765888214
-6.751554610673338e-05,0.016749529168009758,0.002287741517648101,0.03946613520383835,-0.03286215662956238,0.029282191768288612
0.000702982593793422,0.013929451815783978,0.0007758528809063137,0.045707155019044876,-0.03035036288201809,0.024444764479994774
0.006067235022783279,0.02964058145880699,-0.0007013393915258348,0.050488706678152084,-0.014494598843157291,0.049376968294382095
0.0005366866244003177,-0.030760830268263817,0.006896649487316608,0.02882891148328781,-0.08686629682779312,0.04225216433405876
-0.006935982033610344,-0.027764758095145226,0.005704234354197979,0.03765003755688667,-0.023919353261590004,0.03899018093943596
-0.007433387450873852,-0.02882189303636551,0.006232269108295441,0.026373036205768585,-0.021117357537150383,0.04654834792017937
-0.0022521703504025936,0.0002384937833994627,0.0010111070005223155,0.03704450652003288,-0.04052009806036949,0.039129868149757385
-0.018431728705763817,-0.04904891550540924,0.004867190029472113,0.018183298408985138,-0.07809362560510635,0.030998682603240013
-0.007122354581952095,-0.031026696786284447,0.0005511104827746749,0.02601723000407219,-0.06562886387109756,0.055638764053583145
-0.005143285728991032,-0.07616080343723297,0.00437315134331584,0.019570641219615936,-0.07909997552633286,0.051411788910627365
-0.006975492462515831,-0.033708613365888596,0.004070878028869629,0.03392072767019272,-0.022779924795031548,0.06387931108474731
-0.01027098298072815,-0.0890754759311676,-0.011926930397748947,0.020412947982549667,-0.04487888887524605,0.06330448389053345
-0.013986422680318356,-0.0867549479007721,-0.01571049354970455,0.014999354258179665,-0.023596642538905144,0.04833989962935448
-0.006434223148971796,-0.0930938869714737,-0.006400329992175102,0.0037016747519373894,-0.02388383448123932,0.03874323517084122
0.029034093022346497,-0.07263713330030441,0.012361698783934116,0.018689122051000595,-0.055297043174505234,0.03141246736049652
-0.005534808617085218,-0.03242044895887375,0.0014689121162518859,0.060607846826314926,-0.02603817731142044,0.03055460751056671
0.0012231877772137523,-0.03569972515106201,0.0011076662922278047,0.05826718732714653,-0.05417696759104729,0.028198175132274628
-0.0008302002679556608,0.02891848236322403,-0.00010610577010083944,0.044561803340911865,-0.058006979525089264,0.03295855224132538
0.0029459502547979355,0.015554427169263363,-0.00020280934404581785,0.04700714722275734,-0.07879665493965149,0.04046577587723732
-0.0024447834584861994,-0.06846205145120621,0.006878336891531944,0.03174285590648651,-0.08049426227807999,0.04296697676181793
-0.0038756937719881535,-0.07350210100412369,0.004784583579748869,0.010730172507464886,-0.039602477103471756,0.06645788252353668
-0.0033763921819627285,-0.07788088917732239,0.002916961209848523,0.01697755791246891,-0.0839737057685852,0.05587591975927353
-0.0042861513793468475,-0.08469413220882416,0.0028726300224661827,0.016875090077519417,-0.06224984675645828,0.05705682933330536
0.0030120459850877523,-0.03840125352144241,0.004990844987332821,0.03398001566529274,-0.04049171134829521,0.06064927950501442
-0.001051411614753306,-0.03086383454501629,0.003432301338762045,0.030870961025357246,0.0018008792540058494,0.05692470446228981
-0.0003634706372395158,-0.03405064716935158,0.009141017682850361,0.05931318551301956,-0.05510426685214043,0.03558237478137016
-0.000668162596412003,-0.04859120771288872,0.0016933390870690346,0.05056871101260185,-0.06283935904502869,0.031905218958854675
-0.0014311508275568485,0.02209990844130516,-0.019601313397288322,0.036521270871162415,-0.08485428243875504,0.045023784041404724
0.0050781769677996635,0.022404683753848076,-0.0013664327561855316,0.047198791056871414,-0.05993654951453209,0.05502007156610489
0.007979828864336014,-0.025398410856723785,0.006342501845210791,0.018311375752091408,-0.056481752544641495,0.0680127963423729
0.0019020669860765338,-0.08087560534477234,0.004338640719652176,0.01988227106630802,-0.09068030118942261,0.007945496588945389
0.03449268639087677,0.06993376463651657,0.013249401934444904,0.06039660423994064,-0.08719708770513535,-0.010590855963528156
-0.0008569407509639859,0.10539184510707855,0.00236159167252481,0.06206883117556572,-0.09031671285629272,-0.0038579923566430807
0.0057145156897604465,0.08474412560462952,0.012682544067502022,0.060404229909181595,-0.047281648963689804,0.010944738984107971
0.0030427987221628428,-0.03466077148914337,0.00239922315813601,0.029525049030780792,-0.009054177440702915,0.05884271115064621
-0.010670441202819347,-0.039335768669843674,0.0030649930704385042,0.01653708703815937,0.01707620918750763,0.06118487939238548
-0.002799933310598135,0.02876107208430767,-0.014781182631850243,0.06047317758202553,-0.06262140721082687,0.03323834761977196
-0.0015668390551581979,0.01870874874293804,-0.01296409871429205,0.06228627637028694,-0.15089987218379974,0.02726041153073311
-0.00478875869885087,0.11143429577350616,0.008027764037251472,0.06787005066871643,-0.09263529628515244,-0.003253467381000519
0.017543187364935875,0.07055409252643585,0.013039574958384037,0.05936593934893608,-0.08492131531238556,-0.0018571034306660295
0.0036515078973025084,-0.07364874333143234,0.0009582069469615817,0.0112738236784935,-0.08854328840970993,0.007322169840335846
0.00180651037953794,0.03349965810775757,0.010421264916658401,0.03975712135434151,-0.13415126502513885,4.0002840250963345e-05
0.009321276098489761,0.06101253256201744,0.008885491639375687,0.05134287104010582,-0.07138915359973907,0.0143711743876338
-0.004807829856872559,-0.08851107954978943,0.0002384568506386131,0.0013900699559599161,0.08478300273418427,-0.02226134203374386
-0.006549339275807142,-0.08215884864330292,-0.016712235286831856,0.012833995744585991,0.17306682467460632,-0.025736311450600624
-0.005892994347959757,0.029404236003756523,-0.005566675681620836,0.05829169601202011,-0.06585537642240524,0.003187516238540411
-0.004293831065297127,0.14532752335071564,0.0013195519568398595,0.07010194659233093,-0.10299398005008698,0.007644440978765488
-0.005395667627453804,-0.08719614148139954,0.005234578624367714,0.008380298502743244,-0.1932639330625534,0.011744491755962372
0.00011431978055043146,0.030293408781290054,-0.0077340430580079556,0.050889842212200165,0.05379871651530266,0.03790486976504326
-0.008220739662647247,0.026012999936938286,-0.012586813420057297,0.058224305510520935,-0.08584228157997131,-0.08635816723108292
-0.020870991051197052,0.03866705670952797,-0.011176750995218754,0.07409199327230453,-0.01945325918495655,0.01848161406815052
-0.009288834407925606,0.11894810199737549,0.004529495723545551,0.048606377094984055,-0.09204285591840744,0.01204246748238802
-0.007808791007846594,0.16387289762496948,0.004219649359583855,0.06401435285806656,-0.07486795634031296,0.01046837866306305
-0.005127000622451305,-0.08349572122097015,0.006588905118405819,0.006485940422862768,-0.0845172107219696,-0.035377033054828644
-0.00579009810462594,0.016905222088098526,0.011334037408232689,0.04854888841509819,-0.04314291849732399,0.02737547643482685
-0.00309163355268538,0.01476020086556673,0.0014944508438929915,0.03455907851457596,-0.056339334696531296,0.05750029906630516
-0.005093706306070089,0.0868803858757019,0.02009083516895771,0.03936097398400307,0.01655576564371586,0.03524376079440117
-0.011028283275663853,-0.03931228443980217,-0.014183323830366135,0.022945532575249672,0.15153786540031433,0.04360309615731239
-0.0379495695233345,-0.11147423833608627,-0.04840473830699921,0.002222179202362895,0.10360068827867508,0.10927455872297287
-0.035054147243499756,-0.10750363022089005,-0.02663956955075264,0.006910893600434065,0.07584108412265778,0.1337292492389679
-0.00949067808687687,0.17126375436782837,-0.006063714157789946,0.061470773071050644,-0.10425274819135666,0.028005016967654228
-0.01929245889186859,0.21900224685668945,-0.0029748580418527126,0.07540053874254227,0.008568895980715752,-0.006256238557398319
-0.002075757132843137,0.01358488854020834,0.010484874248504639,0.06429942697286606,-0.07003489136695862,0.03486914187669754
-0.0039609381929039955,0.02107890509068966,-0.006009110249578953,0.058317966759204865,-0.07610206305980682,-0.07566884905099869
0.003058828879147768,-0.07624676823616028,0.006449756678193808,0.011107398197054863,-0.14603997766971588,-0.08591259270906448
0.019186168909072876,0.16025729477405548,-0.003416812978684902,0.04700089246034622,-0.06711868941783905,0.027216769754886627
-0.030618147924542427,-0.15579508244991302,-0.019486092031002045,0.004285499453544617,0.002096588723361492,0.0362834669649601
-0.008225386962294579,-0.16391028463840485,-0.03931203484535217,0.0008805878460407257,0.10933421552181244,0.07898563146591187
-0.0068100495263934135,0.04091062396764755,-0.004744760226458311,-0.03507184609770775,0.019419806078076363,-0.02200312539935112
-0.0017943878192454576,0.16215775907039642,0.043533504009246826,0.06461632251739502,-0.09768426418304443,-0.03582550212740898
-0.003929398953914642,0.07890412211418152,-0.0008046312723308802,0.045040249824523926,-0.028283489868044853,-0.031738702207803726
0.007717169355601072,0.17037132382392883,0.011936687864363194,0.060354966670274734,-0.034577760845422745,0.015553588978946209
-0.004328774753957987,0.1786307841539383,0.0003213484596926719,0.06477384269237518,-0.054286424070596695,0.06030977889895439
-0.020121347159147263,0.08037512004375458,0.0023143282160162926,0.031947847455739975,-0.05731268972158432,0.05630519613623619
-0.016837218776345253,-0.09730907529592514,-0.010987055487930775,0.011126091703772545,-0.05847616866230965,-0.05548635497689247
-0.006727350875735283,-0.13146889209747314,0.01105218380689621,-0.003657593624666333,0.008940661326050758,-0.019871020689606667
0.022475507110357285,0.10079360753297806,0.04916207492351532,0.02842685952782631,-0.005759486462920904,0.07628454267978668
-0.005155188497155905,0.11163990199565887,0.005585598759353161,0.0551215298473835,-0.04630661383271217,0.06580986082553864
-0.013856428675353527,-0.031117266044020653,0.0036928148474544287,0.023517226800322533,0.06749945878982544,0.046589065343141556
-0.0021182226482778788,0.18071480095386505,-0.004737107083201408,0.03063805401325226,-0.027476944029331207,-0.004369461443275213
-0.0013010205002501607,0.16628046333789825,-0.0037718401290476322,0.040445033460855484,-0.05568516626954079,0.007254207041114569
0.005137588828802109,0.026302501559257507,-0.01318434253334999,0.04232361912727356,-0.05770818889141083,0.011663946323096752
0.012021582573652267,0.14541900157928467,-0.010258443653583527,0.06284825503826141,-0.20384694635868073,-0.00624246709048748
-0.009800422005355358,-0.03420412540435791,0.002890428528189659,0.035152584314346313,-0.08412374556064606,0.020444942638278008
0.053354550153017044,-0.0309210866689682,-0.00855599157512188,0.04082556441426277,-0.12002187967300415,0.010674821212887764
-0.0020374234300106764,0.02904588356614113,0.011514807119965553,0.03545348718762398,0.13476845622062683,0.035452332347631454
-0.01606261171400547,-0.027800198644399643,-0.004824368748813868,0.02200108952820301,-0.01744898222386837,0.022422540932893753
-0.01925976574420929,-0.07144904136657715,0.006795134861022234,0.02099328301846981,-0.030342664569616318,0.033721037209033966
-0.0049928887747228146,0.015841493383049965,0.0007406524964608252,0.04232931509613991,0.03299954906105995,0.041453588753938675
0.041319966316223145,-0.03169722482562065,-0.0067245387472212315,0.00152090925257653,0.0018276883056387305,0.018324414268136024
-0.005517651326954365,-0.0753636583685875,0.003959204535931349,0.026716405525803566,-0.09900915622711182,0.03268716484308243
-0.013411901891231537,-0.044447194784879684,0.005547984968870878,0.041247688233852386,0.020297912880778313,-0.023673010990023613
-0.009007596410810947,-0.04423429071903229,0.005376696586608887,0.030271103605628014,-0.05596578121185303,-0.030816808342933655
-0.01146660465747118,-0.0413152277469635,0.008018417283892632,0.025985272601246834,-0.15305259823799133,-0.06447482109069824
-0.0015850886702537537,-0.028991317376494408,0.005943737458437681,0.021844251081347466,-0.0302862748503685,-0.038170162588357925
3.136525947411428e-06,0.01100087072700262,-0.0006698318175040185,-0.02695610374212265,0.03327775001525879,0.04258393123745918
0.008129003457725048,-0.0501091293990612,0.0031190449371933937,-0.003595246933400631,-0.04933934286236763,0.009199559688568115
-0.0020502957049757242,-0.0361776128411293,0.00021940282022114843,0.017234910279512405,-0.07152048498392105,0.022112900391221046
0.03329925611615181,-0.03184277564287186,0.004384355153888464,0.025038788095116615,-0.06036544591188431,0.036430638283491135
0.06233922764658928,-0.009022410959005356,-0.007439192850142717,0.010296992026269436,-0.06889711320400238,0.07326636463403702
0.07050158083438873,0.032607302069664,-0.018796462565660477,0.03937295079231262,-0.06921892613172531,0.016105113551020622
0.009638945572078228,0.009794921614229679,-0.008549085818231106,0.03599736467003822,-0.07267717272043228,-0.054538607597351074
-0.024241436272859573,0.04044559225440025,0.013681014068424702,0.05120092257857323,0.09180355072021484,0.07576918601989746
-0.019144685938954353,-0.07266970723867416,0.006058659870177507,0.02289579063653946,0.010557003319263458,0.09243930131196976
0.0008159431163221598,0.026316558942198753,0.010148171335458755,0.04980018362402916,-0.07703407853841782,-0.06361865997314453
-0.0003705930430442095,-0.05038006231188774,0.009554306976497173,0.024318626150488853,-0.08023335039615631,0.052041567862033844
0.0022252541966736317,0.08340708911418915,0.010125786066055298,0.0231009554117918,-0.06828615814447403,-0.07183940708637238
-0.03215184807777405,-0.07210959494113922,0.0059281280264258385,0.01777569018304348,-0.09685303270816803,0.0472298301756382
-0.01199109386652708,0.011455214582383633,0.018251720815896988,-0.03299274295568466,0.02890736237168312,-0.007884353399276733
-0.0008218519506044686,-0.03215601667761803,-0.00038263044552877545,-0.023879462853074074,0.0150888217613101,-0.000106900988612324
-0.003974482417106628,0.04507587477564812,-0.0009037427371367812,-0.02602034993469715,-0.014599012210965157,0.017249947413802147
0.03334997221827507,0.05062590166926384,-0.013944006524980068,-0.017428342252969742,-0.02537316270172596,-0.015170826576650143
0.04169271141290665,0.01858419179916382,0.03412467613816261,0.00763744255527854,-0.04224560782313347,-0.007593111135065556
0.09512870013713837,0.24595798552036285,0.06781407445669174,0.027941275388002396,0.040195923298597336,0.08658085018396378
0.09766453504562378,0.20222550630569458,0.011096368543803692,0.023182787001132965,-0.0003775090735871345,0.08191966265439987
0.09628742933273315,0.12682202458381653,0.038402825593948364,0.02415776066482067,0.0025195679627358913,0.04610952362418175
0.07823137938976288,0.2094801664352417,0.01084473729133606,0.006270288024097681,-0.01280958391726017,0.06678374856710434
0.11165294796228409,0.22581747174263,0.017712701112031937,-0.0023281662724912167,-0.0405539870262146,-0.04403729736804962
-0.013245396316051483,0.03252478688955307,0.004606219008564949,0.07179179042577744,-0.16456738114356995,0.06884003430604935
-0.007331595756113529,-0.03013267181813717,0.006867474410682917,0.0393468476831913,-0.042263925075531006,0.05125700682401657
-0.005666806828230619,0.029421400278806686,0.005342498421669006,0.04224405437707901,-0.03816796839237213,0.08098937571048737
-0.001102127367630601,0.21526266634464264,0.006366310175508261,-0.0058509293012320995,0.022292040288448334,0.097296342253685
-0.0037237294018268585,0.08469998836517334,0.0031500740442425013,-0.024238865822553635,0.07485033571720123,0.050318244844675064
0.0025175129994750023,0.17214924097061157,0.014582390896975994,-4.888348030362977e-06,0.037868596613407135,0.029530808329582214
0.010090174153447151,0.17603488266468048,0.011952128261327744,-0.012128325179219246,-0.028687044978141785,0.050420522689819336
-0.005299311596900225,0.1552705317735672,0.019319359213113785,-0.0014811672735959291,-0.050477612763643265,-0.011042860336601734
0.08445049822330475,0.21687527000904083,0.008189782500267029,3.773188291233964e-05,-0.04276276007294655,0.002335301600396633
0.08765769004821777,0.22268438339233398,0.05652699992060661,-0.01017437782138586,-0.055028703063726425,0.02449742518365383
0.03893885761499405,0.2531910538673401,0.047682683914899826,0.04720082879066467,-0.03624018281698227,-0.03743031248450279
0.014612373895943165,0.149501770734787,-0.001260886318050325,-0.07912439852952957,0.01867818273603916,-0.011393530294299126
0.014551246538758278,0.1062161922454834,0.021136220544576645,-0.05431867390871048,0.05922159180045128,0.03861493989825249
0.06614647805690765,0.16040600836277008,0.024516111239790916,-0.02995540015399456,-0.03681439906358719,-0.027273623272776604
0.09911081194877625,0.1748320460319519,0.035195913165807724,-0.07834889739751816,-0.049199607223272324,-0.004315540194511414
0.07169268280267715,0.16632987558841705,0.02541385404765606,-0.02273864671587944,-0.08089783042669296,-0.020898474380373955
0.07580997794866562,0.1828882247209549,0.05986708030104637,-0.069855235517025,-0.01820479892194271,0.0029939617961645126
0.08973255753517151,0.23683927953243256,0.06783359497785568,-0.06071719154715538,-0.05569197237491608,-0.005677693989127874
-0.004880484659224749,-0.048060983419418335,-0.007846287451684475,-0.008341921493411064,0.13491445779800415,0.013828837312757969
-0.003640225389972329,-0.05015960708260536,-0.0020752751734107733,-0.002379166427999735,0.1337517350912094,0.00012284044350963086
-0.009107179008424282,-0.0289192795753479,-0.0021008534822613,-0.014670728705823421,0.08411982655525208,0.014667978510260582
-0.0015527881914749742,-0.03128194808959961,0.008205297403037548,-0.012128847651183605,0.10733410716056824,0.023990198969841003
-0.004751795437186956,0.007804966531693935,0.0002180761657655239,-0.024628987535834312,0.08440426737070084,0.018255705013871193
0.04622568190097809,0.15628328919410706,-0.011615956202149391,-0.06658118218183517,-0.019136633723974228,-0.014005021192133427
-0.0024133948609232903,-0.022409312427043915,-0.008611340075731277,-0.01604549027979374,0.043950412422418594,0.026642415672540665
0.06297788769006729,0.18517173826694489,0.03619251400232315,-0.07605992257595062,-0.12542033195495605,-0.020037639886140823
-0.01017346978187561,-0.1169978603720665,-0.04277579113841057,-0.009019991382956505,0.006430379580706358,0.04546656087040901
-0.01193072646856308,-0.05896434187889099,-0.01535424217581749,0.03119671903550625,-0.05596057325601578,0.03235340118408203
-0.0031552037689834833,-0.034376293420791626,-0.0016739385901018977,0.028366977348923683,-0.056187521666288376,0.017979426309466362
-0.02528749592602253,-0.1144634261727333,-0.025316840037703514,0.044639814645051956,-0.05078275874257088,0.04049668833613396
-0.013483570888638496,-0.04424763098359108,-0.016315428540110588,0.0362069308757782,-0.002489672973752022,0.020897576585412025
-0.012440936639904976,-0.0717637687921524,-0.021429698914289474,0.036783941090106964,0.02754869870841503,-0.013211729004979134
-0.016889013350009918,-0.11222142726182938,-0.022346066311001778,0.03630531206727028,0.006337396800518036,-0.005747802089899778
-0.005018462892621756,0.00979302916675806,0.00018278698553331196,-0.005196128971874714,-0.027525266632437706,-0.004811514634639025
-0.002550622681155801,-0.05641288310289383,-0.004261744674295187,0.04414097219705582,-0.019208770245313644,-0.004763812758028507
-0.005045060068368912,-0.06657528877258301,0.0016654864884912968,0.023323820903897285,-0.02773037552833557,-0.009973248466849327
-0.010331239551305771,-0.02087649330496788,-0.00031979955383576453,-0.0023890072479844093,-0.02191830426454544,-0.021931812167167664
-0.01613507606089115,-0.029539702460169792,0.0007163265836425126,0.01747926138341427,-0.027656633406877518,-0.020100422203540802
0.021878723055124283,0.13195179402828217,-0.018621282652020454,-0.06652028858661652,-0.10913354158401489,-0.026972923427820206
0.04883333668112755,0.20104219019412994,-0.004159578587859869,-0.06391255557537079,-0.09440872818231583,0.013080409727990627
-0.0072439294308424,0.04907276853919029,-0.010127652436494827,-0.05626743659377098,-0.0826897919178009,-0.022845543920993805
0.04792402312159538,0.14676731824874878,-0.016187759116292,-0.06509633362293243,-0.10252043604850769,-0.02864077128469944
0.030716491863131523,0.18701444566249847,-0.005113768391311169,-0.06628838181495667,-0.10853809118270874,0.01608092710375786
0.015115322545170784,0.15225167572498322,0.0145641528069973,-0.05491716042160988,-0.09281469136476517,0.024937313050031662
-0.012267960235476494,0.028643734753131866,0.017049308866262436,-0.05107283219695091,-0.0647769495844841,0.0019949334673583508
-0.00927986390888691,0.016773661598563194,0.004503821022808552,-0.05318257585167885,-0.03889037296175957,0.008112032897770405
-0.01663980446755886,-0.04413265734910965,-0.0037153998855501413,-0.0370294526219368,-0.07017776370048523,-0.024818070232868195
-0.01178103219717741,0.05833922326564789,0.0017016564961522818,-0.05358868092298508,-0.053701601922512054,-0.008041187189519405
-0.005257506854832172,0.1760406345129013,0.009199158288538456,-0.07506420463323593,-0.10248355567455292,-0.009970798157155514
-0.020337417721748352,-0.047474443912506104,0.03407800942659378,-0.029813366010785103,-0.014547730796039104,-0.014211822301149368
-0.014777960255742073,-0.026928747072815895,0.023999761790037155,-0.041562728583812714,-0.015365793369710445,-0.020137878134846687
-0.020047713071107864,-0.0747838020324707,0.0004807916411664337,-0.01683136075735092,0.0037862390745431185,-0.012195431627333164
0.02615986578166485,0.061932966113090515,-0.002400391036644578,-0.03925273194909096,-0.02128266915678978,-0.013458432629704475
-0.012655445374548435,0.15539737045764923,-0.01856142468750477,-0.031952258199453354,-0.3522213101387024,-0.03350437432527542
-0.0010470860870555043,-0.007940518669784069,0.001624434837140143,0.042152371257543564,-0.08020557463169098,0.007238992489874363
-0.001542980084195733,0.02380162663757801,-0.005199839361011982,0.06147438660264015,-0.11627018451690674,0.005353484768420458
-0.018220985308289528,0.16600298881530762,0.022982588037848473,-0.06498435884714127,-0.037782590836286545,-0.010970420204102993
-0.014483774080872536,0.11650707572698593,0.027053890749812126,-0.022496672347187996,-0.026165924966335297,-0.023862220346927643
-0.0035762132611125708,0.047311265021562576,-0.001603243057616055,-0.02893819659948349,-0.016487548127770424,0.004729758482426405
0.02610590308904648,0.09341605007648468,-0.018471257761120796,-0.010019367560744286,-0.07177811115980148,-0.027175163850188255
0.006544955540448427,0.027080809697508812,-0.0008555929525755346,0.04052295163273811,-0.07137145102024078,-0.005009722430258989
0.04471820220351219,0.05774008482694626,-0.018685782328248024,0.06918764859437943,-0.13332688808441162,-0.002742692129686475
-0.014235435053706169,-0.03235740587115288,0.02217039093375206,-0.024541538208723068,-0.025408487766981125,-0.014407915994524956
-0.0040794312953948975,0.013709035702049732,-0.0002990170323755592,-0.023586861789226532,-0.029995867982506752,0.0029613517690449953
-0.009892525151371956,0.16272462904453278,-0.004652487579733133,0.0334501676261425,-0.02413691207766533,0.01482673455029726
0.03620229288935661,0.2071593850851059,0.012273009866476059,0.050742123275995255,-0.08852215111255646,-0.015818828716874123
0.03876209259033203,0.16305996477603912,0.007519370876252651,0.05631770193576813,-0.09546378999948502,-0.012685658410191536
0.06369000673294067,0.2282564491033554,0.008086411282420158,0.066888228058815,-0.09455938637256622,-0.01923133060336113
-0.008481086231768131,0.03589073196053505,-0.012483778409659863,0.08828362822532654,-0.3043380081653595,-0.0013299043057486415
-0.00435459753498435,0.06896258145570755,-0.019818689674139023,0.07084550708532333,-0.2847907245159149,0.001451717922464013
-0.017886897549033165,-0.11962403357028961,0.024024723097682,-0.03156975284218788,-0.04995173215866089,-0.027646470814943314
-0.021060219034552574,0.016633324325084686,0.022186478599905968,-0.0419992133975029,-0.07823987305164337,-0.03052418865263462
0.0766414999961853,0.1871664971113205,-0.0014071763725951314,0.0391816720366478,-0.11632215976715088,-0.025380700826644897
0.07678729295730591,0.0309496708214283,-0.004253725055605173,0.061764370650053024,-0.23854318261146545,-0.0001580872922204435
0.005654257722198963,0.11891283094882965,0.0017503021517768502,0.07086755335330963,-0.09796170890331268,-0.004312420263886452
-0.002639621961861849,0.035306621342897415,-0.0009567937231622636,0.06510846316814423,-0.07731422036886215,0.009429720230400562
-0.008963375352323055,0.11651913821697235,0.009604895487427711,0.0705336183309555,-0.09453979879617691,0.006159867625683546
-0.018081216141581535,-0.05493038147687912,0.02397896721959114,-0.028806565329432487,-0.024891581386327744,-0.017357898876070976
-0.01335587352514267,-0.0749160423874855,0.0066190799698233604,-0.019770074635744095,-0.05824762210249901,0.0007398327579721808
-0.00849379226565361,-0.045948538929224014,0.011457198299467564,-0.015631698071956635,-0.12232639640569687,-0.0022710978519171476
0.005891427397727966,0.1479187160730362,0.04043819010257721,-0.06604301184415817,-0.1770729273557663,0.006122127640992403
-0.008411969989538193,0.14536423981189728,-0.002646353095769882,0.03975043073296547,-0.16852505505084991,-0.016421252861618996
0.0007349089137278497,0.16005690395832062,0.0016238229582086205,0.059147343039512634,-0.09038594365119934,-0.005042480304837227
0.031911786645650864,0.16098061203956604,0.006394485477358103,0.06451299041509628,-0.058933064341545105,0.0036722237709909678
0.007577167358249426,0.03991203010082245,-0.002982553094625473,0.06166282296180725,-0.07635697722434998,0.008332961238920689
-0.0014129691990092397,0.020028969272971153,-0.005917754489928484,0.0459381528198719,-0.04525905102491379,0.014431260526180267
-0.004714018665254116,0.01919270120561123,0.006088667083531618,0.04240071028470993,-0.08089102059602737,0.011617266573011875
-0.016748612746596336,-0.04341309517621994,0.02674531191587448,-0.029962027445435524,-0.05832130089402199,-0.01973879337310791
-0.010382640175521374,-0.026069218292832375,0.005328946281224489,-0.042485784739255905,-0.06914801150560379,-0.007984494790434837
-0.017797771841287613,-0.016683435067534447,0.004379919730126858,-0.00812449213117361,-0.1359008401632309,-0.007466862443834543
-0.008816175162792206,-0.0041266195476055145,0.0016670641489326954,-0.008595028892159462,-0.28514811396598816,-0.0028216885402798653
0.0008077006204985082,-0.0010235814843326807,-0.004790303763002157,0.029204390943050385,-0.28353574872016907,-0.0010840401519089937
0.006528377532958984,0.14549820125102997,0.017631931230425835,0.01800849288702011,-0.34860244393348694,-0.03831009194254875
-0.0014980370178818703,0.0776226595044136,-0.021886248141527176,0.08132215589284897,-0.3043099641799927,0.00590906385332346
-0.00249772728420794,0.03763015940785408,-0.011662834323942661,0.08018865436315536,-0.3074954152107239,0.012155813165009022
-0.0004467478720471263,0.029689911752939224,0.002065172651782632,0.07117793709039688,-0.07392776757478714,0.02068084292113781
-0.0058097620494663715,0.03140684962272644,-0.003647112986072898,0.06723702698945999,-0.051153313368558884,0.01756950095295906
0.07112563401460648,0.19723454117774963,0.008303198963403702,0.0430283397436142,0.01826639659702778,0.000551805307622999
0.001215814147144556,-0.031086480244994164,-0.001911191619001329,0.027458341792225838,-0.025618240237236023,0.01594562828540802
-0.01593025028705597,0.012597070075571537,0.014176865108311176,-0.03319932147860527,-0.06712736934423447,-0.023226965218782425
0.006236693821847439,-0.02469651587307453,0.0006737984949722886,-0.005757675040513277,-0.20925915241241455,-0.007920296862721443
-0.0025988765992224216,0.009224502369761467,-0.006282053422182798,-0.0014089132891967893,-0.2590254843235016,-0.009011493064463139
0.002428783103823662,0.24228933453559875,0.04491579160094261,-0.006277230102568865,-0.14728684723377228,0.01487309392541647
0.034529656171798706,0.1990537792444229,-0.0028324162121862173,0.06253013759851456,-0.09357773512601852,-0.013589643873274326
-0.0028510335832834244,0.028235672041773796,0.0042924038134515285,0.04084283486008644,-0.10300326347351074,-0.017443060874938965
-0.011419706046581268,0.16795982420444489,-0.008937573991715908,0.07264792174100876,-0.05735699087381363,0.012389658950269222
-0.011004343628883362,0.02906283549964428,-0.0038964899722486734,0.06688990443944931,-0.08891676366329193,0.0112234428524971
-0.004199107643216848,-0.07987439632415771,-0.0006639737985096872,0.019817719236016273,-0.05274531990289688,0.028861667960882187
-0.0023631372023373842,-0.038190651684999466,0.0007317187846638262,0.022324297577142715,-0.04852256178855896,0.03021479770541191
-0.002195551060140133,0.13229697942733765,0.010827875696122646,0.0021571479737758636,-0.1534366011619568,-0.03292017802596092
-0.0013016721932217479,0.1345367431640625,0.009544746950268745,0.0021095816045999527,-0.1315532922744751,-0.028697745874524117
0.014562639407813549,0.05844985321164131,-0.003453603247180581,0.042994093149900436,-0.16912025213241577,-0.021045386791229248
0.04554956406354904,0.023315157741308212,-0.023755157366394997,0.05873425304889679,-0.08792361617088318,-0.004513727966696024
0.005035133566707373,0.12057481706142426,0.0018609915859997272,0.05737306550145149,-0.0532621294260025,0.022096021100878716
0.032582320272922516,0.16337907314300537,-0.017277078703045845,0.050313450396060944,-0.07176166772842407,-0.004528009332716465
0.005503290798515081,-0.02998068742454052,0.006960632745176554,0.04069487378001213,-0.08057106286287308,0.040018972009420395
0.00067107257200405,-0.08764366805553436,0.008138560689985752,0.020204614847898483,-0.026986058801412582,0.02606034278869629
0.004167808219790459,0.03224172070622444,-0.002230345271527767,0.04370248317718506,-0.03294026479125023,0.0024626224767416716
0.04346437007188797,0.17836475372314453,0.019869690760970116,0.06529763340950012,0.013785220682621002,-0.0037972063291817904
0.0041483729146420956,0.026074036955833435,0.001048044883646071,0.062065865844488144,0.01012483611702919,0.01983683928847313
0.01136891171336174,0.03059467114508152,0.019076431170105934,0.062196217477321625,-0.01716678775846958,0.013833276927471161
0.01902267336845398,0.028938639909029007,0.02161536179482937,0.030791904777288437,-0.08128240704536438,-0.008139493875205517
0.006612911820411682,0.030902136117219925,-0.006736620794981718,0.06055346876382828,-0.07961288839578629,0.007091618608683348
0.0018794445786625147,0.022039998322725296,-0.01240259874612093,0.07250061631202698,-0.04495837911963463,0.014009814709424973
0.008449406363070011,-0.03247680515050888,0.0036858641542494297,0.02807650715112686,-0.01953721046447754,0.03360043093562126
-0.010382409207522869,0.1418348103761673,-0.0073554543778300285,0.04432478919625282,-0.33871716260910034,-0.028072265908122063
0.0004175612994004041,0.023105526342988014,-0.01976083777844906,0.06355713307857513,-0.2068588137626648,-0.0035310492385178804
-0.0013364002807065845,0.01361728087067604,0.002933516865596175,0.059370316565036774,-0.061140649020671844,0.030338570475578308
-0.003935270477086306,0.010567721910774708,-0.012777426280081272,0.06841793656349182,-0.24818246066570282,-0.019191531464457512
-0.00519575597718358,0.014364046975970268,0.007935862056910992,0.03403124213218689,-0.08664469420909882,-0.010306200012564659
0.02959498204290867,0.09218951314687729,-0.016003165394067764,0.036004360765218735,-0.01047613937407732,0.020101459696888924
-1.0739599929365795e-05,0.02034733071923256,0.020980415865778923,0.04004813730716705,-0.08520208299160004,-0.005516592413187027
0.06266115605831146,0.2060883790254593,0.009954842738807201,0.06042005866765976,-0.09662463515996933,-0.028165623545646667
0.049731090664863586,0.16067317128181458,0.008859126828610897,0.06705594062805176,-0.08756856620311737,-0.012157130986452103
-0.00635050842538476,0.019847026094794273,0.021551702171564102,0.008255916647613049,-0.04211259260773659,-0.004134058486670256
0.001747791189700365,0.21055904030799866,0.042534828186035156,0.03027493879199028,-0.06639696657657623,0.0312397088855505
0.010786856524646282,0.07796893268823624,0.002892624121159315,0.0675552636384964,-0.21406182646751404,-0.008031035773456097
0.0760427862405777,0.07707783579826355,-0.005505150184035301,0.05895201116800308,-0.25912049412727356,-0.019059045240283012
0.02554408833384514,0.02935742773115635,-0.015361963771283627,0.06031561270356178,-0.08085687458515167,-0.0138248885050416
0.03302578628063202,0.018349550664424896,-0.022969694808125496,0.06843103468418121,-0.01579304039478302,0.012732738628983498
-0.001927002682350576,0.015457087196409702,-0.01013595424592495,0.018965262919664383,0.011932028457522392,0.005707235541194677
-0.0009923850884661078,0.05783102661371231,0.01013174932450056,0.04205930605530739,0.030430058017373085,0.023492828011512756
0.0019214076455682516,0.0832340270280838,0.007063070312142372,0.0204837154597044,-0.05578336864709854,-0.0001772119867382571
-0.007084019482135773,0.12291249632835388,0.017502304166555405,-0.0014180558500811458,-0.09838303923606873,-0.004802768584340811
0.09290535002946854,0.2125791311264038,0.049726229161024094,-0.012474673800170422,-0.07701714336872101,0.006739778909832239
0.013941711746156216,0.26071897149086,0.04657960683107376,0.054884061217308044,0.06774915009737015,0.042388711124658585
-0.00027548245270736516,0.23421718180179596,0.00479006115347147,0.0676819384098053,0.05167532339692116,0.02881290763616562
-0.0027180772740393877,0.12996213138103485,-0.012795221991837025,0.06374499201774597,-0.048759665340185165,0.010114960372447968
-0.005531168542802334,0.03926771879196167,-0.007994534447789192,0.06632596254348755,-0.14656920731067657,-0.0006506499485112727
-0.0015668747946619987,0.03322910889983177,-0.0039011130575090647,0.08688877522945404,-0.2919822037220001,0.009469624608755112
0.009953030385077,0.04032136872410774,-0.014802239835262299,0.08526452630758286,-0.2799834907054901,0.0018975351704284549
0.010428582318127155,0.024751320481300354,-0.0019670675974339247,0.04593789204955101,0.0047365762293338776,0.03615057095885277
0.010180512443184853,0.02604050748050213,-0.0003463324101176113,0.051112424582242966,0.011711493134498596,0.05966031178832054
0.006750795990228653,0.021261684596538544,-0.003062615869566798,0.035099469125270844,-0.061432916671037674,0.009661373682320118
0.06961797922849655,0.031860291957855225,0.05935782194137573,0.0717049092054367,0.13347922265529633,0.046849846839904785
0.04029037430882454,0.02435721643269062,0.04331807419657707,0.07581190764904022,0.1354691982269287,0.051408179104328156
0.002865173388272524,-0.037158332765102386,-0.0009482448804192245,0.03628058359026909,0.07837190479040146,0.0495603010058403
-0.0013284235028550029,-0.03451475501060486,0.0012569362297654152,0.039649877697229385,0.022581346333026886,0.04805437847971916
-0.007570920046418905,0.008688278496265411,-0.0012109809322282672,0.021521029993891716,-0.06518929451704025,0.016346756368875504
-0.01017223484814167,0.03045433945953846,0.011163691058754921,0.0409175269305706,-0.10284816473722458,0.047611042857170105
-0.004301072098314762,-0.029009239748120308,0.007212052587419748,0.06011400744318962,-0.05679922550916672,0.021396858617663383
0.07692234218120575,0.11358032375574112,0.054938532412052155,0.0696599930524826,-0.04700431972742081,0.03122764825820923
0.09227844327688217,0.2249116152524948,0.061392609030008316,0.08726315200328827,-0.032570730894804,0.03931418061256409
0.009055564180016518,0.22869496047496796,0.017514988780021667,0.0722857341170311,-0.11354879289865494,0.019300714135169983
-0.0031954695004969835,-0.03434380143880844,0.002202827949076891,0.05559302866458893,-0.059678658843040466,0.0324181392788887
0.0007392047555185854,0.020663931965827942,-0.004393647890537977,0.05424303188920021,-0.04905114322900772,0.007150570396333933
-0.006706109270453453,-0.06400194019079208,0.006473804358392954,0.051527563482522964,0.05283530801534653,0.0658637210726738
-0.001945285010151565,-0.03138403221964836,0.0019230007892474532,0.05766952782869339,0.061434514820575714,0.0610337071120739
0.0005785576649941504,0.025240620598196983,0.0049707405269145966,0.06933807581663132,-0.06847042590379715,0.007585476152598858
0.0016118349740281701,0.03221066668629646,0.015072815120220184,0.0714828297495842,-0.04978935793042183,0.008144817315042019
-0.009240680374205112,0.1237405315041542,0.002573269186541438,0.0640336126089096,-0.03474480286240578,0.001927389414049685
-0.014730069786310196,-0.06300999224185944,0.0030092247761785984,0.04736870899796486,0.023505643010139465,0.017506303265690804
0.03200297802686691,0.12918756902217865,0.008972471579909325,0.06117382273077965,-0.032031796872615814,-0.007336677983403206
-0.003547094063833356,-0.03683383762836456,0.005938378162682056,0.05888589099049568,0.015370170585811138,0.03531251475214958
-0.0009771238546818495,-0.03537463769316673,0.007000071927905083,0.05522416532039642,-0.00562265794724226,0.034897640347480774
-0.006673834286630154,-0.03460223600268364,0.0004482236399780959,0.05586734041571617,-0.027342578396201134,0.03693392500281334
-0.0014362030196934938,-0.052520379424095154,0.008328822441399097,0.053416889160871506,-0.06774048507213593,0.03125647455453873
-0.021243341267108917,-0.11284872144460678,0.0031989903654903173,0.015532354824244976,0.007157855201512575,0.012201444245874882
-0.0033517847768962383,-0.028139790520071983,0.010625544935464859,0.04813782498240471,-0.05036301165819168,0.033336080610752106
0.06442221254110336,0.05042601004242897,0.03833335265517235,-0.03778771311044693,-0.05522051081061363,-0.044294219464063644
-0.010008489713072777,0.1450362503528595,-0.005892104934900999,0.030997324734926224,-0.16130255162715912,-0.016603320837020874
0.00016241063713096082,-0.02697807177901268,0.003885204205289483,0.062319014221429825,0.014353352598845959,0.037892866879701614
-0.0017734646098688245,-0.027386119589209557,0.0053290193900465965,0.049720533192157745,0.084866002202034,0.054647210985422134
-0.0008844729163683951,0.01393640786409378,0.0006963306805118918,0.05878794193267822,0.06235286220908165,0.06054899841547012
-0.0010690930066630244,0.034719068557024,-0.0114173274487257,0.07579505443572998,0.015342029742896557,0.028005877509713173
-0.01603412628173828,0.06822352111339569,0.0028161341324448586,0.07194297760725021,0.024540279060602188,0.0256494227796793
0.017384612932801247,0.17636288702487946,0.004559401888400316,0.06854215264320374,0.031102905049920082,0.020970717072486877
0.04548392817378044,0.1823483109474182,0.018711503595113754,0.05016271397471428,0.0009774392237886786,-0.0012384812580421567
-0.008399872109293938,0.014957177452743053,0.003750875359401107,0.057147279381752014,0.030032115057110786,-0.0059800781309604645
-0.009370807558298111,0.03220292925834656,-0.012294908985495567,0.06761221587657928,0.08968736231327057,0.02451411820948124
-0.008318458683788776,0.15972861647605896,0.0024934206157922745,0.05437177047133446,-0.05101058632135391,0.011427105404436588
-0.012833748012781143,-0.03054741583764553,-0.014708749018609524,0.055869583040475845,0.048690065741539,0.03885836526751518
-0.004993866663426161,-0.032316047698259354,-0.004405506420880556,0.05991936847567558,0.05058475211262703,0.051703277975320816
-0.000530713819898665,0.11635163426399231,0.04445452615618706,0.07360135763883591,-0.06045745685696602,0.03034960851073265
-0.0011442257091403008,-0.028103241696953773,0.004272422753274441,0.06009942293167114,-0.017755435779690742,0.031774893403053284
-0.002631076145917177,-0.04099419713020325,0.007751206401735544,0.05658755451440811,-0.001077207620255649,0.0014220362063497305
0.0048325276002287865,0.008518979884684086,-0.008587661199271679,0.06489097326993942,-0.028498511761426926,0.013906224630773067
-0.01564105786383152,-0.0855615884065628,0.0048818038776516914,0.023043425753712654,0.020106621086597443,0.01812279038131237
-0.0037068326491862535,-0.03793087229132652,0.0008839296060614288,0.04348797723650932,0.048285726457834244,0.025186587125062943
0.00913819670677185,0.028532585129141808,0.00021415148512460291,0.06413093209266663,-0.03314615413546562,0.015043554827570915
0.010419792495667934,0.09245733916759491,0.0006532071274705231,-0.07205914705991745,-0.2983725666999817,-0.035569582134485245
-0.0034040093887597322,0.0789695456624031,0.013267390429973602,0.04509469121694565,0.002891698619350791,-0.0046295542269945145
-0.0029531067702919245,0.05963197350502014,-0.0008469157037325203,0.056388456374406815,-0.015224584378302097,0.007942082360386848
-0.0010432167910039425,0.12372273206710815,0.012442147359251976,0.04496442526578903,0.014392277225852013,0.005684494040906429
-0.009650666266679764,0.1651342809200287,0.002396970521658659,0.058142274618148804,0.02738865837454796,0.01106372382491827
-0.008408754132688046,0.16856342554092407,0.0021801572293043137,0.05956172198057175,-0.03249353542923927,0.002393623348325491
0.0003786706947721541,0.029788829386234283,0.026963965967297554,0.06786774098873138,0.04381989315152168,-0.00558705348521471
-0.002212317194789648,0.02838769741356373,0.018972622230648994,0.06836889684200287,0.1221579983830452,0.005945099983364344
-0.004743075463920832,0.05146019160747528,0.011811376549303532,0.06685526669025421,0.11191155016422272,0.014979810453951359
0.053589265793561935,0.1888064593076706,-0.0004735617549158633,0.06419606506824493,0.10596602410078049,0.02242143079638481
-0.015124759636819363,0.03178214654326439,0.017983509227633476,0.06823482364416122,0.08030854165554047,0.03257368877530098
-0.004371547140181065,0.03226880356669426,0.016275443136692047,0.060199178755283356,0.06067036837339401,0.04189888760447502
0.01403939351439476,0.04476737231016159,0.013847624883055687,0.06767012178897858,0.03440234065055847,0.019740330055356026
-0.002720555989071727,-0.02674032188951969,-0.005040449555963278,0.05608111619949341,0.09644001722335815,0.02876094914972782
0.004274400416761637,-0.025887709110975266,0.028558358550071716,0.0568365752696991,0.03154097869992256,0.01492745615541935
-0.002852675272151828,-0.029758064076304436,0.013361696153879166,0.05353524535894394,0.031181681901216507,0.029875710606575012
-0.011435718275606632,0.024591322988271713,0.01870577782392502,0.018246354535222054,-0.024579651653766632,-0.004296590574085712
-0.011401885189116001,0.1731320023536682,0.004600722808390856,0.051214344799518585,0.040194228291511536,0.016426818445324898
-0.012349450960755348,0.2155206948518753,0.02160492166876793,0.07126622647047043,0.06396737694740295,0.05884972959756851
0.10456260293722153,0.2777039408683777,0.07476702332496643,0.0761408656835556,0.045166537165641785,-0.002520232927054167
0.10799933969974518,0.29574838280677795,0.05675717070698738,0.06942983716726303,0.012251519598066807,0.002759036608040333
-0.007773071993142366,0.199358731508255,0.02862735278904438,0.05371123179793358,0.07194104045629501,0.008480371907353401
-0.004891558084636927,0.07352789491415024,0.0006385736051015556,0.0548720583319664,0.1875639259815216,-0.0003129921678919345
0.033098939806222916,0.18406863510608673,-0.0039050409104675055,0.048844076693058014,-0.011743905954062939,-0.003109378507360816
0.004304138012230396,0.02354029379785061,-0.005832216236740351,0.03809937462210655,0.011220414191484451,0.016754280775785446
-5.672586848959327e-05,0.0225179735571146,0.0019719465635716915,0.04079683497548103,-0.01712684892117977,0.008031231351196766
0.02538483776152134,-0.011393394321203232,-0.009294508956372738,0.028535205870866776,-0.029257941991090775,0.0004861058259848505
-0.0014996107202023268,-0.030720055103302002,0.006919829174876213,0.028852494433522224,0.030156424269080162,0.009093543514609337
-0.002470821375027299,0.019159609451889992,-0.007823694497346878,0.044461939483881,0.1740173101425171,-0.01035461574792862
-0.0009916811250150204,0.0799800306558609,0.01392308995127678,0.03163142129778862,-0.020550332963466644,-0.007436972111463547
-0.00839123036712408,0.024375315755605698,0.0032216678373515606,0.034165915101766586,-0.01754220388829708,-0.0031276734080165625
-0.001962424721568823,0.048244599252939224,0.0007032922585494816,0.047106340527534485,0.01357502955943346,-0.005813999567180872
-0.013287028297781944,0.17311052978038788,-0.00841937679797411,0.04039260745048523,0.0303419828414917,-0.020458431914448738
0.056142862886190414,0.2086014449596405,-0.008668684400618076,0.043731287121772766,0.03957856073975563,-0.04663629084825516
0.08032241463661194,0.131428524851799,0.014168666675686836,0.06419730186462402,-0.07974878698587418,-0.011580416932702065
-0.0127246780321002,0.030404644086956978,0.01110190711915493,0.05417973920702934,-0.07058575749397278,-0.0017043511616066098
0.0025072782300412655,0.07208620756864548,-0.007075011730194092,0.0719752088189125,-0.08180762082338333,-0.0023149154148995876
-0.013703645206987858,0.16166888177394867,-0.0015961776953190565,0.07352403551340103,-0.14233441650867462,-0.003175233956426382
0.0201176255941391,0.16973328590393066,-0.012213706970214844,0.06042216718196869,-0.08864790946245193,-0.017552753910422325
0.05157134309411049,0.19557833671569824,0.007521091029047966,0.06261227279901505,-0.016217760741710663,-0.03122384287416935
0.06645572930574417,0.20619475841522217,0.01839824579656124,0.06276403367519379,0.057841911911964417,-0.016412589699029922
-0.0034406622871756554,0.03383715823292732,0.01712278090417385,0.0418071486055851,-0.019753649830818176,-0.010332928970456123
0.001254407106898725,0.027784695848822594,0.006638061720877886,0.041902367025613785,-0.01971861906349659,-0.004979591816663742
-0.011285942047834396,0.07093305885791779,0.003862387267872691,0.038427166640758514,-0.01572839729487896,-0.017785176634788513
-0.007423038594424725,0.0909993052482605,-0.0037383013404905796,0.04002182185649872,-0.0439874567091465,-0.021966656669974327
-0.006592294666916132,0.2002497911453247,0.0053663961589336395,0.05380968376994133,-0.0068443152122199535,-0.023649461567401886
-0.0013532753800973296,0.19830086827278137,0.0043581221252679825,0.06508451700210571,0.013942563906311989,-0.0023718252778053284
-0.0009787032613530755,0.07364217936992645,0.0004483448574319482,0.0419137105345726,-0.023240309208631516,0.004667539149522781
-0.004095856100320816,-0.031128738075494766,-0.002151759807020426,0.03159664198756218,0.004822263959795237,0.00016750024224165827
-0.009534702636301517,-0.034149929881095886,-0.0023401190992444754,0.02861243672668934,0.0017159627750515938,-0.005711147096008062
-0.009958804585039616,0.016643088310956955,0.006893062498420477,0.028442678973078728,-0.02556026168167591,-0.02420663833618164
-0.005715885665267706,0.18282093107700348,0.0023945989087224007,0.0397551953792572,-0.011511080898344517,-0.02030555158853531
0.029269989579916,0.19474489986896515,-0.0010159802623093128,0.0537697970867157,-0.004585142247378826,-0.0067917718552052975
-0.004587347619235516,0.2005043625831604,0.01040031760931015,0.06405430287122726,0.029736196622252464,0.008921214379370213
-0.009804320521652699,0.1712077260017395,-0.004585442133247852,0.03620290011167526,-0.009892118163406849,-0.0198378786444664
-0.00565356807783246,0.17562156915664673,-0.0023571739438921213,0.05237191170454025,0.005091037135571241,0.0026303455233573914
-0.006989148445427418,0.21740879118442535,-0.009613804519176483,0.06807126849889755,0.04334469512104988,-0.003384158480912447
-0.004751569591462612,0.029994351789355278,0.00036378970253281295,0.04851151630282402,-0.06556722521781921,-0.023216089233756065
-0.0021777835208922625,0.10641871392726898,0.005836757365614176,0.060029152780771255,-0.09108450263738632,-0.014949725940823555
-0.006407714914530516,0.16302908957004547,-0.0010316123953089118,0.06744878739118576,-0.08511017262935638,0.007399462163448334
-0.0027608186937868595,0.09187544137239456,0.0022750042844563723,0.061922941356897354,-0.049723848700523376,-0.012974207289516926
-0.008525158278644085,0.1645282655954361,-0.0022764732129871845,0.0726081058382988,-0.23825931549072266,-0.019941361621022224
-0.006123660132288933,0.16020716726779938,-0.0005059872637502849,0.07505335658788681,-0.10194440931081772,0.0002916443918365985
-0.002206411911174655,0.1637512892484665,-0.008845902048051357,0.0673333927989006,-0.22021512687206268,-0.01826438680291176
-0.011621302925050259,0.1732102632522583,0.01010619942098856,0.06795070320367813,-0.08677908033132553,-0.0195928867906332
-0.009469493292272091,0.1742505431175232,0.009418458677828312,0.0765128806233406,-0.08181270211935043,-0.00362828909419477
0.03326815366744995,0.19536232948303223,-0.010935108177363873,0.07520314306020737,0.04322625696659088,-0.006726288236677647
-0.007304459344595671,0.15423358976840973,0.01701870933175087,0.031554389744997025,-0.03895393759012222,-0.01653100922703743
0.005956508219242096,0.17741842567920685,0.02475043199956417,0.04704558476805687,-0.03951369598507881,-0.028832554817199707
0.012114793062210083,0.22702451050281525,0.03462236374616623,0.055567871779203415,-0.033917076885700226,0.013240544125437737
0.02332119084894657,0.07778065651655197,-0.019742459058761597,0.07148575782775879,-0.0019227719167247415,0.01509887631982565
-0.0019223662093281746,0.05600897967815399,-0.00799001194536686,0.02519812434911728,-0.05946604162454605,-0.021555442363023758
0.0009594388538971543,0.03178402781486511,-0.0013967646518722177,0.02787841111421585,-0.0376008115708828,-0.021008122712373734
-0.0035546799190342426,0.0309833325445652,0.0012238523922860622,0.04174607992172241,-0.017610931769013405,-0.026557812467217445
-0.000895485223736614,0.03280499204993248,-0.0041273669339716434,0.04223982244729996,0.014569203369319439,-0.011824071407318115
-0.007314511574804783,0.16021080315113068,0.004253580700606108,0.030904239043593407,0.00663215946406126,-0.025357231497764587
-0.008283104747533798,0.1774398684501648,0.02446390688419342,0.026226911693811417,0.018048470839858055,-0.026310725137591362
-0.008651332929730415,0.18194949626922607,0.013460171408951283,0.02802937850356102,0.013824679888784885,-0.023687101900577545
-0.016032731160521507,0.2583335041999817,0.024238346144557,0.061412546783685684,0.03065437451004982,-0.016227979212999344
-0.008307757787406445,0.1497519314289093,-0.0035519865341484547,0.05580107867717743,-0.30550599098205566,-0.016807779669761658
-0.015277032740414143,0.15114633738994598,0.012767559848725796,0.051252543926239014,-0.1953258514404297,-0.014374407939612865
-0.02540414035320282,0.16422876715660095,0.015065564773976803,0.05958380922675133,-0.07444343715906143,-0.021077150478959084
0.0072402916848659515,0.20099569857120514,0.012794638983905315,0.07251253724098206,-0.025719713419675827,-0.014634030871093273
0.012437740340828896,0.25210821628570557,0.0380273312330246,0.08873952180147171,-0.06295619904994965,0.0033985150512307882
-0.010063810274004936,0.15940485894680023,0.0029453029856085777,0.042313139885663986,-0.04624936729669571,-0.0203782320022583
-0.004022312816232443,0.0870915874838829,-0.006004726979881525,0.027959436178207397,0.015964586287736893,-0.022243905812501907
-0.0030951816588640213,-0.02721399813890457,0.003024083562195301,-0.042502060532569885,0.031206244602799416,0.029036594554781914
-0.013663250021636486,0.004998871590942144,0.0025767541956156492,-0.05086987093091011,-0.05393251031637192,0.01930537447333336
-0.00769041059538722,0.026388447731733322,0.004405023530125618,-0.05048007145524025,0.02819911390542984,0.04760736972093582
-0.0022322970908135176,0.021467190235853195,-0.000660078541841358,-0.05938105657696724,-0.10443383455276489,0.009936504065990448
0.038050342351198196,0.0043779416009783745,-0.012249814346432686,-0.029351480305194855,-0.033693328499794006,-0.0031879970338195562
-0.007717211730778217,-0.02870149537920952,0.01440747082233429,-0.02758743055164814,0.06807548552751541,-0.03405218571424484
-0.01442390214651823,-0.05635727941989899,-0.006611049175262451,-0.00035994494101032615,0.020820481702685356,0.010723728686571121
-0.004986856132745743,-0.05978010967373848,-0.003199345199391246,0.003598725888878107,0.012588214129209518,0.014293893240392208
-0.009366823360323906,-0.03930331766605377,-0.0014357594773173332,-0.0016254748916253448,0.019264016300439835,0.012794043868780136
-0.006605199072510004,-0.03260987624526024,-0.005722579546272755,-0.004488381091505289,0.012477565556764603,0.009528005495667458
-0.0034804840106517076,0.007631740532815456,-0.002643589861690998,0.009899492375552654,0.02049325592815876,0.00717189209535718
-0.006657925434410572,-0.034034378826618195,-0.005308906082063913,0.011992467567324638,0.012557154521346092,0.009085479192435741
-2.754245542746503e-05,0.023940149694681168,0.018193241208791733,-0.040138401091098785,0.04390854015946388,-0.03618474677205086
0.0027244118973612785,-0.025326456874608994,-0.0008236646535806358,-0.011255413293838501,0.18691451847553253,-0.021626800298690796
-0.006220145616680384,-0.05104165896773338,-0.0053283520974218845,0.0028059969190508127,0.07451754808425903,0.013629916124045849
-0.000686353538185358,-0.03771144151687622,-0.012297001667320728,0.0011375067988410592,0.267418771982193,0.008199009113013744
-0.00507352827116847,-0.06995393335819244,-0.007744560483843088,0.009137576445937157,0.0363786444067955,0.008810256607830524
0.013059670105576515,0.10322683304548264,0.025240719318389893,0.047182999551296234,0.04255228117108345,-0.0009840389247983694
-0.007510863244533539,0.017168788239359856,0.0048541659489274025,0.044326696544885635,0.016243690624833107,-0.001121358945965767
-0.006849114317446947,0.052837952971458435,0.008122716099023819,-0.0083750756457448,0.022931689396500587,0.015328260138630867
-0.0019479029579088092,0.014117131941020489,-0.0003279405937064439,-0.011814231052994728,0.03270913287997246,-0.00621025962755084
-0.006043720059096813,0.01007753610610962,-0.004460541997104883,-0.012027246877551079,0.0613115057349205,-0.00046871931408531964
-0.026581471785902977,-0.03918986767530441,0.0009599105687811971,0.008963621221482754,0.029947785660624504,0.020862368866801262
0.11407705396413803,0.18385498225688934,0.060802485793828964,0.03882056474685669,0.030479053035378456,0.01816738210618496
0.06302908062934875,0.11844192445278168,0.04905485361814499,0.025734808295965195,0.028847523033618927,0.010600780136883259
-0.01711314171552658,-0.0804256945848465,-0.037630919367074966,-0.022631987929344177,-0.013047685846686363,-0.02508682943880558
-0.015176163986325264,-0.04638693109154701,0.0013060889905318618,-0.026089973747730255,-0.02082092873752117,-0.02521013468503952
-0.008006581105291843,-0.06865913420915604,-0.0023280037567019463,-0.02649090439081192,0.016200238838791847,-0.03287512809038162
-0.011399347335100174,0.012576984241604805,-0.004900316242128611,-0.03127960488200188,-0.03936213627457619,0.024919254705309868
-0.005116444546729326,-0.012933410704135895,-0.0044909012503921986,-0.027298174798488617,-0.00011703832569764927,0.01761656440794468
-0.0030287676490843296,-0.02833954058587551,-0.003544821171090007,-0.021192209795117378,0.01868225261569023,-0.03036503680050373
-0.0053835236467421055,-0.05787363648414612,-0.0005350382416509092,-0.03005586750805378,0.00835203193128109,-0.03241293504834175
-0.00908744614571333,-0.07301953434944153,-0.01186635997146368,-0.02742110937833786,0.039442721754312515,-0.03315464407205582
-0.009042455814778805,-0.02986370585858822,0.00182695547118783,-0.028359048068523407,0.009714731015264988,-0.006794724613428116
0.004881532397121191,0.01978944055736065,0.018411308526992798,-0.039341166615486145,0.0005959082045592368,-0.020797232165932655
-0.0030171088874340057,-0.02517002820968628,-0.005782142281532288,-0.028103236109018326,0.0140536492690444,-0.020114438608288765
0.0019182469695806503,-0.010687626898288727,-0.004410439170897007,-0.03501451760530472,-0.008367161266505718,-0.023407358676195145
0.0041303252801299095,-0.014413612894713879,-0.007384872529655695,-0.031183570623397827,0.0026508306618779898,-0.024493223056197166
-0.0004004923684988171,-0.03566153720021248,0.0034678911324590445,-0.02224704436957836,0.02540932036936283,-0.029114577919244766
-0.010665266774594784,-0.03257694095373154,0.002744044177234173,-0.018342087045311928,0.012110581621527672,-0.021852117031812668
-0.017919156700372696,-0.03607955202460289,-0.015223892405629158,-0.024679100140929222,0.00027826003497466445,0.0297711081802845
0.0008596509578637779,0.013942965306341648,0.00748386699706316,-0.04168616235256195,0.0350407138466835,-0.029839497059583664
0.005664353724569082,0.017764125019311905,0.017589058727025986,-0.03840455040335655,0.011169017292559147,-0.02800212800502777
0.003376295091584325,0.1045583188533783,0.03434593603014946,-0.023981595411896706,0.015003155916929245,-0.016849353909492493
-0.007617873139679432,-0.030102884396910667,-0.006517492700368166,-0.02693941444158554,0.02196843922138214,0.01411332469433546
-0.008210549131035805,-0.03111463598906994,-0.00541695998981595,-0.022247543558478355,0.014631420373916626,0.011889774352312088
0.06327012181282043,0.17832012474536896,0.01800898276269436,0.048299990594387054,-0.2907126843929291,0.01556730642914772
0.01494209561496973,0.16337378323078156,-0.0030198439490050077,0.05679422989487648,-0.2804851233959198,-0.0028954725712537766
-0.004579254426062107,-0.06711629778146744,-0.0015366330044344068,0.03475555405020714,0.28361618518829346,0.08861391991376877
-0.013164411298930645,-0.04896293580532074,0.00877811387181282,0.044634029269218445,0.28366944193840027,0.09149854630231857
-0.0038134625647217035,-0.029912954196333885,-0.0020345253869891167,-0.01796325482428074,0.022859174758195877,-0.024437854066491127
-0.005230721551924944,-0.031623683869838715,-0.005959677044302225,-0.019012322649359703,0.0048745074309408665,-0.021155554801225662
-0.007101260591298342,-0.030950652435421944,-0.0037928044330328703,-0.01675334945321083,0.01976555399596691,0.0064245411194860935
-0.0038370322436094284,-0.03134261816740036,-0.00816639419645071,-0.010121806524693966,0.0150403818115592,0.0033468310721218586
-0.0058714766055345535,-0.02844892628490925,-0.009521684609353542,-0.02856861986219883,0.011094901710748672,0.02497154287993908
-0.004391124006360769,-0.029369408264756203,-0.008708406239748001,-0.026907488703727722,-0.009536612778902054,0.017175067216157913
-0.004264809191226959,-0.015010475181043148,0.0016342622693628073,-0.037357255816459656,0.020763827487826347,-0.03371339663863182
-0.012105329893529415,-0.03656608983874321,-0.001682807458564639,-0.02562524564564228,0.009078530594706535,0.016178423538804054
-0.004013440106064081,-0.02224797196686268,-0.0005707215750589967,-0.028534894809126854,0.02235320582985878,-0.025849366560578346
0.0006344939465634525,0.051106274127960205,-0.0002482628624420613,-0.024236757308244705,0.04896671697497368,-0.02400975674390793
-0.0008937412640079856,0.04245024919509888,-0.0009733280749060214,-0.009120877832174301,0.09309425204992294,-0.02269236370921135
-0.0015305302804335952,0.02465280145406723,-0.004010495264083147,-0.0070683304220438,0.08090711385011673,-0.032743245363235474
-0.010298733599483967,0.08812259137630463,-0.005028624087572098,-0.0162509698420763,0.03172891214489937,-0.03560098633170128
-0.008114968426525593,0.10908682644367218,0.02974678762257099,-0.0210381168872118,0.08922583609819412,-0.015853803604841232
-0.006491703446954489,0.007721864152699709,0.03227532282471657,-0.0001783042389433831,0.04571012407541275,-0.0495804026722908
-0.007225059904158115,0.042215533554553986,0.0371599942445755,-0.012043146416544914,0.009717162698507309,-0.03363000601530075
-0.010349822230637074,0.09266860783100128,0.02622820995748043,-0.0242229662835598,0.01191633939743042,-0.037823066115379333
-0.00851975567638874,0.09056055545806885,-0.006030198652297258,-0.014290018007159233,0.037113167345523834,-0.032585885375738144
-0.0058395471423864365,0.12692373991012573,0.010107853449881077,-0.014016631059348583,0.10407282412052155,-0.041276805102825165
-0.0017270684475079179,-0.00974737387150526,0.0025395171251147985,0.03476433455944061,0.15576548874378204,0.0550541877746582
-0.011196037754416466,-0.03224609047174454,0.0037191486917436123,0.02914293482899666,0.12079066038131714,0.06114201992750168
0.001740199513733387,-0.012669574469327927,0.016478050500154495,0.036911532282829285,-0.01084021758288145,0.04615577310323715
0.0330275297164917,-0.016847454011440277,-0.018630070611834526,0.0398343987762928,-0.014613822102546692,-0.05025757476687431
0.0001950257137650624,-0.0498078428208828,-0.0012931907549500465,-0.023760264739394188,-0.02839846909046173,-0.05130165442824364
0.03973735123872757,0.21114227175712585,-0.005398907233029604,-0.0033330032601952553,0.12423728406429291,-0.04500037804245949
0.07335275411605835,0.24951447546482086,-0.009050151333212852,-0.04269300773739815,0.1193101555109024,-0.051978446543216705
0.049960047006607056,0.17201194167137146,-0.009395322762429714,-0.03504225239157677,0.10846623033285141,-0.0414637066423893
-0.006846362724900246,0.009770484641194344,0.0074002728797495365,0.027604904025793076,0.029932331293821335,-0.0259062722325325
-0.0024360197130590677,0.010658706538379192,-0.005012511741369963,0.025412587448954582,0.049159325659275055,-0.034093406051397324
-0.0012978875311091542,0.011454002931714058,-0.00945778377354145,0.007171315606683493,0.04981138929724693,-0.03991598263382912
0.031328603625297546,0.002522800350561738,-0.016900571063160896,0.012784801423549652,0.06883716583251953,-0.054870933294296265
-0.0038248030468821526,-0.029245445504784584,-0.00886563304811716,-0.02423802949488163,-0.034330110996961594,0.01733589917421341
-0.011184361763298512,-0.05336945503950119,-0.007337781600654125,-0.023154277354478836,-0.022967252880334854,0.025928862392902374
0.008052744902670383,-0.031134286895394325,-0.008376853540539742,-0.02415742352604866,-0.013460122048854828,0.030735323205590248
-0.0062051089480519295,0.04382508620619774,-0.00048435747157782316,-0.04717693477869034,-0.014004340395331383,-0.01649566739797592
0.00045576770207844675,0.17839963734149933,0.0009588716202415526,-0.06361284106969833,-0.05752386152744293,-0.024821795523166656
-0.012010931968688965,0.17138904333114624,0.007674098946154118,-0.08084259927272797,-0.055644962936639786,-0.031139839440584183
0.011107131838798523,0.08910463750362396,0.02061544544994831,-0.04072926938533783,-0.02132495306432247,0.018824242055416107
0.012309293262660503,0.011620743200182915,-0.009954760782420635,-0.01746981218457222,-0.038253672420978546,-0.06285708397626877
0.011989625170826912,0.014801561832427979,-0.009098597802221775,-0.013353726826608181,-0.05997101217508316,-0.0526251383125782
-0.006723613943904638,0.012251279316842556,-0.017586177214980125,-0.019561927765607834,-0.00198358204215765,-0.05554129555821419
0.01988578774034977,-0.02998533844947815,-0.006748585030436516,-0.020884882658720016,0.005453252233564854,0.03987986966967583
-0.010469786822795868,-0.03138486295938492,0.00616102758795023,-0.02644375152885914,0.019886383786797523,0.025678234174847603
-0.01661919243633747,-0.03378026932477951,-0.0072206854820251465,-0.006159569602459669,-0.06022454798221588,-0.0698980987071991
-0.0081236707046628,-0.028631800785660744,0.0041380710899829865,-0.019745690748095512,-0.043388694524765015,0.0579623281955719
-0.016147475689649582,-0.029643986374139786,-0.009264976717531681,0.0013732754159718752,-0.06918840855360031,-0.07236038148403168
-0.0044836439192295074,-0.032986853271722794,-0.008078359998762608,-0.008402987383306026,0.014902333728969097,0.007303604856133461
-0.004527105484157801,-0.01578466035425663,-0.006531477440148592,-0.01350142527371645,0.019645564258098602,-0.007516543380916119
-0.006106871645897627,-0.030495554208755493,0.0011707006487995386,-0.013928737491369247,-0.012146886438131332,0.02264576591551304
-0.004080085549503565,0.017431575804948807,0.0013073731679469347,-0.014324543066322803,0.010389095172286034,0.0055913240648806095
-0.0046415249817073345,-0.02815692313015461,-0.002050595823675394,-0.013380009680986404,0.012550195679068565,-0.01933967135846615
0.01911921054124832,-0.031020086258649826,-0.009696003049612045,-0.01198611967265606,0.024360056966543198,-0.024800658226013184
-0.00860888883471489,-0.027562173083424568,0.0002578061248641461,-0.012915519066154957,0.008607818745076656,-0.01926700584590435
-0.0034344627056270838,-0.0277782641351223,-0.0013028299435973167,-0.012514294125139713,0.01966521143913269,-0.019362984225153923
-0.004010793287307024,-0.030112972483038902,-0.0038781510666012764,-0.01935843750834465,0.02398654818534851,-0.025865452364087105
-0.0035089103039354086,-0.023836271837353706,-0.003617645939812064,-0.005048401188105345,0.1425306499004364,-0.03465068340301514
-0.009392357431352139,-0.04834776371717453,0.015733078122138977,-0.0067125349305570126,0.029547739773988724,0.036155786365270615
-0.009933315217494965,-0.035433344542980194,-0.005055599845945835,-0.009475098922848701,0.03621244430541992,0.015495995990931988
-0.004591555334627628,-0.04895203560590744,-0.0029297478031367064,0.005061344709247351,0.14081913232803345,-0.04129438102245331
-0.0016315357061102986,-0.05263962224125862,-5.341047653928399e-05,-0.0011793249286711216,0.13556331396102905,-0.03976611793041229
0.003870176151394844,-0.028042882680892944,-0.003286851104348898,-0.02675158903002739,-0.01187527272850275,-0.0508132129907608
-0.0004105044936295599,-0.0493575818836689,-0.005723067559301853,-0.013673240318894386,0.02922958880662918,-0.02046678215265274
-0.001912466250360012,-0.021580107510089874,-0.0021640080958604813,-0.02466941811144352,-0.022005701437592506,-0.04718572646379471
0.04496878758072853,0.0045051611959934235,-0.017492637038230896,-0.013361307792365551,0.03579806908965111,-0.011178912594914436
0.05519973114132881,0.07407870888710022,0.039548613131046295,-0.007241952698677778,0.01151346880942583,0.05720403790473938
-0.006270518992096186,-0.02945629134774208,-0.005022503901273012,-0.016946380957961082,0.008559535257518291,-0.0063935937359929085
-0.005345331504940987,-0.029474524781107903,-0.004073653370141983,-0.020878544077277184,0.006806791760027409,-0.010290771722793579
-0.0016084526432678103,-0.027463600039482117,-0.006838855799287558,-0.012453963048756123,0.014626434072852135,-0.005883284378796816
-0.007039085496217012,-0.05513304844498634,-0.005315436981618404,-0.003789297305047512,0.01487028319388628,-0.006048925220966339
-0.004906723275780678,-0.0326501801609993,-0.0028018702287226915,-0.016156543046236038,0.014406800270080566,-0.006140352692455053
-0.010709019377827644,0.018829548731446266,0.03770702704787254,-0.03089696355164051,0.02298223040997982,0.027863824740052223
-0.007193738128989935,-0.026199225336313248,0.005046822130680084,-0.03224558010697365,0.01651238277554512,-0.004039970692247152
-0.0034965311642736197,-0.023127363994717598,-0.005813943687826395,-0.032876383513212204,0.013290601782500744,0.01144183985888958
-0.010368842631578445,-0.007399450987577438,-0.006892720237374306,-0.03144478797912598,0.018096497282385826,-0.004348204005509615
-0.006239545997232199,-0.024867696687579155,-0.00481427414342761,-0.031699273735284805,0.015516407787799835,-0.007339106872677803
-0.005924152210354805,-0.026302335783839226,-0.0044820886105299,-0.03085360676050186,0.014991291798651218,-0.010059036314487457
-0.0070428564213216305,-0.026898449286818504,-0.00542894471436739,-0.030745461583137512,0.012398346327245235,-0.006973413750529289
-0.00588537473231554,-0.03990290313959122,0.0050367494113743305,-0.023225899785757065,0.014299347065389156,-0.007271078880876303
-0.00592053635045886,-0.052811507135629654,-0.0006053054821677506,-0.030291829258203506,0.01835472136735916,-0.02425403892993927
-0.0081865843385458,-0.055847544223070145,-0.004686121828854084,-0.023410502821207047,0.008872762322425842,-0.006779901683330536
-0.013501160778105259,-0.027980996295809746,-0.0004334468685556203,-0.023121757432818413,0.013146745972335339,-0.020115068182349205
-0.008514600805938244,-0.02613307163119316,-0.005060323979705572,-0.031492818146944046,-0.0035065175034105778,-0.022480862215161324
-0.003798785852268338,-0.025265708565711975,-0.0059697371907532215,-0.02901889570057392,0.004348724149167538,-0.005823930259793997
-0.006815050728619099,0.008032404817640781,-0.00840698555111885,-0.01679958961904049,-0.013635513372719288,0.013094097375869751
-0.008061284199357033,-0.03286702185869217,-0.00022798152349423617,-0.009907225146889687,0.015085929073393345,-0.004327017813920975
-0.010994220152497292,-0.002242043847218156,0.004603364039212465,-0.016235992312431335,0.0172507856041193,-0.009041966870427132
0.0037346386816352606,-0.06513208150863647,0.002748701488599181,0.000146298625622876,-0.00613051513209939,-0.02357977256178856
0.0028106197714805603,-0.04942362755537033,-0.0031455564312636852,-0.009422614239156246,0.016884366050362587,-0.022275574505329132
-0.010889865458011627,-0.06010685861110687,-0.005823695100843906,0.0036447427701205015,0.006923686247318983,0.02447441592812538
-0.0110901715233922,-0.04622066020965576,-0.00856751762330532,-0.002070885617285967,0.014612166211009026,0.018751684576272964
-0.005192387383431196,-0.027016881853342056,-0.0034038175363093615,-0.033616937696933746,0.0012802238343283534,-0.023276424035429955
-0.006138550117611885,-0.02297268621623516,-0.0017080820398405194,-0.03392906114459038,-0.00018746548448689282,-0.02086322195827961
0.001077634165994823,0.01414934080094099,-0.006643966306000948,0.01741989329457283,0.008379644714295864,-0.02332443930208683
-0.005986173637211323,0.012506593018770218,-0.011070294305682182,0.01722261868417263,0.0042436090297997,-0.04619206488132477
-0.017191335558891296,-0.08339904248714447,-0.003133850172162056,-0.008954513818025589,0.008150906302034855,0.0004451123531907797
-0.019571343436837196,-0.08345668762922287,-0.004347502253949642,-0.00526404706761241,0.009268106892704964,0.005147113930433989
-0.011899090372025967,-0.10440617054700851,-0.015475362539291382,0.014798927120864391,0.04366076737642288,0.045447707176208496
-0.007450240198522806,-0.03174825385212898,-0.004107228014618158,-0.018020538613200188,0.004551664460450411,-0.025402303785085678
-0.00489700585603714,-0.045606326311826706,-0.0012300243834033608,-0.016862869262695312,0.00924381148070097,-0.001174553413875401
-0.005740785971283913,-0.05546192079782486,0.000919079000595957,-0.013359109871089458,0.007986229844391346,0.010214585810899734
-0.009274467825889587,-0.03545266389846802,-0.014059741050004959,-0.02285693772137165,0.03770763427019119,0.01891641691327095
-0.007527125533670187,-0.06182050704956055,0.006043164990842342,-0.007960132323205471,0.005134750157594681,0.019769536331295967
-0.00471710367128253,-0.048967838287353516,0.003997588064521551,-0.011553469114005566,0.005091385450214148,0.01941635087132454
-0.002952306065708399,-0.028180066496133804,-0.0014017485082149506,-0.021914463490247726,-0.005548542365431786,0.041433367878198624
-0.004346082452684641,-0.02829209342598915,0.0017058795783668756,-0.02077905274927616,-0.003582871286198497,0.03632313385605812
-0.011298980563879013,-0.011996369808912277,-0.0030579539015889168,-0.024237768724560738,0.010881065391004086,-0.02125777304172516
-0.006733843125402927,-0.030471205711364746,-0.005978677421808243,-0.01802883855998516,0.012187139131128788,0.014007206074893475
-0.006670724134892225,-0.0321168377995491,-0.00929194875061512,-0.011181861162185669,0.019793564453721046,0.013091151602566242
-0.007870483212172985,0.011220132932066917,-0.0008610471268184483,-0.03536226227879524,-0.0025342402514070272,-0.02131463959813118
-0.007201888598501682,0.0034933886490762234,-0.0031565299723297358,-0.03133586049079895,0.004096647258847952,-0.017368698492646217
-0.004603505600243807,0.012768478132784367,-0.0019147193524986506,-0.049297407269477844,0.013769376091659069,-0.010986079461872578
-0.007352310232818127,0.06863760203123093,0.003367677563801408,-0.05750105157494545,0.007321672048419714,-0.03113899938762188
-0.003968024160712957,0.06729051470756531,0.030250001698732376,-0.05711239576339722,0.006429738365113735,-0.034540172666311264
0.00970462616533041,0.04283427819609642,0.03390209376811981,-0.039983853697776794,0.016748419031500816,-0.01790204830467701
-0.005712201353162527,-0.021043596789240837,-0.009025332517921925,0.039973922073841095,-0.005146006587892771,0.021202053874731064
0.09938202053308487,0.24774044752120972,0.08131294697523117,-0.04017278924584389,0.052180737257003784,-0.04028722643852234
-0.0021425364539027214,0.010952495969831944,-0.0035317414440214634,-0.041730742901563644,0.01667226478457451,-0.03324800729751587
-0.002729915315285325,0.17104984819889069,-0.007642325945198536,-0.02801704593002796,0.010906180366873741,-0.031039699912071228
-0.02086050622165203,-0.09149403870105743,-0.02621058002114296,-0.002395187970250845,0.012158801779150963,0.01569349505007267
